{"type":"Topology","arcs":[[[6849,4562],[163,178]],[[7012,4740],[66,7],[11,133],[41,42],[-15,37],[29,107],[-17,44],[-64,27],[6,75],[-30,82],[-43,32],[-55,11]],[[6941,5337],[679,4],[305,3],[186,5],[269,-1]],[[8380,5348],[205,-1],[-5,-62]],[[8580,5285],[-1,-93],[112,1]],[[8691,5193],[-14,-45],[-39,-2],[-17,-109],[-23,-59],[32,-111],[-8,-28],[26,-99]],[[8648,4740],[-30,2],[-79,47],[4,-84],[-17,-38]],[[8526,4667],[-51,47],[-143,11],[-66,-58],[14,-90],[51,-21],[59,-101],[-10,-59],[-22,-12],[-43,-74],[54,-97],[-30,-39],[-25,-72],[17,-95],[-40,-32]],[[8291,3975],[-501,17],[-461,0]],[[7329,3992],[-49,27],[-54,62],[-54,39],[-49,90],[0,20],[-70,83],[-56,36],[-6,37],[-81,91],[-30,2],[-31,83]],[[3557,8896],[100,1],[0,280],[254,-9],[-1,267],[5,12],[0,273],[628,2]],[[4543,9722],[0,-277],[12,-1],[-4,-263]],[[4551,9181],[-179,0],[-1,-924]],[[4371,8257],[-147,-104],[-41,-19],[-103,-89],[-55,19],[-53,-19]],[[3972,8045],[-43,11],[-31,-37]],[[3898,8019],[-33,31],[-75,5]],[[3790,8055],[-56,-10],[-22,15]],[[3712,8060],[-90,38],[3,91],[-8,113],[47,94],[61,60],[28,56],[-12,61],[-40,129],[-30,13],[17,77],[-9,38],[-95,-1],[-27,67]],[[7857,10255],[-205,-3]],[[7652,10252],[-50,22],[-31,113],[-54,69],[-122,108],[-52,83],[0,39],[-55,71],[-2,44],[24,39],[-4,84],[-34,7]],[[7272,10931],[40,46],[71,26],[50,73],[-4,47],[35,25],[122,15],[43,-67],[118,25],[21,-38],[80,-56],[62,7],[48,32]],[[7958,11066],[3,-271],[36,-22]],[[7997,10773],[11,-68],[-65,-55],[-63,-1],[-11,-66]],[[7869,10583],[-47,-65],[-11,-63],[65,-11],[1,-88],[-21,0],[1,-101]],[[14106,10811],[258,0]],[[14364,10811],[429,2]],[[14793,10813],[1,-137],[-86,-1],[6,-138],[0,-408],[42,0],[-2,-250],[126,3],[62,20],[63,-66],[0,-90],[-146,19],[-64,0],[0,-310],[12,-16],[0,-260],[7,-309],[8,-554],[48,0],[7,-209],[14,-18]],[[14891,8089],[-273,-1],[-43,-4],[-378,-4]],[[14197,8080],[-143,-1]],[[14054,8079],[6,825],[-8,539],[24,0],[-2,542],[2,201],[-1,351],[30,0],[1,274]],[[7388,12563],[804,2]],[[8192,12565],[80,-97],[66,-44],[17,-70],[136,-148],[37,-56],[49,-132],[9,-48],[49,-42]],[[8635,11928],[-60,-21],[-118,11],[-40,-13],[-81,-61],[-43,-50],[-15,-45],[-53,-12],[-55,49],[-97,20],[-88,41],[-42,40],[-68,-8],[-26,29],[-105,13],[-201,72],[-69,-13],[-32,-27],[-98,13],[-57,41],[-47,-4],[-43,28],[2,30],[-36,63],[-8,58],[77,57],[51,22],[36,59],[36,88],[35,37],[-17,67],[15,51]],[[7272,10931],[-73,30]],[[7199,10961],[6,63],[-44,48],[-81,-20],[6,62],[-13,98],[-23,19],[-20,106],[-27,9],[-14,102],[-53,126],[0,41],[-38,46],[-4,55],[-34,33],[-41,74],[-13,64],[-22,13],[-32,84],[-76,66],[-44,58],[-2,35],[-42,20],[-22,101],[-25,9],[-84,92],[2,67],[-25,109],[11,24]],[[6445,12565],[291,-2],[652,0]],[[8635,11928],[51,-9],[18,-76],[31,-34],[-4,-151],[-13,-94],[-28,-28],[24,-48]],[[8714,11488],[5,-7]],[[8719,11481],[-49,-14],[0,-41],[-43,-27],[-91,16],[9,-136],[57,-61],[71,-177],[1,-18]],[[8674,11023],[-3,-51]],[[8671,10972],[-25,-8]],[[8646,10964],[-91,77],[-73,100],[-31,54],[-60,40],[-100,-19],[-76,-66],[-4,-45],[-65,-21],[-118,30],[-43,2],[-27,-50]],[[1135,8456],[0,-118],[-200,-2],[-566,2],[0,32],[-349,0]],[[20,8370],[1,673],[-1,392],[1,699]],[[21,10134],[955,-1],[919,-2]],[[1895,10131],[-18,-7],[-15,-85],[-22,-30],[4,-41],[-40,-16],[4,-40],[33,-27],[50,-96],[-20,-87],[-55,-74],[-17,-65],[-91,50],[-49,-41],[-74,-5],[-27,-39],[-115,-55],[-101,-9],[-15,19],[-85,41],[-30,-11],[-66,12],[-60,-175],[-51,-47],[-50,-19],[9,-52],[-19,-55],[21,-14],[9,-195],[39,-28],[8,-61],[67,-80],[-6,-38],[79,-65],[45,-111],[-33,-43],[-49,-1],[-28,-70],[8,-15]],[[3557,8896],[-229,2]],[[3328,8898],[-260,4],[-209,-16],[-340,0],[0,-387]],[[2519,8499],[0,-22],[-253,2],[-584,-2],[-547,-3],[0,-18]],[[1895,10131],[232,-1],[783,3],[342,4],[262,-12],[126,11]],[[3640,10136],[157,0],[551,5],[194,-1]],[[4542,10140],[1,-418]],[[7652,10252],[-34,-101],[-21,-97],[22,-122],[70,-38],[24,-59],[-19,-45],[-2,-120],[-30,-40]],[[7662,9630],[24,-56],[-33,-64]],[[7653,9510],[-20,-23],[-63,-3],[15,-71],[-16,-73]],[[7569,9340],[-29,-30],[-54,-5],[-37,-48],[-106,28],[-62,-1],[-34,128],[-101,118],[-14,57],[13,52],[-54,49],[-96,14],[-60,36],[-20,38]],[[6915,9776],[-38,91],[4,102],[-75,74],[-50,66],[-42,89],[-37,103],[53,101],[-27,60],[7,26],[-39,45]],[[6671,10533],[80,24],[41,36],[48,12],[9,-35],[54,9],[55,-52],[35,92],[50,49],[41,21],[19,57],[-13,47],[10,103],[99,65]],[[7569,9340],[-7,-89],[39,-28]],[[7601,9223],[-34,-110],[-19,-18],[8,-94],[13,-30]],[[7569,8971],[-14,-41],[-46,-11],[-16,-52]],[[7493,8867],[-46,-49],[-48,-26],[-74,26],[-54,-55],[-63,10],[-9,21],[-73,3]],[[7126,8797],[-33,39],[-32,-3],[-42,-47],[-59,22],[20,81],[-8,51],[-23,21],[60,88],[-1,80],[-52,40],[-46,122],[-165,216],[-45,-10],[-81,41],[-48,86],[47,26],[33,44],[88,39],[59,14],[22,24],[95,5]],[[7126,8797],[-11,-39],[19,-148],[-47,-26],[-45,-93]],[[7042,8491],[-161,-47],[-68,22]],[[6813,8466],[-25,66],[-46,39],[-14,113],[-37,84],[-6,58],[-107,120],[-41,-14],[-63,30],[-51,47],[-70,115],[-46,44],[-85,13],[-11,-16],[-226,0],[0,34],[-88,1]],[[5897,9200],[-431,-1]],[[5466,9199],[1,236],[-25,7],[0,555],[9,0],[2,510],[-46,0],[0,148]],[[5407,10655],[1,177]],[[5408,10832],[58,-58],[32,-149],[60,9],[65,-15],[57,-34],[10,55],[83,86],[26,-21],[8,-53],[70,-130],[45,19],[44,-24],[76,40],[42,-6],[32,-50],[84,-30],[2,62],[74,34],[33,-63],[46,-51],[31,14],[45,-10],[78,53],[29,-33],[33,10],[79,60],[21,-14]],[[3913,12581],[3,-381],[7,-611],[-2,-271],[-122,0]],[[3799,11318],[2,40],[-43,12],[22,67],[-44,-8],[-64,12],[-73,-57],[-29,4],[-23,-108],[-39,-38],[-84,18],[-44,49],[-95,-31],[-56,-5],[-61,30],[-42,-34],[-52,-19],[-36,-65],[-11,-79],[15,-64],[133,-28],[67,-85],[7,-43],[78,-106],[-55,-97],[-46,-23],[11,-45],[37,11],[23,46],[75,38],[52,64],[143,14],[96,30]],[[3663,10818],[-6,-332],[-24,-1],[7,-349]],[[21,10134],[-1,695],[7,549],[-2,299],[1,350],[-4,547],[373,-2],[804,-1],[775,3],[302,5],[665,-1],[562,2],[410,1]],[[3385,11025],[13,95]],[[3398,11120],[41,42],[-1,-89],[21,-29],[-28,-32],[-46,13]],[[3385,11025],[-49,1],[-15,97],[77,-3]],[[3664,11088],[-1,-270]],[[3799,11318],[-6,-181],[-129,-1],[0,-48]],[[4946,12581],[522,-2],[418,-1],[281,-9],[278,-4]],[[5408,10832],[-11,120]],[[5397,10952],[9,35],[-13,61],[-49,96]],[[5344,11144],[-27,37],[-21,67],[17,44],[-22,49],[8,58],[39,59],[-8,112],[43,49],[-4,102],[16,51],[-17,48],[75,92],[3,68],[-64,53],[14,79],[-46,46],[-30,63],[-29,-36],[-54,-17],[-118,113],[-44,-35],[-44,92],[-64,3],[-48,95],[-1,77],[44,32],[-16,36]],[[9385,8984],[-48,-57]],[[9337,8927],[-28,-34]],[[9309,8893],[-19,0]],[[9290,8893],[51,91],[44,0]],[[14257,2043],[388,0]],[[14645,2043],[23,-55],[0,-81],[-14,-19],[26,-68],[45,-11],[75,-72],[25,-6],[66,-67],[38,-10],[28,-47],[0,-379],[-21,-94],[54,0],[14,-67],[0,-97],[-19,-22],[-64,39],[-36,-14],[-26,27],[-81,-50],[-31,8],[-18,-46],[-51,-35],[-29,-67],[-76,-27],[-21,14],[-59,-11],[-69,-43],[-50,6],[-76,-49],[-34,29],[-71,-3],[-84,-45],[0,539],[71,4],[0,91],[-41,0],[-1,364],[-82,0],[0,91],[-91,0],[-10,74],[36,13],[127,107],[12,33],[72,12],[55,34]],[[13265,8072],[-371,3],[-386,-2]],[[12508,8073],[-485,2]],[[12023,8075],[1,544]],[[12024,8619],[2,820]],[[12026,9439],[525,1]],[[12551,9440],[32,0],[-3,-274],[195,-2],[183,4],[-2,92],[83,2],[0,46],[83,0],[0,-46],[295,2],[85,5],[-1,170],[-18,3],[-4,504],[-6,325],[-1,263],[-6,181],[-42,0],[0,90]],[[13424,10805],[682,6]],[[14054,8079],[-284,3],[-505,-10]],[[6262,8180],[-43,-28],[-120,-28],[-41,6],[11,67]],[[6069,8197],[-18,68],[-24,35],[-43,14]],[[5984,8314],[84,-4],[68,18],[55,-14],[58,-52],[13,-82]],[[7569,8971],[67,-5],[61,-22],[13,-36],[57,-44],[63,3],[-9,-42],[72,-58],[-5,-17]],[[7888,8750],[-28,-6],[9,-77],[22,-22],[85,-34],[31,14],[-29,70]],[[7978,8695],[135,-34],[58,6],[54,-25]],[[8225,8642],[0,-4]],[[8225,8638],[-1,-90]],[[8224,8548],[0,-255]],[[8224,8293],[-1,-169]],[[8223,8124],[0,-50]],[[8223,8074],[-259,1],[-165,5],[-81,-3]],[[7718,8077],[-20,50],[-51,28],[10,67],[-44,71],[22,124],[48,39],[48,17],[43,55],[-41,22],[45,89],[40,1],[1,80],[-81,65],[-24,-5],[-123,63],[-46,-1],[-52,25]],[[4976,10666],[43,20],[42,-15]],[[5061,10671],[-8,-37],[120,-100],[15,44],[32,32],[67,31],[41,-8],[30,23],[49,-1]],[[5466,9199],[0,-19],[-222,6],[-339,-6],[-354,1]],[[4542,10140],[11,-46],[59,-25],[55,0],[79,45],[15,127],[104,22],[53,41],[15,37],[-16,67],[16,142],[51,45],[-8,71]],[[6086,2172],[37,-27],[-35,-44],[-53,27],[-40,-29],[-32,37],[108,45],[15,-9]],[[5061,10671],[0,86],[-20,31],[0,64],[-23,47]],[[5018,10899],[103,30],[17,18],[47,-23],[50,10],[52,-12],[28,18],[82,12]],[[4733,4888],[26,31],[77,-1],[3,-73],[-65,-33],[-52,20],[11,56]],[[5858,5352],[26,-36],[23,-105],[29,-27],[83,-25],[-11,-37],[45,-29],[9,-63],[37,-85],[-20,-59],[-1,-52],[26,-37],[-13,-28],[27,-50],[56,-6],[19,-56],[83,-110],[45,-8],[-3,-52]],[[6318,4487],[-289,4],[-622,1],[-781,4],[0,-130]],[[4626,4366],[-67,59],[-46,78],[-16,47],[-9,196],[-18,44],[-73,110],[-9,83],[-73,185],[-63,43],[-56,77],[10,69],[-27,56],[-16,133],[30,29],[6,46],[86,57],[18,33],[87,24],[28,52]],[[4418,5787],[56,-21],[89,28],[59,-15],[51,-39],[85,-152],[-4,-89],[-14,-24],[8,-71],[22,-18],[61,3],[39,-141],[94,47],[40,85],[38,37],[83,3],[21,56],[-3,68],[21,103],[57,50],[-4,34],[37,39],[28,75],[-25,55],[-1,61],[-38,127],[-19,29],[-106,69],[-16,48]],[[5077,6234],[109,145],[23,63],[69,5],[39,24],[19,-31],[65,-3],[38,-79],[60,-74],[28,8]],[[5527,6292],[50,-24],[37,24],[72,-54],[0,-66],[54,-72],[89,-83],[51,16],[51,38],[39,-53],[56,37],[2,-41],[43,11],[27,-19],[43,13],[11,-48],[-14,-42],[-83,-91],[-13,-46],[-62,-49],[-42,2],[-14,-50],[17,-26],[3,-64],[-13,-41],[5,-127],[-18,-48],[-41,-3],[-19,-34]],[[4418,5787],[-14,24],[13,70],[-45,65],[-14,79],[27,196],[28,113],[26,-37],[84,-36],[-3,81],[70,7],[46,56]],[[4636,6405],[72,-18],[-2,-34],[45,-10],[66,-47]],[[4817,6296],[16,-21],[59,-1]],[[4892,6274],[12,46],[34,8],[33,-71],[44,-29],[62,6]],[[1349,6540],[66,12]],[[1415,6552],[1,-47]],[[1416,6505],[-67,-34]],[[1349,6471],[0,69]],[[9919,3972],[0,-23]],[[9919,3949],[-15,-27]],[[9904,3922],[-27,-22]],[[9877,3900],[1,36]],[[9878,3936],[2,35]],[[9880,3971],[39,1]],[[4976,10666],[-42,-3],[-18,-28],[-56,20],[-10,37],[15,60],[-54,-10],[-86,30],[0,28]],[[4725,10800],[41,19],[22,79],[23,29],[2,51],[62,23],[71,-10],[34,43],[45,95]],[[5025,11129],[-1,-83]],[[5024,11046],[12,-84],[-27,-17],[9,-46]],[[4177,11002],[-5,-91],[-61,4],[-115,-42],[-25,34],[-25,71]],[[3946,10978],[9,45],[54,13],[38,-42],[56,-5],[74,13]],[[4725,10800],[-56,35],[-19,59],[-51,40]],[[4599,10934],[78,40],[22,79],[52,35],[13,42],[64,17],[35,-7],[34,58],[75,-6],[53,-63]],[[3972,8045],[-30,-39],[23,-54],[-16,-74]],[[3949,7878],[-38,43],[-23,55],[10,43]],[[8613,9435],[-14,1]],[[8599,9436],[-3,0]],[[8596,9436],[-15,26]],[[8581,9462],[-2,19]],[[8579,9481],[34,0]],[[8613,9481],[0,-46]],[[5024,11046],[82,67],[54,-34],[71,10],[113,55]],[[3664,11088],[59,-12],[84,-93],[139,-5]],[[4177,11002],[59,-35],[38,0],[52,-40],[50,39],[120,-16],[52,9],[13,-35],[38,10]],[[3913,12581],[713,2],[320,-2]],[[4626,4366],[-1,-744]],[[4625,3622],[-788,1],[-487,0]],[[3350,3623],[14,36],[-42,186],[1,40],[-23,67],[-47,27],[-52,129]],[[3201,4108],[303,0],[-1,451]],[[3503,4559],[0,699]],[[3503,5258],[0,410]],[[3503,5668],[0,609],[0,705]],[[3503,6982],[58,35],[53,5],[47,31],[1,52],[79,-3]],[[3741,7102],[42,-34],[-11,-111],[61,-115],[78,-25],[52,-37],[30,-110],[485,1],[67,-75],[38,-18],[75,-84],[-35,-63],[13,-26]],[[7029,1560],[123,-71],[45,-1]],[[7197,1488],[16,-138],[-71,0],[-20,21],[-88,2],[-5,187]],[[6649,7],[-228,-2],[-618,-1]],[[5803,4],[-28,67],[-225,393],[-19,171],[-182,106],[0,549]],[[5349,1290],[144,-4],[208,0],[76,-9],[309,6],[699,-2]],[[6785,1281],[1,-137],[124,-3],[501,2]],[[7411,1143],[39,0]],[[7450,1143],[-23,-41],[32,-72],[2,-44]],[[7461,986],[36,-38],[-4,-63],[-33,-34],[-16,-143],[17,-88],[19,-29]],[[7480,591],[-142,-16],[-187,-1],[-45,-5],[-30,116],[-1,44],[-287,1],[0,-366],[-40,0],[-1,-46],[-35,-70],[36,-22],[-10,-62],[-55,-61],[-34,-96]],[[2318,3640],[140,-1]],[[2458,3639],[31,-23],[1,-91],[135,0],[-5,-183],[5,-28],[-20,-71],[38,-59],[77,4],[0,-50],[54,-14],[66,1],[32,-80],[73,-31],[30,-67]],[[2975,2947],[-38,3],[-33,33],[-74,-16],[-51,21],[-31,-7]],[[2748,2981],[-78,20],[-18,-28],[-9,-77],[-18,-28],[5,-68],[44,-75],[86,52]],[[2760,2777],[84,-8],[26,-23]],[[2870,2746],[7,-56],[-39,-85],[-18,7],[-54,-41],[14,-52],[-42,-67],[-44,5]],[[2694,2457],[-28,33],[-30,-2],[-14,54],[-64,66],[-37,-3],[-29,41],[-47,-11],[-40,76],[-93,-3],[-80,-14],[-54,-35],[-50,48],[-56,-55],[-84,-16],[-54,-27]],[[1934,2609],[69,77],[20,56],[-26,85],[60,30],[27,54],[2,93],[23,32],[20,122],[-18,21],[20,58],[-95,112],[51,43],[231,248]],[[7480,591],[-18,-48],[14,-29],[-39,-67],[0,-71],[18,-28],[-17,-45],[-49,-77],[14,-26],[-15,-45],[54,-85],[41,1],[22,-60]],[[7505,11],[-562,-1],[-294,-3]],[[6388,7966],[-12,55],[-59,83],[6,44],[-61,32]],[[5984,8314],[-104,-88]],[[5880,8226],[-14,46],[30,46],[-48,41],[-13,48],[36,42]],[[5871,8449],[26,57],[28,20]],[[5925,8526],[130,75],[-2,59]],[[6053,8660],[52,0],[37,-62],[61,-40],[17,-51],[63,-20],[10,-56],[44,1],[-3,-42],[51,-38],[75,-8],[17,-52],[-3,-83]],[[6474,8209],[-51,-9],[-24,-41],[-9,-57],[21,-53],[-23,-83]],[[4372,7446],[0,112]],[[4372,7558],[0,62]],[[4372,7620],[52,11],[28,-31],[14,-79],[42,-50],[-13,-24]],[[4495,7447],[-123,-1]],[[1349,6471],[-42,8]],[[1307,6479],[1,75]],[[1308,6554],[44,20]],[[1352,6574],[-3,-34]],[[9462,8562],[0,-33]],[[9462,8529],[-31,0]],[[9431,8529],[31,33]],[[5421,8387],[44,-41],[95,-44]],[[5560,8302],[23,-100],[52,-43],[15,-33],[3,-130],[20,-99]],[[5673,7897],[-42,22],[-17,-49],[8,-66],[-26,-115],[9,-25]],[[5605,7664],[-86,118],[-62,127],[-19,24],[4,96],[-34,43],[-26,98],[-30,46],[-44,27],[13,63],[79,76],[21,5]],[[5560,8302],[65,11]],[[5625,8313],[74,-32],[5,-26]],[[5704,8255],[40,-75],[-6,-90],[-27,-52],[21,-60]],[[5732,7978],[-59,-81]],[[5866,8207],[32,-42]],[[5898,8165],[-59,-32],[-21,-54],[-37,-27],[-49,-74]],[[5704,8255],[23,13],[116,-31],[23,-30]],[[4487,8306],[70,-210],[47,-50],[23,-45],[11,-67],[45,-117],[132,-70],[46,-74],[45,-9],[73,-43],[63,26],[120,-25],[88,13],[75,55]],[[5325,7690],[25,38],[34,-5],[37,31],[67,-20],[57,-48],[68,-40]],[[5613,7646],[37,-51],[3,-36],[44,-25],[1,-39],[31,-60]],[[5729,7435],[-457,-1],[-585,11]],[[4687,7445],[-192,2]],[[4372,7620],[0,207]],[[4372,7827],[-1,429]],[[4371,8256],[20,0],[58,59],[38,-9]],[[5605,7664],[8,-18]],[[5325,7690],[-93,86],[-9,-12],[-79,66],[-52,27],[-31,58],[-84,40],[-25,57],[-78,26],[75,113],[-36,42],[-25,68],[-26,13],[-8,55],[54,16]],[[4908,8345],[-23,31],[31,130],[42,8],[25,59],[-38,47],[103,28],[59,-89],[51,-20],[25,50],[69,-32],[29,67],[43,4],[25,-43]],[[5349,8585],[-16,-64],[84,-88],[4,-46]],[[5866,8207],[14,19]],[[6069,8197],[-31,-4],[-63,26],[-77,-54]],[[5349,8585],[56,70],[53,35],[91,27],[61,-38],[12,62],[88,-3],[64,-35],[56,-73],[32,-89],[63,-15]],[[5871,8449],[-32,40],[-39,12],[-96,-17],[-53,-52],[-21,-40],[-5,-79]],[[1140,6586],[0,46],[28,17]],[[1168,6649],[56,-14]],[[1224,6635],[0,-49]],[[1224,6586],[-84,0]],[[4371,8256],[0,1]],[[5897,9200],[15,-135],[-14,-15],[19,-100],[31,-52],[24,-91],[28,-42],[7,-60],[46,-45]],[[4908,8345],[-82,6],[-110,-7],[-42,9],[-103,-34],[-48,11],[-36,-24]],[[6388,7966],[-44,40],[-29,-1],[-16,-76],[21,-22],[-29,-59],[27,-9],[-10,-82],[64,-100],[-12,-58],[59,-55],[-10,-55]],[[6409,7489],[-43,0],[-60,-64],[-69,-28],[-43,34],[-83,-7],[-28,-16],[-40,20],[-25,50],[-45,15],[-58,-60]],[[5915,7433],[-186,2]],[[3949,7878],[-60,14],[-30,82],[-69,81]],[[3712,8060],[-28,-99],[22,-39],[-4,-107],[39,-11],[28,-86],[1,-85],[-31,1],[-44,-63]],[[3695,7571],[-50,64],[-42,16],[-33,61],[-76,68],[-38,56],[-52,15],[-32,47],[-45,37],[-76,41],[2,68],[-33,-1],[-7,57],[-84,46]],[[3129,8146],[26,69],[6,55]],[[3161,8270],[73,40],[7,30],[-26,63],[-87,53],[46,145],[-14,19],[18,63],[-25,35],[48,49],[6,41],[108,31],[13,59]],[[1224,6541],[-84,0]],[[1140,6541],[0,22]],[[1140,6563],[84,0]],[[1224,6563],[0,-22]],[[1121,6541],[-1,45]],[[1120,6586],[20,0]],[[1140,6586],[0,-23]],[[1140,6541],[-19,0]],[[1121,6541],[-40,4]],[[1081,6545],[-24,41]],[[1057,6586],[63,0]],[[3054,8012],[0,55],[55,0],[20,79]],[[3695,7571],[-28,-32],[2,-92]],[[3669,7447],[-10,0]],[[3659,7447],[-724,0]],[[2935,7447],[46,11],[22,43],[52,30],[10,49],[42,44],[-30,185],[1,101],[-53,48],[29,54]],[[9064,8921],[-22,9]],[[9042,8930],[-42,57]],[[9000,8987],[0,4]],[[9000,8991],[63,-7]],[[9063,8984],[0,-22]],[[9063,8962],[1,-41]],[[9000,9007],[0,18]],[[9000,9025],[42,5]],[[9042,9030],[21,0]],[[9063,9030],[0,-23]],[[9063,9007],[-63,0]],[[3054,8012],[-124,-32],[-5,25],[-80,23],[57,115],[-5,73],[19,52],[58,11],[10,23],[108,-4],[69,-28]],[[2935,7447],[-294,0]],[[2641,7447],[-44,167],[-20,26],[-9,73],[21,56],[-31,78],[-51,-2],[-35,-45],[-51,-14],[-53,66],[-7,93],[48,51],[76,-14],[35,60],[55,15],[41,41],[3,56],[-18,76],[-35,44],[-21,84],[35,45],[-61,96]],[[4037,7730],[70,55],[25,52],[39,-20],[89,6],[3,-28],[81,-17],[28,49]],[[4372,7558],[-197,45],[-13,-56],[-26,5],[-7,51],[-26,9],[-51,75],[-15,43]],[[9633,9437],[31,0]],[[9664,9437],[93,0]],[[9757,9437],[3,0]],[[9760,9437],[-82,-88],[-44,-1]],[[9634,9348],[-1,89]],[[8601,9387],[-9,6]],[[8592,9393],[-52,43]],[[8540,9436],[21,-1]],[[8561,9435],[35,1]],[[8599,9436],[2,-49]],[[4372,7446],[-526,0]],[[3846,7446],[60,47],[48,55],[30,89],[45,-15],[24,37],[-16,71]],[[3846,7446],[-177,1]],[[2641,7447],[-498,0],[-682,-1],[-361,2]],[[1100,7448],[-686,0],[-393,0]],[[21,7448],[-1,411],[0,511]],[[3000,1076],[-33,38],[-25,94],[-64,9],[-24,-46],[-88,43],[-58,71]],[[2708,1285],[10,86],[-44,124],[-38,54],[-46,26],[-67,72],[-21,131],[6,56],[33,103],[6,94]],[[2547,2031],[394,2],[356,-3]],[[3297,2030],[-5,-110],[-28,-42],[15,-33],[53,-24],[7,-48],[37,-16],[-95,-83],[-2,-51],[-38,-97],[-19,-17],[18,-52],[-17,-89],[-24,-39],[10,-32],[-19,-75],[-4,-105],[-72,34],[-61,-49],[-53,-26]],[[2950,697],[594,0]],[[3544,697],[1,-673]],[[3545,24],[-518,0]],[[3027,24],[-61,90],[24,52],[5,67],[-30,52],[18,51],[0,79],[41,5],[0,131],[-76,15],[-9,29],[11,102]],[[5575,6480],[-43,-41],[6,-128],[-11,-19]],[[4892,6274],[-26,42],[23,82],[4,94],[48,129],[3,48],[30,58],[-11,60],[10,55],[62,23],[46,-9]],[[5081,6856],[21,-47],[72,30],[-7,37],[-36,37],[-49,-6],[-13,92],[-49,17],[-33,-10],[-21,-54],[-25,-1]],[[4941,6951],[-34,49],[-39,159],[-86,83],[-47,83],[-63,12],[16,45],[-1,63]],[[5915,7433],[-16,-76],[15,-45],[-103,-46],[-27,13],[-40,-46],[-3,-42],[51,-80],[-37,-54],[18,-45],[-9,-92],[-33,-99],[-28,-29],[-69,13],[-25,-30],[-4,-62],[14,-38],[-13,-44],[-36,-13],[-14,-45],[20,-47],[-1,-46]],[[2723,698],[-31,80],[7,35],[-26,37]],[[2673,850],[99,95],[-20,45],[-35,8]],[[2717,998],[16,63],[-26,3]],[[2707,1064],[-18,4],[7,153],[12,64]],[[3000,1076],[-16,-23],[-54,-6],[-80,-95],[-16,-37],[24,-56],[86,-127],[6,-35]],[[2950,697],[-227,1]],[[2586,956],[-19,-21]],[[2567,935],[3,-65],[-21,-34],[50,-53],[26,5],[45,-32],[37,-58]],[[2707,698],[-294,-7],[-4,7],[-584,-1],[-107,1]],[[1718,698],[30,43],[46,20],[31,47],[23,64],[40,53],[33,178],[27,47],[44,23],[47,-12],[28,33],[76,28],[1,74],[62,105],[56,-5],[32,60]],[[2294,1456],[13,26],[-11,120],[7,91],[21,24],[16,87],[-3,55],[14,62],[19,5],[78,104]],[[2448,2030],[99,1]],[[2707,1064],[3,-53],[-30,-4],[-40,-38],[-30,15],[-24,-28]],[[5081,6856],[-45,39],[-71,34]],[[4965,6929],[-24,22]],[[2660,903],[13,-53]],[[2723,698],[-16,0]],[[2567,935],[29,-2],[29,-40],[35,10]],[[8988,10780],[-40,-22]],[[8948,10758],[-3,27]],[[8945,10785],[0,65]],[[8945,10850],[21,-66],[22,-4]],[[4817,6296],[-47,88],[21,141],[40,147],[77,157],[48,55],[9,45]],[[3741,7102],[33,61],[-32,11],[-10,50],[-32,-10],[-98,47],[-22,48],[80,81],[-1,57]],[[9105,8812],[0,81]],[[9105,8893],[1,11]],[[9106,8904],[42,-9]],[[9148,8895],[9,1]],[[9157,8896],[-13,-116]],[[9144,8780],[-20,0]],[[9124,8780],[-19,0]],[[9105,8780],[0,32]],[[6742,8111],[6,8]],[[6748,8119],[39,-50],[35,14],[27,-89],[53,14],[33,-32],[34,42],[47,-36],[40,3],[71,45],[26,-86],[24,-30]],[[7177,7914],[19,-31],[-51,-67],[-30,-9],[-31,-67],[-73,-4],[-12,-55],[-51,-9],[34,-73],[-93,-40],[-25,-34]],[[6864,7525],[11,66],[-37,44],[-63,11],[21,111],[-26,49],[-7,101],[19,108],[-40,96]],[[2586,956],[30,-19],[55,15]],[[2671,952],[-11,-49]],[[9336,8848],[-21,0]],[[9315,8848],[-6,45]],[[9337,8927],[-1,-79]],[[6864,7525],[-32,-31],[2,-49],[-27,-18]],[[6807,7427],[-60,-5],[-91,61],[-87,6]],[[6569,7489],[-4,64],[22,13],[10,59],[34,58],[12,96],[-42,154],[84,53],[-3,80],[60,45]],[[6730,8244],[-72,-52],[-76,37],[-71,-34],[-37,14]],[[6813,8466],[-59,-92],[1,-83],[-25,-47]],[[6088,7078],[48,57],[62,22],[47,-42],[10,-87],[-76,-49],[-33,-46],[-44,2],[-12,58],[-24,22],[22,63]],[[9633,9138],[0,-16],[-106,-4]],[[9527,9118],[-30,2]],[[9497,9120],[29,46]],[[9526,9166],[107,0],[0,-28]],[[9148,8895],[-11,38]],[[9137,8933],[-10,29]],[[9127,8962],[0,22]],[[9127,8984],[21,0]],[[9148,8984],[3,-22]],[[9151,8962],[5,-46]],[[9156,8916],[1,-20]],[[7042,8491],[-3,-82],[35,-33],[103,15],[36,-72],[67,-29],[58,4],[23,-23],[15,-75],[-55,-37],[-17,-31],[-41,-10],[-7,-48]],[[7256,8070],[31,-40],[-4,-43],[-60,-39],[-39,8]],[[7184,7956],[-7,-42]],[[6748,8119],[3,81],[-21,44]],[[9221,8984],[-28,0]],[[9193,8984],[12,45]],[[9205,9029],[6,0]],[[9211,9029],[27,-9]],[[9238,9020],[-17,-36]],[[6569,7489],[-160,0]],[[9151,8962],[69,0]],[[9220,8962],[-9,-35],[-55,-11]],[[2717,998],[-46,-46]],[[2245,5513],[-5,-81],[43,-51],[54,-43],[46,-80]],[[2383,5258],[-217,0]],[[2166,5258],[-2,90],[30,1],[0,91],[-73,0],[-9,67],[75,30],[58,-24]],[[2309,6384],[101,80],[11,22],[70,-1],[77,13],[22,-10],[100,57],[50,-5],[108,-52],[36,-40]],[[2884,6448],[2,-98],[-34,-57],[-55,-54],[-37,-108],[-41,-67],[15,-53],[-12,-82],[-73,-78],[-30,-45],[-45,-23]],[[2574,5783],[-48,20],[28,83],[-23,66],[-31,14],[-17,55],[-2,137],[52,0],[-29,57],[29,86],[-66,-12],[-78,34],[-11,53],[19,59],[-88,-51]],[[3503,5668],[-51,-2],[-27,-36],[-35,-1],[-47,65],[-70,53],[-42,0],[-22,-24],[-15,-65],[-111,33],[-16,72],[-36,44],[15,157],[-31,118],[-26,34],[-3,52],[151,-2],[-50,51],[29,57],[4,63],[31,27],[-12,57],[-63,66],[-70,16]],[[3006,6503],[31,58],[41,10],[20,41],[96,132],[69,61],[30,10],[60,52],[54,2],[-1,39],[97,74]],[[3503,5258],[-782,-1]],[[2721,5257],[6,49],[23,37],[-28,80],[18,27],[25,106],[-18,61],[-41,-34],[-57,-17],[-27,31],[-26,-28],[-72,39]],[[2524,5608],[-8,74],[58,101]],[[2884,6448],[25,-10],[60,68],[37,-3]],[[8955,10622],[-50,0]],[[8905,10622],[-3,45]],[[8902,10667],[42,30]],[[8944,10697],[11,0]],[[8955,10697],[0,-75]],[[8905,10622],[-46,0],[0,45]],[[8859,10667],[43,0]],[[3027,24],[-721,-1],[-485,-2],[-292,1]],[[1529,22],[17,68],[84,109],[40,146],[14,82],[45,55],[-16,79],[10,98],[-5,39]],[[8954,10577],[-53,0],[4,45]],[[8955,10622],[-1,-45]],[[8615,10615],[-25,-35],[-6,-60],[2,-263]],[[8586,10257],[-222,-1]],[[8364,10256],[-123,-12],[-167,5]],[[8074,10249],[4,50],[48,-16],[-53,204],[9,78],[-37,21]],[[8045,10586],[44,85],[-26,76],[-66,26]],[[8646,10964],[-36,-47],[18,-101],[-21,-16],[25,-146],[-17,-39]],[[3297,2030],[247,0]],[[3544,2030],[0,-680]],[[3544,1350],[0,-652]],[[3544,698],[0,-1]],[[6569,7489],[-30,-35],[20,-91],[-31,-60],[-36,6],[-32,-41],[-6,-92],[14,-59],[-5,-67],[28,-52],[-21,-34]],[[6470,6964],[2,-118],[11,-118],[-82,-104],[70,-1],[21,-54],[-48,-56],[0,-39]],[[6444,6474],[-184,1]],[[6260,6475],[-261,0],[-424,5]],[[8903,10850],[-1,-69]],[[8902,10781],[0,-23]],[[8902,10758],[-64,-37]],[[8838,10721],[22,38],[0,91],[43,0]],[[2376,5585],[54,-12],[94,35]],[[2721,5257],[-338,1]],[[2245,5513],[27,-21],[85,-7],[19,100]],[[2166,5258],[-636,-1]],[[1530,5257],[0,505],[333,153]],[[1863,5915],[0,-26],[247,5],[21,41],[55,-18],[14,-43],[56,-41],[37,-46],[-3,-39],[44,-24],[23,-35],[-46,-63],[65,-41]],[[1863,5915],[175,73],[94,114],[54,95],[-18,37],[56,53],[36,55],[40,10],[9,32]],[[7275,1479],[-72,9]],[[7203,1488],[-6,0]],[[7029,1560],[7,72],[48,-29],[69,-85],[23,36],[99,1],[0,-76]],[[2748,2981],[32,-92],[-1,-82],[-19,-30]],[[2975,2947],[-6,-83]],[[2969,2864],[-40,-69],[-59,-49]],[[1934,2609],[-62,67],[-25,97],[-42,57],[-302,-3],[-527,5],[-429,1],[-11,-46],[-494,1]],[[42,2788],[-3,255],[2,598]],[[41,3641],[362,3],[230,-2],[536,-2],[280,2],[201,-3],[477,-1],[191,2]],[[9063,9007],[0,-11]],[[9063,8996],[0,-12]],[[9000,8991],[0,16]],[[9147,9114],[0,-39]],[[9147,9075],[-20,0]],[[9127,9075],[0,46]],[[9127,9121],[0,44]],[[9127,9165],[15,0]],[[9142,9165],[5,-51]],[[5315,2685],[0,-41]],[[5315,2644],[-4,-536],[-36,0],[2,-816]],[[5277,1292],[0,-25],[-361,-8],[-578,-4],[0,96]],[[4338,1351],[0,158],[11,632],[-48,2],[12,256],[6,225],[-2,345],[61,14],[111,52],[57,-33],[80,21]],[[4626,3023],[29,41],[44,19],[49,-66],[57,39],[52,4],[43,-29],[-3,-27],[73,-97],[104,-17],[63,-88],[38,-16],[44,23],[30,-40],[66,-5],[0,-79]],[[1161,1130],[-37,-47],[-55,-13],[-32,-44],[-24,4]],[[1013,1030],[47,87],[101,13]],[[1135,857],[0,54],[102,1],[1,23],[124,-1],[20,69],[42,0],[0,95],[-11,69],[36,44],[28,76]],[[1477,1287],[26,3],[-1,69],[21,52],[24,11],[44,-28],[61,15],[20,48],[61,58],[37,90],[-2,49],[80,4],[52,23],[67,-21],[73,4],[66,-44],[19,42],[55,-66],[60,-48],[21,-76],[33,-16]],[[1718,698],[-338,3],[-1,-186],[-221,0],[-1,186],[-21,0],[-1,156]],[[1219,6451],[46,15]],[[1265,6466],[-9,-104]],[[1256,6362],[-97,30]],[[1159,6392],[44,15],[16,44]],[[33,776],[20,-11],[62,12],[188,2],[1,88],[19,0],[0,119],[36,0],[33,53],[48,-21],[94,-12],[7,44],[118,-1],[20,35],[76,-11],[41,10]],[[796,1083],[49,9],[3,-165],[-11,-56],[-31,-12],[0,-66],[-40,-10],[1,-57],[-20,-23],[184,0],[19,99],[42,11],[20,44],[123,0]],[[1529,22],[-680,-1],[-435,-1],[-381,1],[0,755]],[[2186,4026],[-39,26],[-1,93],[-42,0],[-20,56],[576,4],[208,-2]],[[2868,4203],[331,0],[2,-95]],[[3350,3623],[-9,-20],[26,-95],[-8,-43],[25,-56],[45,3],[37,-32],[-12,-87],[-40,-47],[5,-57],[-26,-33],[-55,25],[-39,-44],[16,-51],[34,-35]],[[3349,3051],[-163,0],[-1,-105],[9,-33],[-58,-55],[-54,-5],[-17,-30],[-96,41]],[[2458,3639],[42,0],[20,68],[1,141],[-62,47],[-43,0],[1,45],[-62,22],[-169,-1],[0,65]],[[2694,2457],[-3,-62],[-31,-53],[6,-52],[-76,-15],[-68,-47],[-35,13],[-36,-32],[-1,-54],[27,-96],[-29,-29]],[[2448,2030],[-310,-2],[-119,-11],[-201,-8],[-354,-3],[-535,3],[-109,-4]],[[820,2005],[-499,1],[-284,-462]],[[37,1544],[4,144],[-1,425],[2,675]],[[7329,3992],[16,-65],[49,-33],[26,-46],[45,-31],[81,-125],[31,-8],[36,-44],[-13,-21],[31,-84],[15,-85],[64,-78],[32,-92],[36,-76],[-16,-16],[51,-105],[-8,-15],[56,-58],[60,10],[50,-50],[18,-48],[67,-87]],[[8056,2835],[-9,-49],[60,-8],[49,-82],[-15,-73],[1,-75],[-45,-28],[13,-55],[-18,-84]],[[8092,2381],[-359,3],[-432,-6]],[[7301,2378],[-27,13],[-77,190],[-81,45],[-1,22],[-573,-4],[5,274],[-99,-2],[-41,-64],[2,-52],[-24,-34],[-132,-64],[-153,29],[-37,30],[-86,113],[-58,-1],[-53,21],[-27,46],[-62,47],[-14,46],[-34,37],[-88,-7],[-113,-107],[-54,-68],[-54,-42],[-14,-51],[-37,-69],[-54,-41]],[[4626,3023],[-3,429],[2,170]],[[6318,4487],[357,-1]],[[6675,4486],[26,4],[75,107],[54,-11],[19,-24]],[[1053,1333],[-92,-13]],[[961,1320],[-113,0],[-34,-89],[0,-127],[-18,-21]],[[33,776],[-1,424],[5,344]],[[820,2005],[137,-55],[63,-54],[37,-61],[26,-9],[-25,-109],[10,-129],[22,-36],[0,-46],[-39,-29],[2,-144]],[[1136,1321],[-83,12]],[[1477,1287],[-106,71],[-57,-47],[-37,-66],[-66,99],[-75,-23]],[[961,1320],[87,-167],[-27,-47],[-8,-76]],[[1161,1130],[9,29],[-8,75],[-27,0],[1,87]],[[1265,6635],[34,-8]],[[1299,6627],[9,-73]],[[1308,6554],[-42,-12]],[[1266,6542],[-1,93]],[[6549,1781],[-113,1],[-2,68],[-20,35],[0,97],[50,-23],[33,-36],[52,14],[75,-43],[38,-42],[0,-48],[-41,-22],[-72,-1]],[[1121,6541],[0,-41]],[[1121,6500],[-8,0]],[[1113,6500],[-32,45]],[[1140,6541],[0,-41]],[[1140,6500],[-19,0]],[[1028,6466],[-95,-61],[-53,114],[-32,45]],[[848,6564],[42,-33],[66,12]],[[956,6543],[66,-32],[6,-45]],[[8902,10781],[43,4]],[[8948,10758],[7,-45]],[[8955,10713],[0,-16]],[[8944,10697],[-21,8]],[[8923,10705],[-21,53]],[[9042,9030],[0,45]],[[9042,9075],[21,0]],[[9063,9075],[0,-45]],[[6785,1834],[2,537]],[[6787,2371],[248,2],[266,5]],[[8092,2381],[7,-86],[-52,-51],[-9,-44],[9,-88],[-22,-38],[-12,-96],[-14,-28],[9,-89],[21,-24]],[[8029,1837],[-25,-44],[-226,-263],[-328,-387]],[[7411,1143],[-47,95],[2,109],[-16,24],[-59,15],[-51,37],[-37,65]],[[7275,1479],[41,-5],[-10,81],[50,1],[1,45],[-126,-1],[-38,47],[-9,181],[-355,-2],[-44,8]],[[1224,6586],[0,-23]],[[8859,10667],[-21,1]],[[8838,10668],[10,45]],[[8848,10713],[75,-8]],[[8904,11215],[0,23]],[[8904,11238],[0,11]],[[8904,11249],[34,0]],[[8938,11249],[8,0]],[[8946,11249],[0,-35]],[[8946,11214],[-4,0]],[[8942,11214],[-38,1]],[[6785,1281],[0,553]],[[6787,2371],[-443,0],[-698,0],[-90,-1],[-2,271],[-239,3]],[[8903,10850],[42,0]],[[5349,1290],[-72,2]],[[9106,8904],[0,12]],[[9106,8916],[31,17]],[[9148,8984],[21,0]],[[9169,8984],[24,0]],[[9221,8984],[1,0]],[[9222,8984],[-2,-22]],[[9801,10761],[-44,1]],[[9757,10762],[0,19]],[[9757,10781],[33,16]],[[9790,10797],[11,-3]],[[9801,10794],[0,-33]],[[766,6704],[-43,38]],[[723,6742],[-35,52]],[[688,6794],[25,59],[93,6],[0,-148],[-40,-7]],[[956,6543],[21,31]],[[977,6574],[76,-24],[50,-79]],[[1103,6471],[-16,-23]],[[1087,6448],[-33,34],[-26,-16]],[[1159,6392],[-42,-10],[-30,66]],[[1103,6471],[7,-3]],[[1110,6468],[56,0],[53,-17]],[[1057,6586],[0,69]],[[1057,6655],[98,5],[13,-11]],[[977,6574],[-79,65]],[[898,6639],[6,3]],[[904,6642],[50,13],[103,0]],[[1113,6500],[-3,-32]],[[1224,6635],[41,0]],[[1266,6542],[-7,-2]],[[1259,6540],[-35,1]],[[1140,6500],[119,40]],[[1307,6479],[-42,-13]],[[1256,6362],[36,-6],[53,24],[13,30],[131,73],[59,83],[48,43]],[[1596,6609],[16,44],[49,13],[-7,45]],[[1654,6711],[84,-19],[43,-72],[68,-67],[19,-39],[-43,-19],[-14,-45],[-33,-25],[0,-222],[126,2],[-1,-43],[-40,-1],[0,-246]],[[1530,5257],[-1,-528],[-459,0]],[[1070,4729],[-703,0],[-367,0]],[[0,4729],[1,691],[12,486],[6,758]],[[19,6664],[29,-2],[33,63],[45,16],[18,41],[73,4],[20,56],[40,9],[11,83],[33,-34],[94,-18],[25,-63],[60,-10],[77,39],[53,-55],[58,1]],[[723,6742],[31,-66],[94,-112]],[[766,6704],[59,-33],[15,18],[58,-50]],[[904,6642],[49,35],[20,91],[84,-22],[40,89],[38,53],[31,17],[75,125]],[[1241,7030],[74,-103],[34,-121]],[[1349,6806],[-23,-14],[-6,-112],[-21,-53]],[[19,6664],[2,784]],[[1100,7448],[0,-127],[10,-40],[-28,-53],[8,-75],[64,13],[22,-46],[55,-57],[10,-33]],[[1376,6624],[-24,-50]],[[1299,6627],[77,-3]],[[1654,6711],[-18,-39],[-39,-1],[-54,24],[-56,3],[-125,89],[-13,19]],[[9246,11484],[-1,-45]],[[9245,11439],[0,-181]],[[9245,11258],[-1,-183]],[[9244,11075],[1,-136]],[[9245,10939],[0,-19]],[[9245,10920],[-43,-27],[-65,0]],[[9137,10893],[0,138]],[[9137,11031],[-1,57],[-20,124]],[[9116,11212],[0,46]],[[9116,11258],[0,46]],[[9116,11304],[0,45]],[[9116,11349],[1,136]],[[9117,11485],[129,-1]],[[1596,6609],[-94,-16],[-86,-88]],[[1415,6552],[7,79],[-46,-7]],[[2724,4694],[-62,-59],[-24,16]],[[2638,4651],[-59,90]],[[2579,4741],[-1,23]],[[2578,4764],[48,-27],[97,-8],[1,-35]],[[4726,24],[-672,0],[-509,0]],[[3544,698],[698,0],[383,0],[-1,-548],[24,-22],[57,-1],[-2,-88],[23,-15]],[[7718,8077],[-285,-7],[-177,0]],[[4338,1351],[-143,0]],[[4195,1351],[-651,-1]],[[3544,2030],[0,404],[34,-7],[18,88],[-36,68],[-34,27],[-59,6],[-4,93],[-39,57],[5,44],[30,41],[-36,59],[8,75],[-69,38],[-13,28]],[[6260,6475],[19,-54],[41,-34],[9,-66],[46,-32],[16,-65],[69,-141],[25,-120],[65,-108],[36,-78],[31,-96],[1,-63],[69,-89],[0,-41]],[[6687,5488],[-84,-3],[-113,-27],[-24,-39],[-48,-27],[-86,-6],[-26,19],[-95,-20],[-56,2],[-178,-45],[-43,-15],[-76,25]],[[7012,5530],[-46,54],[-10,-67],[-57,-67],[-65,-35],[-55,-7],[-92,80]],[[6444,6474],[19,-55],[-23,-65],[33,-27],[22,-56],[52,20],[80,-37],[12,-37],[-21,-59],[18,-47],[89,-27],[17,31],[68,4],[76,-88],[43,-15]],[[6929,6016],[23,-76],[53,-1],[32,-36],[-36,-68],[15,-50],[67,-93],[-16,-45],[-59,-65],[4,-52]],[[6838,4899],[27,1],[49,-64],[11,-34]],[[6925,4802],[-35,17],[-52,80]],[[9583,9030],[-161,0]],[[9422,9030],[75,90]],[[9527,9118],[48,-55],[8,-33]],[[9084,9120],[43,1]],[[9127,9075],[-20,0]],[[9107,9075],[-23,0]],[[9084,9075],[0,45]],[[9211,9029],[0,23]],[[9211,9052],[43,-2]],[[9254,9050],[-16,-30]],[[9295,9211],[42,0]],[[9337,9211],[0,-20]],[[9337,9191],[-42,-5]],[[9295,9186],[0,25]],[[6925,4802],[46,-51],[41,-11]],[[6675,4486],[-30,33],[-12,47],[45,86],[16,92],[38,40],[44,14],[1,42],[-83,1],[-4,80],[77,-1],[71,-21]],[[7012,5530],[-18,-121],[-53,-72]],[[2686,4587],[29,-1],[28,41],[-31,44],[12,23]],[[2724,4694],[80,0]],[[2804,4694],[-19,-90],[-34,-29],[-65,12]],[[2638,4651],[29,-55]],[[2667,4596],[0,-41],[35,-71]],[[2702,4484],[-35,-1],[-44,32],[-35,116],[9,27],[-18,83]],[[2523,4831],[55,-67]],[[2702,4484],[150,-240],[16,-41]],[[2186,4026],[-34,-9],[-45,37],[-16,87],[-46,-8],[-73,43]],[[1972,4176],[7,45],[-19,61],[0,120],[29,24],[27,77],[-4,66],[82,97],[47,94],[55,65],[76,61],[45,16],[24,-67],[50,-1],[44,-24],[19,27],[69,-6]],[[9084,9302],[62,0]],[[9146,9302],[1,-91]],[[9147,9211],[-62,0]],[[9085,9211],[-1,46]],[[9084,9257],[0,45]],[[9000,9075],[42,0]],[[9000,9025],[0,50]],[[9313,9041],[109,-10]],[[9422,9031],[0,-1]],[[9422,9030],[-37,-46]],[[9290,8893],[-8,0]],[[9282,8893],[-46,11]],[[9236,8904],[22,80]],[[9258,8984],[55,57]],[[1972,4176],[-58,-16],[-45,14],[-37,98],[-82,79],[-38,14],[-92,74],[-92,15],[-13,50],[-89,-7],[-65,70],[-19,37],[-70,37],[-57,-17],[-39,-30],[-33,39],[-49,20],[-24,76]],[[2383,5258],[28,-105],[-15,-139],[27,9],[0,-67],[55,-21],[41,-95]],[[2519,4840],[4,-9]],[[2519,4840],[72,16],[29,21],[77,-62],[63,-37],[51,55],[43,20],[29,54]],[[2883,4907],[33,-13],[31,-82],[-1,-56],[18,-63],[-160,1]],[[4342,1070],[43,-54],[18,-63],[106,-90]],[[4509,863],[-95,-71],[-29,-46],[-88,34],[-61,-14],[-45,34],[42,67],[7,68],[20,19],[5,61],[33,37],[44,18]],[[9213,9165],[-44,1]],[[9169,9166],[-27,-1]],[[9142,9165],[5,46]],[[9147,9211],[50,0]],[[9197,9211],[56,-1]],[[9253,9210],[1,-23]],[[9254,9187],[0,-22]],[[9254,9165],[-41,0]],[[9309,9121],[-28,-46]],[[9281,9075],[-27,-1]],[[9254,9074],[0,45]],[[9254,9119],[55,2]],[[9106,8916],[0,46]],[[9106,8962],[21,0]],[[9106,8995],[0,12]],[[9106,9007],[21,0]],[[9127,9007],[0,-23]],[[9106,8962],[0,33]],[[2883,4907],[-28,25],[2,91],[59,-29],[15,-26],[55,2],[26,26],[42,-29],[13,-41],[37,-22],[1,-41],[63,-30],[1,-29],[48,-14],[14,-45],[65,-33],[81,-111],[81,-42],[45,0]],[[2667,4596],[19,-9]],[[7184,7956],[74,-90],[16,-36],[92,-25],[133,-74]],[[7499,7731],[-91,-80],[-7,-30],[23,-53],[-56,-3],[-16,-39],[78,-2],[64,-66],[19,-35],[60,-32],[62,21],[109,-34],[39,-57],[90,-51],[40,-58],[67,-25],[37,-40],[60,-2],[33,-78],[79,-57],[37,-74]],[[8226,6936],[0,-140]],[[8226,6796],[-151,33],[-35,-39],[46,-83],[-53,-54],[-17,-82],[60,-82],[24,-93],[-119,1],[-81,51],[-219,0],[-227,-26],[-115,-55],[-55,3],[-67,-25],[-61,-127],[-64,-85],[-61,-59],[-86,-20],[-16,-38]],[[6470,6964],[95,-54],[89,41],[37,-26],[69,-83],[57,19],[53,-20],[15,105],[61,-72],[50,-15],[-49,212],[-54,-38],[-36,15],[-20,42],[4,77],[-30,57],[10,70],[-23,65],[22,36],[-13,32]],[[9258,8984],[-5,-1]],[[9253,8983],[21,37],[-20,30]],[[9254,9050],[0,24]],[[9281,9075],[58,0]],[[9339,9075],[-26,-34]],[[9519,9436],[13,0]],[[9532,9436],[14,-42]],[[9546,9394],[-6,0]],[[9540,9394],[-44,0]],[[9496,9394],[11,42]],[[9507,9436],[12,0]],[[9315,8848],[-42,0]],[[9273,8848],[9,45]],[[41,3641],[0,37],[-41,347],[0,704]],[[9127,9007],[-20,34]],[[9107,9041],[0,34]],[[9147,9075],[1,-91]],[[9127,9165],[-64,1]],[[9063,9166],[-21,0]],[[9042,9166],[0,22]],[[9042,9188],[43,23]],[[4342,1070],[-81,79],[6,50],[27,47],[-20,37],[-79,68]],[[5803,4],[-258,-2],[-428,-2]],[[5117,0],[-107,123],[-33,25],[38,106],[-88,23],[-48,-2],[-90,92],[23,64],[-6,30],[-59,59],[24,80],[-40,25],[-67,72],[-4,63],[-20,57],[5,46],[-136,0]],[[9084,9120],[-21,0]],[[9063,9120],[0,46]],[[9022,11214],[-33,34]],[[8989,11248],[-12,11]],[[8977,11259],[139,-1]],[[9116,11212],[-94,2]],[[9063,9120],[-63,1]],[[9000,9121],[0,44]],[[9000,9165],[0,1]],[[9000,9166],[42,0]],[[9253,9210],[0,46]],[[9253,9256],[0,45]],[[9253,9301],[41,1]],[[9294,9302],[1,-91]],[[9295,9211],[-42,-1]],[[9212,9120],[1,45]],[[9254,9165],[0,-46]],[[9254,9119],[-42,1]],[[8952,10531],[-136,1]],[[8816,10532],[8,136]],[[8824,10668],[14,0]],[[8954,10577],[-2,-46]],[[9254,9165],[41,0]],[[9295,9165],[42,1]],[[9337,9166],[-28,-45]],[[9211,9075],[-8,0]],[[9203,9075],[-8,45]],[[9195,9120],[17,0]],[[9254,9074],[-43,1]],[[5117,0],[-198,0],[-16,24],[-177,0]],[[9189,8779],[5,9]],[[9194,8788],[38,74],[4,42]],[[9273,8848],[-19,-69]],[[9254,8779],[-65,0]],[[9020,8821],[-19,-5]],[[9001,8816],[-1,60]],[[9000,8876],[20,-55]],[[8380,5851],[0,-503]],[[8226,6796],[0,-92],[151,1]],[[8377,6705],[3,-532]],[[8380,6173],[0,-322]],[[8223,8074],[1,-130]],[[8224,7944],[0,-190]],[[8224,7754],[1,-125]],[[8225,7629],[-26,52],[-65,42],[-46,-55],[-29,-53],[-4,-44],[-27,-22],[-79,27],[-100,62],[-164,84],[-84,24],[-102,-15]],[[8225,7629],[-1,-308],[4,-192],[-2,-193]],[[9063,8820],[-22,1]],[[9041,8821],[1,72]],[[9042,8893],[21,0]],[[9063,8893],[0,-73]],[[9106,8962],[-21,0]],[[9085,8962],[-22,0]],[[9063,8996],[43,-1]],[[9000,9075],[0,46]],[[9063,9120],[0,-45]],[[9107,9041],[-23,-11]],[[9084,9030],[0,45]],[[9000,8893],[42,0]],[[9041,8821],[-21,0]],[[9000,8876],[0,17]],[[8967,11577],[-11,-90]],[[8956,11487],[0,-46],[-50,1],[-2,-45]],[[8904,11397],[0,-70]],[[8904,11327],[-29,29],[-69,27]],[[8806,11383],[-62,25],[-25,73]],[[8714,11488],[33,4],[45,54],[-2,56],[86,0],[34,-23],[57,-2]],[[8861,11077],[42,1]],[[8903,11078],[35,0]],[[8938,11078],[-23,-91]],[[8915,10987],[-55,-1],[1,91]],[[8903,11123],[0,-45]],[[8861,11077],[0,24]],[[8861,11101],[0,23]],[[8861,11124],[42,-1]],[[8861,11124],[0,45]],[[8861,11169],[42,0]],[[8903,11169],[0,-46]],[[8861,11215],[0,-46]],[[8861,11169],[-43,13]],[[8818,11182],[0,34]],[[8818,11216],[43,-1]],[[8861,11101],[-58,-8]],[[8803,11093],[-16,66],[31,23]],[[8989,11078],[32,-1]],[[9021,11077],[-12,-90]],[[9009,10987],[-21,-1]],[[8988,10986],[1,92]],[[8989,11078],[-51,0]],[[8938,11078],[0,45]],[[8938,11123],[51,0]],[[8989,11123],[10,0]],[[8999,11123],[-10,-45]],[[8904,11327],[0,-21]],[[8904,11306],[-43,-22]],[[8861,11284],[-42,0]],[[8819,11284],[-13,99]],[[8995,10439],[0,-73]],[[8995,10366],[-58,-34],[-48,24],[-1,65],[22,40],[42,-22],[43,0]],[[9000,8916],[42,14]],[[9064,8921],[-1,-28]],[[9000,8893],[0,23]],[[9169,8984],[0,46]],[[9169,9030],[36,-1]],[[8995,10366],[0,-110]],[[8995,10256],[-233,-1]],[[8762,10255],[-176,2]],[[8615,10615],[73,26]],[[8688,10641],[19,-139],[74,-17],[1,46],[34,1]],[[8952,10531],[40,0]],[[8992,10531],[3,-92]],[[9222,8984],[31,-1]],[[9194,8788],[-50,-8]],[[9633,9138],[-2,-153],[-42,0]],[[9589,8985],[-6,45]],[[9084,9075],[-21,0]],[[9211,9052],[0,23]],[[9295,9186],[-41,1]],[[9210,9302],[1,-46]],[[9211,9256],[-14,-45]],[[9146,9302],[64,0]],[[10420,8613],[-363,5]],[[10057,8618],[-43,64],[-17,55],[-31,34],[-18,51],[8,70]],[[9956,8892],[17,-1],[0,148],[44,27],[-15,54]],[[10002,9120],[-22,161],[-16,34],[11,69],[33,53]],[[10008,9437],[426,0]],[[10434,9437],[1,-277],[-1,-478],[42,-7],[35,-61]],[[10511,8614],[-91,-1]],[[9526,9166],[1,23],[-75,0]],[[9452,9189],[-35,4]],[[9417,9193],[21,74]],[[9438,9267],[15,81]],[[9453,9348],[87,0]],[[9540,9348],[33,0]],[[9573,9348],[61,0]],[[9760,9437],[248,0]],[[10002,9120],[-61,21],[-160,1],[-59,-25],[-1,-168],[-132,-10]],[[9589,8939],[0,46]],[[9169,9075],[34,0]],[[9169,9030],[0,45]],[[9195,9120],[-25,0]],[[9170,9120],[-1,46]],[[11028,9438],[638,1]],[[11666,9439],[167,0]],[[11833,9439],[193,0]],[[12024,8619],[-451,2],[-678,-5],[-384,-2]],[[10434,9437],[594,1]],[[7869,10583],[19,-9],[70,46],[87,-34]],[[8074,10249],[-217,6]],[[9417,9193],[-63,-51],[-15,-67]],[[9337,9166],[0,25]],[[9337,9211],[80,-18]],[[8192,12565],[1054,2]],[[9246,12567],[0,-675]],[[9246,11892],[-92,1],[-14,-89],[-191,-1],[-1,-81],[18,-55],[1,-90]],[[9031,11032],[44,1]],[[9075,11033],[62,-2]],[[9137,10893],[-92,3],[-20,45]],[[9025,10941],[6,91]],[[9031,11032],[0,44]],[[9031,11076],[43,1]],[[9074,11077],[1,-44]],[[9025,10941],[-16,46]],[[9021,11077],[10,-1]],[[8819,11260],[42,1]],[[8861,11261],[0,-23]],[[8861,11238],[-42,1]],[[8819,11239],[0,21]],[[8926,11277],[-22,0]],[[8904,11277],[0,6]],[[8904,11283],[0,23]],[[8904,11327],[43,-25]],[[8947,11302],[-21,-25]],[[8948,11359],[-2,8]],[[8946,11367],[57,6],[30,-23],[83,-1]],[[9116,11304],[-126,1]],[[8990,11305],[-2,51],[-40,3]],[[8818,10713],[20,8]],[[8848,10713],[-30,0]],[[14965,10815],[330,-1],[447,1]],[[15742,10815],[-1,-698],[0,-750],[1,-423],[4,-845]],[[15746,8099],[-503,-8],[-342,-3]],[[14901,8088],[-10,1]],[[14793,10813],[172,2]],[[9295,9186],[0,-21]],[[9573,9348],[4,46]],[[9577,9394],[-2,43]],[[9575,9437],[58,0]],[[9253,9256],[-42,0]],[[9210,9302],[43,-1]],[[9146,9377],[1,16]],[[9147,9393],[63,-23],[84,-1]],[[9294,9369],[0,-67]],[[9084,9302],[0,74],[62,1]],[[9147,9393],[15,43],[44,0]],[[9206,9436],[45,0]],[[9251,9436],[43,0]],[[9294,9436],[0,-67]],[[8671,10972],[2,-30],[38,-144],[36,-71],[71,-14]],[[8824,10668],[-99,1],[-37,-28]],[[9074,11077],[0,45]],[[9074,11122],[-2,46],[-50,1]],[[9022,11169],[0,45]],[[9246,11892],[0,-408]],[[9117,11485],[-161,2]],[[8988,10986],[-43,1]],[[8945,10987],[-30,0]],[[9294,9436],[81,0]],[[9375,9436],[132,0]],[[9496,9394],[-43,-46]],[[9438,9267],[-58,29],[-64,-26],[-22,32]],[[9452,9189],[-30,-62],[0,-96]],[[9540,9394],[0,-46]],[[9336,8803],[0,45]],[[9589,8939],[0,-137]],[[9589,8802],[-42,0]],[[9547,8802],[-24,0]],[[9523,8802],[-34,0]],[[9489,8802],[-27,0]],[[9462,8802],[-42,1]],[[9420,8803],[0,45],[-42,0],[0,-46]],[[9378,8802],[-42,1]],[[9577,9394],[-31,0]],[[9532,9436],[43,1]],[[8674,11023],[46,54],[60,-28],[23,44]],[[8945,10987],[0,-46]],[[8945,10941],[0,-91]],[[8955,10622],[63,45],[20,46]],[[9038,10713],[-21,66],[-29,1]],[[8945,10941],[80,0]],[[9245,10920],[-1,-208]],[[9244,10712],[-3,-182],[-80,0]],[[9161,10530],[-169,1]],[[8946,11367],[-42,30]],[[9022,11214],[-33,0]],[[8989,11214],[0,34]],[[8969,11214],[1,45]],[[8970,11259],[7,0]],[[8989,11214],[-20,0]],[[8818,11216],[1,23]],[[8861,11238],[0,-23]],[[8904,11215],[-43,0]],[[8861,11238],[43,0]],[[8904,11260],[0,-11]],[[8861,11261],[43,-1]],[[8904,11277],[0,-17]],[[8819,11260],[0,24]],[[8861,11284],[43,-1]],[[8926,11277],[12,-28]],[[8955,10713],[83,0]],[[8903,11123],[35,0]],[[8903,11169],[36,0]],[[8939,11169],[-1,-46]],[[8903,11169],[1,46]],[[8942,11214],[-3,-45]],[[9147,9075],[22,0]],[[9147,9114],[23,6]],[[9105,8893],[-42,0]],[[9064,8921],[20,-8]],[[9084,8913],[22,-9]],[[9105,8812],[-42,8]],[[9085,8962],[-1,-49]],[[9063,9007],[43,0]],[[8999,11123],[23,0]],[[9022,11123],[-1,-46]],[[9022,11169],[0,-46]],[[8989,11123],[0,44]],[[8989,11167],[33,2]],[[8939,11169],[50,-2]],[[8989,11167],[0,47]],[[9022,11123],[52,-1]],[[8946,11214],[23,0]],[[8948,11359],[-1,-54]],[[8947,11305],[0,-3]],[[8946,11249],[24,10]],[[9063,9030],[21,0]],[[9000,8939],[-1,44]],[[8999,8983],[0,3]],[[8999,8986],[1,1]],[[9000,8916],[0,23]],[[8947,11302],[30,-43]],[[8947,11305],[43,0]],[[8954,8939],[24,-2]],[[8978,8937],[22,2]],[[9000,8893],[-43,0],[-3,46]],[[8944,8828],[3,-14]],[[8947,8814],[-16,0]],[[8931,8814],[-37,0]],[[8894,8814],[-7,47]],[[8887,8861],[1,0]],[[8888,8861],[27,-23]],[[8915,8838],[29,-10]],[[8978,8937],[-4,48]],[[8974,8985],[25,-2]],[[8936,8985],[38,0]],[[8954,8939],[-19,0]],[[8935,8939],[1,46]],[[8935,8939],[-10,0]],[[8925,8939],[-32,46]],[[8893,8985],[43,0]],[[8936,8985],[-3,17]],[[8933,9002],[3,5]],[[8936,9007],[56,0]],[[8992,9007],[7,-21]],[[8915,8893],[0,-55]],[[8888,8861],[-15,19]],[[8873,8880],[0,25]],[[8873,8905],[42,-12]],[[8873,8905],[-1,34]],[[8872,8939],[53,0]],[[8935,8939],[1,-46]],[[8936,8893],[-21,0]],[[8878,8988],[15,-3]],[[8872,8939],[-1,36]],[[8871,8975],[7,13]],[[8871,8975],[-3,-1]],[[8868,8974],[4,41],[32,38]],[[8904,9053],[31,23]],[[8935,9076],[1,-69]],[[8933,9002],[-55,-14]],[[8873,8880],[-43,41]],[[8830,8921],[0,19]],[[8830,8940],[42,-1]],[[8831,8893],[-1,28]],[[8887,8861],[-25,-15]],[[8862,8846],[-20,2]],[[8842,8848],[-11,0]],[[8831,8848],[0,45]],[[11748,10232],[0,-23],[114,0],[2,23]],[[11864,10232],[-53,30]],[[11811,10262],[0,16]],[[11811,10278],[24,-14],[87,22],[57,-2],[32,17]],[[12011,10301],[17,-32],[-23,-48],[-87,-74],[-18,-67],[-37,-8],[-31,-49],[-1,-312],[2,-272]],[[11666,9439],[-3,77],[-16,90],[-17,20],[-21,102],[-36,83],[-8,79],[-30,38],[0,269]],[[11535,10197],[65,9],[34,27],[114,-1]],[[11535,10197],[4,248]],[[11539,10445],[63,-55],[30,-43],[179,-69]],[[11811,10262],[-35,-30]],[[11776,10232],[-28,0]],[[12129,10246],[1,55],[127,2],[-2,-177],[-41,-5],[-28,39],[-59,-4],[2,90]],[[11028,9438],[0,955]],[[11028,10393],[50,49],[76,-1],[6,45],[31,29],[47,1],[68,30],[59,-1],[54,-49],[120,-51]],[[12305,11077],[257,0],[4,-273]],[[12566,10804],[2,-88]],[[12568,10716],[-31,-51],[0,-44],[-41,-61],[-52,0],[-46,-21],[-57,-77],[-67,-18],[-122,-88],[-36,0],[-105,-55]],[[11028,10393],[0,2]],[[11028,10395],[6,139],[2,275],[-3,271],[517,-2],[235,1],[310,-6],[210,4]],[[11776,10232],[88,0]],[[12568,10716],[0,-183],[-15,-1],[-5,-574],[3,-518]],[[8868,8974],[-53,11],[-29,47]],[[8786,9032],[44,21]],[[8830,9053],[39,0]],[[8869,9053],[35,0]],[[8936,8871],[32,0]],[[8968,8871],[0,-62]],[[8968,8809],[-21,-2]],[[8947,8807],[0,7]],[[8944,8828],[-8,43]],[[8869,9053],[-12,46]],[[8857,9099],[47,-1],[0,-45]],[[8830,9053],[27,46]],[[9000,8876],[-32,-5]],[[8936,8871],[0,22]],[[9001,8816],[-33,-7]],[[8894,8814],[-10,0]],[[8884,8814],[-22,32]],[[8748,8892],[36,1]],[[8784,8893],[-7,-46]],[[8777,8847],[-29,0]],[[8748,8847],[0,45]],[[8979,9166],[4,0]],[[8983,9166],[3,0]],[[8986,9166],[3,0]],[[8989,9166],[11,-1]],[[9000,9121],[-42,0]],[[8958,9121],[21,45]],[[8939,9121],[1,-4]],[[8940,9117],[-5,-41]],[[8786,9032],[1,-80]],[[8787,8952],[-39,4]],[[8748,8956],[-82,48],[-86,10]],[[8580,9014],[3,152]],[[8583,9166],[163,-1]],[[8746,9165],[42,0]],[[8788,9165],[-41,-11],[0,-60],[42,28],[0,43],[86,2],[19,-40],[45,-6]],[[8939,9121],[19,0]],[[8992,9007],[-52,110]],[[8738,8847],[10,0]],[[8777,8847],[33,1]],[[8810,8848],[-1,-35]],[[8809,8813],[-82,-5]],[[8727,8808],[11,39]],[[8535,9373],[23,17]],[[8558,9390],[20,-31]],[[8578,9359],[-43,14]],[[8676,8848],[-55,23]],[[8621,8871],[-29,66],[7,43],[-19,34]],[[8748,8956],[0,-64]],[[8748,8892],[-61,0],[-11,-44]],[[8738,8847],[-53,0]],[[8685,8847],[-9,1]],[[8830,8940],[-43,12]],[[8569,8658],[-34,-44],[-76,12],[-42,-13],[-40,11],[-121,-20],[-31,34]],[[8225,8642],[1,520]],[[8226,9162],[186,3]],[[8412,9165],[171,1]],[[8621,8871],[-7,-61],[-26,-95],[31,-43]],[[8619,8672],[-29,-13]],[[8590,8659],[-21,-1]],[[8784,8893],[26,0]],[[8810,8893],[0,-45]],[[8831,8893],[-21,0]],[[14395,11786],[-2,424]],[[14393,12210],[-3,370]],[[14390,12580],[866,0],[485,0],[1,-793]],[[15742,11787],[-313,-3],[-430,2]],[[14999,11786],[-604,0]],[[8884,8814],[-42,-1]],[[8842,8813],[0,35]],[[8810,8848],[21,0]],[[8842,8813],[-33,0]],[[14965,10815],[-2,505],[43,-2],[7,330],[-14,138]],[[15742,11787],[0,-972]],[[14364,10811],[-2,548],[2,288],[31,1],[0,138]],[[8825,9436],[7,-42]],[[8832,9394],[-32,0]],[[8800,9394],[-52,0]],[[8748,9394],[-23,0],[-6,87]],[[8719,9481],[106,0]],[[8825,9481],[0,-45]],[[8952,9915],[-63,9]],[[8889,9924],[0,57]],[[8889,9981],[32,0]],[[8921,9981],[0,-35],[31,-31]],[[8889,10027],[21,0]],[[8910,10027],[11,0]],[[8921,10027],[0,-46]],[[8889,9981],[0,46]],[[8772,9981],[0,46]],[[8772,10027],[53,0]],[[8825,10027],[0,-46]],[[8825,9981],[-53,0]],[[8841,9346],[-89,-24]],[[8752,9322],[-2,27]],[[8750,9349],[23,13]],[[8773,9362],[59,2]],[[8832,9364],[9,-18]],[[8579,9481],[-40,0]],[[8539,9481],[0,34]],[[8539,9515],[0,34]],[[8539,9549],[36,13]],[[8575,9562],[38,-81]],[[8995,9913],[-43,2]],[[8921,9981],[32,0]],[[8953,9981],[42,2]],[[8995,9983],[0,-70]],[[8825,9868],[0,17]],[[8825,9885],[0,72]],[[8825,9957],[64,-33]],[[8889,9924],[0,-55],[-64,-1]],[[8825,9981],[32,0]],[[8857,9981],[32,0]],[[8825,9957],[0,24]],[[8825,10027],[32,0]],[[8857,10027],[0,-46]],[[8857,10027],[32,0]],[[8578,9359],[17,-53]],[[8595,9306],[-12,-140]],[[8412,9165],[-18,32],[21,42],[-15,47],[-32,14],[-10,37],[26,40]],[[8384,9377],[65,-39],[86,35]],[[8888,9436],[0,46]],[[8888,9482],[107,-1]],[[8995,9481],[0,-45]],[[8995,9436],[-79,0]],[[8916,9436],[-28,0]],[[8857,10073],[0,-46]],[[8825,10027],[0,46]],[[8825,10073],[32,0]],[[8879,9303],[-5,46],[-33,-3]],[[8832,9364],[0,30]],[[8832,9394],[66,0]],[[8898,9394],[18,0]],[[8916,9394],[0,-91]],[[8916,9303],[-37,0]],[[8825,9481],[63,1]],[[8888,9436],[-63,0]],[[8485,9794],[190,6],[33,-12]],[[8708,9788],[-11,-67]],[[8697,9721],[-5,-7]],[[8692,9714],[-29,-37]],[[8663,9677],[-67,-82]],[[8596,9595],[-21,-33]],[[8539,9549],[-15,58]],[[8524,9607],[-39,36]],[[8485,9643],[0,151]],[[8558,9390],[-31,46]],[[8527,9436],[13,0]],[[8592,9393],[-34,-3]],[[8384,9377],[41,49]],[[8425,9426],[61,9]],[[8486,9435],[41,1]],[[8995,10074],[-42,-1]],[[8953,10073],[-43,-1]],[[8910,10072],[-21,1]],[[8889,10073],[-32,0]],[[8825,10073],[-106,0]],[[8719,10073],[1,90],[41,1],[1,91]],[[8995,10256],[0,-182]],[[8995,9913],[0,-1]],[[8995,9912],[0,-202]],[[8995,9710],[0,-57]],[[8995,9653],[-64,11],[-107,-1]],[[8824,9663],[1,205]],[[8772,10027],[-53,0]],[[8719,10027],[0,46]],[[8486,9563],[0,-14]],[[8486,9549],[0,-30]],[[8486,9519],[-5,-27]],[[8481,9492],[-22,-10]],[[8459,9482],[-6,87]],[[8453,9569],[33,-6]],[[8824,9663],[-106,0]],[[8718,9663],[-26,51]],[[8697,9721],[86,98]],[[8783,9819],[42,66]],[[8889,10073],[0,-46]],[[8641,9362],[-19,12]],[[8622,9374],[-21,13]],[[8613,9435],[28,0],[0,-73]],[[8481,9492],[4,-24]],[[8485,9468],[1,-33]],[[8425,9426],[-34,57]],[[8391,9483],[68,-1]],[[8661,9595],[-65,0]],[[8663,9677],[19,-48],[-21,-34]],[[8718,9663],[1,-62]],[[8719,9601],[-58,-6]],[[8719,10027],[0,-3]],[[8719,10024],[-162,4],[-8,-29],[-64,-98],[0,-46]],[[8485,9855],[-40,-9],[-18,-67],[-27,-10]],[[8400,9769],[4,88],[-5,136],[41,-2],[5,86],[-88,1],[3,43],[-43,1],[0,45],[40,0],[7,89]],[[8613,9481],[106,0]],[[8748,9394],[2,-45]],[[8752,9322],[-5,-19]],[[8747,9303],[-106,59]],[[7662,9630],[65,24],[47,-3],[74,49],[154,34],[54,81],[79,9],[21,40],[51,-18],[73,-63],[76,-25],[44,11]],[[8485,9855],[0,-61]],[[8485,9643],[1,-14]],[[8486,9629],[-29,6],[-4,-66]],[[8391,9483],[-49,68],[-42,16],[-91,-17],[-97,-6],[18,-35],[-61,-5],[-20,17],[-51,-28],[-75,29],[-1,-46],[-41,-10],[-41,60],[-116,5],[-44,-28],[-27,7]],[[8226,9162],[-1,69],[-47,-19],[-47,30],[-35,-19],[-495,0]],[[8719,10024],[-1,-178],[-10,-58]],[[8486,9519],[17,-14]],[[8503,9505],[4,-24]],[[8507,9481],[-10,-13]],[[8497,9468],[-12,0]],[[8824,9663],[1,-78]],[[8825,9585],[-106,16]],[[13194,11375],[-10,-36],[-76,-84],[-25,-50]],[[13083,11205],[-63,-21],[-31,32],[-49,-21],[-36,10],[-2,67]],[[12902,11272],[111,52],[123,74]],[[13136,11398],[58,-23]],[[13251,11583],[56,101],[25,0]],[[13332,11684],[-22,-51],[-4,-103],[-77,-38],[-26,-56],[-9,-61]],[[13136,11398],[-1,42],[42,4],[74,139]],[[9778,10705],[-21,-14]],[[9757,10691],[0,19]],[[9757,10710],[0,23]],[[9757,10733],[44,0]],[[9801,10733],[0,-24]],[[9801,10709],[-23,-4]],[[9757,10691],[0,-26]],[[9757,10665],[-43,1]],[[9714,10666],[0,44]],[[9714,10710],[43,0]],[[12902,11272],[0,258],[210,4],[0,46],[139,3]],[[12323,12230],[172,1],[-1,-133],[345,-4],[0,-91],[343,0],[0,46],[131,2],[60,93],[57,8],[53,-51],[3,-321]],[[13486,11780],[-32,-34],[-95,-14],[-27,-48]],[[13083,11205],[-26,-45],[-38,-18],[-5,-104],[30,-69],[38,-31],[19,-51],[1,-84]],[[13102,10803],[-315,-2],[-221,3]],[[12305,11077],[3,560],[14,0],[1,593]],[[13424,10805],[-322,-2]],[[13486,11780],[125,110],[74,9],[107,74],[118,40],[65,64],[104,-6],[66,45],[149,50],[34,35],[65,9]],[[12321,12578],[470,0],[862,1],[737,1]],[[12323,12230],[-2,348]],[[8847,9283],[27,16]],[[8874,9299],[42,4]],[[8916,9394],[0,42]],[[8995,9436],[6,0]],[[9001,9436],[0,-71]],[[9001,9365],[-13,-7]],[[8988,9358],[-30,-55]],[[8958,9303],[-10,-46],[-33,-21]],[[8915,9236],[-63,-8],[-5,55]],[[8988,9355],[13,-53]],[[9001,9302],[-43,1]],[[8958,9303],[30,52]],[[8953,10027],[0,-46]],[[8921,10027],[32,0]],[[8910,10072],[0,-45]],[[8783,9819],[-11,162]],[[8788,9212],[-41,-1]],[[8747,9211],[41,1]],[[8788,9212],[1,0]],[[8789,9212],[-1,-47]],[[8746,9165],[1,46]],[[8561,9458],[0,-23]],[[8540,9436],[-2,25]],[[8538,9461],[23,-3]],[[8953,10027],[0,46]],[[8995,10074],[0,-91]],[[8561,9458],[20,4]],[[9247,9847],[3,-91]],[[9250,9756],[1,-45]],[[9251,9711],[-45,-1]],[[9206,9710],[1,137]],[[9207,9847],[40,0]],[[8810,9246],[-21,-34]],[[8595,9306],[27,68]],[[8747,9303],[63,-57]],[[8879,9303],[-5,-4]],[[8874,9299],[-28,-14]],[[8846,9285],[-36,-39]],[[8773,9362],[27,32]],[[8538,9461],[1,20]],[[8497,9468],[30,-32]],[[8507,9481],[31,-20]],[[8503,9505],[36,10]],[[8486,9549],[21,0]],[[8507,9549],[32,0]],[[8524,9607],[-17,-58]],[[8486,9563],[0,66]],[[8888,9436],[10,-42]],[[9163,9756],[0,92]],[[9163,9848],[2,0]],[[9165,9848],[42,-1]],[[9206,9710],[-39,0]],[[9167,9710],[-4,0]],[[9163,9710],[0,46]],[[8825,9585],[0,-104]],[[8995,9653],[0,-11]],[[8995,9642],[0,-161]],[[9538,10711],[0,46]],[[9538,10757],[86,0]],[[9624,10757],[0,-46]],[[9624,10711],[-86,0]],[[9624,10711],[-21,-45]],[[9603,10666],[-64,26]],[[9539,10692],[-1,19]],[[9667,10666],[-64,0]],[[9624,10711],[43,0]],[[9667,10711],[0,-45]],[[9582,10620],[21,23],[111,-1]],[[9714,10642],[1,-22]],[[9715,10620],[-133,0]],[[9582,10620],[-43,0]],[[9539,10620],[0,72]],[[9667,10666],[47,0]],[[9714,10666],[0,-24]],[[9668,10781],[-2,-23]],[[9666,10758],[-42,-1]],[[9624,10757],[3,25]],[[9627,10782],[41,-1]],[[9800,10644],[-43,-2]],[[9757,10642],[0,23]],[[9757,10665],[43,0]],[[9800,10665],[0,-21]],[[9326,11032],[1,-91]],[[9327,10941],[-82,-2]],[[9244,11075],[82,1],[0,-44]],[[9036,9481],[-1,160],[-40,1]],[[8995,9710],[105,-1]],[[9100,9709],[63,1]],[[9167,9710],[-3,-46]],[[9164,9664],[2,-91]],[[9166,9573],[-2,-46],[-43,-11],[21,-57],[-43,-1]],[[9099,9458],[-63,23]],[[9001,9302],[-1,-45]],[[9000,9257],[-42,0],[0,-45]],[[8958,9212],[-42,0]],[[8916,9212],[-1,24]],[[9000,9166],[0,45]],[[9000,9211],[42,0]],[[9042,9211],[0,-23]],[[9375,9436],[-1,250]],[[9374,9686],[1,69]],[[9375,9755],[0,46]],[[9375,9801],[174,-1],[1,-45]],[[9550,9755],[-5,-68]],[[9545,9687],[-22,-1],[5,-171],[-9,-79]],[[8995,9912],[54,-8],[49,30],[22,41],[44,10]],[[9164,9985],[-1,-115]],[[9163,9870],[-41,1],[0,-115]],[[9122,9756],[-22,-47]],[[9375,9801],[0,45]],[[9375,9846],[0,45]],[[9375,9891],[84,0],[0,22],[81,1],[3,-23],[120,0]],[[9663,9891],[0,-137]],[[9663,9754],[-62,1]],[[9601,9755],[-51,0]],[[9161,10530],[2,-88],[87,0],[0,-182],[125,-3]],[[9375,10257],[13,-12]],[[9388,10245],[-42,-79],[-18,-92],[-26,-44],[-52,-23]],[[9250,10007],[-86,-22]],[[9667,10711],[-1,47]],[[9666,10758],[48,4]],[[9714,10762],[0,-26]],[[9714,10736],[0,-26]],[[9714,10710],[-47,1]],[[9245,11258],[121,1],[3,-91],[259,3],[-2,-46]],[[9626,11125],[2,-180],[-96,-3]],[[9532,10942],[-90,-2]],[[9442,10940],[-31,45],[-42,0],[0,47],[-43,0]],[[9668,10781],[25,38]],[[9693,10819],[22,0]],[[9715,10819],[-1,-35]],[[9714,10784],[-46,-3]],[[9542,10852],[135,2],[38,7]],[[9715,10861],[0,-42]],[[9693,10819],[-65,-14],[-1,-23]],[[9538,10757],[4,95]],[[9802,10596],[-1,-16]],[[9801,10580],[-55,-33],[-38,16]],[[9708,10563],[7,57]],[[9757,10642],[1,-45],[44,-1]],[[9835,10670],[8,-4]],[[9843,10666],[8,-47]],[[9851,10619],[-50,-39]],[[9802,10596],[-2,48]],[[9800,10665],[31,4]],[[9831,10669],[4,1]],[[9852,10619],[52,51]],[[9904,10670],[-17,52],[-49,0]],[[9838,10722],[2,56],[-28,66]],[[9812,10844],[-3,8]],[[9809,10852],[205,-6]],[[10014,10846],[40,0],[2,-318],[-43,0],[0,-46],[-127,2]],[[9886,10484],[-1,135],[-33,0]],[[9800,10665],[0,23]],[[9800,10688],[1,21]],[[9801,10709],[30,0]],[[9831,10709],[0,-40]],[[9801,10733],[25,0]],[[9826,10733],[5,-24]],[[9818,10788],[8,-55]],[[9801,10733],[0,28]],[[9801,10794],[17,-6]],[[9800,10688],[-22,17]],[[9757,10733],[0,29]],[[9714,10736],[43,-3]],[[9715,10861],[31,-7]],[[9746,10854],[11,-46]],[[9757,10808],[0,-27]],[[9757,10762],[-43,0]],[[9714,10762],[0,22]],[[10011,9891],[-348,0]],[[9375,9891],[1,93],[-85,1]],[[9291,9985],[-41,1]],[[9250,9986],[0,21]],[[9388,10245],[15,41]],[[9403,10286],[27,-28],[71,-5],[385,3],[0,45],[127,0]],[[10013,10301],[-2,-410]],[[9812,10844],[6,-56]],[[9790,10797],[-33,11]],[[9746,10854],[63,-2]],[[9886,10484],[43,-46],[0,-46],[47,0],[37,33],[0,-124]],[[9403,10286],[19,28],[68,42],[38,70],[83,83],[39,0],[9,38]],[[9659,10547],[49,16]],[[9851,10619],[1,0]],[[9659,10547],[-69,-19],[-51,92]],[[8873,8666],[0,-23]],[[8873,8643],[-74,-1]],[[8799,8642],[0,23]],[[8799,8665],[74,1]],[[10013,10301],[167,0],[1,45],[45,44],[-6,48],[45,-1],[57,96],[109,-77],[3,75]],[[10434,10531],[48,-30],[16,-53],[37,-27],[102,-9],[62,-29],[35,13],[129,4],[48,-27],[84,31],[33,-9]],[[9757,9437],[16,15],[120,175],[28,50],[91,79],[-1,135]],[[9664,9437],[-1,317]],[[10014,11073],[0,-227]],[[9542,10852],[-10,90]],[[9626,11125],[88,1],[0,46],[129,-3],[119,8],[53,-39]],[[10015,11138],[-1,-65]],[[9084,9257],[-42,0]],[[9042,9257],[0,45]],[[9042,9302],[42,0]],[[9245,11439],[81,3],[344,1],[84,4],[417,-19],[-132,-165],[-24,-8],[0,-117]],[[9838,10722],[-3,-52]],[[10014,11073],[211,1],[-1,-386],[73,-59],[67,-20],[70,-78]],[[9326,10887],[0,8]],[[9326,10895],[42,-1]],[[9368,10894],[0,-55]],[[9368,10839],[-42,48]],[[8846,9285],[1,-2]],[[8916,9212],[0,-21]],[[8916,9191],[0,-25]],[[8916,9166],[-2,0]],[[8914,9166],[-104,80]],[[9042,9211],[0,1]],[[9042,9212],[43,-1]],[[9246,12567],[236,2],[478,8],[606,0],[864,0],[679,0],[212,1]],[[9249,9664],[83,-1],[0,35]],[[9332,9698],[42,-12]],[[9251,9436],[-2,228]],[[9244,10712],[84,-1]],[[9328,10711],[2,-226],[44,-2],[1,-226]],[[9328,10711],[71,3],[66,42],[73,1]],[[9245,10920],[71,-37]],[[9316,10883],[16,-80],[-4,-92]],[[9250,9892],[0,94]],[[9291,9985],[-1,-93],[-40,0]],[[9316,10883],[10,4]],[[9368,10839],[30,-23],[55,11],[-11,113]],[[9327,10941],[-1,-46]],[[9327,10941],[41,-1],[0,-46]],[[8989,9166],[11,0]],[[8983,9166],[3,0]],[[8939,9121],[-25,45]],[[8916,9166],[42,0]],[[8958,9166],[21,0]],[[9042,9302],[-41,0]],[[8988,9355],[0,3]],[[9001,9365],[95,22],[50,-10]],[[9001,9436],[35,0]],[[9036,9436],[63,22]],[[9166,9573],[40,1],[0,-138]],[[9042,9212],[0,45]],[[9250,9756],[40,0]],[[9290,9756],[0,-46]],[[9290,9710],[-39,1]],[[9163,9756],[-41,0]],[[9163,9870],[0,-22]],[[9332,9698],[-42,12]],[[9290,9756],[85,-1]],[[9545,9687],[63,-23],[-16,52],[9,39]],[[9250,9847],[0,23]],[[9250,9870],[0,22]],[[9375,9846],[-125,1]],[[9000,9211],[0,11]],[[9000,9222],[0,35]],[[8958,9166],[0,34]],[[8958,9200],[0,12]],[[8958,9212],[42,10]],[[8916,9191],[42,9]],[[9247,9847],[3,0]],[[9165,9848],[0,22],[85,0]],[[9036,9436],[0,45]],[[9164,9664],[85,0]],[[9843,10666],[61,4]],[[10225,568],[1,-4]],[[10226,564],[-9,-13]],[[10217,551],[-22,-17]],[[10195,534],[-27,34],[25,36],[32,-36]],[[9876,7434],[1,227]],[[9877,7661],[1,91]],[[9878,7752],[126,-2]],[[10004,7750],[-2,-318]],[[10002,7432],[-126,2]],[[8799,8665],[-7,0]],[[8792,8665],[6,23]],[[8798,8688],[75,1]],[[8873,8689],[0,-23]],[[7978,8695],[-69,24],[-21,31]],[[9956,8892],[-27,-14],[-276,2],[-1,-77]],[[9652,8803],[-21,0]],[[9631,8803],[-42,-1]],[[8847,8037],[25,48]],[[8872,8085],[33,-11]],[[8905,8074],[28,0]],[[8933,8074],[-4,-38]],[[8929,8036],[-82,1]],[[14502,3438],[7,54]],[[14509,3492],[75,20],[127,-58],[60,57],[-15,37],[16,48],[-11,55],[23,58],[-20,78],[4,140],[12,74]],[[14780,4001],[603,1]],[[15383,4002],[1,-408],[-55,46],[-69,16],[1,-179],[-58,-1],[-2,-32],[124,-83],[-67,-70],[-28,-134],[32,0],[5,-547],[15,-1],[1,-564]],[[15283,2045],[-638,-2]],[[14257,2043],[-79,0]],[[14178,2043],[-1,563],[17,3],[-2,855]],[[14192,3464],[84,19],[23,-29],[50,1],[21,37],[40,0]],[[14410,3492],[29,-12],[0,-53]],[[14439,3427],[0,-66],[32,-1],[31,78]],[[9859,1577],[48,1],[49,49],[16,60],[161,140],[0,109],[210,412],[-4,22],[183,159],[55,59]],[[10577,2588],[651,-259]],[[11228,2329],[7,-285],[504,2],[187,-3],[280,1],[254,-3],[243,2]],[[12703,2043],[447,1],[291,-2]],[[13441,2042],[3,-821],[-18,0],[-2,-274],[-7,-356],[-2,-245],[3,-321]],[[13418,25],[-369,-3],[-561,-1],[-714,-6],[-690,-6],[-480,-6],[-214,1]],[[10390,4],[16,50],[-18,62],[-1,70],[-22,49]],[[10365,235],[97,59],[18,51],[37,33],[25,45],[-8,67],[-187,45],[-77,47],[-44,-18]],[[10225,568],[20,27],[16,145],[-39,145],[-106,145],[-45,105],[-101,154],[-46,86],[-44,121],[-21,81]],[[10195,534],[-68,-49],[-40,9],[-11,43],[-50,53],[-59,18],[-145,118],[-96,35],[-84,77],[-84,6],[-110,-9],[-191,73],[-144,63],[-40,48],[-19,70]],[[9054,1089],[12,47],[38,26],[25,40],[55,2],[32,35],[55,25],[48,-4],[60,-26],[103,40],[67,4],[135,24],[14,39],[99,63],[-4,75],[9,68],[23,33],[34,-3]],[[10286,5],[-369,-2],[-863,-2],[-283,8]],[[8771,9],[0,407],[2,527]],[[8773,943],[51,25],[36,-15],[39,25],[13,35],[142,76]],[[10217,551],[-18,-44],[-11,-153],[15,-98],[-5,-85],[83,-96],[5,-70]],[[8753,4405],[-6,7]],[[8747,4412],[63,26]],[[8810,4438],[22,36],[-16,75]],[[8816,4549],[48,-17]],[[8864,4532],[134,-48],[-5,-79]],[[8993,4405],[-49,-63],[-98,2],[-93,61]],[[10038,4127],[-30,-14]],[[10008,4113],[2,12]],[[10010,4125],[28,2]],[[10365,235],[-25,68],[-23,111],[-49,114],[-42,36]],[[10390,4],[-104,1]],[[8781,8386],[-43,-39],[-38,-2]],[[8700,8345],[-13,73]],[[8687,8418],[-1,32],[72,-15]],[[8758,8435],[17,-38]],[[8775,8397],[6,-11]],[[9211,8517],[-32,0]],[[9179,8517],[0,12]],[[9179,8529],[0,23]],[[9179,8552],[32,-10]],[[9211,8542],[0,-25]],[[8993,4405],[65,5],[56,-55],[49,-4],[47,-43],[42,-88]],[[9252,4220],[1,-249],[-244,-1]],[[9009,3970],[-172,-1],[-345,3]],[[8492,3972],[-21,98],[68,28],[41,56],[13,102],[43,51],[47,34],[52,62],[18,2]],[[8920,4266],[-1,45],[-40,1],[0,-46],[41,0]],[[8612,4539],[34,2],[72,-56]],[[8718,4485],[92,-47]],[[8747,4412],[-26,18],[-132,50]],[[8589,4480],[23,59]],[[9179,8462],[-16,17]],[[9163,8479],[0,50]],[[9163,8529],[16,0]],[[9179,8517],[0,-55]],[[8873,5192],[166,12],[210,-4]],[[9249,5200],[1,-258]],[[9250,4942],[1,-151]],[[9251,4791],[1,-319]],[[9252,4472],[0,-144]],[[9252,4328],[0,-108]],[[8864,4532],[0,98],[-14,20],[25,84],[-39,106],[75,60],[11,34],[-36,41],[-68,114],[55,103]],[[8754,4572],[62,-23]],[[8718,4485],[0,32],[36,55]],[[8492,3972],[-201,3]],[[8526,4667],[23,-50],[3,-62]],[[8552,4555],[15,-24]],[[8567,4531],[0,-5]],[[8567,4526],[22,-46]],[[8567,4526],[29,13]],[[8596,4539],[16,0]],[[8552,4555],[13,7]],[[8565,4562],[2,-31]],[[8609,4560],[-13,-21]],[[8565,4562],[44,26]],[[8609,4588],[0,-28]],[[8648,4740],[6,-31],[-32,-40],[-13,-81]],[[8609,4560],[145,12]],[[9336,8803],[0,-45]],[[9336,8758],[-42,-1]],[[9294,8757],[-40,22]],[[9000,8780],[1,36]],[[9063,8820],[0,-31]],[[9063,8789],[0,-10]],[[9063,8779],[-63,1]],[[9105,8780],[-42,9]],[[9378,8620],[0,11]],[[9378,8631],[43,0]],[[9421,8631],[0,-11]],[[9421,8620],[-43,0]],[[9588,8620],[-42,0]],[[9546,8620],[0,104]],[[9546,8724],[85,11]],[[9631,8735],[0,-17]],[[9631,8718],[-1,-98]],[[9630,8620],[-18,0]],[[9612,8620],[-24,0]],[[9508,8653],[-3,58]],[[9505,8711],[0,10]],[[9505,8721],[41,3]],[[9546,8620],[-35,0]],[[9511,8620],[-3,33]],[[8691,5193],[182,-1]],[[9511,8620],[-48,0]],[[9463,8620],[0,11]],[[9463,8631],[0,35]],[[9463,8666],[45,-13]],[[9420,8666],[43,0]],[[9463,8631],[-42,0]],[[9421,8631],[-1,35]],[[8790,8617],[-42,-22]],[[8748,8595],[13,25]],[[8761,8620],[31,45]],[[8799,8642],[-9,-25]],[[9631,8718],[42,-6]],[[9673,8712],[42,-1],[0,39]],[[9715,8750],[1,53],[-64,0]],[[10057,8618],[-46,1]],[[10011,8619],[-381,1]],[[9378,8631],[0,12]],[[9378,8643],[42,23]],[[9009,3970],[2,-408],[-6,-44],[2,-402]],[[9007,3116],[0,-220]],[[9007,2896],[-30,4],[-6,86],[-49,14],[-47,-17],[-39,25],[-11,67],[-48,61],[10,44],[-47,40],[-58,-35],[-43,-84],[-4,-33],[-52,-24],[-42,-77],[-37,-96],[-25,-26],[-28,31],[-20,72],[-24,21],[-68,-44],[-67,-27],[-82,-81],[-60,22],[-74,-4]],[[11234,3620],[0,359],[8,3],[-3,546],[5,272]],[[11244,4800],[206,2],[411,-4],[374,2],[0,-14],[243,-5]],[[12478,4781],[-5,-546],[11,0],[0,-243]],[[12484,3992],[-18,-3],[1,-287],[-247,-3],[1,-183],[-123,-1]],[[12098,3515],[-166,1]],[[11932,3516],[-124,-2]],[[11808,3514],[-24,15],[-50,-13],[-23,32],[-51,17],[-72,-11],[-26,28],[-48,-31],[-32,12]],[[11482,3563],[-59,12],[-46,46],[-62,-18],[-81,17]],[[12098,3515],[-2,-138],[-23,-13]],[[12073,3364],[-38,-56],[-62,3],[0,113],[-41,1],[0,91]],[[12073,3364],[22,-38],[43,-18],[5,-33],[47,-36]],[[12190,3239],[-70,-94],[-57,-14],[-8,-98]],[[12055,3033],[-47,-14],[-42,-53],[-97,13],[-21,36],[74,54],[-27,48],[36,43],[1,86],[-79,51],[-28,31],[-43,4],[26,74],[32,23],[5,40],[-37,45]],[[12548,3201],[51,55],[110,60],[7,-25]],[[12716,3291],[1,-254],[-4,-191],[0,-241],[-8,0],[-2,-562]],[[11228,2329],[-2,276],[6,164],[1,686]],[[11233,3455],[38,-34],[57,70],[51,9],[-2,-92],[37,49],[27,65],[41,41]],[[12055,3033],[35,15],[65,-25],[-16,-43],[20,-28],[57,59],[23,-19],[59,37],[23,-13],[3,-54],[106,21],[22,58],[39,9],[-12,77],[85,45],[-16,29]],[[12373,3134],[44,-2]],[[12417,3132],[8,-49],[-41,-22],[-11,73]],[[8872,8085],[10,35]],[[8882,8120],[11,0]],[[8893,8120],[12,-46]],[[12417,3132],[86,31],[45,38]],[[12190,3239],[30,13],[32,-43],[36,-12],[85,-63]],[[9252,8620],[-19,0]],[[9233,8620],[-23,-1]],[[9210,8619],[0,22]],[[9210,8641],[0,12]],[[9210,8653],[43,1]],[[9253,8654],[-1,-34]],[[11233,3455],[1,165]],[[14190,3998],[2,-534]],[[14178,2043],[-204,2],[-533,-3]],[[12716,3291],[-3,703]],[[12713,3994],[584,1],[530,3],[236,3],[127,-3]],[[9196,8585],[-16,0]],[[9180,8585],[0,9]],[[9180,8594],[0,26]],[[9180,8620],[18,-1]],[[9198,8619],[-2,-34]],[[12484,3992],[229,2]],[[9876,6978],[0,456]],[[10002,7432],[133,-1],[167,-46]],[[10302,7385],[-24,-50],[-14,-75],[-43,-63],[-46,-101],[-8,-40],[-45,12],[-83,0],[-63,23],[-58,1],[0,-114],[-42,0]],[[8936,8529],[21,0]],[[8957,8529],[-21,-32]],[[8936,8497],[0,32]],[[9000,8484],[-64,-1]],[[8936,8483],[0,14]],[[8957,8529],[43,1]],[[9000,8530],[0,-26]],[[9000,8504],[0,-20]],[[9164,8594],[0,26]],[[9164,8620],[15,0]],[[9179,8620],[1,0]],[[9180,8594],[-16,0]],[[13223,5082],[1,244],[19,0],[2,1090]],[[13245,6416],[251,6],[434,-1],[259,3]],[[14189,6424],[61,-5],[486,10],[201,7]],[[14937,6436],[94,5],[722,5]],[[15753,6446],[3,-597],[0,-758]],[[15756,5091],[-923,-1],[-380,-5],[-981,5],[-249,-8]],[[10302,7385],[22,0]],[[10324,7385],[64,-21],[91,-46],[11,-46],[-40,-90],[-7,-42],[-49,-40],[-9,-57],[-35,-15],[-101,-6],[1,-227],[-19,-91]],[[10231,6704],[-105,0]],[[10126,6704],[-94,0]],[[10032,6704],[-156,0]],[[9876,6704],[0,274]],[[10359,7703],[-37,-102],[2,-216]],[[10004,7750],[164,0],[0,-45],[191,-2]],[[9179,8620],[0,11]],[[9179,8631],[3,10]],[[9182,8641],[28,0]],[[9210,8619],[-12,0]],[[10359,7703],[15,46],[43,0],[2,317]],[[10419,8066],[511,5]],[[10930,8071],[4,-103],[-6,-82],[-34,-40],[17,-31],[-11,-112],[21,-24],[0,-59],[-20,-54],[0,-126],[-22,-108],[25,-85],[-66,0],[0,-91],[-92,21],[-77,39],[-1,-287],[41,0],[0,-213],[6,-14]],[[10715,6702],[-484,2]],[[9878,7752],[2,182]],[[9880,7934],[1,139]],[[9881,8073],[42,0]],[[9923,8073],[447,-6]],[[10370,8067],[49,-1]],[[8999,8273],[-13,29]],[[8986,8302],[13,0]],[[8999,8302],[0,-23]],[[8999,8279],[0,-6]],[[8999,8257],[0,11]],[[8999,8268],[0,-11]],[[8999,8247],[0,-36]],[[8999,8211],[-43,0]],[[8956,8211],[-42,0]],[[8914,8211],[0,15]],[[8914,8226],[72,-1],[13,22]],[[8914,8256],[0,10]],[[8914,8266],[22,1],[37,-28],[-59,-1]],[[8914,8238],[0,18]],[[9182,8641],[-3,12]],[[9179,8653],[31,0]],[[10930,8071],[715,5],[362,-1]],[[12007,8075],[-2,-465],[0,-910]],[[12005,6700],[-13,0],[-1,-444],[4,-376],[-297,0],[-457,7]],[[11241,5887],[4,226]],[[11245,6113],[0,322],[4,266],[-534,1]],[[9463,8620],[-42,0]],[[7461,986],[32,28],[285,3],[1,-92],[367,-1],[5,-119],[11,-20],[84,-1],[58,31],[56,-3],[25,-59],[39,27],[56,-41],[34,0],[100,63],[73,77],[17,39],[44,18]],[[8748,936],[25,7]],[[8771,9],[-740,2],[-526,0]],[[8029,1837],[69,39],[28,67],[114,21],[46,62],[50,-2],[89,50],[30,3],[134,-106],[54,9],[37,-44],[5,-55],[-56,-30],[56,-49],[21,-35],[2,-55],[26,-78],[-12,-118],[3,-61],[52,-15],[51,-132],[-20,-27],[-42,-7],[-22,-40],[-4,-76],[13,-102],[-5,-120]],[[9463,8666],[-21,43],[63,2]],[[8978,8757],[-26,6]],[[8952,8763],[-5,44]],[[9000,8780],[-22,-23]],[[8873,8620],[64,0]],[[8937,8620],[-1,-46]],[[8936,8574],[-63,0]],[[8873,8574],[0,46]],[[8821,8524],[-32,-47]],[[8789,8477],[-2,47]],[[8787,8524],[1,5]],[[8788,8529],[33,-5]],[[8826,8527],[-5,-3]],[[8788,8529],[-3,9]],[[8785,8538],[40,28]],[[8825,8566],[1,-39]],[[8797,8725],[1,-37]],[[8761,8620],[-1,42],[-43,7]],[[8717,8669],[10,49]],[[8727,8718],[70,7]],[[8926,8761],[-83,-3],[-33,-13]],[[8810,8745],[-1,21]],[[8809,8766],[117,34]],[[8926,8800],[0,-39]],[[8905,8393],[31,0]],[[8936,8393],[0,-18]],[[8936,8375],[0,-30]],[[8936,8345],[-31,3]],[[8905,8348],[0,45]],[[8619,8672],[5,3]],[[8624,8675],[60,-63]],[[8684,8612],[-1,-39]],[[8683,8573],[-41,22],[-52,64]],[[8830,8256],[0,46]],[[8830,8302],[42,0]],[[8872,8302],[41,0]],[[8913,8302],[-41,-11],[3,-35]],[[8875,8256],[-3,0]],[[8872,8256],[-42,0]],[[12007,8075],[16,0]],[[12508,8073],[0,-873],[127,0],[0,-29],[-127,-10],[-1,-421],[26,-40],[-528,0]],[[14410,3492],[99,0]],[[14502,3438],[-63,-11]],[[8791,8109],[91,11]],[[8847,8037],[-21,-11]],[[8826,8026],[-35,83]],[[10167,3953],[-1,-80]],[[10166,3873],[-72,15]],[[10094,3888],[11,65],[62,0]],[[13223,5082],[0,-273],[-174,-5],[-571,0],[0,-23]],[[11244,4800],[-1,228],[3,311],[-5,548]],[[13265,8072],[-2,-868],[0,-505],[-18,1],[0,-284]],[[8915,8302],[-2,0]],[[8872,8302],[21,21],[22,-21]],[[8873,8620],[-42,0]],[[8831,8620],[-41,-3]],[[8873,8643],[0,-23]],[[9000,8643],[0,-11]],[[9000,8632],[0,-11]],[[9000,8621],[-29,0]],[[8971,8621],[0,22]],[[8971,8643],[29,0]],[[8924,8120],[9,-46]],[[8893,8120],[31,0]],[[8683,8573],[33,0]],[[8716,8573],[-50,-71]],[[8666,8502],[-18,-22]],[[8648,8480],[-9,39],[-70,139]],[[14190,3998],[590,3]],[[8872,8158],[42,1]],[[8914,8159],[10,-39]],[[8882,8120],[-10,38]],[[8914,8165],[0,15]],[[8914,8180],[0,31]],[[8956,8211],[0,-46]],[[8956,8165],[-42,0]],[[8797,8725],[76,5]],[[8873,8730],[0,-41]],[[15764,2045],[-481,0]],[[15383,4002],[375,2]],[[15758,4004],[-1,-892],[3,-343],[4,-724]],[[8785,8538],[-5,35]],[[8780,8573],[46,0]],[[8826,8573],[-1,-7]],[[8971,8621],[-34,-1]],[[8937,8620],[-1,46]],[[8936,8666],[21,0]],[[8957,8666],[14,-23]],[[8816,8310],[57,39]],[[8873,8349],[32,-1]],[[8936,8345],[0,-43]],[[8936,8302],[-21,0]],[[8830,8302],[-14,8]],[[8936,8529],[0,23]],[[8936,8552],[64,0]],[[9000,8552],[0,-22]],[[8936,8712],[0,22]],[[8936,8734],[64,0]],[[9000,8734],[0,-23]],[[9000,8711],[-26,1]],[[8974,8712],[-38,0]],[[8830,8256],[-39,0]],[[8791,8256],[7,47]],[[8798,8303],[18,7]],[[8748,8573],[32,0]],[[8787,8524],[-39,-1],[0,50]],[[8648,8480],[-60,10],[-164,48],[-27,-20]],[[8397,8518],[-17,-18]],[[8380,8500],[-52,30],[-104,18]],[[8727,8718],[0,90]],[[8809,8813],[0,-47]],[[8810,8745],[-13,-20]],[[8872,8158],[0,36]],[[8872,8194],[42,-14]],[[8914,8165],[0,-6]],[[8786,8473],[44,-18]],[[8830,8455],[-1,-17]],[[8829,8438],[-32,-7]],[[8797,8431],[-39,4]],[[8758,8435],[28,38]],[[8831,8620],[-5,-47]],[[8748,8573],[0,22]],[[8748,8573],[-32,0]],[[8684,8612],[33,57]],[[8699,7984],[104,43],[23,-1]],[[8929,8036],[52,38]],[[8981,8074],[17,3]],[[8998,8077],[12,-3]],[[9010,8074],[-35,-37]],[[8975,8037],[-22,-32],[-11,-104],[-33,-72]],[[8909,7829],[-75,-31]],[[8834,7798],[-18,-25],[24,-48],[2,-64],[-33,-36],[-74,-48]],[[8735,7577],[-34,10],[-33,45],[-51,8],[-7,92],[-134,157],[-46,16]],[[8430,7905],[3,25]],[[8433,7930],[99,-52],[113,-33],[48,27],[6,112]],[[8999,8165],[-1,-45]],[[8998,8120],[-42,0]],[[8956,8120],[0,45]],[[8956,8165],[43,0]],[[8924,8120],[32,0]],[[8956,8120],[25,-46]],[[8517,8143],[13,-9],[89,23]],[[8619,8157],[-35,-51],[-5,-69],[-126,-40],[-21,-66]],[[8432,7931],[-14,46]],[[8418,7977],[-12,76],[27,66]],[[8433,8119],[84,24]],[[8433,7930],[-1,1]],[[8619,8157],[10,-3]],[[8629,8154],[16,-96],[54,-74]],[[8685,8847],[14,-58],[-24,-81]],[[8675,8708],[-51,-33]],[[8700,8345],[32,-60]],[[8732,8285],[-55,-38],[-80,-17],[22,-73]],[[8517,8143],[-36,81],[-11,52],[16,25],[-28,54]],[[8458,8355],[42,35]],[[8500,8390],[69,-2],[62,-39],[69,-4]],[[8952,8763],[-16,-4]],[[8936,8759],[-10,2]],[[8926,8800],[5,14]],[[8433,8119],[-40,123]],[[8393,8242],[5,40]],[[8398,8282],[31,67],[29,6]],[[8872,8194],[0,17]],[[8872,8211],[42,0]],[[9179,8631],[-11,12]],[[9168,8643],[11,22]],[[9179,8665],[0,-12]],[[8629,8154],[35,-22],[84,15],[20,34]],[[8768,8181],[23,-72]],[[8224,7944],[52,40],[37,9],[50,-31],[55,15]],[[8430,7905],[-4,-12],[-116,-66],[-48,-64],[-38,-9]],[[8223,8124],[70,-8],[51,38],[10,42],[39,46]],[[9164,8620],[-2,23]],[[9162,8643],[6,0]],[[8381,8285],[17,-3]],[[8224,8293],[82,26],[51,-37],[24,3]],[[8675,8708],[52,10]],[[8381,8285],[-39,62]],[[8342,8347],[17,55],[-62,40]],[[8297,8442],[12,34],[40,-9],[31,33]],[[8397,8518],[39,-73],[64,-55]],[[8342,8347],[-45,95]],[[9253,8688],[0,-34]],[[9210,8653],[0,35]],[[9210,8688],[43,0]],[[8666,8502],[21,-84]],[[8872,8256],[0,-45]],[[8872,8211],[-42,0]],[[8830,8211],[0,45]],[[8735,7577],[-4,-69],[14,-71],[-24,-44],[-25,-99],[-43,-61],[5,-20],[-64,-141],[-67,-55],[8,-59],[-51,-33],[-10,-64],[-51,-50],[-43,-106]],[[8380,6705],[-3,0]],[[8789,8477],[-3,-4]],[[8914,8238],[0,-12]],[[8875,8256],[39,0]],[[9000,8484],[0,-23]],[[9000,8461],[-64,0]],[[8936,8461],[0,22]],[[8768,8181],[7,4]],[[8775,8185],[15,-34],[48,5]],[[8838,8156],[34,2]],[[8838,8156],[-8,55]],[[8936,8375],[22,-7]],[[8958,8368],[33,-22]],[[8991,8346],[-38,-44]],[[8953,8302],[-17,0]],[[8936,8400],[0,-7]],[[8905,8393],[-32,0]],[[8873,8393],[0,4]],[[8873,8397],[63,18]],[[8936,8415],[0,-15]],[[8894,8438],[0,45]],[[8894,8483],[42,0]],[[8936,8461],[0,-23]],[[8936,8438],[-42,0]],[[8894,8483],[-27,0]],[[8867,8483],[6,12]],[[8873,8495],[0,34]],[[8873,8529],[63,0]],[[8999,8211],[0,-46]],[[8873,8349],[0,44]],[[8936,8438],[0,-23]],[[8873,8397],[0,41]],[[8873,8438],[21,0]],[[8998,8120],[0,-16]],[[8998,8104],[0,-27]],[[8873,8529],[0,45]],[[8936,8574],[0,-22]],[[9000,8461],[0,-23]],[[9000,8438],[-11,0]],[[8989,8438],[-53,0]],[[8829,8483],[-8,41]],[[8826,8527],[47,2]],[[8873,8495],[-44,-12]],[[8826,8573],[47,1]],[[8829,8483],[1,-28]],[[8989,8438],[11,-45]],[[9000,8393],[-32,0]],[[8968,8393],[-32,7]],[[8751,8254],[-19,31]],[[8732,8285],[66,18]],[[8791,8256],[-40,-2]],[[8797,8431],[-22,-34]],[[8751,8254],[17,-73]],[[8849,8438],[18,45]],[[8873,8438],[-24,0]],[[8849,8438],[-20,0]],[[8873,8397],[-36,-18],[-56,7]],[[8936,8574],[64,1]],[[9000,8575],[0,-23]],[[9000,8621],[0,-17]],[[9000,8604],[0,-29]],[[8957,8666],[11,0]],[[8968,8666],[32,0]],[[9000,8666],[0,-23]],[[9000,8711],[0,-34]],[[9000,8677],[0,-11]],[[8968,8666],[6,46]],[[8936,8666],[0,46]],[[8830,8211],[-55,-26]],[[8936,8666],[-63,0]],[[8873,8730],[63,29]],[[8936,8759],[0,-25]],[[8978,8757],[22,-1]],[[9000,8756],[0,-22]],[[9300,8006],[-26,-6]],[[9274,8000],[25,35]],[[9299,8035],[19,4]],[[9318,8039],[-4,-41]],[[9314,7998],[-14,8]],[[9250,8074],[-6,-66]],[[9244,8008],[-25,25]],[[9219,8033],[-11,41]],[[9208,8074],[42,0]],[[9244,8008],[-9,-7]],[[9235,8001],[-29,-8]],[[9206,7993],[4,37]],[[9210,8030],[9,3]],[[9138,8021],[6,26]],[[9144,8047],[66,-17]],[[9206,7993],[-12,4]],[[9194,7997],[-56,24]],[[9643,6705],[-7,0]],[[9636,6705],[1,133],[-11,4],[0,170],[83,73],[1,62]],[[9710,7147],[7,230],[-31,57],[-12,91]],[[9674,7525],[76,-35],[49,-8],[77,-48]],[[9876,6704],[-233,1]],[[9777,8074],[62,0]],[[9839,8074],[42,-1]],[[9880,7934],[-112,2],[-28,-12]],[[9740,7924],[-29,-1]],[[9711,7923],[-43,0]],[[9668,7923],[0,82],[-37,0]],[[9631,8005],[-10,25]],[[9621,8030],[-20,44]],[[9601,8074],[44,0]],[[9645,8074],[132,0]],[[9147,8427],[32,0]],[[9179,8427],[-1,-34]],[[9178,8393],[-31,0]],[[9147,8393],[0,34]],[[8998,7312],[-1,214],[-41,63]],[[8956,7589],[25,68],[-24,63]],[[8957,7720],[40,3],[0,167],[67,-1]],[[9064,7889],[20,-51],[30,-20],[9,-48],[76,-116]],[[9199,7654],[20,-39],[17,-98],[-17,-57]],[[9219,7460],[-25,-72]],[[9194,7388],[-144,-2],[-52,-74]],[[9406,8074],[4,-34]],[[9410,8040],[5,-60]],[[9415,7980],[-39,0]],[[9376,7980],[0,46]],[[9376,8026],[-1,48]],[[9375,8074],[31,0]],[[8998,7312],[-21,-34],[-12,-95],[-52,-108],[-10,-44],[83,-43],[17,-88],[46,-32],[23,-71],[-19,-92]],[[9053,6705],[-9,0]],[[9044,6705],[-664,0]],[[8834,7798],[58,0],[21,-46],[1,-136],[42,-27]],[[9144,8047],[1,27]],[[9145,8074],[38,0]],[[9183,8074],[25,0]],[[9398,7709],[-66,-71]],[[9332,7638],[-21,8],[2,93],[-9,40]],[[9304,7779],[75,-10]],[[9379,7769],[26,10]],[[9405,7779],[-5,-44]],[[9400,7735],[-2,-26]],[[9432,7490],[0,1]],[[9432,7491],[-3,63]],[[9429,7554],[-14,38]],[[9415,7592],[53,-7]],[[9468,7585],[32,-22],[2,-82]],[[9502,7481],[-70,9]],[[9647,7708],[5,-27],[136,4],[47,29]],[[9835,7714],[42,-53]],[[9674,7525],[-16,0]],[[9658,7525],[-25,95],[18,26],[-4,62]],[[10104,4028],[-15,12]],[[10089,4040],[11,50]],[[10100,4090],[11,114],[-111,-5]],[[10000,4199],[-20,87],[14,83],[22,34],[-2,51]],[[10014,4454],[21,108],[-45,231]],[[9990,4793],[179,-1],[526,3],[549,5]],[[11234,3620],[-35,12],[-11,40],[-59,-3],[-48,64],[-29,-11],[-104,37],[-3,42],[-37,2],[-98,91],[-56,1],[-34,29],[-121,32],[-43,-37],[-191,52],[-28,26]],[[10337,3997],[-35,29],[-184,-8]],[[10118,4018],[-14,10]],[[10000,3961],[-36,43]],[[9964,4004],[-13,25]],[[9951,4029],[13,1]],[[9964,4030],[31,12]],[[9995,4042],[16,-1]],[[10011,4041],[6,-33]],[[10017,4008],[18,-37]],[[10035,3971],[8,-12]],[[10043,3959],[-35,-4]],[[10008,3955],[-8,6]],[[9683,4124],[-2,26]],[[9681,4150],[69,-28]],[[9750,4122],[-25,-30],[-42,32]],[[9681,4150],[9,22]],[[9690,4172],[9,20]],[[9699,4192],[33,-28],[61,-7]],[[9793,4157],[-43,-35]],[[10332,3995],[-67,-57],[-21,-66]],[[10244,3872],[-78,1]],[[10167,3953],[-9,41]],[[10158,3994],[90,-22],[84,23]],[[14189,6424],[0,271],[-4,2],[3,501],[-84,1],[19,87],[65,1],[5,643],[4,150]],[[14901,8088],[-4,-776],[-39,-44],[-19,-71],[57,-1],[3,-423],[-4,-249],[42,-30],[0,-58]],[[9966,3909],[10,0]],[[9976,3909],[7,-53]],[[9983,3856],[-53,-9]],[[9930,3847],[0,51]],[[9930,3898],[36,11]],[[15746,8099],[1,-628],[6,-1025]],[[9822,4164],[-29,-7]],[[9699,4192],[-4,21]],[[9695,4213],[127,-49]],[[9716,4791],[-7,-1],[3,-295],[-191,1],[-41,20],[-19,-44],[-209,0]],[[9251,4791],[19,2],[446,-2]],[[9683,4124],[-43,-21]],[[9640,4103],[3,39]],[[9643,4142],[47,30]],[[9991,3910],[-6,-49]],[[9985,3861],[-2,-5]],[[9976,3909],[15,1]],[[9966,3909],[0,7]],[[9966,3916],[-1,17]],[[9965,3933],[26,-6]],[[9991,3927],[0,-17]],[[9823,3985],[18,17]],[[9841,4002],[37,2]],[[9878,4004],[2,-33]],[[9878,3936],[-35,1]],[[9843,3937],[-20,48]],[[9000,8677],[31,0]],[[9031,8677],[8,-38]],[[9039,8639],[-8,-7]],[[9031,8632],[-31,0]],[[9822,4164],[60,-13]],[[9882,4151],[-7,-106],[-34,-43]],[[9823,3985],[-45,-9],[-14,35],[-133,-23]],[[9631,3988],[-28,91],[37,24]],[[10244,3872],[-33,-37],[-69,-24],[-18,-37],[-59,-22],[-16,-51],[-72,-72]],[[9977,3629],[13,187]],[[9990,3816],[32,67],[28,23],[44,-18]],[[10008,3955],[-17,-28]],[[9965,3933],[-1,11]],[[9964,3944],[20,17]],[[9984,3961],[16,0]],[[9940,3949],[-21,0]],[[9919,3972],[9,11]],[[9928,3983],[22,-23]],[[9950,3960],[5,-10]],[[9955,3950],[-15,-1]],[[9964,3944],[-9,6]],[[9950,3960],[17,19]],[[9967,3979],[17,-18]],[[9930,3898],[10,17]],[[9940,3915],[26,1]],[[9967,3979],[-25,27]],[[9942,4006],[1,11]],[[9943,4017],[21,-13]],[[9638,4235],[-386,93]],[[9716,4791],[37,0]],[[9753,4791],[237,2]],[[10014,4454],[-74,-109],[-34,-125],[6,-80]],[[9912,4140],[-30,11]],[[9695,4213],[-57,22]],[[9643,4142],[-12,45]],[[9631,4187],[7,48]],[[9631,3988],[-92,77],[-38,10]],[[9501,4075],[24,18],[13,56],[56,36],[37,2]],[[10081,4102],[-21,12]],[[10060,4114],[21,-12]],[[9940,3949],[0,-34]],[[9930,3847],[-11,4]],[[9919,3851],[-15,71]],[[9878,3835],[-24,45]],[[9854,3880],[23,20]],[[9877,3900],[1,-33],[41,-16]],[[9919,3851],[-41,-16]],[[9943,4017],[-36,-2]],[[9907,4015],[23,13],[-13,67]],[[9917,4095],[17,0]],[[9934,4095],[5,-9]],[[9939,4086],[12,-57]],[[9501,4075],[-119,51],[-13,29],[-117,65]],[[9942,4006],[-14,-23]],[[9878,4004],[29,11]],[[10010,4125],[-31,2]],[[9979,4127],[-67,13]],[[10000,4199],[10,-74]],[[9995,4042],[-14,10]],[[9981,4052],[-4,44]],[[9977,4096],[2,31]],[[10008,4113],[5,-50]],[[10013,4063],[-2,-22]],[[10013,4063],[11,-3]],[[10024,4060],[18,-2]],[[10042,4058],[0,-32]],[[10042,4026],[0,-18]],[[10042,4008],[-25,0]],[[9000,8711],[31,1]],[[9031,8712],[0,-35]],[[9912,4140],[5,-45]],[[9990,3816],[-5,45]],[[10043,3959],[25,-7],[57,37],[33,5]],[[10035,3971],[56,42]],[[10091,4013],[27,5]],[[10337,3997],[-5,-2]],[[10104,4028],[-62,-2]],[[10042,4058],[47,-18]],[[10038,4127],[22,-13]],[[10060,4114],[-36,-54]],[[9542,7981],[-41,0]],[[9501,7981],[-86,-1]],[[9410,8040],[63,-12],[69,11]],[[9542,8039],[0,-58]],[[10100,4090],[-19,12]],[[10091,4013],[-49,-5]],[[10577,2588],[-497,195]],[[10080,2783],[1,137],[-39,0],[0,178],[21,50],[-21,44],[-50,0],[-40,117],[0,113],[-15,92],[40,115]],[[9934,4095],[43,1]],[[9981,4052],[-22,0]],[[9959,4052],[-20,34]],[[9806,3840],[69,-65],[3,60]],[[9977,3629],[-58,-15],[-18,-36],[-63,-53],[-54,-1],[-46,-57],[-79,-55],[-3,-21],[-55,-37],[-51,-50],[-18,15],[-62,-18],[-89,14],[-47,-31],[-48,12],[-67,-55],[-25,-59],[-86,-21],[-26,-32],[-75,-13]],[[9843,3937],[-4,-48],[-33,-49]],[[9959,4052],[5,-22]],[[10080,2783],[-167,66],[-825,-61],[-47,42],[7,30],[-41,36]],[[9854,3880],[-48,-40]],[[9625,7845],[-61,-1],[-25,44]],[[9539,7888],[0,36]],[[9539,7924],[44,-10]],[[9583,7914],[33,-24],[9,-45]],[[9257,7948],[-5,5]],[[9252,7953],[-17,48]],[[9244,8008],[30,-8]],[[9300,8006],[-43,-58]],[[9720,7835],[-16,6]],[[9704,7841],[-38,38]],[[9666,7879],[45,44]],[[9740,7924],[-2,-70],[-18,-19]],[[9314,7998],[21,-17]],[[9335,7981],[41,-1]],[[9376,7980],[0,-23],[-63,-29]],[[9313,7928],[1,70]],[[9252,7953],[-51,-11]],[[9201,7942],[-7,55]],[[9108,8012],[-26,-32]],[[9082,7980],[-44,6]],[[9038,7986],[-1,30],[71,-4]],[[9057,7941],[-19,45]],[[9082,7980],[31,-24]],[[9113,7956],[-56,-15]],[[9285,7639],[55,-7]],[[9340,7632],[60,-51]],[[9400,7581],[-77,-16],[-23,-20],[-15,94]],[[9536,7435],[4,-12]],[[9540,7423],[-2,-137]],[[9538,7286],[-39,76],[-55,-12],[-47,11]],[[9397,7361],[23,84]],[[9420,7445],[47,-27],[69,17]],[[9334,8074],[-2,-23]],[[9332,8051],[-14,-12]],[[9299,8035],[-21,39]],[[9278,8074],[15,0]],[[9293,8074],[41,0]],[[9536,7435],[-34,46]],[[9502,7481],[38,-1],[23,49],[66,3]],[[9629,7532],[-59,-49],[-30,-60]],[[9219,7460],[42,3],[29,-25],[57,-10],[31,51],[54,12]],[[9432,7490],[-12,-45]],[[9397,7361],[-48,-193],[6,-41],[38,-67],[-2,-69],[41,-46],[23,-55],[-2,-59],[-28,-126]],[[9425,6705],[-104,0]],[[9321,6705],[-10,37],[3,87],[-26,69],[3,58],[-34,68],[-39,37],[25,30],[-28,96],[-24,34],[-4,110],[7,57]],[[9250,8074],[28,0]],[[9108,8012],[30,9]],[[9138,8021],[0,-22]],[[9138,7999],[-30,13]],[[8909,7829],[46,-4],[2,-105]],[[9123,8752],[0,-18]],[[9123,8734],[-29,0]],[[9094,8734],[-31,0]],[[9063,8734],[0,24]],[[9063,8758],[60,-6]],[[9321,6705],[-268,0]],[[9138,7999],[-25,-43]],[[9147,7953],[-34,3]],[[9138,7999],[9,-46]],[[9200,7942],[1,0]],[[9257,7948],[-8,-71]],[[9249,7877],[-49,42],[0,23]],[[9406,8074],[182,0]],[[9588,8074],[13,0]],[[9621,8030],[-38,-9]],[[9583,8021],[-41,18]],[[9199,7654],[86,-15]],[[9400,7581],[29,-27]],[[9200,7942],[-53,11]],[[8975,8037],[31,-21],[58,-127]],[[9379,7769],[-47,76]],[[9332,7845],[1,72],[-20,11]],[[9415,7980],[2,-53],[-15,-47],[3,-101]],[[9583,8021],[0,-48]],[[9583,7973],[-41,8]],[[9335,7981],[-1,45]],[[9334,8026],[42,0]],[[9249,7877],[34,-33]],[[9283,7844],[21,-65]],[[9332,7638],[8,-6]],[[9064,7889],[-7,52]],[[9010,8074],[17,0]],[[9027,8074],[118,0]],[[9332,7845],[-49,-1]],[[9334,8026],[-2,25]],[[9334,8074],[41,0]],[[9501,7981],[38,-57]],[[9539,7888],[-48,-83],[-30,-8],[-61,-62]],[[9636,6705],[-211,0]],[[9538,7286],[46,-66],[54,-11],[72,-62]],[[9629,7532],[29,-7]],[[9583,7942],[0,31]],[[9631,8005],[-22,-29],[4,-48]],[[9613,7928],[-30,14]],[[9468,7585],[32,36],[48,84],[91,94]],[[9639,7799],[8,-91]],[[9625,7845],[14,0]],[[9639,7845],[0,-46]],[[9415,7592],[-25,60],[8,57]],[[9583,7942],[0,-28]],[[9613,7928],[11,-29]],[[9624,7899],[15,-54]],[[9668,7923],[-55,5]],[[9835,7714],[-20,39],[-95,82]],[[9639,7799],[56,0],[9,42]],[[9624,7899],[42,-20]],[[15764,2045],[-1,-915],[0,-691],[0,-437],[-749,5],[-725,2],[-121,10],[-141,4],[-386,-4],[-31,5],[-192,1]],[[8885,5529],[16,75],[33,5],[22,77]],[[8956,5686],[1,-17],[93,-7],[206,-1],[0,-15]],[[9256,5646],[0,-256],[-7,-45],[0,-145]],[[8580,5285],[46,-25],[29,67],[46,51],[22,80],[36,-2],[126,73]],[[9321,8302],[-19,45]],[[9302,8347],[40,0]],[[9342,8347],[18,-55]],[[9360,8292],[-39,9]],[[9321,8301],[0,1]],[[9286,8392],[7,0]],[[9293,8392],[14,0]],[[9307,8392],[26,0]],[[9333,8392],[9,-45]],[[9302,8347],[-16,45]],[[8380,5851],[30,-24],[45,8],[51,-37],[31,-54],[42,-16],[19,58],[54,17],[88,-19],[70,7],[13,-66],[30,-55],[-7,-81],[39,-60]],[[9321,8302],[-7,0]],[[9314,8302],[-41,45]],[[9273,8347],[29,0]],[[9273,8347],[-21,0]],[[9252,8347],[0,45]],[[9252,8392],[0,3]],[[9252,8395],[21,-3]],[[9273,8392],[2,0]],[[9275,8392],[11,0]],[[9336,8392],[-3,0]],[[9307,8392],[-14,0]],[[9286,8392],[-19,34]],[[9267,8426],[6,0]],[[9273,8426],[21,0]],[[9294,8426],[36,0]],[[9330,8426],[6,-5]],[[9336,8421],[0,-29]],[[9044,6705],[13,-276]],[[9057,6429],[-110,28],[-34,-25],[38,-77],[-22,-36],[7,-62],[20,-23]],[[8956,6234],[-37,-55]],[[8919,6179],[-222,-85],[-137,2],[-47,49],[-84,-16],[-49,44]],[[9057,6162],[0,-14]],[[9057,6148],[-49,33],[-57,-25],[-32,23]],[[8956,6234],[29,41],[33,-32],[39,-81]],[[9147,8529],[16,0]],[[9163,8479],[-16,4]],[[9147,8483],[0,46]],[[9147,8574],[0,4]],[[9147,8578],[16,-17]],[[9163,8561],[0,-32]],[[9147,8529],[0,45]],[[9180,8580],[-1,-28]],[[9179,8552],[-16,9]],[[9147,8578],[0,2]],[[9147,8580],[33,0]],[[9041,8267],[-42,12]],[[8999,8302],[1,3]],[[9000,8305],[41,-4]],[[9041,8301],[0,-34]],[[9057,6429],[0,-70]],[[9057,6359],[-5,-63],[5,-134]],[[15756,5091],[2,-1087]],[[9057,6148],[-3,-261],[-85,2],[-13,-203]],[[9340,8255],[-19,46]],[[9360,8292],[17,11]],[[9377,8303],[0,-47]],[[9377,8256],[-37,-1]],[[9314,8256],[0,46]],[[9340,8255],[-26,1]],[[9043,8348],[9,-35]],[[9052,8313],[-11,-12]],[[9000,8305],[0,43]],[[9000,8348],[26,3]],[[9026,8351],[17,-3]],[[9336,8446],[0,2]],[[9336,8448],[0,13]],[[9336,8461],[22,10]],[[9358,8471],[-22,-25]],[[9336,8448],[-21,18]],[[9315,8466],[0,64]],[[9315,8530],[21,-1]],[[9336,8529],[0,-40]],[[9336,8489],[0,-28]],[[9294,8530],[21,0]],[[9315,8466],[-21,16]],[[9294,8482],[0,48]],[[9273,8461],[0,22]],[[9273,8483],[8,0]],[[9281,8483],[13,-2]],[[9294,8481],[0,-55]],[[9273,8426],[0,35]],[[9252,8441],[15,-15]],[[9275,8392],[-2,0]],[[9252,8395],[0,31]],[[9252,8426],[0,15]],[[9025,8393],[1,-42]],[[9000,8348],[0,45]],[[9000,8393],[25,0]],[[9120,8460],[-4,-21]],[[9116,8439],[-53,-1]],[[9063,8438],[0,23]],[[9063,8461],[57,-1]],[[9091,8484],[45,-1]],[[9136,8483],[-16,-23]],[[9063,8461],[0,23]],[[9063,8484],[28,0]],[[9091,8484],[3,45]],[[9094,8529],[25,0]],[[9119,8529],[17,-46]],[[9063,8484],[0,22]],[[9063,8506],[0,23]],[[9063,8529],[31,0]],[[9252,8441],[1,19]],[[9253,8460],[20,1]],[[9252,8529],[0,1]],[[9252,8530],[0,44]],[[9252,8574],[23,0]],[[9275,8574],[18,0]],[[9293,8574],[1,-44]],[[9294,8530],[-21,-1]],[[9273,8529],[-21,0]],[[9252,8347],[-34,0]],[[9218,8347],[-8,26]],[[9210,8373],[0,19]],[[9210,8392],[42,0]],[[9210,8446],[42,-5]],[[9252,8426],[-42,0]],[[9210,8426],[0,20]],[[9210,8446],[1,37]],[[9211,8483],[42,0]],[[9253,8483],[0,-5]],[[9253,8478],[0,-18]],[[9179,8427],[31,-1]],[[9210,8426],[0,-34]],[[9210,8373],[-21,-3]],[[9189,8370],[-11,23]],[[9063,8393],[-31,0]],[[9032,8393],[1,45]],[[9033,8438],[30,0]],[[9063,8438],[0,-45]],[[9031,8484],[2,-46]],[[9033,8438],[-33,0]],[[9000,8484],[31,0]],[[9063,8574],[0,-45]],[[9063,8529],[-33,0]],[[9030,8529],[1,46]],[[9031,8575],[32,-1]],[[9342,8347],[36,0]],[[9378,8347],[10,0]],[[9388,8347],[-11,-44]],[[8991,8346],[9,2]],[[8986,8302],[-33,0]],[[9211,8517],[0,-34]],[[9210,8446],[-31,16]],[[8999,8273],[0,-5]],[[8999,8257],[0,-10]],[[8914,8266],[22,36]],[[9032,8393],[-7,0]],[[9063,8574],[21,0]],[[9084,8574],[35,-45]],[[8968,8393],[-10,-25]],[[9336,8597],[0,23]],[[9336,8620],[42,0]],[[9378,8620],[0,-9]],[[9378,8611],[0,-14]],[[9378,8597],[-42,0]],[[9336,8620],[0,34]],[[9336,8654],[42,-11]],[[9336,8574],[-43,0]],[[9293,8574],[1,46]],[[9294,8620],[42,0]],[[9336,8597],[0,-23]],[[9276,8620],[18,0]],[[9275,8574],[1,46]],[[9294,8620],[0,34]],[[9294,8654],[42,0]],[[9294,8654],[0,34]],[[9294,8688],[42,0]],[[9336,8688],[0,-34]],[[9252,8620],[24,0]],[[9252,8574],[0,21]],[[9252,8595],[0,25]],[[9253,8654],[41,0]],[[9252,8595],[-19,0]],[[9233,8595],[0,25]],[[9209,8574],[0,11]],[[9209,8585],[0,14]],[[9209,8599],[24,-4]],[[9252,8574],[-43,0]],[[9253,8688],[41,0]],[[9179,8427],[0,35]],[[9336,8758],[0,-70]],[[9294,8688],[0,69]],[[9253,8688],[0,35]],[[9253,8723],[1,56]],[[9209,8599],[1,20]],[[9180,8580],[0,5]],[[9196,8585],[13,0]],[[9209,8574],[2,-32]],[[9252,8529],[1,-46]],[[9211,8542],[41,-12]],[[9253,8723],[-43,0]],[[9210,8723],[-28,-9]],[[9182,8714],[-14,16]],[[9168,8730],[21,49]],[[9210,8688],[0,35]],[[9179,8689],[31,-1]],[[9179,8665],[0,24]],[[9179,8689],[3,25]],[[9147,8580],[0,14]],[[9147,8594],[17,0]],[[9147,8594],[1,26]],[[9148,8620],[16,0]],[[9147,8643],[15,0]],[[9148,8620],[-1,23]],[[9147,8643],[0,4]],[[9147,8647],[32,42]],[[9122,8620],[26,0]],[[9147,8578],[-25,42]],[[9147,8574],[-28,3]],[[9119,8577],[0,43]],[[9119,8620],[3,0]],[[9101,8666],[12,18]],[[9113,8684],[25,-26]],[[9138,8658],[-20,-21]],[[9118,8637],[-17,29]],[[9113,8684],[10,5]],[[9123,8689],[45,41]],[[9147,8647],[-9,11]],[[9463,8774],[25,6]],[[9488,8780],[17,-8]],[[9505,8772],[-7,-13]],[[9498,8759],[-35,-7]],[[9463,8752],[0,22]],[[9123,8689],[0,22]],[[9123,8711],[0,23]],[[9123,8752],[1,28]],[[9123,8711],[-29,0]],[[9094,8711],[0,23]],[[9091,8668],[-28,9]],[[9063,8677],[0,34]],[[9063,8711],[31,0]],[[9094,8711],[-3,-43]],[[9063,8711],[0,23]],[[9083,8630],[-3,-9]],[[9080,8621],[4,-47]],[[9063,8574],[0,35]],[[9063,8609],[0,30]],[[9063,8639],[20,-9]],[[9031,8602],[-31,2]],[[9031,8632],[0,-30]],[[9063,8639],[-24,0]],[[9031,8677],[32,0]],[[9063,8677],[0,-38]],[[9031,8712],[32,-1]],[[9462,8802],[1,-28]],[[9463,8752],[0,-26]],[[9463,8726],[-43,5],[0,72]],[[9268,8489],[5,-6]],[[9253,8478],[15,11]],[[9273,8495],[-5,-6]],[[9268,8489],[5,6]],[[9000,8756],[63,2]],[[9063,8734],[-63,0]],[[9063,8758],[0,21]],[[9360,8530],[-24,-1]],[[9336,8529],[0,45]],[[9378,8597],[21,-23]],[[9399,8574],[11,-48]],[[9410,8526],[-11,-4]],[[9399,8522],[-39,8]],[[9378,8643],[0,159]],[[9463,8726],[42,-5]],[[9063,8358],[0,35]],[[9116,8439],[3,-46]],[[9119,8393],[-11,-23]],[[9108,8370],[-45,-12]],[[9631,8735],[0,21]],[[9631,8756],[37,-2]],[[9668,8754],[5,-42]],[[9668,8754],[47,-4]],[[9080,8621],[39,-1]],[[9119,8577],[-35,-3]],[[9031,8575],[0,27]],[[9031,8602],[32,7]],[[9631,8756],[0,47]],[[9515,8786],[8,16]],[[9547,8802],[-1,-45]],[[9546,8757],[-31,29]],[[9294,8482],[0,-1]],[[9281,8483],[-8,12]],[[9273,8495],[0,34]],[[9631,8483],[-13,0]],[[9618,8483],[-30,0]],[[9588,8483],[1,31]],[[9589,8514],[-1,15]],[[9588,8529],[43,0],[0,-46]],[[9546,8724],[0,11]],[[9546,8735],[0,22]],[[9101,8666],[-3,-3]],[[9098,8663],[-7,5]],[[9098,8663],[-15,-33]],[[9031,8484],[32,0]],[[9122,8620],[-4,17]],[[9546,8735],[-48,24]],[[9505,8772],[10,14]],[[9047,8347],[-4,1]],[[9063,8358],[-16,-11]],[[9031,8484],[0,22]],[[9031,8506],[32,0]],[[9336,8446],[-6,-20]],[[9147,8483],[-11,0]],[[9000,8575],[31,0]],[[9030,8529],[-30,1]],[[9488,8780],[1,22]],[[9420,8483],[42,0]],[[9462,8483],[0,-45]],[[9462,8438],[-42,0]],[[9420,8438],[0,11]],[[9420,8449],[0,34]],[[9440,8347],[-46,0]],[[9394,8347],[25,19]],[[9419,8366],[0,3]],[[9419,8369],[41,-3]],[[9460,8366],[-20,-19]],[[9031,8506],[-1,8]],[[9030,8514],[0,15]],[[9030,8514],[-30,-10]],[[9147,8427],[0,56]],[[9147,8393],[-28,0]],[[9390,8381],[9,34]],[[9399,8415],[10,0]],[[9409,8415],[11,-12]],[[9420,8403],[-1,-34]],[[9419,8366],[-29,15]],[[9394,8347],[-6,0]],[[9378,8347],[-12,35]],[[9366,8382],[24,-1]],[[9336,8392],[30,-10]],[[9410,8526],[10,3]],[[9420,8529],[0,-21]],[[9420,8508],[0,-25]],[[9420,8483],[-21,0]],[[9399,8483],[0,5]],[[9399,8488],[0,6]],[[9399,8494],[0,28]],[[9399,8488],[-63,1]],[[9360,8530],[39,-36]],[[9511,8608],[0,12]],[[9546,8620],[-1,-46]],[[9545,8574],[-32,0]],[[9513,8574],[-2,34]],[[9462,8585],[1,22]],[[9463,8607],[42,0]],[[9505,8607],[-43,-22]],[[9546,8415],[0,34]],[[9546,8449],[43,0]],[[9589,8449],[0,-12]],[[9589,8437],[-43,-22]],[[9524,8347],[-27,0]],[[9497,8347],[-2,3]],[[9495,8350],[51,46]],[[9546,8396],[17,-4]],[[9563,8392],[7,-45]],[[9570,8347],[-24,0]],[[9546,8347],[-22,0]],[[9502,8483],[2,-45]],[[9504,8438],[-42,0]],[[9462,8483],[40,0]],[[9419,8210],[-22,0]],[[9397,8210],[1,46]],[[9398,8256],[63,0]],[[9461,8256],[0,-44],[-42,-2]],[[9518,8301],[6,0]],[[9524,8301],[21,0]],[[9545,8301],[30,0]],[[9575,8301],[13,0]],[[9588,8301],[-1,-39]],[[9587,8262],[-42,21]],[[9545,8283],[-27,18]],[[9335,8187],[-1,-22]],[[9334,8165],[-42,0]],[[9292,8165],[0,45]],[[9292,8210],[43,-23]],[[9378,8164],[19,23]],[[9397,8187],[0,23]],[[9419,8210],[-1,-45]],[[9418,8165],[-22,-46]],[[9396,8119],[-18,45]],[[9363,6155],[-5,85],[-23,-4],[-4,82]],[[9331,6318],[36,-39],[72,10],[35,19],[19,-64],[-3,-89]],[[9490,6155],[-127,0]],[[9832,5801],[0,-11]],[[9832,5790],[-42,3]],[[9790,5793],[8,44]],[[9798,5837],[9,48]],[[9807,5885],[25,-1]],[[9832,5884],[0,-83]],[[9645,6249],[147,-2]],[[9792,6247],[-1,-134]],[[9791,6113],[-9,-1]],[[9782,6112],[-78,-2]],[[9704,6110],[0,3]],[[9704,6113],[27,49]],[[9731,6162],[-86,87]],[[9573,6236],[-1,-11]],[[9572,6225],[-16,-3],[-58,161]],[[9498,6383],[73,1],[32,23]],[[9603,6407],[20,2]],[[9623,6409],[-11,-59],[10,-42],[-49,-72]],[[9704,6113],[1,43]],[[9705,6156],[26,6]],[[9700,5750],[38,-2]],[[9738,5748],[-13,-58]],[[9725,5690],[-25,8]],[[9700,5698],[-11,7]],[[9689,5705],[11,45]],[[9689,5705],[-25,9]],[[9664,5714],[0,36]],[[9664,5750],[20,0]],[[9684,5750],[16,0]],[[9748,5887],[0,10]],[[9748,5897],[59,-12]],[[9798,5837],[-50,50]],[[9624,6078],[0,37]],[[9624,6115],[13,21]],[[9637,6136],[28,-32]],[[9665,6104],[8,-25]],[[9673,6079],[-49,-1]],[[9637,6136],[12,27]],[[9649,6163],[31,-1]],[[9680,6162],[-15,-58]],[[9664,5841],[58,-1],[8,-47]],[[9730,5793],[-45,2]],[[9685,5795],[-21,0]],[[9664,5795],[0,46]],[[9588,8324],[0,23]],[[9588,8347],[27,0]],[[9615,8347],[15,0]],[[9630,8347],[0,-19]],[[9630,8328],[-42,-4]],[[10496,5791],[-374,1]],[[10122,5792],[2,365]],[[10124,6157],[42,-1]],[[10166,6156],[332,-3]],[[10498,6153],[-2,-362]],[[9896,5338],[60,0]],[[9956,5338],[24,-33],[-18,-86],[43,-48],[-12,-68],[-56,-79],[5,-55],[27,-51],[-1,-81],[22,-44]],[[9753,4791],[-1,319],[-63,-1],[0,135],[84,28]],[[9773,5272],[21,47]],[[9794,5319],[79,-16],[23,35]],[[10001,6270],[-42,24],[-167,-1]],[[9792,6293],[1,228],[217,1]],[[10010,6522],[-9,-20],[0,-232]],[[9472,6431],[-19,45]],[[9453,6476],[149,-1],[1,-68]],[[9498,6383],[-26,48]],[[9749,5964],[0,55]],[[9749,6019],[40,2]],[[9789,6021],[12,-28]],[[9801,5993],[-52,-29]],[[10498,6153],[705,5],[1,-45],[41,0]],[[9956,5338],[545,0],[-5,453]],[[9792,6247],[0,46]],[[10001,6270],[-1,-147]],[[10000,6123],[-19,-12],[-139,1]],[[9842,6112],[-27,1]],[[9815,6113],[-24,0]],[[9713,5884],[35,13]],[[9748,5887],[-1,-94]],[[9747,5793],[-17,0]],[[9664,5841],[0,15]],[[9664,5856],[0,27]],[[9664,5883],[49,1]],[[9572,6225],[0,-57]],[[9572,6168],[-17,-24]],[[9555,6144],[-17,-30]],[[9538,6114],[-48,41]],[[9331,6318],[0,112],[141,1]],[[9575,5590],[-41,6]],[[9534,5596],[-15,41]],[[9519,5637],[51,-18],[5,-29]],[[9339,5883],[52,0]],[[9391,5883],[16,-46]],[[9407,5837],[-2,-5]],[[9405,5832],[-35,13],[-15,-35],[-80,-40],[-20,10],[1,103],[83,0]],[[9782,5474],[22,0]],[[9804,5474],[-14,-68]],[[9790,5406],[-25,0]],[[9765,5406],[17,68]],[[9733,5458],[-9,14]],[[9724,5472],[58,2]],[[9765,5406],[-32,52]],[[9724,5472],[-22,34]],[[9702,5506],[39,36]],[[9741,5542],[58,-38],[12,-30]],[[9811,5474],[-7,0]],[[9790,5793],[-43,0]],[[9405,5832],[14,-18]],[[9419,5814],[-28,-47]],[[9391,5767],[-53,-62]],[[9338,5705],[-24,-49],[-58,-10]],[[9057,6359],[30,-36],[-22,-31],[49,-105],[92,-76],[1,-62],[23,-22],[43,8],[46,-53],[39,-24],[-19,-75]],[[9790,5406],[10,-23]],[[9800,5383],[-6,-64]],[[9773,5272],[-53,162]],[[9720,5434],[13,24]],[[9425,6705],[2,-118]],[[9427,6587],[26,-111]],[[9363,6155],[-21,-15]],[[9342,6140],[32,-18],[0,-161],[27,-17]],[[9401,5944],[9,-29]],[[9410,5915],[-19,-32]],[[9694,5518],[-31,59]],[[9663,5577],[42,-3]],[[9705,5574],[-11,-56]],[[9702,5506],[-8,12]],[[9705,5574],[36,-32]],[[9684,5750],[1,45]],[[9747,5793],[-9,-45]],[[9664,5750],[0,45]],[[9706,5939],[20,-2]],[[9726,5937],[22,-35]],[[9748,5902],[0,-5]],[[9713,5884],[-7,55]],[[9664,5883],[1,46]],[[9665,5929],[41,10]],[[9749,5938],[-1,-36]],[[9726,5937],[23,1]],[[9676,6068],[10,-10]],[[9686,6058],[-37,-25]],[[9649,6033],[-25,-5]],[[9624,6028],[0,37]],[[9624,6065],[52,3]],[[9687,5636],[-8,-23]],[[9679,5613],[-15,0]],[[9664,5613],[0,23]],[[9664,5636],[23,0]],[[9664,5714],[-20,4]],[[9644,5718],[-4,32]],[[9640,5750],[24,0]],[[9624,6078],[-41,-1]],[[9583,6077],[-43,11]],[[9540,6088],[-2,26]],[[9555,6144],[69,-29]],[[9514,6030],[-89,44]],[[9425,6074],[-3,7]],[[9422,6081],[77,-7]],[[9499,6074],[15,-44]],[[9535,6049],[-19,-31]],[[9516,6018],[-2,12]],[[9499,6074],[-17,37],[-94,30]],[[9388,6141],[-46,-1]],[[9540,6088],[-5,-39]],[[9477,5675],[1,73]],[[9478,5748],[-1,21]],[[9477,5769],[13,-10]],[[9490,5759],[28,-42]],[[9518,5717],[1,-29]],[[9519,5688],[-42,-13]],[[9831,5987],[1,-43]],[[9832,5944],[-83,-6]],[[9749,5938],[0,26]],[[9801,5993],[30,-6]],[[9588,8347],[0,22]],[[9588,8369],[27,-22]],[[9519,5637],[0,25]],[[9519,5662],[55,-4]],[[9574,5658],[49,-98]],[[9623,5560],[-49,3]],[[9574,5563],[-1,0]],[[9573,5563],[2,27]],[[9811,5474],[21,0],[0,74]],[[9832,5548],[52,63]],[[9884,5611],[0,-75],[22,-62]],[[9906,5474],[-12,-48],[-30,-43],[-64,0]],[[9518,5717],[39,-24],[17,-35]],[[9519,5662],[0,26]],[[9623,5830],[0,26]],[[9623,5856],[41,0]],[[9664,5795],[-41,0]],[[9623,5795],[0,1]],[[9623,5796],[0,34]],[[9679,5613],[68,-1]],[[9747,5612],[14,-48],[71,-16]],[[9663,5577],[1,36]],[[9623,5796],[-42,3]],[[9581,5799],[0,19]],[[9581,5818],[0,10]],[[9581,5828],[42,2]],[[9550,5793],[-5,0]],[[9545,5793],[1,26]],[[9546,5819],[35,-1]],[[9581,5799],[0,-7]],[[9581,5792],[-31,1]],[[9528,5794],[2,35]],[[9530,5829],[16,-1]],[[9546,5828],[0,-9]],[[9545,5793],[-17,1]],[[9500,5786],[-4,44]],[[9496,5830],[26,-1]],[[9522,5829],[8,0]],[[9528,5794],[-28,-8]],[[9477,5769],[-12,52]],[[9465,5821],[18,3]],[[9483,5824],[13,6]],[[9500,5786],[-10,-27]],[[9572,6168],[77,-5]],[[9491,5861],[-2,49]],[[9489,5910],[36,-6]],[[9525,5904],[-1,-11]],[[9524,5893],[-33,-32]],[[9524,5893],[-1,-33]],[[9523,5860],[-1,-31]],[[9496,5830],[-5,31]],[[9547,5865],[-1,-37]],[[9523,5860],[24,5]],[[9462,8483],[0,21]],[[9462,8504],[41,-6]],[[9503,8498],[-1,-15]],[[9789,6021],[26,92]],[[9842,6112],[-11,-41],[0,-84]],[[9705,6156],[-25,6]],[[9649,6163],[-28,41],[5,38]],[[9626,6242],[19,7]],[[9749,6066],[0,-12]],[[9749,6054],[-32,-28]],[[9717,6026],[-31,32]],[[9676,6068],[21,16],[52,-18]],[[9749,6019],[0,35]],[[9749,6066],[33,46]],[[9676,6068],[-3,11]],[[9673,6079],[31,31]],[[9896,5338],[30,115],[-20,21]],[[9884,5611],[13,30],[-65,109],[0,40]],[[9832,5801],[86,-21],[34,13],[170,-1]],[[9832,5944],[0,-60]],[[9573,5563],[-32,0]],[[9541,5563],[-7,33]],[[9541,5563],[-68,-58],[-57,16],[-1,85]],[[9415,5606],[50,-39],[54,70]],[[9587,5431],[-60,-12]],[[9527,5419],[22,48],[-8,96]],[[9574,5563],[-14,-27],[29,-65],[-2,-40]],[[9664,5883],[-45,0]],[[9619,5883],[-37,7]],[[9582,5890],[-13,11]],[[9569,5901],[40,49]],[[9609,5950],[56,3]],[[9665,5953],[0,-24]],[[9500,5974],[-11,-64]],[[9489,5910],[-25,-1]],[[9464,5909],[-10,65]],[[9454,5974],[46,0]],[[9725,5658],[22,-46]],[[9687,5636],[14,10]],[[9701,5646],[24,12]],[[9250,4942],[59,63],[25,49],[66,70],[23,54],[6,82],[26,19],[69,110],[3,30]],[[9587,5431],[43,17],[90,-14]],[[9623,5560],[97,-126]],[[9516,6018],[-16,-44]],[[9454,5974],[-28,28],[-1,72]],[[9643,6705],[-9,-93]],[[9634,6612],[-62,0],[-42,-23],[-103,-2]],[[9388,6141],[34,-60]],[[9425,6074],[-26,-53],[7,-43]],[[9406,5978],[-5,-34]],[[9454,5974],[-48,4]],[[9418,5844],[-11,-7]],[[9410,5915],[11,-54]],[[9421,5861],[-3,-17]],[[9424,5641],[-9,-35]],[[9338,5705],[24,-60],[62,-4]],[[10000,6123],[39,39],[85,-5]],[[9686,5975],[20,0]],[[9706,5975],[0,-36]],[[9665,5953],[21,22]],[[9624,6065],[0,13]],[[9640,5750],[-28,0]],[[9612,5750],[11,45]],[[9701,5646],[-1,52]],[[9725,5690],[0,-32]],[[9664,5636],[0,78]],[[9706,5975],[43,-11]],[[9664,5636],[-41,24]],[[9623,5660],[10,48]],[[9633,5708],[11,10]],[[9605,5665],[8,54]],[[9613,5719],[20,-11]],[[9623,5660],[-18,5]],[[9613,5719],[-1,31]],[[9595,6022],[2,9]],[[9597,6031],[27,-3]],[[9649,6033],[9,-8]],[[9658,6025],[-18,-36]],[[9640,5989],[-17,9]],[[9623,5998],[-28,24]],[[9581,5792],[0,-42]],[[9581,5750],[-31,-13]],[[9550,5737],[0,56]],[[9391,5767],[44,-19]],[[9435,5748],[17,-82]],[[9452,5666],[-28,-25]],[[9477,5675],[-25,-9]],[[9435,5748],[43,0]],[[9419,5814],[17,-16]],[[9436,5798],[41,-29]],[[9527,5738],[1,56]],[[9550,5737],[-23,1]],[[9612,5750],[-31,0]],[[9447,5820],[18,1]],[[9436,5798],[11,22]],[[9421,5861],[14,26]],[[9435,5887],[48,-63]],[[9447,5820],[-29,24]],[[9435,5887],[29,22]],[[9547,5865],[31,1]],[[9578,5866],[3,-2]],[[9581,5864],[0,-36]],[[9581,5864],[42,-8]],[[9619,5883],[4,-27]],[[9581,5864],[1,26]],[[9524,5893],[54,-27]],[[9525,5904],[15,-1]],[[9540,5903],[29,-2]],[[9623,5998],[-22,-48]],[[9601,5950],[-74,27]],[[9527,5977],[4,34]],[[9531,6011],[64,11]],[[9462,8504],[0,25]],[[9462,8529],[46,0]],[[9508,8529],[-5,-31]],[[9535,6049],[-4,-38]],[[9527,5977],[13,-31]],[[9540,5946],[0,-43]],[[9583,6077],[14,-46]],[[9630,8397],[-41,-5]],[[9589,8392],[0,32]],[[9589,8424],[41,10]],[[9630,8434],[0,-37]],[[9589,8424],[0,13]],[[9589,8449],[29,34]],[[9631,8483],[-1,-45]],[[9630,8438],[0,-4]],[[9589,8392],[-26,0]],[[9546,8396],[0,6]],[[9546,8402],[0,13]],[[9208,8074],[0,46]],[[9208,8120],[42,-1]],[[9250,8119],[0,-45]],[[9183,8074],[-2,45]],[[9181,8119],[27,1]],[[9292,8165],[0,-46]],[[9292,8119],[-42,0]],[[9250,8119],[1,46]],[[9251,8165],[41,0]],[[9145,8074],[0,23]],[[9145,8097],[0,16]],[[9145,8113],[0,6]],[[9145,8119],[36,0]],[[9292,8119],[1,-45]],[[9651,8301],[-6,12]],[[9645,8313],[23,33]],[[9668,8346],[6,0]],[[9674,8346],[-1,-45]],[[9673,8301],[-22,0]],[[9824,2152],[9,66],[-77,6],[-60,-62],[-21,-37],[-42,31],[-94,-11],[-47,-32],[65,-117],[-21,-72],[-51,-58],[-21,-54],[61,16],[42,46],[102,-2],[45,36],[29,72],[32,37],[49,135]],[[9209,8165],[0,46]],[[9209,8211],[21,0]],[[9230,8211],[21,-46]],[[9251,8165],[-42,0]],[[9334,8119],[0,46]],[[9334,8165],[14,0]],[[9348,8165],[30,-1]],[[9396,8119],[-62,0]],[[9292,8119],[42,0]],[[9334,8119],[0,-45]],[[9146,8189],[-42,-1]],[[9104,8188],[0,34]],[[9104,8222],[42,0]],[[9146,8222],[0,-12]],[[9146,8210],[0,-21]],[[9146,8189],[-1,-24]],[[9145,8165],[0,-13]],[[9145,8152],[-42,16]],[[9103,8168],[1,20]],[[9210,8347],[0,-91]],[[9210,8256],[-43,0]],[[9167,8256],[1,45]],[[9168,8301],[0,40]],[[9168,8341],[16,6]],[[9184,8347],[26,0]],[[9104,8222],[0,34]],[[9104,8256],[42,0]],[[9146,8256],[0,-34]],[[8999,8211],[36,-1]],[[9035,8210],[-37,-106]],[[9145,8165],[30,0]],[[9175,8165],[6,-46]],[[9145,8119],[0,33]],[[9145,8113],[-42,12]],[[9103,8125],[0,43]],[[9208,8120],[1,45]],[[9210,8347],[8,0]],[[9314,8256],[-21,0]],[[9293,8256],[-83,0]],[[9063,8222],[-6,-3]],[[9057,8219],[-6,37]],[[9051,8256],[27,0]],[[9078,8256],[-15,-34]],[[9396,8119],[10,-45]],[[9041,8267],[10,-11]],[[9057,8219],[-22,-9]],[[9145,8097],[-74,15]],[[9071,8112],[32,13]],[[9587,8237],[-42,7]],[[9545,8244],[0,35]],[[9545,8279],[0,4]],[[9587,8262],[0,-25]],[[9524,8347],[0,-46]],[[9518,8301],[-21,46]],[[9673,8438],[-43,0]],[[9631,8483],[42,1],[0,-46]],[[9336,8421],[63,-6]],[[9399,8426],[-32,34]],[[9367,8460],[32,0]],[[9399,8460],[0,-11]],[[9399,8449],[0,-23]],[[9399,8449],[21,0]],[[9420,8438],[0,-35]],[[9409,8415],[-10,11]],[[9511,8608],[-6,-1]],[[9463,8607],[0,13]],[[9168,8301],[-21,0]],[[9147,8301],[0,12]],[[9147,8313],[0,29]],[[9147,8342],[21,-1]],[[9167,8256],[-21,0]],[[9146,8256],[0,28]],[[9146,8284],[1,17]],[[9146,8284],[-60,-4]],[[9086,8280],[-1,33]],[[9085,8313],[62,0]],[[9184,8347],[0,23]],[[9184,8370],[5,0]],[[9147,8342],[0,28]],[[9147,8370],[37,0]],[[9147,8370],[0,23]],[[9210,8256],[-1,-45]],[[9209,8211],[-63,-1]],[[9104,8256],[-8,0]],[[9096,8256],[-18,0]],[[9078,8256],[8,24]],[[9105,8348],[42,-6]],[[9085,8313],[20,35]],[[9540,5946],[41,-23],[20,27]],[[9601,5950],[8,0]],[[9462,8392],[0,23]],[[9462,8415],[41,0]],[[9503,8415],[-2,-23]],[[9501,8392],[-39,0]],[[9674,8346],[0,47]],[[9674,8393],[-1,45]],[[9673,8438],[84,0],[0,-91]],[[9757,8347],[-83,-1]],[[9757,8347],[-1,-46]],[[9756,8301],[-6,0]],[[9750,8301],[-77,0]],[[9707,8266],[-36,-2]],[[9671,8264],[0,4]],[[9671,8268],[-20,33]],[[9750,8301],[0,-46],[-43,11]],[[9461,8256],[47,-69],[28,0]],[[9536,8187],[0,-23]],[[9536,8164],[-118,1]],[[9580,8085],[-12,30]],[[9568,8115],[62,6],[0,44]],[[9630,8165],[62,0]],[[9692,8165],[-26,-69],[-86,-11]],[[9777,8074],[-1,100]],[[9776,8174],[33,-19],[30,-81]],[[10009,8300],[2,319]],[[10420,8613],[-28,-84],[7,-32],[-15,-121],[7,-81]],[[10391,8295],[-382,5]],[[9105,8348],[3,22]],[[9063,8222],[0,-47]],[[9063,8175],[-17,-54]],[[9046,8121],[-19,-47]],[[9209,8165],[-34,0]],[[9462,8585],[0,-10]],[[9462,8575],[-42,-1]],[[9420,8574],[0,23]],[[9420,8597],[1,11]],[[9421,8608],[42,-1]],[[9052,8313],[33,0]],[[9513,8574],[-42,1]],[[9471,8575],[-9,0]],[[9640,5989],[25,-36]],[[9686,5975],[2,2]],[[9688,5977],[29,49]],[[9658,6025],[30,-48]],[[9574,5658],[31,7]],[[9573,6236],[53,6]],[[9518,5717],[9,21]],[[10010,6522],[11,45],[1,114],[10,23]],[[10126,6704],[-1,-122],[10,-40],[-1,-111],[26,-16],[6,-66],[0,-193]],[[9755,8187],[-13,-3]],[[9742,8184],[-36,56]],[[9706,8240],[1,26]],[[9756,8301],[0,-79]],[[9756,8222],[-1,-35]],[[9634,6612],[21,-90],[-5,-71],[-27,-42]],[[9545,8244],[0,-31]],[[9545,8213],[-14,-19]],[[9531,8194],[-36,35],[-11,51]],[[9484,8280],[61,-1]],[[9742,8184],[-24,15]],[[9718,8199],[-25,6]],[[9693,8205],[13,35]],[[9776,8174],[-15,10]],[[9761,8184],[-6,3]],[[9756,8222],[81,-9],[44,-49],[0,-64],[42,-27]],[[9629,8165],[-42,-1]],[[9587,8164],[0,50]],[[9587,8214],[42,-4]],[[9629,8210],[38,0]],[[9667,8210],[-38,-45]],[[9629,8239],[39,-21]],[[9668,8218],[-1,-8]],[[9629,8210],[0,29]],[[9587,8214],[0,23]],[[9587,8262],[12,-6]],[[9599,8256],[30,-17]],[[9399,8460],[0,23]],[[9367,8460],[-9,11]],[[9105,8348],[-58,-1]],[[9513,8574],[-5,-45]],[[9462,8562],[9,13]],[[9420,8508],[42,-4]],[[9618,8275],[53,-7]],[[9671,8264],[0,-9]],[[9671,8255],[-29,0]],[[9642,8255],[-24,20]],[[9546,8449],[0,34]],[[9546,8483],[42,0]],[[9588,8483],[1,-34]],[[9574,8347],[-4,0]],[[9589,8392],[-1,-23]],[[9588,8347],[-14,0]],[[10370,8067],[-9,73],[11,90],[19,65]],[[9588,8620],[0,-46]],[[9588,8574],[-43,0]],[[9546,8521],[-1,53]],[[9588,8574],[0,-45]],[[9589,8514],[-43,7]],[[9503,8415],[1,23]],[[9504,8438],[21,0]],[[9525,8438],[21,11]],[[9546,8402],[-45,-10]],[[9420,8597],[-21,-23]],[[9378,8611],[43,-3]],[[9470,8364],[31,28]],[[9495,8350],[-25,14]],[[9536,8187],[-5,7]],[[9545,8213],[42,1]],[[9587,8164],[-51,0]],[[9546,8347],[-1,-46]],[[10009,8300],[-48,1]],[[9961,8301],[-71,50],[-11,38],[-55,82],[-37,38],[-41,15],[-31,41],[-28,3],[-75,52]],[[9961,8301],[-205,0]],[[9630,8393],[0,4]],[[9674,8393],[-44,0]],[[9462,8415],[0,23]],[[9420,8529],[11,0]],[[9440,8347],[44,-67]],[[9398,8256],[-21,0]],[[9420,8574],[0,-45]],[[9460,8366],[10,-2]],[[9645,8074],[55,35],[31,-1],[21,40]],[[9752,8148],[9,36]],[[9700,8166],[18,33]],[[9752,8148],[-52,18]],[[9668,8218],[25,-13]],[[9700,8166],[-8,-1]],[[9630,8165],[-1,0]],[[9103,8168],[-28,19]],[[9075,8187],[21,69]],[[9588,8074],[-8,11]],[[9568,8115],[-32,49]],[[9397,8187],[-20,69]],[[9075,8187],[-12,-12]],[[9071,8112],[-25,9]],[[9335,8187],[13,-22]],[[9378,8164],[-38,91]],[[9230,8211],[62,-1]],[[9292,8210],[1,46]],[[9508,8529],[38,-8]],[[9546,8521],[0,-38]],[[9546,8483],[-21,0]],[[9525,8483],[-23,0]],[[9525,8483],[0,-45]],[[9574,8347],[1,-46]],[[9630,8328],[15,-15]],[[9651,8301],[-42,0]],[[9609,8301],[-21,0]],[[9588,8301],[0,23]],[[9630,8347],[38,-1]],[[9618,8275],[-9,26]],[[9630,8347],[0,46]],[[9671,8255],[-3,-37]],[[9599,8256],[43,-1]],[[9462,8392],[-42,11]]],"transform":{"scale":[0.0004452219394232078,0.0003187650425463214],"translate":[-109.06007284565742,36.9924299106124]},"objects":{"tracts":{"type":"GeometryCollection","geometries":[{"arcs":[[0,1,2,3,4,5,6,7,8,9]],"type":"Polygon","properties":{"name":"08043979000","fips":"08043979000"},"id":"08043979000"},{"arcs":[[10,11,12,13,14,15,16,17]],"type":"Polygon","properties":{"name":"08045951600","fips":"08045951600"},"id":"08045951600"},{"arcs":[[18,19,20,21,22,23]],"type":"Polygon","properties":{"name":"08069002803","fips":"08069002803"},"id":"08069002803"},{"arcs":[[24,25,26,27,28,29]],"type":"Polygon","properties":{"name":"08125963200","fips":"08125963200"},"id":"08125963200"},{"arcs":[[30,31,32]],"type":"Polygon","properties":{"name":"08069002401","fips":"08069002401"},"id":"08069002401"},{"arcs":[[-21,33,34,35,-33,36,37,38,39,40,41]],"type":"Polygon","properties":{"name":"08069002402","fips":"08069002402"},"id":"08069002402"},{"arcs":[[42,43,44,45]],"type":"Polygon","properties":{"name":"08103951200","fips":"08103951200"},"id":"08103951200"},{"arcs":[[-11,46,47,48,-46,49,50,51]],"type":"Polygon","properties":{"name":"08103951100","fips":"08103951100"},"id":"08103951100"},{"arcs":[[-34,-20,52,53,54,55,56,57]],"type":"Polygon","properties":{"name":"08049000201","fips":"08049000201"},"id":"08049000201"},{"arcs":[[58,59,60,61,62,-56]],"type":"Polygon","properties":{"name":"08049000202","fips":"08049000202"},"id":"08049000202"},{"arcs":[[-57,-63,63,64,65,66,67,68,69]],"type":"Polygon","properties":{"name":"08049000100","fips":"08049000100"},"id":"08049000100"},{"arcs":[[70,71,72,-50,-45,73]],"type":"Polygon","properties":{"name":"08081000600","fips":"08081000600"},"id":"08081000600"},{"arcs":[[74,75]],"type":"Polygon","properties":{"name":"08081000500","fips":"08081000500"},"id":"08081000500"},{"arcs":[[-75,76]],"type":"Polygon","properties":{"name":"08081000400","fips":"08081000400"},"id":"08081000400"},{"arcs":[[77,-72,78],[-76,-77]],"type":"Polygon","properties":{"name":"08081000300","fips":"08081000300"},"id":"08081000300"},{"arcs":[[79,-35,-58,-70,80,81,82]],"type":"Polygon","properties":{"name":"08057955600","fips":"08057955600"},"id":"08057955600"},{"arcs":[[83,84,85,86]],"type":"Polygon","properties":{"name":"08001008801","fips":"08001008801"},"id":"08001008801"},{"arcs":[[87,88]],"type":"Polygon","properties":{"name":"08009964700","fips":"08009964700"},"id":"08009964700"},{"arcs":[[89,90,91,92,93,94,95,-30,96]],"type":"Polygon","properties":{"name":"08121924100","fips":"08121924100"},"id":"08121924100"},{"arcs":[[97,98,99]],"type":"Polygon","properties":{"name":"08037000702","fips":"08037000702"},"id":"08037000702"},{"arcs":[[-61,100,101,102,103,104,105,106,107,108,109]],"type":"Polygon","properties":{"name":"08019014700","fips":"08019014700"},"id":"08019014700"},{"arcs":[[110,111,-68,112,-12,-52,113]],"type":"Polygon","properties":{"name":"08107000800","fips":"08107000800"},"id":"08107000800"},{"arcs":[[114]],"type":"Polygon","properties":{"name":"08105976800","fips":"08105976800"},"id":"08105976800"},{"arcs":[[-81,-69,-112,115,116]],"type":"Polygon","properties":{"name":"08107000700","fips":"08107000700"},"id":"08107000700"},{"arcs":[[117]],"type":"Polygon","properties":{"name":"08051963700","fips":"08051963700"},"id":"08051963700"},{"arcs":[[118,119,120,121,122,123],[-118]],"type":"Polygon","properties":{"name":"08051963600","fips":"08051963600"},"id":"08051963600"},{"arcs":[[124,125,126,127,-122]],"type":"Polygon","properties":{"name":"08051963800","fips":"08051963800"},"id":"08051963800"},{"arcs":[[128,129,130,131]],"type":"Polygon","properties":{"name":"08077001706","fips":"08077001706"},"id":"08077001706"},{"arcs":[[132,133,134,135,136,137]],"type":"Polygon","properties":{"name":"08101001700","fips":"08101001700"},"id":"08101001700"},{"arcs":[[-116,-111,138,139,140,141]],"type":"Polygon","properties":{"name":"08107000500","fips":"08107000500"},"id":"08107000500"},{"arcs":[[142,143]],"type":"Polygon","properties":{"name":"08107000200","fips":"08107000200"},"id":"08107000200"},{"arcs":[[-140,144,145]],"type":"Polygon","properties":{"name":"08107000400","fips":"08107000400"},"id":"08107000400"},{"arcs":[[146,147,-15]],"type":"Polygon","properties":{"name":"08045951702","fips":"08045951702"},"id":"08045951702"},{"arcs":[[148,149,150,151,152,153]],"type":"Polygon","properties":{"name":"08013012603","fips":"08013012603"},"id":"08013012603"},{"arcs":[[154,-82,-117,-142]],"type":"Polygon","properties":{"name":"08107000600","fips":"08107000600"},"id":"08107000600"},{"arcs":[[-51,-73,-78,155,-143,156,-145,-139,-114]],"type":"Polygon","properties":{"name":"08107000300","fips":"08107000300"},"id":"08107000300"},{"arcs":[[-155,-141,-146,-157,-144,-156,-79,-71,157,-83]],"type":"Polygon","properties":{"name":"08107000100","fips":"08107000100"},"id":"08107000100"},{"arcs":[[158,159,160,161,162,163,164,165,166,-125,-121]],"type":"Polygon","properties":{"name":"08051963900","fips":"08051963900"},"id":"08051963900"},{"arcs":[[167,168]],"type":"Polygon","properties":{"name":"08003960300","fips":"08003960300"},"id":"08003960300"},{"arcs":[[169,170,171,172,173,174,175,176]],"type":"Polygon","properties":{"name":"08021974900","fips":"08021974900"},"id":"08021974900"},{"arcs":[[177,178,179,180,181,182,183,184]],"type":"Polygon","properties":{"name":"08113968103","fips":"08113968103"},"id":"08113968103"},{"arcs":[[185,186,-177]],"type":"Polygon","properties":{"name":"08021974800","fips":"08021974800"},"id":"08021974800"},{"arcs":[[187,-100,188,189,190,191,192,193]],"type":"Polygon","properties":{"name":"08037000703","fips":"08037000703"},"id":"08037000703"},{"arcs":[[194,195,196,197]],"type":"Polygon","properties":{"name":"08037000301","fips":"08037000301"},"id":"08037000301"},{"arcs":[[198,199,200,201,-132]],"type":"Polygon","properties":{"name":"08077001707","fips":"08077001707"},"id":"08077001707"},{"arcs":[[202,203,204]],"type":"Polygon","properties":{"name":"08005007704","fips":"08005007704"},"id":"08005007704"},{"arcs":[[205,206,207,208]],"type":"Polygon","properties":{"name":"08037000402","fips":"08037000402"},"id":"08037000402"},{"arcs":[[209,210,211,212,-207]],"type":"Polygon","properties":{"name":"08037000501","fips":"08037000501"},"id":"08037000501"},{"arcs":[[213,214,-212,215]],"type":"Polygon","properties":{"name":"08037000502","fips":"08037000502"},"id":"08037000502"},{"arcs":[[216,217,218,219,220,-197,221,222,223]],"type":"Polygon","properties":{"name":"08037000302","fips":"08037000302"},"id":"08037000302"},{"arcs":[[224,-218,225,226,227,-209]],"type":"Polygon","properties":{"name":"08037000403","fips":"08037000403"},"id":"08037000403"},{"arcs":[[-214,228,-189,-99,229]],"type":"Polygon","properties":{"name":"08037000701","fips":"08037000701"},"id":"08037000701"},{"arcs":[[-228,230,-191,231,-210,-206]],"type":"Polygon","properties":{"name":"08037000401","fips":"08037000401"},"id":"08037000401"},{"arcs":[[232,233,234,235]],"type":"Polygon","properties":{"name":"08077001001","fips":"08077001001"},"id":"08077001001"},{"arcs":[[-190,-229,-216,-211,-232]],"type":"Polygon","properties":{"name":"08037000503","fips":"08037000503"},"id":"08037000503"},{"arcs":[[-224,236,-13,-113,-67,237,-192,-231,-227,238]],"type":"Polygon","properties":{"name":"08037000100","fips":"08037000100"},"id":"08037000100"},{"arcs":[[239,240,241,-219,-225,-208,-213,-215,-230,-98,-188]],"type":"Polygon","properties":{"name":"08037000600","fips":"08037000600"},"id":"08037000600"},{"arcs":[[-16,-148,242]],"type":"Polygon","properties":{"name":"08045951701","fips":"08045951701"},"id":"08045951701"},{"arcs":[[243,244,245,246,-47,-18]],"type":"Polygon","properties":{"name":"08045951902","fips":"08045951902"},"id":"08045951902"},{"arcs":[[247,248,249,250]],"type":"Polygon","properties":{"name":"08077000602","fips":"08077000602"},"id":"08077000602"},{"arcs":[[251,252,253,-249,254]],"type":"Polygon","properties":{"name":"08077000500","fips":"08077000500"},"id":"08077000500"},{"arcs":[[-252,255,256,257]],"type":"Polygon","properties":{"name":"08077000400","fips":"08077000400"},"id":"08077000400"},{"arcs":[[-226,-217,-239]],"type":"Polygon","properties":{"name":"08037000200","fips":"08037000200"},"id":"08037000200"},{"arcs":[[258,-245,259,260,261,262]],"type":"Polygon","properties":{"name":"08045951901","fips":"08045951901"},"id":"08045951901"},{"arcs":[[263,264,265,266,267,268]],"type":"Polygon","properties":{"name":"08001009401","fips":"08001009401"},"id":"08001009401"},{"arcs":[[269,270,271,272,273]],"type":"Polygon","properties":{"name":"08001009406","fips":"08001009406"},"id":"08001009406"},{"arcs":[[-246,-259,274]],"type":"Polygon","properties":{"name":"08045952001","fips":"08045952001"},"id":"08045952001"},{"arcs":[[-48,-247,-275,-263,275,276]],"type":"Polygon","properties":{"name":"08045952002","fips":"08045952002"},"id":"08045952002"},{"arcs":[[277,-222,-196,278]],"type":"Polygon","properties":{"name":"08045951803","fips":"08045951803"},"id":"08045951803"},{"arcs":[[279,280,281,282,283]],"type":"Polygon","properties":{"name":"08001008542","fips":"08001008542"},"id":"08001008542"},{"arcs":[[284,285,286,287,-150,288]],"type":"Polygon","properties":{"name":"08013012511","fips":"08013012511"},"id":"08013012511"},{"arcs":[[-195,289,290,-279]],"type":"Polygon","properties":{"name":"08045951804","fips":"08045951804"},"id":"08045951804"},{"arcs":[[-291,291,-260,-244,-17,-243,-147,-14,-237,-223,-278]],"type":"Polygon","properties":{"name":"08045951802","fips":"08045951802"},"id":"08045951802"},{"arcs":[[292,293,294,-43,-49,-277]],"type":"Polygon","properties":{"name":"08045952100","fips":"08045952100"},"id":"08045952100"},{"arcs":[[295,296,297,298]],"type":"Polygon","properties":{"name":"08067970704","fips":"08067970704"},"id":"08067970704"},{"arcs":[[299,300,301,302]],"type":"Polygon","properties":{"name":"08067940300","fips":"08067940300"},"id":"08067940300"},{"arcs":[[303,-123,-128,304,305,306,-220,-242,307]],"type":"Polygon","properties":{"name":"08097000500","fips":"08097000500"},"id":"08097000500"},{"arcs":[[308,309,310,311,-296,312,313]],"type":"Polygon","properties":{"name":"08067970703","fips":"08067970703"},"id":"08067970703"},{"arcs":[[314,315,316,317,318,319,-297,-312,320]],"type":"Polygon","properties":{"name":"08067970701","fips":"08067970701"},"id":"08067970701"},{"arcs":[[321,322,-306]],"type":"Polygon","properties":{"name":"08097000401","fips":"08097000401"},"id":"08097000401"},{"arcs":[[323,-309,324,-316,325]],"type":"Polygon","properties":{"name":"08067971100","fips":"08067971100"},"id":"08067971100"},{"arcs":[[326,327,328,329]],"type":"Polygon","properties":{"name":"08069001707","fips":"08069001707"},"id":"08069001707"},{"arcs":[[-305,-127,330,-322]],"type":"Polygon","properties":{"name":"08097000402","fips":"08097000402"},"id":"08097000402"},{"arcs":[[-323,-331,-126,-167,331,-261,-292,-290,-198,-221,-307]],"type":"Polygon","properties":{"name":"08097000100","fips":"08097000100"},"id":"08097000100"},{"arcs":[[332,333,334,335,336,337,338,339]],"type":"Polygon","properties":{"name":"08001009553","fips":"08001009553"},"id":"08001009553"},{"arcs":[[340,341,342,343]],"type":"Polygon","properties":{"name":"08117000402","fips":"08117000402"},"id":"08117000402"},{"arcs":[[-315,344,345,-326]],"type":"Polygon","properties":{"name":"08067971000","fips":"08067971000"},"id":"08067971000"},{"arcs":[[346,347,-85,348]],"type":"Polygon","properties":{"name":"08001008706","fips":"08001008706"},"id":"08001008706"},{"arcs":[[349,350,351,-344]],"type":"Polygon","properties":{"name":"08117000401","fips":"08117000401"},"id":"08117000401"},{"arcs":[[352,-193,-238,-66,353]],"type":"Polygon","properties":{"name":"08117000100","fips":"08117000100"},"id":"08117000100"},{"arcs":[[354]],"type":"Polygon","properties":{"name":"08065961700","fips":"08065961700"},"id":"08065961700"},{"arcs":[[355,356,357,358]],"type":"Polygon","properties":{"name":"08001008536","fips":"08001008536"},"id":"08001008536"},{"arcs":[[-336,359,360,361,362,363,364,365]],"type":"Polygon","properties":{"name":"08001009307","fips":"08001009307"},"id":"08001009307"},{"arcs":[[-65,366,367,368,-342,369,-354]],"type":"Polygon","properties":{"name":"08117000200","fips":"08117000200"},"id":"08117000200"},{"arcs":[[370,371,372,373,374]],"type":"Polygon","properties":{"name":"08001009101","fips":"08001009101"},"id":"08001009101"},{"arcs":[[-353,-370,-341,-352,375,-240,-194]],"type":"Polygon","properties":{"name":"08117000300","fips":"08117000300"},"id":"08117000300"},{"arcs":[[-365,376,377]],"type":"Polygon","properties":{"name":"08001009002","fips":"08001009002"},"id":"08001009002"},{"arcs":[[-311,378,-345,-321]],"type":"Polygon","properties":{"name":"08067970900","fips":"08067970900"},"id":"08067970900"},{"arcs":[[-346,-379,-310,-324]],"type":"Polygon","properties":{"name":"08067970800","fips":"08067970800"},"id":"08067970800"},{"arcs":[[379,380,381]],"type":"Polygon","properties":{"name":"08029965100","fips":"08029965100"},"id":"08029965100"},{"arcs":[[382,383,384]],"type":"Polygon","properties":{"name":"08029965200","fips":"08029965200"},"id":"08029965200"},{"arcs":[[-165,385,386]],"type":"Polygon","properties":{"name":"08029964600","fips":"08029964600"},"id":"08029964600"},{"arcs":[[-164,387,388,389,-384,390,-386]],"type":"Polygon","properties":{"name":"08029965000","fips":"08029965000"},"id":"08029965000"},{"arcs":[[391,392,393,394,395]],"type":"Polygon","properties":{"name":"08069002007","fips":"08069002007"},"id":"08069002007"},{"arcs":[[396,397,-393]],"type":"Polygon","properties":{"name":"08069002005","fips":"08069002005"},"id":"08069002005"},{"arcs":[[-303,398,399,-317,-325,-314]],"type":"Polygon","properties":{"name":"08067940400","fips":"08067940400"},"id":"08067940400"},{"arcs":[[400,-392,401]],"type":"Polygon","properties":{"name":"08069002008","fips":"08069002008"},"id":"08069002008"},{"arcs":[[402,403,404,405,406,-22,-42,407]],"type":"Polygon","properties":{"name":"08069001903","fips":"08069001903"},"id":"08069001903"},{"arcs":[[-313,-299,408,409,410,411,-300]],"type":"Polygon","properties":{"name":"08067970600","fips":"08067970600"},"id":"08067970600"},{"arcs":[[-241,-376,412,413,414,415,-308],[-355]],"type":"Polygon","properties":{"name":"08065961900","fips":"08065961900"},"id":"08065961900"},{"arcs":[[416,417,418,419]],"type":"Polygon","properties":{"name":"08069001806","fips":"08069001806"},"id":"08069001806"},{"arcs":[[420,-389,421,-380,422]],"type":"Polygon","properties":{"name":"08029964900","fips":"08029964900"},"id":"08029964900"},{"arcs":[[-382,423,424,425,-423]],"type":"Polygon","properties":{"name":"08029964800","fips":"08029964800"},"id":"08029964800"},{"arcs":[[-390,-421,-426,426,-385]],"type":"Polygon","properties":{"name":"08029964700","fips":"08029964700"},"id":"08029964700"},{"arcs":[[427,428,-168,429]],"type":"Polygon","properties":{"name":"08003960200","fips":"08003960200"},"id":"08003960200"},{"arcs":[[-181,430]],"type":"Polygon","properties":{"name":"08113968102","fips":"08113968102"},"id":"08113968102"},{"arcs":[[431,432,-182,-431,-180]],"type":"Polygon","properties":{"name":"08113968101","fips":"08113968101"},"id":"08113968101"},{"arcs":[[433,434,435,-185]],"type":"Polygon","properties":{"name":"08113968200","fips":"08113968200"},"id":"08113968200"},{"arcs":[[436,437,-267,438,-274]],"type":"Polygon","properties":{"name":"08001009407","fips":"08001009407"},"id":"08001009407"},{"arcs":[[439,440,441,442,443,444]],"type":"Polygon","properties":{"name":"08001009323","fips":"08001009323"},"id":"08001009323"},{"arcs":[[445,446,447,448,449]],"type":"Polygon","properties":{"name":"08079973600","fips":"08079973600"},"id":"08079973600"},{"arcs":[[450,451]],"type":"Polygon","properties":{"name":"08083969400","fips":"08083969400"},"id":"08083969400"},{"arcs":[[452,453,-318,454]],"type":"Polygon","properties":{"name":"08083969100","fips":"08083969100"},"id":"08083969100"},{"arcs":[[455,456,457,458]],"type":"Polygon","properties":{"name":"08077001302","fips":"08077001302"},"id":"08077001302"},{"arcs":[[459,460,-455,-400,461]],"type":"Polygon","properties":{"name":"08083941100","fips":"08083941100"},"id":"08083941100"},{"arcs":[[462,463,-161,464,465,-432,-179,466]],"type":"Polygon","properties":{"name":"08091967600","fips":"08091967600"},"id":"08091967600"},{"arcs":[[467,468,469,470,-434,-184]],"type":"Polygon","properties":{"name":"08033000100","fips":"08033000100"},"id":"08033000100"},{"arcs":[[471,472,473,474,-450,475,-159,-120,476,477,-10]],"type":"Polygon","properties":{"name":"08109977600","fips":"08109977600"},"id":"08109977600"},{"arcs":[[478,479,-460,480,-470,481]],"type":"Polygon","properties":{"name":"08083969200","fips":"08083969200"},"id":"08083969200"},{"arcs":[[482,-482,-469,-319,-454,483]],"type":"Polygon","properties":{"name":"08083969000","fips":"08083969000"},"id":"08083969000"},{"arcs":[[-453,-461,-480,484,-451,485,-484]],"type":"Polygon","properties":{"name":"08083969600","fips":"08083969600"},"id":"08083969600"},{"arcs":[[486,487,488,489]],"type":"Polygon","properties":{"name":"08077001102","fips":"08077001102"},"id":"08077001102"},{"arcs":[[-485,-479,-483,-486,-452]],"type":"Polygon","properties":{"name":"08083969300","fips":"08083969300"},"id":"08083969300"},{"arcs":[[490]],"type":"Polygon","properties":{"name":"08105976700","fips":"08105976700"},"id":"08105976700"},{"arcs":[[491,492,493,-256]],"type":"Polygon","properties":{"name":"08077000300","fips":"08077000300"},"id":"08077000300"},{"arcs":[[494,495,-492,-255]],"type":"Polygon","properties":{"name":"08077000200","fips":"08077000200"},"id":"08077000200"},{"arcs":[[496,497,498]],"type":"Polygon","properties":{"name":"08077001404","fips":"08077001404"},"id":"08077001404"},{"arcs":[[-418,499,-328,500,501,-395,502,503]],"type":"Polygon","properties":{"name":"08069001804","fips":"08069001804"},"id":"08069001804"},{"arcs":[[-272,504,505,506]],"type":"Polygon","properties":{"name":"08001009411","fips":"08001009411"},"id":"08001009411"},{"arcs":[[507,508,-474,509,510,-174,511,-428,512]],"type":"Polygon","properties":{"name":"08003960000","fips":"08003960000"},"id":"08003960000"},{"arcs":[[513,-250,-254,-236]],"type":"Polygon","properties":{"name":"08077000601","fips":"08077000601"},"id":"08077000601"},{"arcs":[[-503,-394,-398,514,515,516]],"type":"Polygon","properties":{"name":"08069001901","fips":"08069001901"},"id":"08069001901"},{"arcs":[[517,518,519,520,521,522,523]],"type":"Polygon","properties":{"name":"08069000600","fips":"08069000600"},"id":"08069000600"},{"arcs":[[-429,-512,-173,524,-513,-430,-169]],"type":"Polygon","properties":{"name":"08003960100","fips":"08003960100"},"id":"08003960100"},{"arcs":[[-446,-475,-509,525]],"type":"Polygon","properties":{"name":"08109977700","fips":"08109977700"},"id":"08109977700"},{"arcs":[[526,-329,-500,-417]],"type":"Polygon","properties":{"name":"08069001807","fips":"08069001807"},"id":"08069001807"},{"arcs":[[-508,-525,-172,527,-447,-526],[-115],[-491]],"type":"Polygon","properties":{"name":"08105977000","fips":"08105977000"},"id":"08105977000"},{"arcs":[[528,529,-360,-335]],"type":"Polygon","properties":{"name":"08001009308","fips":"08001009308"},"id":"08001009308"},{"arcs":[[530,531,-371,532,533,-377,-364]],"type":"Polygon","properties":{"name":"08001009001","fips":"08001009001"},"id":"08001009001"},{"arcs":[[534,535,536,537,538]],"type":"Polygon","properties":{"name":"08123000502","fips":"08123000502"},"id":"08123000502"},{"arcs":[[539,540,541]],"type":"Polygon","properties":{"name":"08077001501","fips":"08077001501"},"id":"08077001501"},{"arcs":[[542,543,544,545,-499]],"type":"Polygon","properties":{"name":"08077001403","fips":"08077001403"},"id":"08077001403"},{"arcs":[[546,-545,547,548,-459]],"type":"Polygon","properties":{"name":"08077001301","fips":"08077001301"},"id":"08077001301"},{"arcs":[[-233,-253,-258,549,550]],"type":"Polygon","properties":{"name":"08077001002","fips":"08077001002"},"id":"08077001002"},{"arcs":[[-548,-544,551,552,553,-550,-257,-494,554]],"type":"Polygon","properties":{"name":"08077000900","fips":"08077000900"},"id":"08077000900"},{"arcs":[[-251,-514,-235,555,-490,556,557]],"type":"Polygon","properties":{"name":"08077001101","fips":"08077001101"},"id":"08077001101"},{"arcs":[[-493,-496,558,-557,-489,-200,559,-456,-549,-555]],"type":"Polygon","properties":{"name":"08077000800","fips":"08077000800"},"id":"08077000800"},{"arcs":[[-559,-495,-248,-558]],"type":"Polygon","properties":{"name":"08077000700","fips":"08077000700"},"id":"08077000700"},{"arcs":[[-546,-547,-458,560,561,562,-425,563,564,565,566,-541,567,-497]],"type":"Polygon","properties":{"name":"08077001900","fips":"08077001900"},"id":"08077001900"},{"arcs":[[-568,-540,568,-552,-543,-498]],"type":"Polygon","properties":{"name":"08077001402","fips":"08077001402"},"id":"08077001402"},{"arcs":[[-554,569,570,571,-487,-556,-234,-551]],"type":"Polygon","properties":{"name":"08077001600","fips":"08077001600"},"id":"08077001600"},{"arcs":[[-567,572,-294,573,-570,-553,-569,-542]],"type":"Polygon","properties":{"name":"08077001502","fips":"08077001502"},"id":"08077001502"},{"arcs":[[574,-201,-488,575]],"type":"Polygon","properties":{"name":"08077001703","fips":"08077001703"},"id":"08077001703"},{"arcs":[[-391,-383,-427,-563,576,-571,-574,-293,-276,-262,-332,-166,-387]],"type":"Polygon","properties":{"name":"08077001800","fips":"08077001800"},"id":"08077001800"},{"arcs":[[577,578,579,580,581,582,583,584,585,586,587,588,589]],"type":"Polygon","properties":{"name":"08069002501","fips":"08069002501"},"id":"08069002501"},{"arcs":[[-572,-577,-562,590,-130,591,-576]],"type":"Polygon","properties":{"name":"08077001702","fips":"08077001702"},"id":"08077001702"},{"arcs":[[-592,-129,-202,-575]],"type":"Polygon","properties":{"name":"08077001705","fips":"08077001705"},"id":"08077001705"},{"arcs":[[592,593,594,595]],"type":"Polygon","properties":{"name":"08085966300","fips":"08085966300"},"id":"08085966300"},{"arcs":[[596,-301,-412,597]],"type":"Polygon","properties":{"name":"08007940400","fips":"08007940400"},"id":"08007940400"},{"arcs":[[-457,-560,-199,-131,-591,-561]],"type":"Polygon","properties":{"name":"08077001200","fips":"08077001200"},"id":"08077001200"},{"arcs":[[598,-367,-64,-62,-110]],"type":"Polygon","properties":{"name":"08019014900","fips":"08019014900"},"id":"08019014900"},{"arcs":[[-465,-160,-476,-449,599,600,-410,601]],"type":"Polygon","properties":{"name":"08053973100","fips":"08053973100"},"id":"08053973100"},{"arcs":[[-304,-416,602,603,-124]],"type":"Polygon","properties":{"name":"08015000401","fips":"08015000401"},"id":"08015000401"},{"arcs":[[604,-603,-415,605,606]],"type":"Polygon","properties":{"name":"08015000402","fips":"08015000402"},"id":"08015000402"},{"arcs":[[607,608]],"type":"Polygon","properties":{"name":"08015000100","fips":"08015000100"},"id":"08015000100"},{"arcs":[[609,610,-357,611]],"type":"Polygon","properties":{"name":"08001008539","fips":"08001008539"},"id":"08001008539"},{"arcs":[[612,-442,613,614,615]],"type":"Polygon","properties":{"name":"08001009327","fips":"08001009327"},"id":"08001009327"},{"arcs":[[-374,616,617,618]],"type":"Polygon","properties":{"name":"08001009207","fips":"08001009207"},"id":"08001009207"},{"arcs":[[619,620,621,622]],"type":"Polygon","properties":{"name":"08001008548","fips":"08001008548"},"id":"08001008548"},{"arcs":[[-609,623,-1,-478,624]],"type":"Polygon","properties":{"name":"08015000200","fips":"08015000200"},"id":"08015000200"},{"arcs":[[-605,625,-2,-624,-608,-625,-477,-119,-604]],"type":"Polygon","properties":{"name":"08015000300","fips":"08015000300"},"id":"08015000300"},{"arcs":[[-409,-298,-320,-468,-183,-433,-466,-602]],"type":"Polygon","properties":{"name":"08111972600","fips":"08111972600"},"id":"08111972600"},{"arcs":[[626,627,628]],"type":"Polygon","properties":{"name":"08085966502","fips":"08085966502"},"id":"08085966502"},{"arcs":[[-594,629,630,631]],"type":"Polygon","properties":{"name":"08085966601","fips":"08085966601"},"id":"08085966601"},{"arcs":[[632,-595,-632,633,-463,634,635]],"type":"Polygon","properties":{"name":"08085966602","fips":"08085966602"},"id":"08085966602"},{"arcs":[[636,637,638,639,640]],"type":"Polygon","properties":{"name":"08001060100","fips":"08001060100"},"id":"08001060100"},{"arcs":[[641,-505,-271,642]],"type":"Polygon","properties":{"name":"08001009410","fips":"08001009410"},"id":"08001009410"},{"arcs":[[643,644,645,-87,646,647,648,649]],"type":"Polygon","properties":{"name":"08001008802","fips":"08001008802"},"id":"08001008802"},{"arcs":[[650,-564,-424,-381,651,652,-636]],"type":"Polygon","properties":{"name":"08085966201","fips":"08085966201"},"id":"08085966201"},{"arcs":[[-633,-653,653,654,-628,-596]],"type":"Polygon","properties":{"name":"08085966503","fips":"08085966503"},"id":"08085966503"},{"arcs":[[655,656]],"type":"Polygon","properties":{"name":"08007974200","fips":"08007974200"},"id":"08007974200"},{"arcs":[[657,658,659,660,661,662,663,664]],"type":"Polygon","properties":{"name":"08001008529","fips":"08001008529"},"id":"08001008529"},{"arcs":[[665,666,667,668]],"type":"Polygon","properties":{"name":"08001008534","fips":"08001008534"},"id":"08001008534"},{"arcs":[[-361,-530,669,670]],"type":"Polygon","properties":{"name":"08001009306","fips":"08001009306"},"id":"08001009306"},{"arcs":[[671,672,673,-362,-671,674]],"type":"Polygon","properties":{"name":"08001009318","fips":"08001009318"},"id":"08001009318"},{"arcs":[[-655,675,-162,-464,-634,-631,676,-629]],"type":"Polygon","properties":{"name":"08085966501","fips":"08085966501"},"id":"08085966501"},{"arcs":[[-350,-343,-369,677,678,679,680,-606,-414,681]],"type":"Polygon","properties":{"name":"08093000400","fips":"08093000400"},"id":"08093000400"},{"arcs":[[682,683,684,-667,685,686,-650]],"type":"Polygon","properties":{"name":"08001009103","fips":"08001009103"},"id":"08001009103"},{"arcs":[[687,688,689,690,691,692]],"type":"Polygon","properties":{"name":"08001008603","fips":"08001008603"},"id":"08001008603"},{"arcs":[[-652,-422,-388,-163,-676,-654]],"type":"Polygon","properties":{"name":"08085966202","fips":"08085966202"},"id":"08085966202"},{"arcs":[[-86,-348,693,694,-647]],"type":"Polygon","properties":{"name":"08001008705","fips":"08001008705"},"id":"08001008705"},{"arcs":[[-635,-467,-178,-436,695,-565,-651]],"type":"Polygon","properties":{"name":"08085966100","fips":"08085966100"},"id":"08085966100"},{"arcs":[[-677,-630,-593,-627]],"type":"Polygon","properties":{"name":"08085966400","fips":"08085966400"},"id":"08085966400"},{"arcs":[[696,697,-614,-441,698,-363,-674]],"type":"Polygon","properties":{"name":"08001009304","fips":"08001009304"},"id":"08001009304"},{"arcs":[[-639,-660,-444,699,700,701,702]],"type":"Polygon","properties":{"name":"08001060200","fips":"08001060200"},"id":"08001060200"},{"arcs":[[-656,703,-600,-448,-528,-171,704,705]],"type":"Polygon","properties":{"name":"08007974400","fips":"08007974400"},"id":"08007974400"},{"arcs":[[706,707,-700,-443,-613]],"type":"Polygon","properties":{"name":"08001009325","fips":"08001009325"},"id":"08001009325"},{"arcs":[[708,709,710,-586,711]],"type":"Polygon","properties":{"name":"08069001601","fips":"08069001601"},"id":"08069001601"},{"arcs":[[-701,-708,712,713,714,715]],"type":"Polygon","properties":{"name":"08001009408","fips":"08001009408"},"id":"08001009408"},{"arcs":[[716,717,718,719,720]],"type":"Polygon","properties":{"name":"08001008524","fips":"08001008524"},"id":"08001008524"},{"arcs":[[721,-665,722,723]],"type":"Polygon","properties":{"name":"08001008508","fips":"08001008508"},"id":"08001008508"},{"arcs":[[724,725,726,-515,-397,-401,727]],"type":"Polygon","properties":{"name":"08069002011","fips":"08069002011"},"id":"08069002011"},{"arcs":[[-669,-723,728,729,730]],"type":"Polygon","properties":{"name":"08001008550","fips":"08001008550"},"id":"08001008550"},{"arcs":[[731,732,733,-724,-668,734]],"type":"Polygon","properties":{"name":"08001008533","fips":"08001008533"},"id":"08001008533"},{"arcs":[[735,-598,-411,-601,-704,-657,-706]],"type":"Polygon","properties":{"name":"08007974300","fips":"08007974300"},"id":"08007974300"},{"arcs":[[736,737,-648,-695,738,739]],"type":"Polygon","properties":{"name":"08001008901","fips":"08001008901"},"id":"08001008901"},{"arcs":[[740,741,742]],"type":"Polygon","properties":{"name":"08001009608","fips":"08001009608"},"id":"08001009608"},{"arcs":[[743,-3,-626,-607,-681,744,745,746]],"type":"Polygon","properties":{"name":"08093000500","fips":"08093000500"},"id":"08093000500"},{"arcs":[[-678,-368,-599,-109,747,748,749,750]],"type":"Polygon","properties":{"name":"08093000100","fips":"08093000100"},"id":"08093000100"},{"arcs":[[-413,-351,-682]],"type":"Polygon","properties":{"name":"08093000300","fips":"08093000300"},"id":"08093000300"},{"arcs":[[751,-679,-751]],"type":"Polygon","properties":{"name":"08093000200","fips":"08093000200"},"id":"08093000200"},{"arcs":[[752,753,754,755]],"type":"Polygon","properties":{"name":"08001009606","fips":"08001009606"},"id":"08001009606"},{"arcs":[[756,757,-268,-438,758,-675]],"type":"Polygon","properties":{"name":"08001009320","fips":"08001009320"},"id":"08001009320"},{"arcs":[[-506,-642,759,-713,760]],"type":"Polygon","properties":{"name":"08001009409","fips":"08001009409"},"id":"08001009409"},{"arcs":[[-615,-698,761,762]],"type":"Polygon","properties":{"name":"08001009322","fips":"08001009322"},"id":"08001009322"},{"arcs":[[763,-754,764,-743,765]],"type":"Polygon","properties":{"name":"08001009607","fips":"08001009607"},"id":"08001009607"},{"arcs":[[766,767,768,769,770,-38,771]],"type":"Polygon","properties":{"name":"08069001301","fips":"08069001301"},"id":"08069001301"},{"arcs":[[772,773,774,775]],"type":"Polygon","properties":{"name":"08069001114","fips":"08069001114"},"id":"08069001114"},{"arcs":[[776,-773,777,778,779]],"type":"Polygon","properties":{"name":"08069001113","fips":"08069001113"},"id":"08069001113"},{"arcs":[[780,781,782,-780]],"type":"Polygon","properties":{"name":"08069001107","fips":"08069001107"},"id":"08069001107"},{"arcs":[[783,784,785,786]],"type":"Polygon","properties":{"name":"08069001104","fips":"08069001104"},"id":"08069001104"},{"arcs":[[-785,-781,-779,787,788]],"type":"Polygon","properties":{"name":"08069001112","fips":"08069001112"},"id":"08069001112"},{"arcs":[[789,790,791,792]],"type":"Polygon","properties":{"name":"08069001010","fips":"08069001010"},"id":"08069001010"},{"arcs":[[793,794,795,796,797]],"type":"Polygon","properties":{"name":"08069001007","fips":"08069001007"},"id":"08069001007"},{"arcs":[[-770,798,799,800,801]],"type":"Polygon","properties":{"name":"08069000300","fips":"08069000300"},"id":"08069000300"},{"arcs":[[802,803]],"type":"Polygon","properties":{"name":"08069002700","fips":"08069002700"},"id":"08069002700"},{"arcs":[[804,-264,805,-755,-764,806]],"type":"Polygon","properties":{"name":"08001009604","fips":"08001009604"},"id":"08001009604"},{"arcs":[[807,808,-372,-532]],"type":"Polygon","properties":{"name":"08001009202","fips":"08001009202"},"id":"08001009202"},{"arcs":[[-804,809,810,811,-403,812,813,-725,814,815]],"type":"Polygon","properties":{"name":"08069002600","fips":"08069002600"},"id":"08069002600"},{"arcs":[[-337,-366,-378,-534,816,-683,-649,-738,817]],"type":"Polygon","properties":{"name":"08001015000","fips":"08001015000"},"id":"08001015000"},{"arcs":[[-356,818,819,-612]],"type":"Polygon","properties":{"name":"08001008538","fips":"08001008538"},"id":"08001008538"},{"arcs":[[820,-761,-707,-616]],"type":"Polygon","properties":{"name":"08001009326","fips":"08001009326"},"id":"08001009326"},{"arcs":[[-685,-618,821,-735]],"type":"Polygon","properties":{"name":"08001009206","fips":"08001009206"},"id":"08001009206"},{"arcs":[[822,-663,-721,-623]],"type":"Polygon","properties":{"name":"08001008546","fips":"08001008546"},"id":"08001008546"},{"arcs":[[823,824,-661,-638,825]],"type":"Polygon","properties":{"name":"08001008526","fips":"08001008526"},"id":"08001008526"},{"arcs":[[826,827,828,829,830,831,832]],"type":"Polygon","properties":{"name":"08001008401","fips":"08001008401"},"id":"08001008401"},{"arcs":[[833,834,835,836,837,838,839,-283,840,-830,841,842,-819,-359]],"type":"Polygon","properties":{"name":"08001008523","fips":"08001008523"},"id":"08001008523"},{"arcs":[[843,-732,-822,-617,-373,-809,844]],"type":"Polygon","properties":{"name":"08001009204","fips":"08001009204"},"id":"08001009204"},{"arcs":[[-658,-722,-734,845,846]],"type":"Polygon","properties":{"name":"08001008507","fips":"08001008507"},"id":"08001008507"},{"arcs":[[847,848,849,-93,850,-832,851]],"type":"Polygon","properties":{"name":"08001008402","fips":"08001008402"},"id":"08001008402"},{"arcs":[[-24,852,-406,853]],"type":"Polygon","properties":{"name":"08069002802","fips":"08069002802"},"id":"08069002802"},{"arcs":[[854,-686,-666,-731,855,-621,856]],"type":"Polygon","properties":{"name":"08001008551","fips":"08001008551"},"id":"08001008551"},{"arcs":[[-772,-37,-32,857,858,859]],"type":"Polygon","properties":{"name":"08069002503","fips":"08069002503"},"id":"08069002503"},{"arcs":[[860,861,-584,862,863]],"type":"Polygon","properties":{"name":"08069001608","fips":"08069001608"},"id":"08069001608"},{"arcs":[[864,865,866,-861]],"type":"Polygon","properties":{"name":"08069001607","fips":"08069001607"},"id":"08069001607"},{"arcs":[[867,-791,868,-865,-864]],"type":"Polygon","properties":{"name":"08069001606","fips":"08069001606"},"id":"08069001606"},{"arcs":[[869,870,871,872]],"type":"Polygon","properties":{"name":"08069000505","fips":"08069000505"},"id":"08069000505"},{"arcs":[[873,874,875,-799,876,877]],"type":"Polygon","properties":{"name":"08069000202","fips":"08069000202"},"id":"08069000202"},{"arcs":[[878,879,-588,880,881]],"type":"Polygon","properties":{"name":"08069001307","fips":"08069001307"},"id":"08069001307"},{"arcs":[[882,-419,-504,-517,883]],"type":"Polygon","properties":{"name":"08069001902","fips":"08069001902"},"id":"08069001902"},{"arcs":[[884,885,886,887,-27,888]],"type":"Polygon","properties":{"name":"08125963100","fips":"08125963100"},"id":"08125963100"},{"arcs":[[-823,889,-729,-664]],"type":"Polygon","properties":{"name":"08001008547","fips":"08001008547"},"id":"08001008547"},{"arcs":[[-284,-840,890,891,892]],"type":"Polygon","properties":{"name":"08001008543","fips":"08001008543"},"id":"08001008543"},{"arcs":[[893,-824,894,-718]],"type":"Polygon","properties":{"name":"08001008544","fips":"08001008544"},"id":"08001008544"},{"arcs":[[-825,-894,-717,-662]],"type":"Polygon","properties":{"name":"08001008545","fips":"08001008545"},"id":"08001008545"},{"arcs":[[895,896,897,-719,-895,-826,-637,898]],"type":"Polygon","properties":{"name":"08001060000","fips":"08001060000"},"id":"08001060000"},{"arcs":[[899,900,901,902,-897]],"type":"Polygon","properties":{"name":"08001061200","fips":"08001061200"},"id":"08001061200"},{"arcs":[[-890,-622,-856,-730]],"type":"Polygon","properties":{"name":"08001008549","fips":"08001008549"},"id":"08001008549"},{"arcs":[[-853,-23,-407]],"type":"Polygon","properties":{"name":"08069002801","fips":"08069002801"},"id":"08069002801"},{"arcs":[[-41,903,-884,-516,-727,904,-813,-408]],"type":"Polygon","properties":{"name":"08069001808","fips":"08069001808"},"id":"08069001808"},{"arcs":[[-585,-862,-867,905,906,907,-712]],"type":"Polygon","properties":{"name":"08069001605","fips":"08069001605"},"id":"08069001605"},{"arcs":[[908,-590,909,-767,-860]],"type":"Polygon","properties":{"name":"08069002502","fips":"08069002502"},"id":"08069002502"},{"arcs":[[-793,910,911,-775,-794]],"type":"Polygon","properties":{"name":"08069001009","fips":"08069001009"},"id":"08069001009"},{"arcs":[[-898,-903,912,913,-692,914,-837,915]],"type":"Polygon","properties":{"name":"08001008541","fips":"08001008541"},"id":"08001008541"},{"arcs":[[-620,-720,-916,-836,-857]],"type":"Polygon","properties":{"name":"08001008540","fips":"08001008540"},"id":"08001008540"},{"arcs":[[916,-644,-687,-855,-835]],"type":"Polygon","properties":{"name":"08001008535","fips":"08001008535"},"id":"08001008535"},{"arcs":[[-611,-645,-917,-834,-358]],"type":"Polygon","properties":{"name":"08001008537","fips":"08001008537"},"id":"08001008537"},{"arcs":[[-691,917,-838,-915]],"type":"Polygon","properties":{"name":"08001008606","fips":"08001008606"},"id":"08001008606"},{"arcs":[[918,-349,-84,-646,-610,-820,-843,919,920,921,922,923,924,925,926]],"type":"Polygon","properties":{"name":"08001988700","fips":"08001988700"},"id":"08001988700"},{"arcs":[[-684,-817,-533,-375,-619]],"type":"Polygon","properties":{"name":"08001009104","fips":"08001009104"},"id":"08001009104"},{"arcs":[[-726,-814,-905]],"type":"Polygon","properties":{"name":"08069002010","fips":"08069002010"},"id":"08069002010"},{"arcs":[[-892,927,-689,928]],"type":"Polygon","properties":{"name":"08001008604","fips":"08001008604"},"id":"08001008604"},{"arcs":[[-883,-904,-40,929,-788,-778,-776,-912,930,931,-527,-420]],"type":"Polygon","properties":{"name":"08069001809","fips":"08069001809"},"id":"08069001809"},{"arcs":[[-815,-728,-402,932,933,-330,-932,934,-863,-583,935,936,937]],"type":"Polygon","properties":{"name":"08069001709","fips":"08069001709"},"id":"08069001709"},{"arcs":[[-911,-792,-868,-935,-931]],"type":"Polygon","properties":{"name":"08069001708","fips":"08069001708"},"id":"08069001708"},{"arcs":[[-589,-880,938,-768,-910]],"type":"Polygon","properties":{"name":"08069001308","fips":"08069001308"},"id":"08069001308"},{"arcs":[[-709,939,940]],"type":"Polygon","properties":{"name":"08069000802","fips":"08069000802"},"id":"08069000802"},{"arcs":[[941,942,-710,-941,943]],"type":"Polygon","properties":{"name":"08069000801","fips":"08069000801"},"id":"08069000801"},{"arcs":[[944,-872,945,-787]],"type":"Polygon","properties":{"name":"08069000506","fips":"08069000506"},"id":"08069000506"},{"arcs":[[-518,946,-946,947]],"type":"Polygon","properties":{"name":"08069000504","fips":"08069000504"},"id":"08069000504"},{"arcs":[[948,-519,-948,-871,949]],"type":"Polygon","properties":{"name":"08069000503","fips":"08069000503"},"id":"08069000503"},{"arcs":[[-875,950,-950,-870,951,-801,952]],"type":"Polygon","properties":{"name":"08069000402","fips":"08069000402"},"id":"08069000402"},{"arcs":[[-876,-953,-800]],"type":"Polygon","properties":{"name":"08069000401","fips":"08069000401"},"id":"08069000401"},{"arcs":[[-520,-949,-951,-874,953]],"type":"Polygon","properties":{"name":"08069000201","fips":"08069000201"},"id":"08069000201"},{"arcs":[[-839,-918,-690,-928,-891]],"type":"Polygon","properties":{"name":"08001008605","fips":"08001008605"},"id":"08001008605"},{"arcs":[[-396,-502,954,-933]],"type":"Polygon","properties":{"name":"08069001704","fips":"08069001704"},"id":"08069001704"},{"arcs":[[-955,-501,-327,-934]],"type":"Polygon","properties":{"name":"08069001706","fips":"08069001706"},"id":"08069001706"},{"arcs":[[955,-795,-774,-777]],"type":"Polygon","properties":{"name":"08069001109","fips":"08069001109"},"id":"08069001109"},{"arcs":[[956,957,-956,-783]],"type":"Polygon","properties":{"name":"08069001106","fips":"08069001106"},"id":"08069001106"},{"arcs":[[-957,958,-524,959]],"type":"Polygon","properties":{"name":"08069001111","fips":"08069001111"},"id":"08069001111"},{"arcs":[[-808,-531,-699,960,-845]],"type":"Polygon","properties":{"name":"08001009203","fips":"08001009203"},"id":"08001009203"},{"arcs":[[-846,-733,-844,-961,-440,961]],"type":"Polygon","properties":{"name":"08001008505","fips":"08001008505"},"id":"08001008505"},{"arcs":[[-445,-659,-847,-962]],"type":"Polygon","properties":{"name":"08001008506","fips":"08001008506"},"id":"08001008506"},{"arcs":[[-334,962,-806,963,964]],"type":"Polygon","properties":{"name":"08001009501","fips":"08001009501"},"id":"08001009501"},{"arcs":[[965,-756,-963,-333]],"type":"Polygon","properties":{"name":"08001009502","fips":"08001009502"},"id":"08001009502"},{"arcs":[[-758,966,-964,-269]],"type":"Polygon","properties":{"name":"08001009309","fips":"08001009309"},"id":"08001009309"},{"arcs":[[-529,-965,-967,-757,-670]],"type":"Polygon","properties":{"name":"08001009310","fips":"08001009310"},"id":"08001009310"},{"arcs":[[-672,-759,-437,967]],"type":"Polygon","properties":{"name":"08001009319","fips":"08001009319"},"id":"08001009319"},{"arcs":[[-782,-784,-947,-959]],"type":"Polygon","properties":{"name":"08069001110","fips":"08069001110"},"id":"08069001110"},{"arcs":[[968,969,-790,-798]],"type":"Polygon","properties":{"name":"08069001008","fips":"08069001008"},"id":"08069001008"},{"arcs":[[970,-969,-797,971,972]],"type":"Polygon","properties":{"name":"08069001004","fips":"08069001004"},"id":"08069001004"},{"arcs":[[973,-972,-796,-958]],"type":"Polygon","properties":{"name":"08069001003","fips":"08069001003"},"id":"08069001003"},{"arcs":[[974,-940,-908,-973]],"type":"Polygon","properties":{"name":"08069000902","fips":"08069000902"},"id":"08069000902"},{"arcs":[[975,-906,-866,-869,-970]],"type":"Polygon","properties":{"name":"08069001603","fips":"08069001603"},"id":"08069001603"},{"arcs":[[-975,-974,-960,-523,976,-944]],"type":"Polygon","properties":{"name":"08069000901","fips":"08069000901"},"id":"08069000901"},{"arcs":[[-939,-879,977,978,-877,-769]],"type":"Polygon","properties":{"name":"08069001304","fips":"08069001304"},"id":"08069001304"},{"arcs":[[-977,-522,979,-942]],"type":"Polygon","properties":{"name":"08069000700","fips":"08069000700"},"id":"08069000700"},{"arcs":[[-273,980,-762,-697,-673,-968]],"type":"Polygon","properties":{"name":"08001009316","fips":"08001009316"},"id":"08001009316"},{"arcs":[[981,982,983,-265,-805,984]],"type":"Polygon","properties":{"name":"08001009603","fips":"08001009603"},"id":"08001009603"},{"arcs":[[-981,-507,-821,-763]],"type":"Polygon","properties":{"name":"08001009321","fips":"08001009321"},"id":"08001009321"},{"arcs":[[985,-943,-980,-521,-954,-878]],"type":"Polygon","properties":{"name":"08069000100","fips":"08069000100"},"id":"08069000100"},{"arcs":[[-930,-39,-771,-802,-952,-873,-945,-786,-789]],"type":"Polygon","properties":{"name":"08069002300","fips":"08069002300"},"id":"08069002300"},{"arcs":[[-971,-907,-976]],"type":"Polygon","properties":{"name":"08069001602","fips":"08069001602"},"id":"08069001602"},{"arcs":[[-587,-711,-986,-979,986,-881]],"type":"Polygon","properties":{"name":"08069001306","fips":"08069001306"},"id":"08069001306"},{"arcs":[[-987,-978,-882]],"type":"Polygon","properties":{"name":"08069001305","fips":"08069001305"},"id":"08069001305"},{"arcs":[[987,988,-985,-807,989]],"type":"Polygon","properties":{"name":"08059010209","fips":"08059010209"},"id":"08059010209"},{"arcs":[[990,991,992,993,994,995,996]],"type":"Polygon","properties":{"name":"08059010305","fips":"08059010305"},"id":"08059010305"},{"arcs":[[-982,-989,997,998]],"type":"Polygon","properties":{"name":"08059009832","fips":"08059009832"},"id":"08059009832"},{"arcs":[[999,-998,-988,1000,1001]],"type":"Polygon","properties":{"name":"08059009833","fips":"08059009833"},"id":"08059009833"},{"arcs":[[1002,1003,1004,-1002]],"type":"Polygon","properties":{"name":"08059009834","fips":"08059009834"},"id":"08059009834"},{"arcs":[[-1000,1005,1006,1007,1008,-983,-999]],"type":"Polygon","properties":{"name":"08059009831","fips":"08059009831"},"id":"08059009831"},{"arcs":[[1009,-996,1010,1011,1012]],"type":"Polygon","properties":{"name":"08059010210","fips":"08059010210"},"id":"08059010210"},{"arcs":[[1013,1014,-1003,1015,1016,-1013]],"type":"Polygon","properties":{"name":"08059010206","fips":"08059010206"},"id":"08059010206"},{"arcs":[[1017,-1004,-1015,1018,1019]],"type":"Polygon","properties":{"name":"08059009835","fips":"08059009835"},"id":"08059009835"},{"arcs":[[-1020,1020,1021,1022,1023,-1007,1024]],"type":"Polygon","properties":{"name":"08059009828","fips":"08059009828"},"id":"08059009828"},{"arcs":[[1025,1026,1027,-1014,-1012]],"type":"Polygon","properties":{"name":"08059010205","fips":"08059010205"},"id":"08059010205"},{"arcs":[[1028,-1026,-1011,-995,1029,1030,1031,1032]],"type":"Polygon","properties":{"name":"08059010303","fips":"08059010303"},"id":"08059010303"},{"arcs":[[1033,1034,1035,1036,1037,-849,1038,1039]],"type":"Polygon","properties":{"name":"08087000600","fips":"08087000600"},"id":"08087000600"},{"arcs":[[1040,1041,-1036,1042,1043,-1040]],"type":"Polygon","properties":{"name":"08087000300","fips":"08087000300"},"id":"08087000300"},{"arcs":[[1044]],"type":"Polygon","properties":{"name":"08087000700","fips":"08087000700"},"id":"08087000700"},{"arcs":[[-1006,-1005,-1018,-1025]],"type":"Polygon","properties":{"name":"08059009830","fips":"08059009830"},"id":"08059009830"},{"arcs":[[-848,1045,1046,-1041,-1039]],"type":"Polygon","properties":{"name":"08087000200","fips":"08087000200"},"id":"08087000200"},{"arcs":[[1047,1048,1049,-1037,-1042,-1047,1050,1051]],"type":"Polygon","properties":{"name":"08087000100","fips":"08087000100"},"id":"08087000100"},{"arcs":[[-1034,-1044,1052]],"type":"Polygon","properties":{"name":"08087000500","fips":"08087000500"},"id":"08087000500"},{"arcs":[[-850,-1038,-1050,1053,-94],[-1045]],"type":"Polygon","properties":{"name":"08087000800","fips":"08087000800"},"id":"08087000800"},{"arcs":[[-1053,-1043,-1035]],"type":"Polygon","properties":{"name":"08087000400","fips":"08087000400"},"id":"08087000400"},{"arcs":[[1054,1055,1056,1057,-1022]],"type":"Polygon","properties":{"name":"08059009829","fips":"08059009829"},"id":"08059009829"},{"arcs":[[1058,1059,1060,1061,-991,1062]],"type":"Polygon","properties":{"name":"08059010212","fips":"08059010212"},"id":"08059010212"},{"arcs":[[-1058,1063,1064]],"type":"Polygon","properties":{"name":"08059009824","fips":"08059009824"},"id":"08059009824"},{"arcs":[[-1064,-1057,1065]],"type":"Polygon","properties":{"name":"08059009823","fips":"08059009823"},"id":"08059009823"},{"arcs":[[-766,1066,-1059,1067,-1016,-1001,-990]],"type":"Polygon","properties":{"name":"08059010208","fips":"08059010208"},"id":"08059010208"},{"arcs":[[-742,1068,-1060,-1067]],"type":"Polygon","properties":{"name":"08059010213","fips":"08059010213"},"id":"08059010213"},{"arcs":[[-1030,-994,1069,1070]],"type":"Polygon","properties":{"name":"08059010304","fips":"08059010304"},"id":"08059010304"},{"arcs":[[1071,1072,1073,1074]],"type":"Polygon","properties":{"name":"08059009839","fips":"08059009839"},"id":"08059009839"},{"arcs":[[1075,1076,1077,1078,-714,1079,1080]],"type":"Polygon","properties":{"name":"08059060300","fips":"08059060300"},"id":"08059060300"},{"arcs":[[1081,1082,-1023,-1065,-1066,-1056,1083,1084,1085,1086,1087,1088,1089]],"type":"Polygon","properties":{"name":"08059060500","fips":"08059060500"},"id":"08059060500"},{"arcs":[[1090,-1080,-760,-643,-270,-439,-266,-984,-1009,1091,-1082]],"type":"Polygon","properties":{"name":"08059060400","fips":"08059060400"},"id":"08059060400"},{"arcs":[[1092,-1074,1093,1094,1095,1096]],"type":"Polygon","properties":{"name":"08059009851","fips":"08059009851"},"id":"08059009851"},{"arcs":[[1097,1098,1099]],"type":"Polygon","properties":{"name":"08013012509","fips":"08013012509"},"id":"08013012509"},{"arcs":[[1100,1101,-1086,1102,1103]],"type":"Polygon","properties":{"name":"08059009837","fips":"08059009837"},"id":"08059009837"},{"arcs":[[-1075,-1093,1104,1105,-1104]],"type":"Polygon","properties":{"name":"08059009838","fips":"08059009838"},"id":"08059009838"},{"arcs":[[-1008,-1024,-1083,-1092]],"type":"Polygon","properties":{"name":"08059009827","fips":"08059009827"},"id":"08059009827"},{"arcs":[[-1019,-1028,1106,-1084,-1055,-1021]],"type":"Polygon","properties":{"name":"08059009815","fips":"08059009815"},"id":"08059009815"},{"arcs":[[1107,-104,1108,1109,1110,-1087,-1102,1111,1112,1113]],"type":"Polygon","properties":{"name":"08059009808","fips":"08059009808"},"id":"08059009808"},{"arcs":[[-1073,1114,1115,-1094]],"type":"Polygon","properties":{"name":"08059009840","fips":"08059009840"},"id":"08059009840"},{"arcs":[[-1103,-1085,-1107,-1027,-1029,1116,-1115,-1072]],"type":"Polygon","properties":{"name":"08059009836","fips":"08059009836"},"id":"08059009836"},{"arcs":[[1117,1118,1119,1120,1121]],"type":"Polygon","properties":{"name":"08115968300","fips":"08115968300"},"id":"08115968300"},{"arcs":[[-997,-1010,-1017,-1068,-1063]],"type":"Polygon","properties":{"name":"08059010211","fips":"08059010211"},"id":"08059010211"},{"arcs":[[-1071,1122,1123,-1031]],"type":"Polygon","properties":{"name":"08059010307","fips":"08059010307"},"id":"08059010307"},{"arcs":[[-1095,1124,-1032,-1124,1125]],"type":"Polygon","properties":{"name":"08059010306","fips":"08059010306"},"id":"08059010306"},{"arcs":[[-1125,-1116,-1117,-1033]],"type":"Polygon","properties":{"name":"08059009841","fips":"08059009841"},"id":"08059009841"},{"arcs":[[-885,1126,-1121,1127]],"type":"Polygon","properties":{"name":"08095967600","fips":"08095967600"},"id":"08095967600"},{"arcs":[[-26,1128,-1122,-1127,-889]],"type":"Polygon","properties":{"name":"08095967700","fips":"08095967700"},"id":"08095967700"},{"arcs":[[1129,1130,1131,1132,1133,1134]],"type":"Polygon","properties":{"name":"08013013003","fips":"08013013003"},"id":"08013013003"},{"arcs":[[1135,1136,1137,1138]],"type":"Polygon","properties":{"name":"08013013401","fips":"08013013401"},"id":"08013013401"},{"arcs":[[1139,1140,1141,-1138,1142]],"type":"Polygon","properties":{"name":"08013013503","fips":"08013013503"},"id":"08013013503"},{"arcs":[[1143,1144,1145,1146]],"type":"Polygon","properties":{"name":"08013013208","fips":"08013013208"},"id":"08013013208"},{"arcs":[[1147,1148,1149,1150,1151]],"type":"Polygon","properties":{"name":"08013013006","fips":"08013013006"},"id":"08013013006"},{"arcs":[[-153,1152,1153,1154,1155,1156]],"type":"Polygon","properties":{"name":"08013012203","fips":"08013012203"},"id":"08013012203"},{"arcs":[[1157,-1139,1158,1159,1160]],"type":"Polygon","properties":{"name":"08013013402","fips":"08013013402"},"id":"08013013402"},{"arcs":[[1161,1162,1163,1164]],"type":"Polygon","properties":{"name":"08013013210","fips":"08013013210"},"id":"08013013210"},{"arcs":[[1165,1166,-1137,-1164,1167]],"type":"Polygon","properties":{"name":"08013013302","fips":"08013013302"},"id":"08013013302"},{"arcs":[[-1146,1168,1169,-1166]],"type":"Polygon","properties":{"name":"08013013307","fips":"08013013307"},"id":"08013013307"},{"arcs":[[-1167,-1170,1170,-1143]],"type":"Polygon","properties":{"name":"08013013308","fips":"08013013308"},"id":"08013013308"},{"arcs":[[1171,1172,-1111,1173,1174,-1100]],"type":"Polygon","properties":{"name":"08013012510","fips":"08013012510"},"id":"08013012510"},{"arcs":[[1175,1176,1177,1178,1179]],"type":"Polygon","properties":{"name":"08013012907","fips":"08013012907"},"id":"08013012907"},{"arcs":[[1180,-1169,1181,1182]],"type":"Polygon","properties":{"name":"08013013305","fips":"08013013305"},"id":"08013013305"},{"arcs":[[1183,-1152,1184,1185,1186,1187,1188]],"type":"Polygon","properties":{"name":"08013060900","fips":"08013060900"},"id":"08013060900"},{"arcs":[[1189,-1176,1190,-1135]],"type":"Polygon","properties":{"name":"08013012903","fips":"08013012903"},"id":"08013012903"},{"arcs":[[1191,1192,1193,1194,1195,1196,-1156,1197,1198,1199]],"type":"Polygon","properties":{"name":"08013012701","fips":"08013012701"},"id":"08013012701"},{"arcs":[[1200,1201,-286,1202]],"type":"Polygon","properties":{"name":"08013012507","fips":"08013012507"},"id":"08013012507"},{"arcs":[[1203,1204,1205,-1201,-1098,-1175]],"type":"Polygon","properties":{"name":"08013012505","fips":"08013012505"},"id":"08013012505"},{"arcs":[[1206,1207,1208,1209,-1183,1210,1211,-811,1212]],"type":"Polygon","properties":{"name":"08013013201","fips":"08013013201"},"id":"08013013201"},{"arcs":[[-1136,-1158,1213,1214,1215,1216,1217,-1165]],"type":"Polygon","properties":{"name":"08013013211","fips":"08013013211"},"id":"08013013211"},{"arcs":[[-1182,-1145,1218,1219,-1211]],"type":"Polygon","properties":{"name":"08013013207","fips":"08013013207"},"id":"08013013207"},{"arcs":[[1220,1221,1222,1223,1224,1225]],"type":"Polygon","properties":{"name":"08013012101","fips":"08013012101"},"id":"08013012101"},{"arcs":[[-1162,-1218,1226,1227,-1194,1228,1229]],"type":"Polygon","properties":{"name":"08013013205","fips":"08013013205"},"id":"08013013205"},{"arcs":[[1230,-1171,-1181,-1210]],"type":"Polygon","properties":{"name":"08013013306","fips":"08013013306"},"id":"08013013306"},{"arcs":[[1231,1232,-289,-149,1233]],"type":"Polygon","properties":{"name":"08013012501","fips":"08013012501"},"id":"08013012501"},{"arcs":[[-1224,1234,1235,-1205,1236,1237]],"type":"Polygon","properties":{"name":"08013012201","fips":"08013012201"},"id":"08013012201"},{"arcs":[[1238,-1196,1239]],"type":"Polygon","properties":{"name":"08013012705","fips":"08013012705"},"id":"08013012705"},{"arcs":[[-1195,-1228,1240,1241,-1240]],"type":"Polygon","properties":{"name":"08013012708","fips":"08013012708"},"id":"08013012708"},{"arcs":[[-404,-812,-1212,-1220,1242,1243,1244,1245]],"type":"Polygon","properties":{"name":"08013013601","fips":"08013013601"},"id":"08013013601"},{"arcs":[[-154,1246,-1133,1247,-1149,1248,1249,-1234]],"type":"Polygon","properties":{"name":"08013012710","fips":"08013012710"},"id":"08013012710"},{"arcs":[[-54,1250,-1245,1251,-1200,1252,1253,-1225,-1238,1254]],"type":"Polygon","properties":{"name":"08013013701","fips":"08013013701"},"id":"08013013701"},{"arcs":[[-59,-55,-1255,-1237,-1204,-1174,-1110,1255]],"type":"Polygon","properties":{"name":"08013013702","fips":"08013013702"},"id":"08013013702"},{"arcs":[[-1192,-1252,-1244,1256]],"type":"Polygon","properties":{"name":"08013013202","fips":"08013013202"},"id":"08013013202"},{"arcs":[[-1223,1257,1258,1259,1260,-1235]],"type":"Polygon","properties":{"name":"08013012204","fips":"08013012204"},"id":"08013012204"},{"arcs":[[-405,-1246,-1251,-53,-19,-854]],"type":"Polygon","properties":{"name":"08013013602","fips":"08013013602"},"id":"08013013602"},{"arcs":[[1261,1262,-1241,-1227]],"type":"Polygon","properties":{"name":"08013012709","fips":"08013012709"},"id":"08013012709"},{"arcs":[[1263,1264,1265,1266]],"type":"Polygon","properties":{"name":"08075966300","fips":"08075966300"},"id":"08075966300"},{"arcs":[[1267,1268,-1267,1269]],"type":"Polygon","properties":{"name":"08075966200","fips":"08075966200"},"id":"08075966200"},{"arcs":[[1270,1271,1272,1273,1274,1275]],"type":"Polygon","properties":{"name":"08123000401","fips":"08123000401"},"id":"08123000401"},{"arcs":[[-1272,1276,1277,1278,1279]],"type":"Polygon","properties":{"name":"08123001100","fips":"08123001100"},"id":"08123001100"},{"arcs":[[-1266,1280,-1270]],"type":"Polygon","properties":{"name":"08075966100","fips":"08075966100"},"id":"08075966100"},{"arcs":[[1281,1282,-1268,-1281,-1265,1283,1284,-1048,1285]],"type":"Polygon","properties":{"name":"08075966000","fips":"08075966000"},"id":"08075966000"},{"arcs":[[-1118,-1129,-25,-96,1286,-1284,-1264,-1269,-1283,1287]],"type":"Polygon","properties":{"name":"08075966400","fips":"08075966400"},"id":"08075966400"},{"arcs":[[1288,-1119,-1288,-1282,1289]],"type":"Polygon","properties":{"name":"08075965900","fips":"08075965900"},"id":"08075965900"},{"arcs":[[[1290,1291,-1188,1292,-1179,1293,1294,1295,1296,1297,1298]],[[1299,1300,1301]]],"type":"MultiPolygon","properties":{"name":"08013060800","fips":"08013060800"},"id":"08013060800"},{"arcs":[[1302,-1159,-1142,1303]],"type":"Polygon","properties":{"name":"08013013507","fips":"08013013507"},"id":"08013013507"},{"arcs":[[-1140,-1231,-1209,1304]],"type":"Polygon","properties":{"name":"08013013505","fips":"08013013505"},"id":"08013013505"},{"arcs":[[1305,-1147,-1168,-1163,-1230]],"type":"Polygon","properties":{"name":"08013013212","fips":"08013013212"},"id":"08013013212"},{"arcs":[[1306,1307]],"type":"Polygon","properties":{"name":"08013061300","fips":"08013061300"},"id":"08013061300"},{"arcs":[[1308,1309,-1089,1310,-1307]],"type":"Polygon","properties":{"name":"08013061400","fips":"08013061400"},"id":"08013061400"},{"arcs":[[1311,-287,1312,1313]],"type":"Polygon","properties":{"name":"08013012607","fips":"08013012607"},"id":"08013012607"},{"arcs":[[-1160,-1303,1314,-1207,1315]],"type":"Polygon","properties":{"name":"08013013508","fips":"08013013508"},"id":"08013013508"},{"arcs":[[-1208,-1315,-1304,-1141,-1305]],"type":"Polygon","properties":{"name":"08013013506","fips":"08013013506"},"id":"08013013506"},{"arcs":[[-1229,-1193,-1257,-1243,-1219,-1144,-1306]],"type":"Polygon","properties":{"name":"08013013213","fips":"08013013213"},"id":"08013013213"},{"arcs":[[-1312,1316,-151,-288]],"type":"Polygon","properties":{"name":"08013012608","fips":"08013012608"},"id":"08013012608"},{"arcs":[[1317,1318,1319,1320,1321]],"type":"Polygon","properties":{"name":"08123002013","fips":"08123002013"},"id":"08123002013"},{"arcs":[[1322,-1309,-1308,-1311,-1088,-1173,1323,-1232,-1250,1324]],"type":"Polygon","properties":{"name":"08013060600","fips":"08013060600"},"id":"08013060600"},{"arcs":[[-1249,-1148,-1184,1325,1326,1327,-1325]],"type":"Polygon","properties":{"name":"08013060700","fips":"08013060700"},"id":"08013060700"},{"arcs":[[-1131,-1185,-1151,1328]],"type":"Polygon","properties":{"name":"08013013005","fips":"08013013005"},"id":"08013013005"},{"arcs":[[-285,-1233,-1324,-1172,-1099,-1203]],"type":"Polygon","properties":{"name":"08013012508","fips":"08013012508"},"id":"08013012508"},{"arcs":[[-1153,-152,-1317,-1314,1329]],"type":"Polygon","properties":{"name":"08013012605","fips":"08013012605"},"id":"08013012605"},{"arcs":[[-1132,-1329,-1150,-1248]],"type":"Polygon","properties":{"name":"08013013004","fips":"08013013004"},"id":"08013013004"},{"arcs":[[-1236,-1261,1330,-1206]],"type":"Polygon","properties":{"name":"08013012401","fips":"08013012401"},"id":"08013012401"},{"arcs":[[-1313,-1202,-1331,-1260,1331]],"type":"Polygon","properties":{"name":"08013012300","fips":"08013012300"},"id":"08013012300"},{"arcs":[[-1332,-1259,1332,-1154,-1330]],"type":"Polygon","properties":{"name":"08013012202","fips":"08013012202"},"id":"08013012202"},{"arcs":[[-1155,-1333,-1258,-1222,1333,1334]],"type":"Polygon","properties":{"name":"08013012102","fips":"08013012102"},"id":"08013012102"},{"arcs":[[-1199,1335,-1334,-1221,1336,-1253]],"type":"Polygon","properties":{"name":"08013012105","fips":"08013012105"},"id":"08013012105"},{"arcs":[[-1254,-1337,-1226]],"type":"Polygon","properties":{"name":"08013012104","fips":"08013012104"},"id":"08013012104"},{"arcs":[[1337,-1186,-1130,-1191]],"type":"Polygon","properties":{"name":"08013012904","fips":"08013012904"},"id":"08013012904"},{"arcs":[[1338,1339,1340,-1321,1341,1342,1343]],"type":"Polygon","properties":{"name":"08123002012","fips":"08123002012"},"id":"08123002012"},{"arcs":[[-1292,-1326,-1189]],"type":"Polygon","properties":{"name":"08014980100","fips":"08014980100"},"id":"08014980100"},{"arcs":[[-1197,-1239,-1242,-1263,1344,-1134,-1247,-1157]],"type":"Polygon","properties":{"name":"08013012707","fips":"08013012707"},"id":"08013012707"},{"arcs":[[-1293,-1187,-1338,-1180]],"type":"Polygon","properties":{"name":"08013012905","fips":"08013012905"},"id":"08013012905"},{"arcs":[[-1336,-1198,-1335]],"type":"Polygon","properties":{"name":"08013012103","fips":"08013012103"},"id":"08013012103"},{"arcs":[[-1177,-1190,-1345,-1262,-1217,1345,1346]],"type":"Polygon","properties":{"name":"08013012800","fips":"08013012800"},"id":"08013012800"},{"arcs":[[1347,1348,1349,1350]],"type":"Polygon","properties":{"name":"08123001412","fips":"08123001412"},"id":"08123001412"},{"arcs":[[1351,1352,1353,-1351]],"type":"Polygon","properties":{"name":"08123001407","fips":"08123001407"},"id":"08123001407"},{"arcs":[[1354,-1352,1355,1356]],"type":"Polygon","properties":{"name":"08123001408","fips":"08123001408"},"id":"08123001408"},{"arcs":[[1357,1358,1359]],"type":"Polygon","properties":{"name":"08123001405","fips":"08123001405"},"id":"08123001405"},{"arcs":[[-1358,1360,1361,-1353,-1355,1362,1363]],"type":"Polygon","properties":{"name":"08123001406","fips":"08123001406"},"id":"08123001406"},{"arcs":[[1364,1365,1366,1367]],"type":"Polygon","properties":{"name":"08123001414","fips":"08123001414"},"id":"08123001414"},{"arcs":[[1368,1369,1370,1371]],"type":"Polygon","properties":{"name":"08123001003","fips":"08123001003"},"id":"08123001003"},{"arcs":[[1372,1373,-581,1374]],"type":"Polygon","properties":{"name":"08123002207","fips":"08123002207"},"id":"08123002207"},{"arcs":[[1375,-1346,-1216,1376,1377,-1343,1378,1379,1380,1381]],"type":"Polygon","properties":{"name":"08123002009","fips":"08123002009"},"id":"08123002009"},{"arcs":[[-1301,1382,1383,1384,1385,-1298]],"type":"Polygon","properties":{"name":"08014030900","fips":"08014030900"},"id":"08014030900"},{"arcs":[[1386,1387,1388,-702,-716]],"type":"Polygon","properties":{"name":"08014030800","fips":"08014030800"},"id":"08014030800"},{"arcs":[[-914,1389,1390,1391,1392,1393,1394,-693]],"type":"Polygon","properties":{"name":"08123001908","fips":"08123001908"},"id":"08123001908"},{"arcs":[[1395,1396,1397,1398,-1377,-1215]],"type":"Polygon","properties":{"name":"08123002010","fips":"08123002010"},"id":"08123002010"},{"arcs":[[1399,1400,1401,1402,1403,1404,-1393]],"type":"Polygon","properties":{"name":"08123001906","fips":"08123001906"},"id":"08123001906"},{"arcs":[[1405,1406,1407,1408,-1396,-1214,-1161,-1316,-1213,-810,-803,-816,-938]],"type":"Polygon","properties":{"name":"08123002103","fips":"08123002103"},"id":"08123002103"},{"arcs":[[1409,1410,1411,1412,1413]],"type":"Polygon","properties":{"name":"08123001410","fips":"08123001410"},"id":"08123001410"},{"arcs":[[-1375,-580,1414,1415,1416,1417]],"type":"Polygon","properties":{"name":"08123002208","fips":"08123002208"},"id":"08123002208"},{"arcs":[[1418,1419,1420,1421]],"type":"Polygon","properties":{"name":"08123001417","fips":"08123001417"},"id":"08123001417"},{"arcs":[[1422,1423,-1420,1424,-1367,-1349,1425]],"type":"Polygon","properties":{"name":"08123001416","fips":"08123001416"},"id":"08123001416"},{"arcs":[[1426,1427,1428,-1359,-1364,-1278,-1370,1429]],"type":"Polygon","properties":{"name":"08123001005","fips":"08123001005"},"id":"08123001005"},{"arcs":[[1430,1431,1432,-1427,1433,-1372,1434,1435]],"type":"Polygon","properties":{"name":"08123001004","fips":"08123001004"},"id":"08123001004"},{"arcs":[[1436,1437,1438,1439,1440,1441,1442]],"type":"Polygon","properties":{"name":"08123000705","fips":"08123000705"},"id":"08123000705"},{"arcs":[[1443,1444,1445,1446,-1435]],"type":"Polygon","properties":{"name":"08123000800","fips":"08123000800"},"id":"08123000800"},{"arcs":[[-1275,1447,1448,-1446]],"type":"Polygon","properties":{"name":"08123000200","fips":"08123000200"},"id":"08123000200"},{"arcs":[[1449,-1448,1450,-539,1451]],"type":"Polygon","properties":{"name":"08123000100","fips":"08123000100"},"id":"08123000100"},{"arcs":[[-1276,-1445,1452]],"type":"Polygon","properties":{"name":"08123000300","fips":"08123000300"},"id":"08123000300"},{"arcs":[[-1444,-1371,-1277,-1271,-1453]],"type":"Polygon","properties":{"name":"08123000900","fips":"08123000900"},"id":"08123000900"},{"arcs":[[1453,-535,-1451,-1274]],"type":"Polygon","properties":{"name":"08123000402","fips":"08123000402"},"id":"08123000402"},{"arcs":[[-1273,-1280,-1413,1454]],"type":"Polygon","properties":{"name":"08123001202","fips":"08123001202"},"id":"08123001202"},{"arcs":[[1455,1456,1457,-536,1458,1459,-1421,-1424]],"type":"Polygon","properties":{"name":"08123001300","fips":"08123001300"},"id":"08123001300"},{"arcs":[[-1412,-1459,-1454,-1455]],"type":"Polygon","properties":{"name":"08123001201","fips":"08123001201"},"id":"08123001201"},{"arcs":[[1460,-1402,1461,1462,1463,-1408,1464,1465,1466]],"type":"Polygon","properties":{"name":"08123001800","fips":"08123001800"},"id":"08123001800"},{"arcs":[[-1440,1467,-1452,-538,1468,-1457,1469]],"type":"Polygon","properties":{"name":"08123000600","fips":"08123000600"},"id":"08123000600"},{"arcs":[[1470,-1466,1471,1472,-1428,-1433,1473,-1443]],"type":"Polygon","properties":{"name":"08123001700","fips":"08123001700"},"id":"08123001700"},{"arcs":[[-1361,-1360,-1429,-1473,1474]],"type":"Polygon","properties":{"name":"08123001404","fips":"08123001404"},"id":"08123001404"},{"arcs":[[1475,1476,1477,1478]],"type":"Polygon","properties":{"name":"08059010801","fips":"08059010801"},"id":"08059010801"},{"arcs":[[1479,1480,-1051,-1046,-852,-831,-841,-282,1481,-1467]],"type":"Polygon","properties":{"name":"08123002502","fips":"08123002502"},"id":"08123002502"},{"arcs":[[-281,1482,-1403,-1461,-1482]],"type":"Polygon","properties":{"name":"08123001902","fips":"08123001902"},"id":"08123001902"},{"arcs":[[1483,-1441,-1470,-1456,-1423,1484,-1416,1485,1486]],"type":"Polygon","properties":{"name":"08123001500","fips":"08123001500"},"id":"08123001500"},{"arcs":[[1487,1488,1489,-641]],"type":"Polygon","properties":{"name":"08014031000","fips":"08014031000"},"id":"08014031000"},{"arcs":[[-1486,-1415,-579,1490]],"type":"Polygon","properties":{"name":"08123002300","fips":"08123002300"},"id":"08123002300"},{"arcs":[[-1436,-1447,-1449,-1450,-1468,-1439,1491]],"type":"Polygon","properties":{"name":"08123000701","fips":"08123000701"},"id":"08123000701"},{"arcs":[[-1480,-1471,-1442,-1484,1492]],"type":"Polygon","properties":{"name":"08123001600","fips":"08123001600"},"id":"08123001600"},{"arcs":[[1493,1494,1495,1496]],"type":"Polygon","properties":{"name":"08123002204","fips":"08123002204"},"id":"08123002204"},{"arcs":[[1497,-1299,-1386,1498,1499,1500,1501,-1328]],"type":"Polygon","properties":{"name":"08014031200","fips":"08014031200"},"id":"08014031200"},{"arcs":[[-1389,1502,1503,-703]],"type":"Polygon","properties":{"name":"08014030700","fips":"08014030700"},"id":"08014030700"},{"arcs":[[-1487,-1491,-578,-909,-859,1504,-1290,-1286,-1052,-1481,-1493]],"type":"Polygon","properties":{"name":"08123002501","fips":"08123002501"},"id":"08123002501"},{"arcs":[[-1469,-537,-1458]],"type":"Polygon","properties":{"name":"08123000501","fips":"08123000501"},"id":"08123000501"},{"arcs":[[-1054,-1049,-1285,-1287,-95]],"type":"Polygon","properties":{"name":"08121924200","fips":"08121924200"},"id":"08121924200"},{"arcs":[[1505,1506,-1390,-913,-902,1507]],"type":"Polygon","properties":{"name":"08123002006","fips":"08123002006"},"id":"08123002006"},{"arcs":[[-937,1508,1509,-1406]],"type":"Polygon","properties":{"name":"08123002102","fips":"08123002102"},"id":"08123002102"},{"arcs":[[1510,-1348,-1354,-1362,-1475,-1472,-1465,-1407,-1510]],"type":"Polygon","properties":{"name":"08123002101","fips":"08123002101"},"id":"08123002101"},{"arcs":[[-1509,-936,1511,1512]],"type":"Polygon","properties":{"name":"08123002210","fips":"08123002210"},"id":"08123002210"},{"arcs":[[1513,-1463,1514]],"type":"Polygon","properties":{"name":"08123002020","fips":"08123002020"},"id":"08123002020"},{"arcs":[[-1511,-1513,1515,-1497,1516,-1417,-1485,-1426]],"type":"Polygon","properties":{"name":"08123002209","fips":"08123002209"},"id":"08123002209"},{"arcs":[[-582,-1374,1517,-1494,-1516,-1512]],"type":"Polygon","properties":{"name":"08123002206","fips":"08123002206"},"id":"08123002206"},{"arcs":[[-1495,-1518,1518]],"type":"Polygon","properties":{"name":"08123002205","fips":"08123002205"},"id":"08123002205"},{"arcs":[[-1291,-1498,-1327]],"type":"Polygon","properties":{"name":"08014980300","fips":"08014980300"},"id":"08014980300"},{"arcs":[[[-715,-1079,1519]],[[1521,-1501,1522,1523,-1081,-1091]]],"type":"MultiPolygon","properties":{"name":"08014030200","fips":"08014030200"},"id":"08014030200"},{"arcs":[[-1310,-1323,-1502,-1522,-1090]],"type":"Polygon","properties":{"name":"08014031100","fips":"08014031100"},"id":"08014031100"},{"arcs":[[-899,-1490,1524,-1300,1525,-1296,1526]],"type":"Polygon","properties":{"name":"08014031300","fips":"08014031300"},"id":"08014031300"},{"arcs":[[-1295,1527,1528,-1381,1529,-900,-896,-1527]],"type":"Polygon","properties":{"name":"08014031400","fips":"08014031400"},"id":"08014031400"},{"arcs":[[-1504,1530,-1488,-640]],"type":"Polygon","properties":{"name":"08014030600","fips":"08014030600"},"id":"08014030600"},{"arcs":[[-1373,-1418,-1517,-1496,-1519]],"type":"Polygon","properties":{"name":"08123002203","fips":"08123002203"},"id":"08123002203"},{"arcs":[[1531,1532,1533,-1319]],"type":"Polygon","properties":{"name":"08123002014","fips":"08123002014"},"id":"08123002014"},{"arcs":[[1534,-1398,1535,-1339]],"type":"Polygon","properties":{"name":"08123002017","fips":"08123002017"},"id":"08123002017"},{"arcs":[[-1535,-1344,-1378,-1399]],"type":"Polygon","properties":{"name":"08123002011","fips":"08123002011"},"id":"08123002011"},{"arcs":[[-1391,-1507,1536,-1533,1537]],"type":"Polygon","properties":{"name":"08123002015","fips":"08123002015"},"id":"08123002015"},{"arcs":[[-929,-688,-1395,1538,-1404,-1483,-280,-893]],"type":"Polygon","properties":{"name":"08123001907","fips":"08123001907"},"id":"08123001907"},{"arcs":[[-1405,-1539,-1394]],"type":"Polygon","properties":{"name":"08123001905","fips":"08123001905"},"id":"08123001905"},{"arcs":[[1539,1540,-1515,-1462,-1401,1541]],"type":"Polygon","properties":{"name":"08123002021","fips":"08123002021"},"id":"08123002021"},{"arcs":[[1542,1543,-1383,-1525,-1489,-1531,-1503,-1388]],"type":"Polygon","properties":{"name":"08014030500","fips":"08014030500"},"id":"08014030500"},{"arcs":[[-1526,-1302,-1297]],"type":"Polygon","properties":{"name":"08014980200","fips":"08014980200"},"id":"08014980200"},{"arcs":[[-1543,-1387,-1520,-1078,-1521,-1076,-1524,1544,1545,1546]],"type":"Polygon","properties":{"name":"08014030300","fips":"08014030300"},"id":"08014030300"},{"arcs":[[-1523,-1500,1547,-1545]],"type":"Polygon","properties":{"name":"08014030000","fips":"08014030000"},"id":"08014030000"},{"arcs":[[-1546,-1548,-1499,-1385]],"type":"Polygon","properties":{"name":"08014030100","fips":"08014030100"},"id":"08014030100"},{"arcs":[[-1384,-1544,-1547]],"type":"Polygon","properties":{"name":"08014030400","fips":"08014030400"},"id":"08014030400"},{"arcs":[[-1538,-1532,-1318,1548,-1542,-1400,-1392]],"type":"Polygon","properties":{"name":"08123002016","fips":"08123002016"},"id":"08123002016"},{"arcs":[[-1540,-1549,-1322,-1341,1549]],"type":"Polygon","properties":{"name":"08123002018","fips":"08123002018"},"id":"08123002018"},{"arcs":[[-1340,-1536,-1397,-1409,-1464,-1514,-1541,-1550]],"type":"Polygon","properties":{"name":"08123002019","fips":"08123002019"},"id":"08123002019"},{"arcs":[[-1529,1550,-1382]],"type":"Polygon","properties":{"name":"08123002008","fips":"08123002008"},"id":"08123002008"},{"arcs":[[-1376,-1551,-1528,-1294,-1178,-1347]],"type":"Polygon","properties":{"name":"08123002007","fips":"08123002007"},"id":"08123002007"},{"arcs":[[-1380,1551,-1508,-901,-1530]],"type":"Polygon","properties":{"name":"08123002005","fips":"08123002005"},"id":"08123002005"},{"arcs":[[-1379,-1342,-1320,-1534,-1537,-1506,-1552]],"type":"Polygon","properties":{"name":"08123002004","fips":"08123002004"},"id":"08123002004"},{"arcs":[[1552,-1437,-1474,-1432]],"type":"Polygon","properties":{"name":"08123000704","fips":"08123000704"},"id":"08123000704"},{"arcs":[[-1438,-1553,-1431,-1492]],"type":"Polygon","properties":{"name":"08123000703","fips":"08123000703"},"id":"08123000703"},{"arcs":[[-1369,-1434,-1430]],"type":"Polygon","properties":{"name":"08123001006","fips":"08123001006"},"id":"08123001006"},{"arcs":[[-1365,-1422,-1460,-1411]],"type":"Polygon","properties":{"name":"08123001413","fips":"08123001413"},"id":"08123001413"},{"arcs":[[-1425,-1419,-1368]],"type":"Polygon","properties":{"name":"08123001415","fips":"08123001415"},"id":"08123001415"},{"arcs":[[-1357,-1414,-1279,-1363]],"type":"Polygon","properties":{"name":"08123001409","fips":"08123001409"},"id":"08123001409"},{"arcs":[[-1350,-1366,-1410,-1356]],"type":"Polygon","properties":{"name":"08123001411","fips":"08123001411"},"id":"08123001411"},{"arcs":[[1553,1554,1555,1556]],"type":"Polygon","properties":{"name":"08071000200","fips":"08071000200"},"id":"08071000200"},{"arcs":[[1557,1558,1559,1560,1561]],"type":"Polygon","properties":{"name":"08039961206","fips":"08039961206"},"id":"08039961206"},{"arcs":[[1562,1563,1564,1565,-1479]],"type":"Polygon","properties":{"name":"08059010504","fips":"08059010504"},"id":"08059010504"},{"arcs":[[-1109,-103,1566,-101,-60,-1256]],"type":"Polygon","properties":{"name":"08047013800","fips":"08047013800"},"id":"08047013800"},{"arcs":[[-829,1567,1568,1569,-920,-842]],"type":"Polygon","properties":{"name":"08031980000","fips":"08031980000"},"id":"08031980000"},{"arcs":[[1570,1571,1572,1573,1574]],"type":"Polygon","properties":{"name":"08059012057","fips":"08059012057"},"id":"08059012057"},{"arcs":[[1575,1576,1577,1578,1579,-88,1580,1581,1582,1583,1584]],"type":"Polygon","properties":{"name":"08099000700","fips":"08099000700"},"id":"08099000700"},{"arcs":[[1585,1586,1587,1588,1589,1590,1591,1592,-1554,1593]],"type":"Polygon","properties":{"name":"08071000800","fips":"08071000800"},"id":"08071000800"},{"arcs":[[1594,1595,-1594,-1557]],"type":"Polygon","properties":{"name":"08071000100","fips":"08071000100"},"id":"08071000100"},{"arcs":[[1596,1597,1598,-1595,-1556,1599]],"type":"Polygon","properties":{"name":"08071000300","fips":"08071000300"},"id":"08071000300"},{"arcs":[[1600,1601,1602,1603,1604,1605]],"type":"Polygon","properties":{"name":"08043978200","fips":"08043978200"},"id":"08043978200"},{"arcs":[[1606,1607,1608]],"type":"Polygon","properties":{"name":"08101000905","fips":"08101000905"},"id":"08101000905"},{"arcs":[[1609,-1593]],"type":"Polygon","properties":{"name":"08071000500","fips":"08071000500"},"id":"08071000500"},{"arcs":[[-1555,-1610,-1592,1610,-1600]],"type":"Polygon","properties":{"name":"08071000400","fips":"08071000400"},"id":"08071000400"},{"arcs":[[1611,1612,1613,1614,1615]],"type":"Polygon","properties":{"name":"08059011724","fips":"08059011724"},"id":"08059011724"},{"arcs":[[1616,1617,1618,1619,1620]],"type":"Polygon","properties":{"name":"08031003401","fips":"08031003401"},"id":"08031003401"},{"arcs":[[1621,1622,1623,1624,-1606],[1625]],"type":"Polygon","properties":{"name":"08043979400","fips":"08043979400"},"id":"08043979400"},{"arcs":[[-1626]],"type":"Polygon","properties":{"name":"08043980200","fips":"08043980200"},"id":"08043980200"},{"arcs":[[1626,1627,-1602,1628,1629]],"type":"Polygon","properties":{"name":"08043979100","fips":"08043979100"},"id":"08043979100"},{"arcs":[[1630,1631,1632,-1618,1633]],"type":"Polygon","properties":{"name":"08031002902","fips":"08031002902"},"id":"08031002902"},{"arcs":[[1634,1635,1636,1637,1638,1639,-1622,-1605,1640]],"type":"Polygon","properties":{"name":"08043978100","fips":"08043978100"},"id":"08043978100"},{"arcs":[[1641,-1603,-1628,1642]],"type":"Polygon","properties":{"name":"08043980300","fips":"08043980300"},"id":"08043980300"},{"arcs":[[-1601,-1625,1643,-8,1644,1645,1646,1647,-1629]],"type":"Polygon","properties":{"name":"08043979200","fips":"08043979200"},"id":"08043979200"},{"arcs":[[-1648,1648,1649,-1630]],"type":"Polygon","properties":{"name":"08043978800","fips":"08043978800"},"id":"08043978800"},{"arcs":[[-1646,1650,1651]],"type":"Polygon","properties":{"name":"08043980100","fips":"08043980100"},"id":"08043980100"},{"arcs":[[1652,-1649,-1647,-1652,1653,1654]],"type":"Polygon","properties":{"name":"08043978600","fips":"08043978600"},"id":"08043978600"},{"arcs":[[1655,-1654,-1651,-1645,-7]],"type":"Polygon","properties":{"name":"08043978500","fips":"08043978500"},"id":"08043978500"},{"arcs":[[-1643,-1627,-1650,-1653,1656]],"type":"Polygon","properties":{"name":"08043978400","fips":"08043978400"},"id":"08043978400"},{"arcs":[[-739,-694,-347,-919,1657,1658,1659]],"type":"Polygon","properties":{"name":"08001008709","fips":"08001008709"},"id":"08001008709"},{"arcs":[[1660,-741,-765,-753,1661,1662,1663]],"type":"Polygon","properties":{"name":"08001009751","fips":"08001009751"},"id":"08001009751"},{"arcs":[[1664,-1662,-966,-340]],"type":"Polygon","properties":{"name":"08001009752","fips":"08001009752"},"id":"08001009752"},{"arcs":[[1665,1666,1667,1668]],"type":"Polygon","properties":{"name":"08001007801","fips":"08001007801"},"id":"08001007801"},{"arcs":[[1669,1670,1671,1672,1673,1674,1675]],"type":"Polygon","properties":{"name":"08001008309","fips":"08001008309"},"id":"08001008309"},{"arcs":[[1676,1677,1678,-1671,1679,1680]],"type":"Polygon","properties":{"name":"08001008308","fips":"08001008308"},"id":"08001008308"},{"arcs":[[-1656,-6,1681,-1641,-1604,-1642,-1657,-1655]],"type":"Polygon","properties":{"name":"08043978300","fips":"08043978300"},"id":"08043978300"},{"arcs":[[-1681,1682,1683,1684,1685]],"type":"Polygon","properties":{"name":"08001008100","fips":"08001008100"},"id":"08001008100"},{"arcs":[[1686,-1685,1687,1688]],"type":"Polygon","properties":{"name":"08001008000","fips":"08001008000"},"id":"08001008000"},{"arcs":[[1689,1690,1691,-1563,-1478,1692]],"type":"Polygon","properties":{"name":"08059009807","fips":"08059009807"},"id":"08059009807"},{"arcs":[[-1674,1693,1694,1695,-1568,-828,1696,1697]],"type":"Polygon","properties":{"name":"08001008353","fips":"08001008353"},"id":"08001008353"},{"arcs":[[-1667,1698,1699,-1689]],"type":"Polygon","properties":{"name":"08001007900","fips":"08001007900"},"id":"08001007900"},{"arcs":[[-9,-1644,-1624,1700,1701,1702,-472]],"type":"Polygon","properties":{"name":"08027970100","fips":"08027970100"},"id":"08027970100"},{"arcs":[[1703,1704,1705,1706,1707,1708,1709,1710]],"type":"Polygon","properties":{"name":"08025969600","fips":"08025969600"},"id":"08025969600"},{"arcs":[[-1708,1711,1712]],"type":"Polygon","properties":{"name":"08089968100","fips":"08089968100"},"id":"08089968100"},{"arcs":[[-1709,-1713,1713,1714,1715]],"type":"Polygon","properties":{"name":"08089968200","fips":"08089968200"},"id":"08089968200"},{"arcs":[[1716,1717,-1588,1718,1719,-1710,-1716,1720]],"type":"Polygon","properties":{"name":"08089968400","fips":"08089968400"},"id":"08089968400"},{"arcs":[[1721,1722]],"type":"Polygon","properties":{"name":"08089968600","fips":"08089968600"},"id":"08089968600"},{"arcs":[[1723,1724,1725,-1572]],"type":"Polygon","properties":{"name":"08059012060","fips":"08059012060"},"id":"08059012060"},{"arcs":[[1726,-1721,-1715,1727,-1723]],"type":"Polygon","properties":{"name":"08089968300","fips":"08089968300"},"id":"08089968300"},{"arcs":[[1728,1729,1730,1731,1732,1733]],"type":"Polygon","properties":{"name":"08031003701","fips":"08031003701"},"id":"08031003701"},{"arcs":[[-1711,-1720,1734]],"type":"Polygon","properties":{"name":"08089968000","fips":"08089968000"},"id":"08089968000"},{"arcs":[[1735,-1582,1736,-1589,-1718,1737,1738]],"type":"Polygon","properties":{"name":"08011966700","fips":"08011966700"},"id":"08011966700"},{"arcs":[[1739,1740,1741,1742,1743]],"type":"Polygon","properties":{"name":"08031003201","fips":"08031003201"},"id":"08031003201"},{"arcs":[[-1727,-1722,-1728,-1714,-1712,-1707,1744,-1738,-1717]],"type":"Polygon","properties":{"name":"08089968500","fips":"08089968500"},"id":"08089968500"},{"arcs":[[1745,-1562,1746,1747]],"type":"Polygon","properties":{"name":"08039961208","fips":"08039961208"},"id":"08039961208"},{"arcs":[[1748,1749,1750]],"type":"Polygon","properties":{"name":"08059011805","fips":"08059011805"},"id":"08059011805"},{"arcs":[[1751,1752,-1750,1753,1754,1755]],"type":"Polygon","properties":{"name":"08059011806","fips":"08059011806"},"id":"08059011806"},{"arcs":[[1756,1757,1758,-1742,1759]],"type":"Polygon","properties":{"name":"08031002703","fips":"08031002703"},"id":"08031002703"},{"arcs":[[1760,1761,1762,1763,1764,1765]],"type":"Polygon","properties":{"name":"08017960600","fips":"08017960600"},"id":"08017960600"},{"arcs":[[1766,1767,1768,1769,1770,1771,-1748]],"type":"Polygon","properties":{"name":"08039961209","fips":"08039961209"},"id":"08039961209"},{"arcs":[[1772,-1767,-1747,-1561,1773]],"type":"Polygon","properties":{"name":"08039961207","fips":"08039961207"},"id":"08039961207"},{"arcs":[[-1743,-1759,1774,1775,1776,-1731,1777]],"type":"Polygon","properties":{"name":"08031003102","fips":"08031003102"},"id":"08031003102"},{"arcs":[[-1773,1778,1779,1780,1781,-1768]],"type":"Polygon","properties":{"name":"08039961205","fips":"08039961205"},"id":"08039961205"},{"arcs":[[-1560,1782,1783,1784,1785,1786,-1779,-1774]],"type":"Polygon","properties":{"name":"08039961204","fips":"08039961204"},"id":"08039961204"},{"arcs":[[[1787,1788,1789,1790]],[[1793,1794,1795,1796,1797]],[[1798,1799,1800]]],"type":"MultiPolygon","properties":{"name":"08059012050","fips":"08059012050"},"id":"08059012050"},{"arcs":[[1801,1802,-1732,-1777]],"type":"Polygon","properties":{"name":"08031003101","fips":"08031003101"},"id":"08031003101"},{"arcs":[[1803,1804,1805,1806,1807,-1781]],"type":"Polygon","properties":{"name":"08039961100","fips":"08039961100"},"id":"08039961100"},{"arcs":[[-1684,1808,-1668,-1688]],"type":"Polygon","properties":{"name":"08001007802","fips":"08001007802"},"id":"08001007802"},{"arcs":[[-186,-176,1809,1810,-1598,1811]],"type":"Polygon","properties":{"name":"08023972700","fips":"08023972700"},"id":"08023972700"},{"arcs":[[1812,-1810,-175,-511]],"type":"Polygon","properties":{"name":"08023972600","fips":"08023972600"},"id":"08023972600"},{"arcs":[[1813,-1677,-1686]],"type":"Polygon","properties":{"name":"08001008200","fips":"08001008200"},"id":"08001008200"},{"arcs":[[1814,1815,-1061,-1069,-1661,1816]],"type":"Polygon","properties":{"name":"08059010406","fips":"08059010406"},"id":"08059010406"},{"arcs":[[1817,1818,1819,1820]],"type":"Polygon","properties":{"name":"08059011100","fips":"08059011100"},"id":"08059011100"},{"arcs":[[1821,1822,1823,1824]],"type":"Polygon","properties":{"name":"08059011723","fips":"08059011723"},"id":"08059011723"},{"arcs":[[1825,-1825,1826,1827,1828]],"type":"Polygon","properties":{"name":"08059011733","fips":"08059011733"},"id":"08059011733"},{"arcs":[[1829,-1564,-1692,1830,1831,1832]],"type":"Polygon","properties":{"name":"08059009806","fips":"08059009806"},"id":"08059009806"},{"arcs":[[1833,1834,1835,1836]],"type":"Polygon","properties":{"name":"08059010402","fips":"08059010402"},"id":"08059010402"},{"arcs":[[1837,1838,1839,1840,1841]],"type":"Polygon","properties":{"name":"08059011729","fips":"08059011729"},"id":"08059011729"},{"arcs":[[-1113,1842,1843,1844,1845]],"type":"Polygon","properties":{"name":"08059010000","fips":"08059010000"},"id":"08059010000"},{"arcs":[[1846,1847,1848,1849,1850,1851]],"type":"Polygon","properties":{"name":"08059012041","fips":"08059012041"},"id":"08059012041"},{"arcs":[[1852,-91,1853,-1805]],"type":"Polygon","properties":{"name":"08073961700","fips":"08073961700"},"id":"08073961700"},{"arcs":[[-1584,1854,-1576,1855]],"type":"Polygon","properties":{"name":"08099000200","fips":"08099000200"},"id":"08099000200"},{"arcs":[[1856,-1724,-1571,1857,1858]],"type":"Polygon","properties":{"name":"08059012024","fips":"08059012024"},"id":"08059012024"},{"arcs":[[1859,1860,1861]],"type":"Polygon","properties":{"name":"08101003104","fips":"08101003104"},"id":"08101003104"},{"arcs":[[1862,-1705,1863,-1806,-1854,-90,1864,-1761]],"type":"Polygon","properties":{"name":"08073961800","fips":"08073961800"},"id":"08073961800"},{"arcs":[[1865,-1849,1866]],"type":"Polygon","properties":{"name":"08059980400","fips":"08059980400"},"id":"08059980400"},{"arcs":[[1867,1868,-1693,-1477,1869]],"type":"Polygon","properties":{"name":"08059015800","fips":"08059015800"},"id":"08059015800"},{"arcs":[[1870,1871,1872,1873,1874]],"type":"Polygon","properties":{"name":"08059011401","fips":"08059011401"},"id":"08059011401"},{"arcs":[[1875,-1573,-1726,1876]],"type":"Polygon","properties":{"name":"08059012059","fips":"08059012059"},"id":"08059012059"},{"arcs":[[-1114,-1846,1877,1878,1879,1880]],"type":"Polygon","properties":{"name":"08059009849","fips":"08059009849"},"id":"08059009849"},{"arcs":[[-1577,-1855,-1583,-1736,1881]],"type":"Polygon","properties":{"name":"08099000100","fips":"08099000100"},"id":"08099000100"},{"arcs":[[-1856,-1585]],"type":"Polygon","properties":{"name":"08099000300","fips":"08099000300"},"id":"08099000300"},{"arcs":[[1882,1883,-1877,-1725,1884]],"type":"Polygon","properties":{"name":"08059012023","fips":"08059012023"},"id":"08059012023"},{"arcs":[[1885,1886,-1796,1887,1888]],"type":"Polygon","properties":{"name":"08059012048","fips":"08059012048"},"id":"08059012048"},{"arcs":[[1889,1890,-1565,-1830]],"type":"Polygon","properties":{"name":"08059010503","fips":"08059010503"},"id":"08059010503"},{"arcs":[[1891,-1579,1892,1893]],"type":"Polygon","properties":{"name":"08099000600","fips":"08099000600"},"id":"08099000600"},{"arcs":[[1894,1895,1896,-1828]],"type":"Polygon","properties":{"name":"08059011732","fips":"08059011732"},"id":"08059011732"},{"arcs":[[-1874,1897,1898,1899,1900]],"type":"Polygon","properties":{"name":"08059011402","fips":"08059011402"},"id":"08059011402"},{"arcs":[[1901,1902,-1841,1903,1904,-1867,-1848,1905]],"type":"Polygon","properties":{"name":"08059015900","fips":"08059015900"},"id":"08059015900"},{"arcs":[[1906,1907,1908,-1754,-1749]],"type":"Polygon","properties":{"name":"08059011602","fips":"08059011602"},"id":"08059011602"},{"arcs":[[1909,1910,1911,1912,1913]],"type":"Polygon","properties":{"name":"08059010603","fips":"08059010603"},"id":"08059010603"},{"arcs":[[-1847,1914,1915,1916,-1906]],"type":"Polygon","properties":{"name":"08059012039","fips":"08059012039"},"id":"08059012039"},{"arcs":[[1917,-1895,-1827,-1824,1918]],"type":"Polygon","properties":{"name":"08059011721","fips":"08059011721"},"id":"08059011721"},{"arcs":[[-1881,1919,1920,1921,-105,-1108]],"type":"Polygon","properties":{"name":"08059009850","fips":"08059009850"},"id":"08059009850"},{"arcs":[[-1833,1922,-1096,1923,-1835,1924]],"type":"Polygon","properties":{"name":"08059009852","fips":"08059009852"},"id":"08059009852"},{"arcs":[[1925,1926,-1886,1927,-1883]],"type":"Polygon","properties":{"name":"08059012047","fips":"08059012047"},"id":"08059012047"},{"arcs":[[1928,1929,1930,1931,1932]],"type":"Polygon","properties":{"name":"08059011712","fips":"08059011712"},"id":"08059011712"},{"arcs":[[-1869,1933,-1896,-1918,1934,-1690]],"type":"Polygon","properties":{"name":"08059010901","fips":"08059010901"},"id":"08059010901"},{"arcs":[[-1691,-1935,1935,-1878,-1845,1936,-1831]],"type":"Polygon","properties":{"name":"08059010100","fips":"08059010100"},"id":"08059010100"},{"arcs":[[1937,-1858,-1575,1938,1939,1940,1941,1942,1943,1944,1945,1946,1947]],"type":"Polygon","properties":{"name":"08059012036","fips":"08059012036"},"id":"08059012036"},{"arcs":[[1948,1949,1950,1951]],"type":"Polygon","properties":{"name":"08059012051","fips":"08059012051"},"id":"08059012051"},{"arcs":[[-1574,-1876,1952,1953,-1939]],"type":"Polygon","properties":{"name":"08059012055","fips":"08059012055"},"id":"08059012055"},{"arcs":[[-1951,-1953,-1884,-1928,-1889]],"type":"Polygon","properties":{"name":"08059012052","fips":"08059012052"},"id":"08059012052"},{"arcs":[[1954,1955,1956,1957,1958]],"type":"Polygon","properties":{"name":"08059012032","fips":"08059012032"},"id":"08059012032"},{"arcs":[[-1948,1959,-1956,1960,1961]],"type":"Polygon","properties":{"name":"08059012033","fips":"08059012033"},"id":"08059012033"},{"arcs":[[1962,1963,-1843,-1112,-1101,-1106]],"type":"Polygon","properties":{"name":"08059009843","fips":"08059009843"},"id":"08059009843"},{"arcs":[[1964,1965,-1955,1966,1967,1968]],"type":"Polygon","properties":{"name":"08059012027","fips":"08059012027"},"id":"08059012027"},{"arcs":[[1969,1970,-1837,1971,-992,-1062,-1816]],"type":"Polygon","properties":{"name":"08059010405","fips":"08059010405"},"id":"08059010405"},{"arcs":[[-1967,-1959,1972,1973,1974]],"type":"Polygon","properties":{"name":"08059012026","fips":"08059012026"},"id":"08059012026"},{"arcs":[[-1927,1975,1976,-1887]],"type":"Polygon","properties":{"name":"08059012046","fips":"08059012046"},"id":"08059012046"},{"arcs":[[1977,1978,1979,-1802,-1776]],"type":"Polygon","properties":{"name":"08031002402","fips":"08031002402"},"id":"08031002402"},{"arcs":[[1980,1981,-1859,-1938,-1962]],"type":"Polygon","properties":{"name":"08059012035","fips":"08059012035"},"id":"08059012035"},{"arcs":[[-749,1982,-1957,-1960,-1947,1983]],"type":"Polygon","properties":{"name":"08059012037","fips":"08059012037"},"id":"08059012037"},{"arcs":[[1984,-1973,-1958,-1983,-748,-108]],"type":"Polygon","properties":{"name":"08059012031","fips":"08059012031"},"id":"08059012031"},{"arcs":[[-1758,1985,1986,-1978,-1775]],"type":"Polygon","properties":{"name":"08031002602","fips":"08031002602"},"id":"08031002602"},{"arcs":[[1987,-1974,-1985,-107,1988]],"type":"Polygon","properties":{"name":"08059012030","fips":"08059012030"},"id":"08059012030"},{"arcs":[[-1844,-1964,1989,-1832,-1937]],"type":"Polygon","properties":{"name":"08059009900","fips":"08059009900"},"id":"08059009900"},{"arcs":[[-1988,1990,1991,1992,-1921,1993,-1968,-1975]],"type":"Polygon","properties":{"name":"08059009846","fips":"08059009846"},"id":"08059009846"},{"arcs":[[1994,-1992]],"type":"Polygon","properties":{"name":"08059009847","fips":"08059009847"},"id":"08059009847"},{"arcs":[[1995,-1733,1996,1997]],"type":"Polygon","properties":{"name":"08031003603","fips":"08031003603"},"id":"08031003603"},{"arcs":[[-106,-1922,-1993,-1995,-1991,-1989]],"type":"Polygon","properties":{"name":"08059009848","fips":"08059009848"},"id":"08059009848"},{"arcs":[[-1994,-1920,-1880,1998,-1613,-1969]],"type":"Polygon","properties":{"name":"08059009845","fips":"08059009845"},"id":"08059009845"},{"arcs":[[-1097,-1923,-1990,-1963,-1105]],"type":"Polygon","properties":{"name":"08059009842","fips":"08059009842"},"id":"08059009842"},{"arcs":[[1999,2000,2001,-1852]],"type":"Polygon","properties":{"name":"08059012042","fips":"08059012042"},"id":"08059012042"},{"arcs":[[-1946,2002,2003,-745,-680,-752,-750,-1984]],"type":"Polygon","properties":{"name":"08059012058","fips":"08059012058"},"id":"08059012058"},{"arcs":[[-1999,-1879,-1936,-1919,-1823,2004,-1933,-1614]],"type":"Polygon","properties":{"name":"08059011720","fips":"08059011720"},"id":"08059011720"},{"arcs":[[2005,-1797,-1977,-2000,-1851,2006,-1801]],"type":"Polygon","properties":{"name":"08059012054","fips":"08059012054"},"id":"08059012054"},{"arcs":[[2007,2008,2009,-1752]],"type":"Polygon","properties":{"name":"08059011803","fips":"08059011803"},"id":"08059011803"},{"arcs":[[-1857,-1982,2010,2011,2012,-1885]],"type":"Polygon","properties":{"name":"08059012022","fips":"08059012022"},"id":"08059012022"},{"arcs":[[-2001,-1976,-1926,-2013,2013]],"type":"Polygon","properties":{"name":"08059012045","fips":"08059012045"},"id":"08059012045"},{"arcs":[[-1904,-1840,2014,2015,2016,2017]],"type":"Polygon","properties":{"name":"08059011904","fips":"08059011904"},"id":"08059011904"},{"arcs":[[2018,-1838,2019,2020,2021,2022]],"type":"Polygon","properties":{"name":"08059011728","fips":"08059011728"},"id":"08059011728"},{"arcs":[[2023,2024,-2010,2025,2026]],"type":"Polygon","properties":{"name":"08059011702","fips":"08059011702"},"id":"08059011702"},{"arcs":[[-1751,-1753,-2025,2027,2028,2029,2030]],"type":"Polygon","properties":{"name":"08059011701","fips":"08059011701"},"id":"08059011701"},{"arcs":[[2031,-1952,-1888,-1795]],"type":"Polygon","properties":{"name":"08059012049","fips":"08059012049"},"id":"08059012049"},{"arcs":[[2032,-2020,-1842,-1903]],"type":"Polygon","properties":{"name":"08059011730","fips":"08059011730"},"id":"08059011730"},{"arcs":[[-2027,2033,-2022,2034,2035]],"type":"Polygon","properties":{"name":"08059011727","fips":"08059011727"},"id":"08059011727"},{"arcs":[[-1940,-1954,-1950,2036,2037]],"type":"Polygon","properties":{"name":"08059012053","fips":"08059012053"},"id":"08059012053"},{"arcs":[[2038,-1820,2039,-1907,-2031]],"type":"Polygon","properties":{"name":"08059011202","fips":"08059011202"},"id":"08059011202"},{"arcs":[[2040,2041,2042,-2026,-2009]],"type":"Polygon","properties":{"name":"08059011804","fips":"08059011804"},"id":"08059011804"},{"arcs":[[2043,-1826,2044,-2030,2045]],"type":"Polygon","properties":{"name":"08059011708","fips":"08059011708"},"id":"08059011708"},{"arcs":[[-1897,2046,-2039,-2045,-1829]],"type":"Polygon","properties":{"name":"08059980000","fips":"08059980000"},"id":"08059980000"},{"arcs":[[-1822,-2044,2047,-1929,-2005]],"type":"Polygon","properties":{"name":"08059011711","fips":"08059011711"},"id":"08059011711"},{"arcs":[[-2023,-2034,-2043,2048,2049,2050]],"type":"Polygon","properties":{"name":"08059011951","fips":"08059011951"},"id":"08059011951"},{"arcs":[[2051,2052,-1916,2053]],"type":"Polygon","properties":{"name":"08059012038","fips":"08059012038"},"id":"08059012038"},{"arcs":[[-1932,2054,-1615]],"type":"Polygon","properties":{"name":"08059011725","fips":"08059011725"},"id":"08059011725"},{"arcs":[[-1961,-1966,-2052,2055,-1981]],"type":"Polygon","properties":{"name":"08059012034","fips":"08059012034"},"id":"08059012034"},{"arcs":[[2056,-2028,-2024,-2036,2057]],"type":"Polygon","properties":{"name":"08059011710","fips":"08059011710"},"id":"08059011710"},{"arcs":[[-1930,-2048,-2046,-2029,-2057,2058]],"type":"Polygon","properties":{"name":"08059011709","fips":"08059011709"},"id":"08059011709"},{"arcs":[[-2059,-2058,-2035,2059,-1616,-2055,-1931]],"type":"Polygon","properties":{"name":"08059011726","fips":"08059011726"},"id":"08059011726"},{"arcs":[[-1908,-2040,2060,2061]],"type":"Polygon","properties":{"name":"08059011601","fips":"08059011601"},"id":"08059011601"},{"arcs":[[-2060,-2021,-2033,-1902,-1917,-2053,-1965,-1612]],"type":"Polygon","properties":{"name":"08059011731","fips":"08059011731"},"id":"08059011731"},{"arcs":[[-2061,-1819,-1898,-1873,2062,2063]],"type":"Polygon","properties":{"name":"08059011550","fips":"08059011550"},"id":"08059011550"},{"arcs":[[2064,2065,2066,-1875,-1901]],"type":"Polygon","properties":{"name":"08059011300","fips":"08059011300"},"id":"08059011300"},{"arcs":[[-1913,2067,2068,-2066,2069]],"type":"Polygon","properties":{"name":"08059010702","fips":"08059010702"},"id":"08059010702"},{"arcs":[[-2070,-2065,-1900,2070,-1914]],"type":"Polygon","properties":{"name":"08059010701","fips":"08059010701"},"id":"08059010701"},{"arcs":[[-1915,-2002,2071,-2011,-2056,-2054]],"type":"Polygon","properties":{"name":"08059012043","fips":"08059012043"},"id":"08059012043"},{"arcs":[[-1910,-2071,2072,-1566,-1891,2073,2074]],"type":"Polygon","properties":{"name":"08059010502","fips":"08059010502"},"id":"08059010502"},{"arcs":[[2075,2076,-1911,-2075,-1970,-1815]],"type":"Polygon","properties":{"name":"08059010604","fips":"08059010604"},"id":"08059010604"},{"arcs":[[-1476,-2073,-1899,-1818,-1870]],"type":"Polygon","properties":{"name":"08059011000","fips":"08059011000"},"id":"08059011000"},{"arcs":[[-2047,-1934,-1868,-1821]],"type":"Polygon","properties":{"name":"08059010902","fips":"08059010902"},"id":"08059010902"},{"arcs":[[-1834,-1971,-2074,-1890,-1925]],"type":"Polygon","properties":{"name":"08059010403","fips":"08059010403"},"id":"08059010403"},{"arcs":[[-2012,-2072,-2014]],"type":"Polygon","properties":{"name":"08059012044","fips":"08059012044"},"id":"08059012044"},{"arcs":[[-1126,-1123,-1070,-993,-1972,-1836,-1924]],"type":"Polygon","properties":{"name":"08059010308","fips":"08059010308"},"id":"08059010308"},{"arcs":[[2077,2078,2079,2080,2081]],"type":"Polygon","properties":{"name":"08035014112","fips":"08035014112"},"id":"08035014112"},{"arcs":[[2082,2083,2084,2085]],"type":"Polygon","properties":{"name":"08035014110","fips":"08035014110"},"id":"08035014110"},{"arcs":[[2086,2087,2088,2089,-2084]],"type":"Polygon","properties":{"name":"08035014109","fips":"08035014109"},"id":"08035014109"},{"arcs":[[2090,2091,-2089,2092,2093]],"type":"Polygon","properties":{"name":"08035014108","fips":"08035014108"},"id":"08035014108"},{"arcs":[[2094,2095,2096,2097,-1746,-1772,2098]],"type":"Polygon","properties":{"name":"08035014602","fips":"08035014602"},"id":"08035014602"},{"arcs":[[2099,2100,-1784,2101,2102,2103,2104,2105,2106,2107,2108]],"type":"Polygon","properties":{"name":"08035013901","fips":"08035013901"},"id":"08035013901"},{"arcs":[[2109,2110,2111,2112]],"type":"Polygon","properties":{"name":"08031003002","fips":"08031003002"},"id":"08031003002"},{"arcs":[[2113,2114,2115,2116,2117,2118,2119]],"type":"Polygon","properties":{"name":"08035014202","fips":"08035014202"},"id":"08035014202"},{"arcs":[[2120,2121,2122,2123,2124,2125]],"type":"Polygon","properties":{"name":"08035014116","fips":"08035014116"},"id":"08035014116"},{"arcs":[[-2114,2126,2127,2128,-2003,-1945,2129]],"type":"Polygon","properties":{"name":"08035014300","fips":"08035014300"},"id":"08035014300"},{"arcs":[[-2090,-2092,2130,2131,2132,-2085]],"type":"Polygon","properties":{"name":"08035014107","fips":"08035014107"},"id":"08035014107"},{"arcs":[[2133,2134,2135,2136,2137,2138]],"type":"Polygon","properties":{"name":"08035014122","fips":"08035014122"},"id":"08035014122"},{"arcs":[[2139,2140,2141,2142,2143,2144]],"type":"Polygon","properties":{"name":"08035014503","fips":"08035014503"},"id":"08035014503"},{"arcs":[[2145,2146,-1558,-2098,2147,2148]],"type":"Polygon","properties":{"name":"08035013909","fips":"08035013909"},"id":"08035013909"},{"arcs":[[2149,2150,2151,2152,2153,2154,-1704,2155,2156,2157]],"type":"Polygon","properties":{"name":"08101003600","fips":"08101003600"},"id":"08101003600"},{"arcs":[[2158,2159,2160,2161,2162,2163,2164,2165,2166,2167]],"type":"Polygon","properties":{"name":"08101003500","fips":"08101003500"},"id":"08101003500"},{"arcs":[[2168,2169,2170]],"type":"Polygon","properties":{"name":"08101002916","fips":"08101002916"},"id":"08101002916"},{"arcs":[[-2170,2171,2172,2173,2174]],"type":"Polygon","properties":{"name":"08101002914","fips":"08101002914"},"id":"08101002914"},{"arcs":[[2175,2176,-1860,2177,2178]],"type":"Polygon","properties":{"name":"08101003105","fips":"08101003105"},"id":"08101003105"},{"arcs":[[2179,-28,-888,2180,-1763]],"type":"Polygon","properties":{"name":"08063962200","fips":"08063962200"},"id":"08063962200"},{"arcs":[[-29,-2180,-1762,-1865,-97]],"type":"Polygon","properties":{"name":"08063962300","fips":"08063962300"},"id":"08063962300"},{"arcs":[[2181,2182,2183,2184,2185]],"type":"Polygon","properties":{"name":"08101002300","fips":"08101002300"},"id":"08101002300"},{"arcs":[[-887,2186,-1764,-2181]],"type":"Polygon","properties":{"name":"08063962100","fips":"08063962100"},"id":"08063962100"},{"arcs":[[2187,-2174,2188,2189]],"type":"Polygon","properties":{"name":"08101002912","fips":"08101002912"},"id":"08101002912"},{"arcs":[[2190,-1638,2191]],"type":"Polygon","properties":{"name":"08101980100","fips":"08101980100"},"id":"08101980100"},{"arcs":[[-2169,2192,2193,2194,-2172]],"type":"Polygon","properties":{"name":"08101002915","fips":"08101002915"},"id":"08101002915"},{"arcs":[[2195,2196,-2183,2197]],"type":"Polygon","properties":{"name":"08101002200","fips":"08101002200"},"id":"08101002200"},{"arcs":[[-2182,2198,2199,2200,2201,-2198]],"type":"Polygon","properties":{"name":"08101002100","fips":"08101002100"},"id":"08101002100"},{"arcs":[[2202,2203,2204,-137,2205,2206]],"type":"Polygon","properties":{"name":"08101002802","fips":"08101002802"},"id":"08101002802"},{"arcs":[[-1871,-2067,-2069,2207,2208,2209,2210]],"type":"Polygon","properties":{"name":"08031000501","fips":"08031000501"},"id":"08031000501"},{"arcs":[[-2193,-2171,-2175,-2188,2211,2212,-2203,2213,2214]],"type":"Polygon","properties":{"name":"08101002917","fips":"08101002917"},"id":"08101002917"},{"arcs":[[-1861,-2177,2215,2216,2217]],"type":"Polygon","properties":{"name":"08101003106","fips":"08101003106"},"id":"08101003106"},{"arcs":[[2218,-2201,2219,2220,2221,-2168]],"type":"Polygon","properties":{"name":"08101002000","fips":"08101002000"},"id":"08101002000"},{"arcs":[[2222,-133,2223,2224,2225,2226]],"type":"Polygon","properties":{"name":"08101001800","fips":"08101001800"},"id":"08101001800"},{"arcs":[[2227,-2226,2228,2229,-2221]],"type":"Polygon","properties":{"name":"08101001900","fips":"08101001900"},"id":"08101001900"},{"arcs":[[2230,2231,-2199,-2186]],"type":"Polygon","properties":{"name":"08101002400","fips":"08101002400"},"id":"08101002400"},{"arcs":[[-2222,-2230,2232,2233,2234,-2159]],"type":"Polygon","properties":{"name":"08101001400","fips":"08101001400"},"id":"08101001400"},{"arcs":[[2235,-1639,-2191,2236,2237,-2154,2238,2239,-2212,-2190,2240]],"type":"Polygon","properties":{"name":"08101002918","fips":"08101002918"},"id":"08101002918"},{"arcs":[[-2189,-2173,-2195,2241,2242,-2241]],"type":"Polygon","properties":{"name":"08101002913","fips":"08101002913"},"id":"08101002913"},{"arcs":[[2243,2244,-2242,-2194,-2215]],"type":"Polygon","properties":{"name":"08101002911","fips":"08101002911"},"id":"08101002911"},{"arcs":[[2245,2246]],"type":"Polygon","properties":{"name":"08101000903","fips":"08101000903"},"id":"08101000903"},{"arcs":[[-134,-2223,2247,-2231,-2185,2248,2249]],"type":"Polygon","properties":{"name":"08101002600","fips":"08101002600"},"id":"08101002600"},{"arcs":[[2250,2251,2252,2253]],"type":"Polygon","properties":{"name":"08101002801","fips":"08101002801"},"id":"08101002801"},{"arcs":[[-2160,-2235,2254,2255,2256,2257,2258]],"type":"Polygon","properties":{"name":"08101000200","fips":"08101000200"},"id":"08101000200"},{"arcs":[[-2243,-2245,2259,-1640,-2236]],"type":"Polygon","properties":{"name":"08101002906","fips":"08101002906"},"id":"08101002906"},{"arcs":[[-2253,-135,-2250]],"type":"Polygon","properties":{"name":"08101002700","fips":"08101002700"},"id":"08101002700"},{"arcs":[[-2234,2260,-2224,-138,-2205,2261,-2255]],"type":"Polygon","properties":{"name":"08101001600","fips":"08101001600"},"id":"08101001600"},{"arcs":[[2262,2263,-2239,-2153,2264]],"type":"Polygon","properties":{"name":"08101002903","fips":"08101002903"},"id":"08101002903"},{"arcs":[[-2163,2265,2266,2267,-2263,-1608,2268,2269]],"type":"Polygon","properties":{"name":"08101000500","fips":"08101000500"},"id":"08101000500"},{"arcs":[[2270,2271,2272,2273,2274,-2164,-2270]],"type":"Polygon","properties":{"name":"08101000800","fips":"08101000800"},"id":"08101000800"},{"arcs":[[-2208,-2068,2275,2276]],"type":"Polygon","properties":{"name":"08031000302","fips":"08031000302"},"id":"08031000302"},{"arcs":[[-2240,2277,-2256,-2262,-2204,-2213]],"type":"Polygon","properties":{"name":"08101002901","fips":"08101002901"},"id":"08101002901"},{"arcs":[[-2220,-2200,-2232,-2248,-2227,-2228]],"type":"Polygon","properties":{"name":"08101002500","fips":"08101002500"},"id":"08101002500"},{"arcs":[[2278,-2196,-2202,-2219,-2167,2279,-2178,-1862,-2218]],"type":"Polygon","properties":{"name":"08101003103","fips":"08101003103"},"id":"08101003103"},{"arcs":[[-2280,-2166,2280,2281,-2157,2282,-2179]],"type":"Polygon","properties":{"name":"08101003001","fips":"08101003001"},"id":"08101003001"},{"arcs":[[-2150,2283,-2273,2284]],"type":"Polygon","properties":{"name":"08101001000","fips":"08101001000"},"id":"08101001000"},{"arcs":[[-1607,2285,2286,-2271,-2269]],"type":"Polygon","properties":{"name":"08101000904","fips":"08101000904"},"id":"08101000904"},{"arcs":[[2287,2288,-2122,2289,2290]],"type":"Polygon","properties":{"name":"08035014007","fips":"08035014007"},"id":"08035014007"},{"arcs":[[-2152,2291,-2247,-2286,-1609,-2265]],"type":"Polygon","properties":{"name":"08101003004","fips":"08101003004"},"id":"08101003004"},{"arcs":[[-2282,2292,-2274,-2284,-2158]],"type":"Polygon","properties":{"name":"08101001100","fips":"08101001100"},"id":"08101001100"},{"arcs":[[-2285,-2272,-2287,-2246,-2292,-2151]],"type":"Polygon","properties":{"name":"08101000902","fips":"08101000902"},"id":"08101000902"},{"arcs":[[-1735,-1719,-1587,2293,2294,-2216,-2176,-2283,-2156]],"type":"Polygon","properties":{"name":"08101003200","fips":"08101003200"},"id":"08101003200"},{"arcs":[[2295,-2267,2296,2297,-2258]],"type":"Polygon","properties":{"name":"08101000400","fips":"08101000400"},"id":"08101000400"},{"arcs":[[2298,-2254,-2249,-2184,-2197,-2279,-2217,2299,-1701,-1623,-2260,-2244,-2214,-2207,2300]],"type":"Polygon","properties":{"name":"08101002806","fips":"08101002806"},"id":"08101002806"},{"arcs":[[-2298,2301,-2161,-2259]],"type":"Polygon","properties":{"name":"08101000300","fips":"08101000300"},"id":"08101000300"},{"arcs":[[2302,-1702,-2300,-2295]],"type":"Polygon","properties":{"name":"08101002804","fips":"08101002804"},"id":"08101002804"},{"arcs":[[-2281,-2165,-2275,-2293]],"type":"Polygon","properties":{"name":"08101001200","fips":"08101001200"},"id":"08101001200"},{"arcs":[[-2297,-2266,-2162,-2302]],"type":"Polygon","properties":{"name":"08101000600","fips":"08101000600"},"id":"08101000600"},{"arcs":[[-2206,-136,-2252,2303,-2301]],"type":"Polygon","properties":{"name":"08101002807","fips":"08101002807"},"id":"08101002807"},{"arcs":[[-2304,-2251,-2299]],"type":"Polygon","properties":{"name":"08101002808","fips":"08101002808"},"id":"08101002808"},{"arcs":[[-2225,-2261,-2233,-2229]],"type":"Polygon","properties":{"name":"08101001500","fips":"08101001500"},"id":"08101001500"},{"arcs":[[-2264,-2268,-2296,-2257,-2278]],"type":"Polygon","properties":{"name":"08101000100","fips":"08101000100"},"id":"08101000100"},{"arcs":[[2304,2305,2306,2307]],"type":"Polygon","properties":{"name":"08035014006","fips":"08035014006"},"id":"08035014006"},{"arcs":[[2308,2309,-2087,2310,-2078,2311]],"type":"Polygon","properties":{"name":"08035014136","fips":"08035014136"},"id":"08035014136"},{"arcs":[[2312,2313,2314,-2103,2315]],"type":"Polygon","properties":{"name":"08035013910","fips":"08035013910"},"id":"08035013910"},{"arcs":[[2316,2317,2318,2319]],"type":"Polygon","properties":{"name":"08035014140","fips":"08035014140"},"id":"08035014140"},{"arcs":[[-2093,-2088,-2310,2320,2321]],"type":"Polygon","properties":{"name":"08035014132","fips":"08035014132"},"id":"08035014132"},{"arcs":[[2322,2323,2324]],"type":"Polygon","properties":{"name":"08035014130","fips":"08035014130"},"id":"08035014130"},{"arcs":[[2325,-2324,2326,2327]],"type":"Polygon","properties":{"name":"08035014124","fips":"08035014124"},"id":"08035014124"},{"arcs":[[2328,2329,2330]],"type":"Polygon","properties":{"name":"08035014405","fips":"08035014405"},"id":"08035014405"},{"arcs":[[2331,2332,2333,2334,2335]],"type":"Polygon","properties":{"name":"08035014505","fips":"08035014505"},"id":"08035014505"},{"arcs":[[2336,2337,-2080,2338,2339,2340]],"type":"Polygon","properties":{"name":"08035014138","fips":"08035014138"},"id":"08035014138"},{"arcs":[[2341,2342,2343,-2332]],"type":"Polygon","properties":{"name":"08035014603","fips":"08035014603"},"id":"08035014603"},{"arcs":[[-2119,2344,-2140,2345,-2335,2346,2347,2348]],"type":"Polygon","properties":{"name":"08035014403","fips":"08035014403"},"id":"08035014403"},{"arcs":[[-2339,-2079,-2311,-2083,2349]],"type":"Polygon","properties":{"name":"08035014139","fips":"08035014139"},"id":"08035014139"},{"arcs":[[2350,2351,2352]],"type":"Polygon","properties":{"name":"08035014126","fips":"08035014126"},"id":"08035014126"},{"arcs":[[-1944,2353,-2115,-2130]],"type":"Polygon","properties":{"name":"08035014203","fips":"08035014203"},"id":"08035014203"},{"arcs":[[2354,2355,2356,2357,2358]],"type":"Polygon","properties":{"name":"08031000202","fips":"08031000202"},"id":"08031000202"},{"arcs":[[-2349,2359,-2127,-2120]],"type":"Polygon","properties":{"name":"08035014404","fips":"08035014404"},"id":"08035014404"},{"arcs":[[2360,-2327,-2323,-2353]],"type":"Polygon","properties":{"name":"08035014128","fips":"08035014128"},"id":"08035014128"},{"arcs":[[2361,-2361,2362]],"type":"Polygon","properties":{"name":"08035014129","fips":"08035014129"},"id":"08035014129"},{"arcs":[[2363,-2321,-2309,2364,2365]],"type":"Polygon","properties":{"name":"08035014134","fips":"08035014134"},"id":"08035014134"},{"arcs":[[-2290,-2121,2366,2367,-2107,2368,2369]],"type":"Polygon","properties":{"name":"08035014001","fips":"08035014001"},"id":"08035014001"},{"arcs":[[-2345,-2118,2370,-2331,2371,-2141]],"type":"Polygon","properties":{"name":"08035014406","fips":"08035014406"},"id":"08035014406"},{"arcs":[[-2363,-2352,-2094,-2322,-2364,2372]],"type":"Polygon","properties":{"name":"08035014133","fips":"08035014133"},"id":"08035014133"},{"arcs":[[2373,-2116,-2354,-1943]],"type":"Polygon","properties":{"name":"08035014204","fips":"08035014204"},"id":"08035014204"},{"arcs":[[-2137,2374,2375,-2319,-2123,2376]],"type":"Polygon","properties":{"name":"08035014125","fips":"08035014125"},"id":"08035014125"},{"arcs":[[2377,2378,-2291,-2370]],"type":"Polygon","properties":{"name":"08035014005","fips":"08035014005"},"id":"08035014005"},{"arcs":[[-2124,-2318,2379,2380]],"type":"Polygon","properties":{"name":"08035014115","fips":"08035014115"},"id":"08035014115"},{"arcs":[[-2362,-2373,-2366,2381,2382,-2135,2383,-2329,-2371,-2117,2384,-2328]],"type":"Polygon","properties":{"name":"08035014135","fips":"08035014135"},"id":"08035014135"},{"arcs":[[-2326,-2385,-2374,-1942,2385,2386,-2131,-2091,-2351,-2325]],"type":"Polygon","properties":{"name":"08035014131","fips":"08035014131"},"id":"08035014131"},{"arcs":[[-2082,-2320,-2376,2387,-2382,-2365,-2312]],"type":"Polygon","properties":{"name":"08035014137","fips":"08035014137"},"id":"08035014137"},{"arcs":[[-2383,-2388,-2375,-2136]],"type":"Polygon","properties":{"name":"08035014127","fips":"08035014127"},"id":"08035014127"},{"arcs":[[2388,-2337,2389,-2125,-2381]],"type":"Polygon","properties":{"name":"08035014114","fips":"08035014114"},"id":"08035014114"},{"arcs":[[2390,-2306,2391,-2138,-2377,-2289]],"type":"Polygon","properties":{"name":"08035014011","fips":"08035014011"},"id":"08035014011"},{"arcs":[[2392,-2347,-2334,2393,-2096]],"type":"Polygon","properties":{"name":"08035014506","fips":"08035014506"},"id":"08035014506"},{"arcs":[[2394,-2148,-2097,-2394,-2333,-2344]],"type":"Polygon","properties":{"name":"08035014604","fips":"08035014604"},"id":"08035014604"},{"arcs":[[2395,-2378,-2369,-2106,2396,2397]],"type":"Polygon","properties":{"name":"08035014010","fips":"08035014010"},"id":"08035014010"},{"arcs":[[-2395,-2343,-2144,2398,2399,-2149]],"type":"Polygon","properties":{"name":"08035014013","fips":"08035014013"},"id":"08035014013"},{"arcs":[[-2392,-2305,2400,2401,-2399,-2143,2402,-2139]],"type":"Polygon","properties":{"name":"08035014012","fips":"08035014012"},"id":"08035014012"},{"arcs":[[2403,-2307,-2391,-2288,-2379,-2396]],"type":"Polygon","properties":{"name":"08035014008","fips":"08035014008"},"id":"08035014008"},{"arcs":[[-2401,-2308,-2404,-2398,2404,2405]],"type":"Polygon","properties":{"name":"08035014009","fips":"08035014009"},"id":"08035014009"},{"arcs":[[2406,-2397,-2105]],"type":"Polygon","properties":{"name":"08035013904","fips":"08035013904"},"id":"08035013904"},{"arcs":[[-2316,-2102,-1783,-1559,-2147,2407]],"type":"Polygon","properties":{"name":"08035013911","fips":"08035013911"},"id":"08035013911"},{"arcs":[[-2142,-2372,-2330,-2384,-2134,-2403]],"type":"Polygon","properties":{"name":"08035014123","fips":"08035014123"},"id":"08035014123"},{"arcs":[[-2342,-2336,-2346,-2145]],"type":"Polygon","properties":{"name":"08035014504","fips":"08035014504"},"id":"08035014504"},{"arcs":[[-2146,-2400,2408,-2313,-2408]],"type":"Polygon","properties":{"name":"08035013908","fips":"08035013908"},"id":"08035013908"},{"arcs":[[2409,-2314,-2409,-2402,-2406]],"type":"Polygon","properties":{"name":"08035013907","fips":"08035013907"},"id":"08035013907"},{"arcs":[[-2405,-2407,-2104,-2315,-2410]],"type":"Polygon","properties":{"name":"08035013905","fips":"08035013905"},"id":"08035013905"},{"arcs":[[-2380,-2317,-2081,-2338,-2389]],"type":"Polygon","properties":{"name":"08035014113","fips":"08035014113"},"id":"08035014113"},{"arcs":[[-1580,-1892,2410,-1590,-1737,-1581,-89]],"type":"Polygon","properties":{"name":"08009964600","fips":"08009964600"},"id":"08009964600"},{"arcs":[[-102,-1567]],"type":"Polygon","properties":{"name":"08019014800","fips":"08019014800"},"id":"08019014800"},{"arcs":[[2411,2412,2413,-1635,-1682,-5,2414]],"type":"Polygon","properties":{"name":"08119010202","fips":"08119010202"},"id":"08119010202"},{"arcs":[[2415,2416,2417,2418,2419]],"type":"Polygon","properties":{"name":"08031006809","fips":"08031006809"},"id":"08031006809"},{"arcs":[[2420,2421,2422,2423,-2417,2424]],"type":"Polygon","properties":{"name":"08031006812","fips":"08031006812"},"id":"08031006812"},{"arcs":[[-4,-744,2425,-2415]],"type":"Polygon","properties":{"name":"08119010201","fips":"08119010201"},"id":"08119010201"},{"arcs":[[2426,2427,2428,-2416]],"type":"Polygon","properties":{"name":"08031004004","fips":"08031004004"},"id":"08031004004"},{"arcs":[[2429,2430,2431,2432,2433,2434,-2425,-2429]],"type":"Polygon","properties":{"name":"08031004003","fips":"08031004003"},"id":"08031004003"},{"arcs":[[2435,-2423,2436,-2421,2437,2438,2439,2440,2441,2442]],"type":"Polygon","properties":{"name":"08031006901","fips":"08031006901"},"id":"08031006901"},{"arcs":[[2443,2444,2445,2446,-746,-2004,-2129]],"type":"Polygon","properties":{"name":"08119010105","fips":"08119010105"},"id":"08119010105"},{"arcs":[[2447,2448,-2446,2449]],"type":"Polygon","properties":{"name":"08119010104","fips":"08119010104"},"id":"08119010104"},{"arcs":[[2450,-1632,2451,2452]],"type":"Polygon","properties":{"name":"08031002901","fips":"08031002901"},"id":"08031002901"},{"arcs":[[2453,2454,2455,-2451,2456]],"type":"Polygon","properties":{"name":"08031002802","fips":"08031002802"},"id":"08031002802"},{"arcs":[[2457,2458,-2455,2459,2460]],"type":"Polygon","properties":{"name":"08031002801","fips":"08031002801"},"id":"08031002801"},{"arcs":[[-1633,-2456,-2459,-1619]],"type":"Polygon","properties":{"name":"08031002803","fips":"08031002803"},"id":"08031002803"},{"arcs":[[2461,-1790,2462,2463,2464]],"type":"Polygon","properties":{"name":"08031005503","fips":"08031005503"},"id":"08031005503"},{"arcs":[[-2445,2465,2466,-2450]],"type":"Polygon","properties":{"name":"08119010103","fips":"08119010103"},"id":"08119010103"},{"arcs":[[2467,-1893,-1578,-1882,-1739,-1745,-1706,-1863,-1766]],"type":"Polygon","properties":{"name":"08061960100","fips":"08061960100"},"id":"08061960100"},{"arcs":[[-2449,2468,-2412,-2426,-747,-2447]],"type":"Polygon","properties":{"name":"08119010106","fips":"08119010106"},"id":"08119010106"},{"arcs":[[2469,-2419,2470,2471,2472]],"type":"Polygon","properties":{"name":"08031006804","fips":"08031006804"},"id":"08031006804"},{"arcs":[[2473,-2427,-2420,-2470,2474]],"type":"Polygon","properties":{"name":"08031006701","fips":"08031006701"},"id":"08031006701"},{"arcs":[[2475,2476,-2464,2477,2478,2479]],"type":"Polygon","properties":{"name":"08031005502","fips":"08031005502"},"id":"08031005502"},{"arcs":[[2480,2481,2482,2483]],"type":"Polygon","properties":{"name":"08031007013","fips":"08031007013"},"id":"08031007013"},{"arcs":[[-2482,2484,2485,2486,2487,2488]],"type":"Polygon","properties":{"name":"08031005002","fips":"08031005002"},"id":"08031005002"},{"arcs":[[2489,-2486,2490,2491]],"type":"Polygon","properties":{"name":"08031005001","fips":"08031005001"},"id":"08031005001"},{"arcs":[[2492,2493,2494,2495,-2440,2496]],"type":"Polygon","properties":{"name":"08031005102","fips":"08031005102"},"id":"08031005102"},{"arcs":[[2497,-2438,-2435,2498,-2433,2499,2500]],"type":"Polygon","properties":{"name":"08031005300","fips":"08031005300"},"id":"08031005300"},{"arcs":[[2501,-2479,2502,2503]],"type":"Polygon","properties":{"name":"08031004801","fips":"08031004801"},"id":"08031004801"},{"arcs":[[2504,2505,2506,2507]],"type":"Polygon","properties":{"name":"08031001402","fips":"08031001402"},"id":"08031001402"},{"arcs":[[2508,2509,-2508,2510,2511]],"type":"Polygon","properties":{"name":"08031001401","fips":"08031001401"},"id":"08031001401"},{"arcs":[[2512,2513,2514,-2509]],"type":"Polygon","properties":{"name":"08031001302","fips":"08031001302"},"id":"08031001302"},{"arcs":[[-2513,-2512,2515,2516,2517]],"type":"Polygon","properties":{"name":"08031001301","fips":"08031001301"},"id":"08031001301"},{"arcs":[[2518,2519,-2497,-2439,-2498]],"type":"Polygon","properties":{"name":"08031005104","fips":"08031005104"},"id":"08031005104"},{"arcs":[[2520,2521,2522,2523,2524,2525,2526]],"type":"Polygon","properties":{"name":"08031004303","fips":"08031004303"},"id":"08031004303"},{"arcs":[[-2431,2527,2528,2529,2530]],"type":"Polygon","properties":{"name":"08031004002","fips":"08031004002"},"id":"08031004002"},{"arcs":[[2531,-2501,2532,2533]],"type":"Polygon","properties":{"name":"08031004005","fips":"08031004005"},"id":"08031004005"},{"arcs":[[2534,2535,2536,2537,-2519,-2532]],"type":"Polygon","properties":{"name":"08031003902","fips":"08031003902"},"id":"08031003902"},{"arcs":[[-2111,2538,2539,-2530,2540,2541]],"type":"Polygon","properties":{"name":"08031003004","fips":"08031003004"},"id":"08031003004"},{"arcs":[[2542,2543,2544,2545]],"type":"Polygon","properties":{"name":"08031004603","fips":"08031004603"},"id":"08031004603"},{"arcs":[[2546,2547,-2041,-2008,2548]],"type":"Polygon","properties":{"name":"08031004601","fips":"08031004601"},"id":"08031004601"},{"arcs":[[2549,2550,2551,2552]],"type":"Polygon","properties":{"name":"08031000903","fips":"08031000903"},"id":"08031000903"},{"arcs":[[-2471,-2418,2553,2554,2555]],"type":"Polygon","properties":{"name":"08031006810","fips":"08031006810"},"id":"08031006810"},{"arcs":[[2556,-2478,-2463,-1789,2557,-2017]],"type":"Polygon","properties":{"name":"08031012001","fips":"08031012001"},"id":"08031012001"},{"arcs":[[-1634,-1617,2558,-2535,2559]],"type":"Polygon","properties":{"name":"08031003402","fips":"08031003402"},"id":"08031003402"},{"arcs":[[-2018,-2558,-1788,2560,-1792,2561,-1798,-2006,-1800,2562]],"type":"Polygon","properties":{"name":"08031012010","fips":"08031012010"},"id":"08031012010"},{"arcs":[[-1799,-2007,-1850,-1866,-1905,-2563]],"type":"Polygon","properties":{"name":"08031012014","fips":"08031012014"},"id":"08031012014"},{"arcs":[[-2544,2563,-2504,-2049,-2042,-2548]],"type":"Polygon","properties":{"name":"08031004700","fips":"08031004700"},"id":"08031004700"},{"arcs":[[-2550,2564,2565,-2514,-2518]],"type":"Polygon","properties":{"name":"08031001000","fips":"08031001000"},"id":"08031001000"},{"arcs":[[2566,-2015,-1839,-2019,-2051]],"type":"Polygon","properties":{"name":"08031011903","fips":"08031011903"},"id":"08031011903"},{"arcs":[[2567,2568,2569,2570,2571]],"type":"Polygon","properties":{"name":"08031004404","fips":"08031004404"},"id":"08031004404"},{"arcs":[[-1699,-1666,-2569,2572,2573]],"type":"Polygon","properties":{"name":"08031004403","fips":"08031004403"},"id":"08031004403"},{"arcs":[[2574,2575,2576,-2568,2577]],"type":"Polygon","properties":{"name":"08031004304","fips":"08031004304"},"id":"08031004304"},{"arcs":[[2578,-2576,-2524,2579]],"type":"Polygon","properties":{"name":"08031004302","fips":"08031004302"},"id":"08031004302"},{"arcs":[[-2577,2580,2581,-2573]],"type":"Polygon","properties":{"name":"08031004202","fips":"08031004202"},"id":"08031004202"},{"arcs":[[-2582,2582,2583,2584]],"type":"Polygon","properties":{"name":"08031004104","fips":"08031004104"},"id":"08031004104"},{"arcs":[[2585,-2580,-2523,2586,2587]],"type":"Polygon","properties":{"name":"08031004301","fips":"08031004301"},"id":"08031004301"},{"arcs":[[-2579,-2586,-1734,2588,-2581]],"type":"Polygon","properties":{"name":"08031004201","fips":"08031004201"},"id":"08031004201"},{"arcs":[[2589,2590,-1729,-2588]],"type":"Polygon","properties":{"name":"08031003703","fips":"08031003703"},"id":"08031003703"},{"arcs":[[2591,2592,2593,-2590,-2587,2594]],"type":"Polygon","properties":{"name":"08031003300","fips":"08031003300"},"id":"08031003300"},{"arcs":[[-2589,-1996,2595,-2583]],"type":"Polygon","properties":{"name":"08031004103","fips":"08031004103"},"id":"08031004103"},{"arcs":[[-2539,2596,-2560,-2534]],"type":"Polygon","properties":{"name":"08031003003","fips":"08031003003"},"id":"08031003003"},{"arcs":[[-1659,2597,-2584,2598]],"type":"Polygon","properties":{"name":"08031004102","fips":"08031004102"},"id":"08031004102"},{"arcs":[[-2599,-2596,2599,2600,-1660]],"type":"Polygon","properties":{"name":"08031004101","fips":"08031004101"},"id":"08031004101"},{"arcs":[[2601,-1730,-2591,-2594]],"type":"Polygon","properties":{"name":"08031003702","fips":"08031003702"},"id":"08031003702"},{"arcs":[[-1620,-2458,2602,-1740,2603,-2592,2604]],"type":"Polygon","properties":{"name":"08031003203","fips":"08031003203"},"id":"08031003203"},{"arcs":[[-1778,-2602,-2593,-2604,-1744]],"type":"Polygon","properties":{"name":"08031003202","fips":"08031003202"},"id":"08031003202"},{"arcs":[[2605,-2536,-2559,-1621,2606,-2521]],"type":"Polygon","properties":{"name":"08031003901","fips":"08031003901"},"id":"08031003901"},{"arcs":[[-2607,-2605,-2595,-2522]],"type":"Polygon","properties":{"name":"08031003800","fips":"08031003800"},"id":"08031003800"},{"arcs":[[-740,-2601,2607,2608,2609,2610]],"type":"Polygon","properties":{"name":"08031003500","fips":"08031003500"},"id":"08031003500"},{"arcs":[[-2608,-2600,-1998,2611]],"type":"Polygon","properties":{"name":"08031003602","fips":"08031003602"},"id":"08031003602"},{"arcs":[[2612,-1997,-1803,-1980,2613]],"type":"Polygon","properties":{"name":"08031002300","fips":"08031002300"},"id":"08031002300"},{"arcs":[[-2612,-2613,2614,-2609]],"type":"Polygon","properties":{"name":"08031003601","fips":"08031003601"},"id":"08031003601"},{"arcs":[[-1741,-2603,-2461,2615,2616,-1760]],"type":"Polygon","properties":{"name":"08031002702","fips":"08031002702"},"id":"08031002702"},{"arcs":[[-1757,-2617,2617,2618]],"type":"Polygon","properties":{"name":"08031002701","fips":"08031002701"},"id":"08031002701"},{"arcs":[[2619,-1986,-2619,2620]],"type":"Polygon","properties":{"name":"08031002601","fips":"08031002601"},"id":"08031002601"},{"arcs":[[-2620,2621,2622,-2614,-1979,-1987]],"type":"Polygon","properties":{"name":"08031002403","fips":"08031002403"},"id":"08031002403"},{"arcs":[[2623,-2618,-2616,-2460,2624]],"type":"Polygon","properties":{"name":"08031002000","fips":"08031002000"},"id":"08031002000"},{"arcs":[[2625,2626,2627,-2625,-2454]],"type":"Polygon","properties":{"name":"08031001800","fips":"08031001800"},"id":"08031001800"},{"arcs":[[2628,2629,2630,2631]],"type":"Polygon","properties":{"name":"08031001701","fips":"08031001701"},"id":"08031001701"},{"arcs":[[2632,2633,-2610,-2615,-2623,2634,-2630]],"type":"Polygon","properties":{"name":"08031001600","fips":"08031001600"},"id":"08031001600"},{"arcs":[[2635,2636,2637,2638,2639]],"type":"Polygon","properties":{"name":"08031008306","fips":"08031008306"},"id":"08031008306"},{"arcs":[[-2634,2640,2641,-2355,2642,-338,-818,-737,-2611]],"type":"Polygon","properties":{"name":"08031001500","fips":"08031001500"},"id":"08031001500"},{"arcs":[[2643,2644,-2356,-2642]],"type":"Polygon","properties":{"name":"08031001101","fips":"08031001101"},"id":"08031001101"},{"arcs":[[2645,2646,2647,2648]],"type":"Polygon","properties":{"name":"08031000402","fips":"08031000402"},"id":"08031000402"},{"arcs":[[-2648,2649,-2357,-2645]],"type":"Polygon","properties":{"name":"08031000401","fips":"08031000401"},"id":"08031000401"},{"arcs":[[2650,2651,-2565,2652,2653,2654]],"type":"Polygon","properties":{"name":"08031000800","fips":"08031000800"},"id":"08031000800"},{"arcs":[[2655,-2063,-1872,-2211,2656]],"type":"Polygon","properties":{"name":"08031000701","fips":"08031000701"},"id":"08031000701"},{"arcs":[[2657,-2209,2658,2659]],"type":"Polygon","properties":{"name":"08031000502","fips":"08031000502"},"id":"08031000502"},{"arcs":[[-2647,-2659,-2277,2660]],"type":"Polygon","properties":{"name":"08031000303","fips":"08031000303"},"id":"08031000303"},{"arcs":[[-925,2661,-2640,2662,2663]],"type":"Polygon","properties":{"name":"08031980100","fips":"08031980100"},"id":"08031980100"},{"arcs":[[2664,-2493,-2520,-2538,2665]],"type":"Polygon","properties":{"name":"08031015500","fips":"08031015500"},"id":"08031015500"},{"arcs":[[-2077,2668,-2358,2669]],"type":"Polygon","properties":{"name":"08031000102","fips":"08031000102"},"id":"08031000102"},{"arcs":[[2670,-1663,-1665,-339,-2643,-2359]],"type":"Polygon","properties":{"name":"08031000201","fips":"08031000201"},"id":"08031000201"},{"arcs":[[2671,2672,-2578,-2572,2673,2674,2675,2676]],"type":"Polygon","properties":{"name":"08031004405","fips":"08031004405"},"id":"08031004405"},{"arcs":[[2677,-926,-2664,2678,-1678,-1814,-1687,-1700]],"type":"Polygon","properties":{"name":"08031004106","fips":"08031004106"},"id":"08031004106"},{"arcs":[[2679,-2546,-2506,2680,2681,2682]],"type":"Polygon","properties":{"name":"08031015600","fips":"08031015600"},"id":"08031015600"},{"arcs":[[-2671,-2669,-2076,-1817,-1664]],"type":"Polygon","properties":{"name":"08031015400","fips":"08031015400"},"id":"08031015400"},{"arcs":[[-1673,2683,2684,2685,-1694]],"type":"Polygon","properties":{"name":"08031008390","fips":"08031008390"},"id":"08031008390"},{"arcs":[[-2686,2686,-1695]],"type":"Polygon","properties":{"name":"08031008391","fips":"08031008391"},"id":"08031008391"},{"arcs":[[-2650,-2661,-2276,-1912,-2670]],"type":"Polygon","properties":{"name":"08031000301","fips":"08031000301"},"id":"08031000301"},{"arcs":[[-2652,2687,-2627,2688]],"type":"Polygon","properties":{"name":"08031001901","fips":"08031001901"},"id":"08031001901"},{"arcs":[[2689,2690,-2653,-2553]],"type":"Polygon","properties":{"name":"08031000905","fips":"08031000905"},"id":"08031000905"},{"arcs":[[-2691,-2657,-2210,-2658,-2654]],"type":"Polygon","properties":{"name":"08031000702","fips":"08031000702"},"id":"08031000702"},{"arcs":[[-1696,-2687,-2685,2691,-1569]],"type":"Polygon","properties":{"name":"08031008389","fips":"08031008389"},"id":"08031008389"},{"arcs":[[2692,-922,2693,2694]],"type":"Polygon","properties":{"name":"08031008386","fips":"08031008386"},"id":"08031008386"},{"arcs":[[-2526,-2492,2695,-2495,2696,2697]],"type":"Polygon","properties":{"name":"08031015300","fips":"08031015300"},"id":"08031015300"},{"arcs":[[-2525,-2575,-2673,-2487,-2490]],"type":"Polygon","properties":{"name":"08031004306","fips":"08031004306"},"id":"08031004306"},{"arcs":[[2698,2699,2700,2701,2702]],"type":"Polygon","properties":{"name":"08005082600","fips":"08005082600"},"id":"08005082600"},{"arcs":[[-2678,-2574,-2585,-2598,-1658,-927]],"type":"Polygon","properties":{"name":"08031004107","fips":"08031004107"},"id":"08031004107"},{"arcs":[[-1570,-2692,-2684,-1672,2703,2704,-2694,-921]],"type":"Polygon","properties":{"name":"08031008388","fips":"08031008388"},"id":"08031008388"},{"arcs":[[-2644,-2641,-2633,-2629,2705,2706,-2649]],"type":"Polygon","properties":{"name":"08031001102","fips":"08031001102"},"id":"08031001102"},{"arcs":[[-2660,-2646,-2707,2707,-2655]],"type":"Polygon","properties":{"name":"08031000600","fips":"08031000600"},"id":"08031000600"},{"arcs":[[-2511,-2507,-2545,-2547,2708]],"type":"Polygon","properties":{"name":"08031004602","fips":"08031004602"},"id":"08031004602"},{"arcs":[[-2624,2709,-2631,-2635,-2622,-2621]],"type":"Polygon","properties":{"name":"08031001702","fips":"08031001702"},"id":"08031001702"},{"arcs":[[-2695,-2705,2710,-2638,2711]],"type":"Polygon","properties":{"name":"08031008387","fips":"08031008387"},"id":"08031008387"},{"arcs":[[-2679,-2663,-2639,-2711,-2704,-1679]],"type":"Polygon","properties":{"name":"08031008312","fips":"08031008312"},"id":"08031008312"},{"arcs":[[2712,-2480,-2502,-2564,-2543,-2680,2713]],"type":"Polygon","properties":{"name":"08031015700","fips":"08031015700"},"id":"08031015700"},{"arcs":[[-2710,-2628,-2688,-2651,-2708,-2706,-2632]],"type":"Polygon","properties":{"name":"08031001902","fips":"08031001902"},"id":"08031001902"},{"arcs":[[2714,2715,-2516,-2709]],"type":"Polygon","properties":{"name":"08031004506","fips":"08031004506"},"id":"08031004506"},{"arcs":[[-2567,-2050,-2503,-2557,-2016]],"type":"Polygon","properties":{"name":"08031011902","fips":"08031011902"},"id":"08031011902"},{"arcs":[[2716,-2441,-2496,-2696,-2491,-2485,-2481]],"type":"Polygon","properties":{"name":"08031005200","fips":"08031005200"},"id":"08031005200"},{"arcs":[[2717,-2515,-2566,-2689,-2626,-2457,-2453]],"type":"Polygon","properties":{"name":"08031002100","fips":"08031002100"},"id":"08031002100"},{"arcs":[[-2062,2718,-2552,2719,-1909]],"type":"Polygon","properties":{"name":"08031000902","fips":"08031000902"},"id":"08031000902"},{"arcs":[[-2656,-2690,-2719,-2064]],"type":"Polygon","properties":{"name":"08031000904","fips":"08031000904"},"id":"08031000904"},{"arcs":[[-2712,-2637,2720,-923,-2693]],"type":"Polygon","properties":{"name":"08031008305","fips":"08031008305"},"id":"08031008305"},{"arcs":[[-924,-2721,-2636,-2662]],"type":"Polygon","properties":{"name":"08031008304","fips":"08031008304"},"id":"08031008304"},{"arcs":[[2721,2722,2723,2724,2725]],"type":"Polygon","properties":{"name":"08005080200","fips":"08005080200"},"id":"08005080200"},{"arcs":[[2726,2727,2728,2729,2730]],"type":"Polygon","properties":{"name":"08031007006","fips":"08031007006"},"id":"08031007006"},{"arcs":[[-2716,2731,2732,-2551,-2517]],"type":"Polygon","properties":{"name":"08031004505","fips":"08031004505"},"id":"08031004505"},{"arcs":[[-1755,-2720,-2733,2733]],"type":"Polygon","properties":{"name":"08031004504","fips":"08031004504"},"id":"08031004504"},{"arcs":[[-2734,-2732,-2715,-2549,-1756]],"type":"Polygon","properties":{"name":"08031004503","fips":"08031004503"},"id":"08031004503"},{"arcs":[[-2540,-2533,-2500,-2432,-2531]],"type":"Polygon","properties":{"name":"08031004006","fips":"08031004006"},"id":"08031004006"},{"arcs":[[-2452,-1631,-2597,-2110,2734]],"type":"Polygon","properties":{"name":"08031003001","fips":"08031003001"},"id":"08031003001"},{"arcs":[[-2113,2735,-2681,-2505,-2510,-2718,-2735]],"type":"Polygon","properties":{"name":"08031001403","fips":"08031001403"},"id":"08031001403"},{"arcs":[[2736,2737,2738,2739,-2729,2740]],"type":"Polygon","properties":{"name":"08031006813","fips":"08031006813"},"id":"08031006813"},{"arcs":[[-2728,2741,-2555,2742,2743,-2741]],"type":"Polygon","properties":{"name":"08031006814","fips":"08031006814"},"id":"08031006814"},{"arcs":[[-2436,2744,-2743,-2554,-2424]],"type":"Polygon","properties":{"name":"08031006811","fips":"08031006811"},"id":"08031006811"},{"arcs":[[2745,2746,2747,2748,2749,2750,2751,-2676]],"type":"Polygon","properties":{"name":"08031007037","fips":"08031007037"},"id":"08031007037"},{"arcs":[[-2751,2752,-2488,-2672,2753]],"type":"Polygon","properties":{"name":"08031007088","fips":"08031007088"},"id":"08031007088"},{"arcs":[[-2754,-2677,-2752]],"type":"Polygon","properties":{"name":"08031007089","fips":"08031007089"},"id":"08031007089"},{"arcs":[[2754,-1680,2755,2756,2757]],"type":"Polygon","properties":{"name":"08005081800","fips":"08005081800"},"id":"08005081800"},{"arcs":[[2758,2759,2760]],"type":"Polygon","properties":{"name":"08005007500","fips":"08005007500"},"id":"08005007500"},{"arcs":[[2761,2762,2763,2764]],"type":"Polygon","properties":{"name":"08005082300","fips":"08005082300"},"id":"08005082300"},{"arcs":[[2765,2766,2767,2768,2769,2770,2771]],"type":"Polygon","properties":{"name":"08005081600","fips":"08005081600"},"id":"08005081600"},{"arcs":[[2772,2773,-2723,2774]],"type":"Polygon","properties":{"name":"08005080700","fips":"08005080700"},"id":"08005080700"},{"arcs":[[2775,2776,2777,2778]],"type":"Polygon","properties":{"name":"08005006808","fips":"08005006808"},"id":"08005006808"},{"arcs":[[2779,2780,2781,2782,2783,2784,2785]],"type":"Polygon","properties":{"name":"08005084600","fips":"08005084600"},"id":"08005084600"},{"arcs":[[2786,2787,2788,2789]],"type":"Polygon","properties":{"name":"08005006711","fips":"08005006711"},"id":"08005006711"},{"arcs":[[2790,2791,-2776,2792,2793,2794]],"type":"Polygon","properties":{"name":"08005006815","fips":"08005006815"},"id":"08005006815"},{"arcs":[[2795,2796,2797]],"type":"Polygon","properties":{"name":"08041003801","fips":"08041003801"},"id":"08041003801"},{"arcs":[[2798,2799,2800,2801,2802,2803]],"type":"Polygon","properties":{"name":"08041005111","fips":"08041005111"},"id":"08041005111"},{"arcs":[[2804,2805,2806,2807,2808,2809,2810]],"type":"Polygon","properties":{"name":"08041007101","fips":"08041007101"},"id":"08041007101"},{"arcs":[[2811,2812,2813,2814,2815]],"type":"Polygon","properties":{"name":"08041007201","fips":"08041007201"},"id":"08041007201"},{"arcs":[[2816,2817,-2810]],"type":"Polygon","properties":{"name":"08041006901","fips":"08041006901"},"id":"08041006901"},{"arcs":[[2818,2819,2820,2821,2822]],"type":"Polygon","properties":{"name":"08041006301","fips":"08041006301"},"id":"08041006301"},{"arcs":[[2823,2824,2825,2826,-2823]],"type":"Polygon","properties":{"name":"08041006302","fips":"08041006302"},"id":"08041006302"},{"arcs":[[2827,2828,-2802,2829]],"type":"Polygon","properties":{"name":"08041005110","fips":"08041005110"},"id":"08041005110"},{"arcs":[[2830,2831,2832,2833,2834]],"type":"Polygon","properties":{"name":"08041006801","fips":"08041006801"},"id":"08041006801"},{"arcs":[[-2833,2835,2836,2837]],"type":"Polygon","properties":{"name":"08041006802","fips":"08041006802"},"id":"08041006802"},{"arcs":[[2838,2839,2840,2841]],"type":"Polygon","properties":{"name":"08041006000","fips":"08041006000"},"id":"08041006000"},{"arcs":[[2842,2843,2844,2845,2846]],"type":"Polygon","properties":{"name":"08005084100","fips":"08005084100"},"id":"08005084100"},{"arcs":[[2847,2848,2849,2850,2851]],"type":"Polygon","properties":{"name":"08041004601","fips":"08041004601"},"id":"08041004601"},{"arcs":[[2852,2853,-2238,2854,2855,2856]],"type":"Polygon","properties":{"name":"08041004511","fips":"08041004511"},"id":"08041004511"},{"arcs":[[2857,2858,2859]],"type":"Polygon","properties":{"name":"08041007602","fips":"08041007602"},"id":"08041007602"},{"arcs":[[2860,2861,-2814,2862]],"type":"Polygon","properties":{"name":"08041007202","fips":"08041007202"},"id":"08041007202"},{"arcs":[[2863,2864,2865,2866]],"type":"Polygon","properties":{"name":"08041005105","fips":"08041005105"},"id":"08041005105"},{"arcs":[[-2852,2867,-1807,-1864,-2155,-2854,2868]],"type":"Polygon","properties":{"name":"08041004602","fips":"08041004602"},"id":"08041004602"},{"arcs":[[2869,-2858,2870,2871,2872,2873,-2806]],"type":"Polygon","properties":{"name":"08041007601","fips":"08041007601"},"id":"08041007601"},{"arcs":[[2874,-2828,2875,2876,-2839,2877,2878,2879]],"type":"Polygon","properties":{"name":"08041005900","fips":"08041005900"},"id":"08041005900"},{"arcs":[[-2813,2880,2881,2882,2883,-2797,2884,-2863]],"type":"Polygon","properties":{"name":"08041003802","fips":"08041003802"},"id":"08041003802"},{"arcs":[[2885,2886,2887]],"type":"Polygon","properties":{"name":"08041003307","fips":"08041003307"},"id":"08041003307"},{"arcs":[[2888,2889,2890,2891]],"type":"Polygon","properties":{"name":"08041006700","fips":"08041006700"},"id":"08041006700"},{"arcs":[[2892,2893,2894,2895]],"type":"Polygon","properties":{"name":"08041004507","fips":"08041004507"},"id":"08041004507"},{"arcs":[[2896,2897,-2896,2898]],"type":"Polygon","properties":{"name":"08041004506","fips":"08041004506"},"id":"08041004506"},{"arcs":[[-2893,-2898,2899,2900,2901,2902]],"type":"Polygon","properties":{"name":"08041004300","fips":"08041004300"},"id":"08041004300"},{"arcs":[[-2801,2903,-2876,-2830]],"type":"Polygon","properties":{"name":"08041005000","fips":"08041005000"},"id":"08041005000"},{"arcs":[[-2892,2904,2905,2906,2907,-2413,-2469,-2448,-2467,2908]],"type":"Polygon","properties":{"name":"08041003400","fips":"08041003400"},"id":"08041003400"},{"arcs":[[-2895,2909,2910,-2856,2911,2912,-2899]],"type":"Polygon","properties":{"name":"08041004508","fips":"08041004508"},"id":"08041004508"},{"arcs":[[-2348,2913,2914,-2861,-2885,-2796,2915,2916,2917,2918,-2889,-2909,-2466,-2444,-2128,-2360]],"type":"Polygon","properties":{"name":"08041003701","fips":"08041003701"},"id":"08041003701"},{"arcs":[[2919,2920,2921]],"type":"Polygon","properties":{"name":"08041004100","fips":"08041004100"},"id":"08041004100"},{"arcs":[[2922,-2922,2923,-2901]],"type":"Polygon","properties":{"name":"08041004200","fips":"08041004200"},"id":"08041004200"},{"arcs":[[-2827,2924,-2840,-2877,2925,-2819]],"type":"Polygon","properties":{"name":"08041006200","fips":"08041006200"},"id":"08041006200"},{"arcs":[[2926,-2841,-2925,-2826]],"type":"Polygon","properties":{"name":"08041006100","fips":"08041006100"},"id":"08041006100"},{"arcs":[[2927,2928,2929,-2875,2930]],"type":"Polygon","properties":{"name":"08041005800","fips":"08041005800"},"id":"08041005800"},{"arcs":[[2931,2932,-2931,-2880]],"type":"Polygon","properties":{"name":"08041005700","fips":"08041005700"},"id":"08041005700"},{"arcs":[[2933,-2929,2934]],"type":"Polygon","properties":{"name":"08041005602","fips":"08041005602"},"id":"08041005602"},{"arcs":[[2935,2936,2937,2938,2939]],"type":"Polygon","properties":{"name":"08041004703","fips":"08041004703"},"id":"08041004703"},{"arcs":[[2940,2941,2942,2943]],"type":"Polygon","properties":{"name":"08041004009","fips":"08041004009"},"id":"08041004009"},{"arcs":[[-2825,2944,2945,2946]],"type":"Polygon","properties":{"name":"08041005202","fips":"08041005202"},"id":"08041005202"},{"arcs":[[2947,2948,2949,-2883,2950,-2831]],"type":"Polygon","properties":{"name":"08041003905","fips":"08041003905"},"id":"08041003905"},{"arcs":[[2951,2952,2953,2954]],"type":"Polygon","properties":{"name":"08041003706","fips":"08041003706"},"id":"08041003706"},{"arcs":[[2955,2956,-2955,2957,2958,-2916,-2798,-2884,-2950,2959]],"type":"Polygon","properties":{"name":"08041003705","fips":"08041003705"},"id":"08041003705"},{"arcs":[[2960,2961,2962,2963,2964,2965]],"type":"Polygon","properties":{"name":"08041003000","fips":"08041003000"},"id":"08041003000"},{"arcs":[[2966,2967,2968,-2867,2969]],"type":"Polygon","properties":{"name":"08041005109","fips":"08041005109"},"id":"08041005109"},{"arcs":[[-2844,2970,2971]],"type":"Polygon","properties":{"name":"08005084500","fips":"08005084500"},"id":"08005084500"},{"arcs":[[2972,2973,2974,2975,2976,2977,-2888]],"type":"Polygon","properties":{"name":"08041003303","fips":"08041003303"},"id":"08041003303"},{"arcs":[[2978,2979,2980,2981,-2910,-2894,-2903]],"type":"Polygon","properties":{"name":"08041004503","fips":"08041004503"},"id":"08041004503"},{"arcs":[[-2965,2982,-2974,2983]],"type":"Polygon","properties":{"name":"08041002900","fips":"08041002900"},"id":"08041002900"},{"arcs":[[2984,2985,-2878,-2842,2986,2987,2988]],"type":"Polygon","properties":{"name":"08041002000","fips":"08041002000"},"id":"08041002000"},{"arcs":[[-2942,2989,2990,-2979,-2902,-2924,-2921,2991]],"type":"Polygon","properties":{"name":"08041004502","fips":"08041004502"},"id":"08041004502"},{"arcs":[[2992,2993,2994,2995,-2989]],"type":"Polygon","properties":{"name":"08041001900","fips":"08041001900"},"id":"08041001900"},{"arcs":[[2996,2997,2998,-2994,2999,3000]],"type":"Polygon","properties":{"name":"08041001800","fips":"08041001800"},"id":"08041001800"},{"arcs":[[3001,3002,3003,-2998,3004]],"type":"Polygon","properties":{"name":"08041001700","fips":"08041001700"},"id":"08041001700"},{"arcs":[[3005,3006,3007,-3002,3008]],"type":"Polygon","properties":{"name":"08041001600","fips":"08041001600"},"id":"08041001600"},{"arcs":[[3009,3010,3011,-3006,3012,-2963]],"type":"Polygon","properties":{"name":"08041001500","fips":"08041001500"},"id":"08041001500"},{"arcs":[[-2882,3013,-2836,-2832,-2951]],"type":"Polygon","properties":{"name":"08041003906","fips":"08041003906"},"id":"08041003906"},{"arcs":[[3014,3015,3016,3017]],"type":"Polygon","properties":{"name":"08041001101","fips":"08041001101"},"id":"08041001101"},{"arcs":[[3018,3019,-3007,3020,-3018]],"type":"Polygon","properties":{"name":"08041001000","fips":"08041001000"},"id":"08041001000"},{"arcs":[[3021,-3003,-3008,-3020,3022]],"type":"Polygon","properties":{"name":"08041000900","fips":"08041000900"},"id":"08041000900"},{"arcs":[[3023,3024,3025,-2775]],"type":"Polygon","properties":{"name":"08005080800","fips":"08005080800"},"id":"08005080800"},{"arcs":[[-2866,3026,-2873,3027,-2970]],"type":"Polygon","properties":{"name":"08041005107","fips":"08041005107"},"id":"08041005107"},{"arcs":[[-2818,3028,-2837,3029,3030,-2811]],"type":"Polygon","properties":{"name":"08041007102","fips":"08041007102"},"id":"08041007102"},{"arcs":[[3031,3032,3033,-2936,3034]],"type":"Polygon","properties":{"name":"08041004705","fips":"08041004705"},"id":"08041004705"},{"arcs":[[-2807,-2874,-3027,-2865,3035,-3032,3036]],"type":"Polygon","properties":{"name":"08041005106","fips":"08041005106"},"id":"08041005106"},{"arcs":[[-2808,-3037,-3035,3037,3038]],"type":"Polygon","properties":{"name":"08041004706","fips":"08041004706"},"id":"08041004706"},{"arcs":[[-2834,-2838,-3029,-2817,-2809,-3039]],"type":"Polygon","properties":{"name":"08041006902","fips":"08041006902"},"id":"08041006902"},{"arcs":[[-2853,3039,-2981,3040,-2799,3041,-2848,-2869]],"type":"Polygon","properties":{"name":"08041004603","fips":"08041004603"},"id":"08041004603"},{"arcs":[[-2857,-2911,-2982,-3040]],"type":"Polygon","properties":{"name":"08041004510","fips":"08041004510"},"id":"08041004510"},{"arcs":[[-2968,3042,-2803,-2829,-2930,-2934]],"type":"Polygon","properties":{"name":"08041005108","fips":"08041005108"},"id":"08041005108"},{"arcs":[[3043,3044,-2886,-2978]],"type":"Polygon","properties":{"name":"08041003308","fips":"08041003308"},"id":"08041003308"},{"arcs":[[-2887,-3045,3045,3046]],"type":"Polygon","properties":{"name":"08041003305","fips":"08041003305"},"id":"08041003305"},{"arcs":[[3047,3048,-3044,-2977,3049]],"type":"Polygon","properties":{"name":"08041004401","fips":"08041004401"},"id":"08041004401"},{"arcs":[[3050,3051,3052,3053,3054,3055,-2932]],"type":"Polygon","properties":{"name":"08041000101","fips":"08041000101"},"id":"08041000101"},{"arcs":[[3056,3057,3058,3059]],"type":"Polygon","properties":{"name":"08041008000","fips":"08041008000"},"id":"08041008000"},{"arcs":[[3060,-2990,-2941,3061,3062]],"type":"Polygon","properties":{"name":"08041006502","fips":"08041006502"},"id":"08041006502"},{"arcs":[[-2912,-2855,-2237,-2192,-1637,3063,-3048,3064]],"type":"Polygon","properties":{"name":"08041004403","fips":"08041004403"},"id":"08041004403"},{"arcs":[[-3050,-2976,3065,-3065]],"type":"Polygon","properties":{"name":"08041004402","fips":"08041004402"},"id":"08041004402"},{"arcs":[[3066,-3060,3067,-2952,-2957]],"type":"Polygon","properties":{"name":"08041003709","fips":"08041003709"},"id":"08041003709"},{"arcs":[[-2914,-2393,-2095,3068,3069]],"type":"Polygon","properties":{"name":"08041007400","fips":"08041007400"},"id":"08041007400"},{"arcs":[[3070,-2953,3071,3072,-2917,-2959]],"type":"Polygon","properties":{"name":"08041003707","fips":"08041003707"},"id":"08041003707"},{"arcs":[[-3068,3073,-3072]],"type":"Polygon","properties":{"name":"08041003708","fips":"08041003708"},"id":"08041003708"},{"arcs":[[3074,-2890,-2919,3075,3076]],"type":"Polygon","properties":{"name":"08041006600","fips":"08041006600"},"id":"08041006600"},{"arcs":[[3077,-3046,-3049,-3064,-1636,-2414,-2908,3078]],"type":"Polygon","properties":{"name":"08041003306","fips":"08041003306"},"id":"08041003306"},{"arcs":[[3079,-2849,-3042,-2804,-3043,-2967,-3028,-2872]],"type":"Polygon","properties":{"name":"08041005104","fips":"08041005104"},"id":"08041005104"},{"arcs":[[3080,3081,-2933,-3056,3082]],"type":"Polygon","properties":{"name":"08041005502","fips":"08041005502"},"id":"08041005502"},{"arcs":[[-3038,-2940,3083,-2835]],"type":"Polygon","properties":{"name":"08041004702","fips":"08041004702"},"id":"08041004702"},{"arcs":[[3084,3085,-2987,-2927,-2947]],"type":"Polygon","properties":{"name":"08041002102","fips":"08041002102"},"id":"08041002102"},{"arcs":[[3086,-2821,3087,-3063]],"type":"Polygon","properties":{"name":"08041006501","fips":"08041006501"},"id":"08041006501"},{"arcs":[[3088,-2824,-2822,-3087,-3062,-2944]],"type":"Polygon","properties":{"name":"08041006400","fips":"08041006400"},"id":"08041006400"},{"arcs":[[-2928,-3082,3089,-2969,-2935]],"type":"Polygon","properties":{"name":"08041005601","fips":"08041005601"},"id":"08041005601"},{"arcs":[[3090,3091,3092,-2945,-3089]],"type":"Polygon","properties":{"name":"08041005400","fips":"08041005400"},"id":"08041005400"},{"arcs":[[3093,3094,-3092,3095]],"type":"Polygon","properties":{"name":"08041005300","fips":"08041005300"},"id":"08041005300"},{"arcs":[[-3095,3096,-3085,-2946,-3093]],"type":"Polygon","properties":{"name":"08041005201","fips":"08041005201"},"id":"08041005201"},{"arcs":[[3097,3098,-2938,3099,3100,3101,3102]],"type":"Polygon","properties":{"name":"08041004800","fips":"08041004800"},"id":"08041004800"},{"arcs":[[3103,3104,3105,-3001]],"type":"Polygon","properties":{"name":"08041002700","fips":"08041002700"},"id":"08041002700"},{"arcs":[[-2907,3106,3107,3108,-3079]],"type":"Polygon","properties":{"name":"08041002501","fips":"08041002501"},"id":"08041002501"},{"arcs":[[3109,-3108,3110,-2961]],"type":"Polygon","properties":{"name":"08041002502","fips":"08041002502"},"id":"08041002502"},{"arcs":[[-2962,-3111,-3107,-2906,3111,3112]],"type":"Polygon","properties":{"name":"08041002400","fips":"08041002400"},"id":"08041002400"},{"arcs":[[3113,-3005,-2997,-3106,3114]],"type":"Polygon","properties":{"name":"08041002200","fips":"08041002200"},"id":"08041002200"},{"arcs":[[-2984,-2973,-3047,-3078,-3109,-3110,-2966]],"type":"Polygon","properties":{"name":"08041003100","fips":"08041003100"},"id":"08041003100"},{"arcs":[[3115,-3104,-3000,-2993,-2988,-3086]],"type":"Polygon","properties":{"name":"08041002101","fips":"08041002101"},"id":"08041002101"},{"arcs":[[3116,-3010,-3113,3117]],"type":"Polygon","properties":{"name":"08041001400","fips":"08041001400"},"id":"08041001400"},{"arcs":[[3118,3119,-3011,-3117,3120,-3077]],"type":"Polygon","properties":{"name":"08041001302","fips":"08041001302"},"id":"08041001302"},{"arcs":[[-3058,-3015,-3021,-3012,-3120,3121]],"type":"Polygon","properties":{"name":"08041001104","fips":"08041001104"},"id":"08041001104"},{"arcs":[[3122,3123,3124,-2995,-2999,-3004,-3022]],"type":"Polygon","properties":{"name":"08041000800","fips":"08041000800"},"id":"08041000800"},{"arcs":[[-2996,-3125,3125,-2985]],"type":"Polygon","properties":{"name":"08041000700","fips":"08041000700"},"id":"08041000700"},{"arcs":[[3126,-3126,3127,-3052]],"type":"Polygon","properties":{"name":"08041000600","fips":"08041000600"},"id":"08041000600"},{"arcs":[[-3019,3128,-3123,-3023]],"type":"Polygon","properties":{"name":"08041000500","fips":"08041000500"},"id":"08041000500"},{"arcs":[[-3017,3129,3130,-3053,-3128,-3124,-3129]],"type":"Polygon","properties":{"name":"08041000400","fips":"08041000400"},"id":"08041000400"},{"arcs":[[-3103,3131,3132,3133,3134]],"type":"Polygon","properties":{"name":"08041007800","fips":"08041007800"},"id":"08041007800"},{"arcs":[[-3025,3135,3136,3137]],"type":"Polygon","properties":{"name":"08005080900","fips":"08005080900"},"id":"08005080900"},{"arcs":[[3138,-3134,3139,3140,-3130,-3016,-3057,-3067,-2956]],"type":"Polygon","properties":{"name":"08041000302","fips":"08041000302"},"id":"08041000302"},{"arcs":[[-2949,3141,-3098,-3135,-3139,-2960]],"type":"Polygon","properties":{"name":"08041007700","fips":"08041007700"},"id":"08041007700"},{"arcs":[[3142,3143,3144,3145]],"type":"Polygon","properties":{"name":"08005083500","fips":"08005083500"},"id":"08005083500"},{"arcs":[[3146,-2764,3147,-2699,3148,3149,-3145]],"type":"Polygon","properties":{"name":"08005082800","fips":"08005082800"},"id":"08005082800"},{"arcs":[[-3147,-3144,3150,-2769,3151,3152,-2765]],"type":"Polygon","properties":{"name":"08005082400","fips":"08005082400"},"id":"08005082400"},{"arcs":[[3153,3154,3155,-2086]],"type":"Polygon","properties":{"name":"08005005630","fips":"08005005630"},"id":"08005005630"},{"arcs":[[3156,3157,-3154,-2133]],"type":"Polygon","properties":{"name":"08005005631","fips":"08005005631"},"id":"08005005631"},{"arcs":[[3158,3159,3160,3161]],"type":"Polygon","properties":{"name":"08005005628","fips":"08005005628"},"id":"08005005628"},{"arcs":[[3162,3163,3164,3165,-3157,-2132]],"type":"Polygon","properties":{"name":"08005005632","fips":"08005005632"},"id":"08005005632"},{"arcs":[[-3160,3166,-2340,-2350,-3156]],"type":"Polygon","properties":{"name":"08005005629","fips":"08005005629"},"id":"08005005629"},{"arcs":[[3167,3168,3169,3170,3171]],"type":"Polygon","properties":{"name":"08005084400","fips":"08005084400"},"id":"08005084400"},{"arcs":[[-2294,-1586,-1596,-1599,-1811,-1813,-510,-473,-1703,-2303],[3172]],"type":"Polygon","properties":{"name":"08055960900","fips":"08055960900"},"id":"08055960900"},{"arcs":[[3173,3174,3175,3176]],"type":"Polygon","properties":{"name":"08005005614","fips":"08005005614"},"id":"08005005614"},{"arcs":[[3177,3178,3179,-2795,3180]],"type":"Polygon","properties":{"name":"08005006707","fips":"08005006707"},"id":"08005006707"},{"arcs":[[3181,3182,-2341,-3167]],"type":"Polygon","properties":{"name":"08005006708","fips":"08005006708"},"id":"08005006708"},{"arcs":[[3183,3184,3185,3186,3187]],"type":"Polygon","properties":{"name":"08005006604","fips":"08005006604"},"id":"08005006604"},{"arcs":[[3188,3189,3190,3191,-3184]],"type":"Polygon","properties":{"name":"08005006603","fips":"08005006603"},"id":"08005006603"},{"arcs":[[3192,3193,3194,3195,3196,3197]],"type":"Polygon","properties":{"name":"08005006705","fips":"08005006705"},"id":"08005006705"},{"arcs":[[-3186,3198,3199,3200]],"type":"Polygon","properties":{"name":"08005006601","fips":"08005006601"},"id":"08005006601"},{"arcs":[[-2037,-1949,-2032,3201,3202]],"type":"Polygon","properties":{"name":"08005005621","fips":"08005005621"},"id":"08005005621"},{"arcs":[[-3190,3203,3204,-3166,3205]],"type":"Polygon","properties":{"name":"08005005625","fips":"08005005625"},"id":"08005005625"},{"arcs":[[-3173]],"type":"Polygon","properties":{"name":"08055960600","fips":"08055960600"},"id":"08055960600"},{"arcs":[[-3165,3206,3207,-3191,-3206]],"type":"Polygon","properties":{"name":"08005005624","fips":"08005005624"},"id":"08005005624"},{"arcs":[[-3177,-3161,-3155,3208]],"type":"Polygon","properties":{"name":"08005005627","fips":"08005005627"},"id":"08005005627"},{"arcs":[[3209,-2528,-2430,-2428,-2474,3210,3211,-3193]],"type":"Polygon","properties":{"name":"08005006704","fips":"08005006704"},"id":"08005006704"},{"arcs":[[3212,3213,3214,3215]],"type":"Polygon","properties":{"name":"08005005620","fips":"08005005620"},"id":"08005005620"},{"arcs":[[-2390,-3183,-3181,3216,-2126]],"type":"Polygon","properties":{"name":"08005006709","fips":"08005006709"},"id":"08005006709"},{"arcs":[[3217,-3214,3218,-3202,-1794,-2562,-1793,-2561,-1791,-2462]],"type":"Polygon","properties":{"name":"08005005619","fips":"08005005619"},"id":"08005005619"},{"arcs":[[-3164,3219,3220,-3207]],"type":"Polygon","properties":{"name":"08005005633","fips":"08005005633"},"id":"08005005633"},{"arcs":[[3221,3222,3223,-2785,3224]],"type":"Polygon","properties":{"name":"08005081700","fips":"08005081700"},"id":"08005081700"},{"arcs":[],"type":"MultiPolygon","properties":{"name":"08005015100","fips":"08005015100"},"id":"08005015100"},{"arcs":[[-2766,3225,-2780,3226]],"type":"Polygon","properties":{"name":"08005083900","fips":"08005083900"},"id":"08005083900"},{"arcs":[[3227,-3149,3228]],"type":"Polygon","properties":{"name":"08005082900","fips":"08005082900"},"id":"08005082900"},{"arcs":[[3229,-2737,-2744,-2745,-2443]],"type":"Polygon","properties":{"name":"08005087300","fips":"08005087300"},"id":"08005087300"},{"arcs":[[3230,3231,3232,3233]],"type":"Polygon","properties":{"name":"08005086900","fips":"08005086900"},"id":"08005086900"},{"arcs":[[3234,-2725,3235,-2739,3236,-3234]],"type":"Polygon","properties":{"name":"08005087100","fips":"08005087100"},"id":"08005087100"},{"arcs":[[3237,-2760,3238,-1683,-2755]],"type":"Polygon","properties":{"name":"08005007301","fips":"08005007301"},"id":"08005007301"},{"arcs":[[3239,3240,3241,3242,-3196]],"type":"Polygon","properties":{"name":"08005006100","fips":"08005006100"},"id":"08005006100"},{"arcs":[[-3240,-3195,3243,3244,3245]],"type":"Polygon","properties":{"name":"08005006300","fips":"08005006300"},"id":"08005006300"},{"arcs":[[-3182,-3159,-2788,-3178]],"type":"Polygon","properties":{"name":"08005006706","fips":"08005006706"},"id":"08005006706"},{"arcs":[[3246,3247,3248,-3241,-3246]],"type":"Polygon","properties":{"name":"08005006200","fips":"08005006200"},"id":"08005006200"},{"arcs":[[3249,3250,-2541,-2529,-3210,-3198]],"type":"Polygon","properties":{"name":"08005005952","fips":"08005005952"},"id":"08005005952"},{"arcs":[[-3250,-3197,-3243,3251,3252]],"type":"Polygon","properties":{"name":"08005005951","fips":"08005005951"},"id":"08005005951"},{"arcs":[[-3251,-3253,3253,-2112,-2542]],"type":"Polygon","properties":{"name":"08005005800","fips":"08005005800"},"id":"08005005800"},{"arcs":[[-3244,-3194,3254,3255,-3187,-3201]],"type":"Polygon","properties":{"name":"08005005612","fips":"08005005612"},"id":"08005005612"},{"arcs":[[-3245,-3200,3256,3257,3258,-3247]],"type":"Polygon","properties":{"name":"08005006400","fips":"08005006400"},"id":"08005006400"},{"arcs":[[3259,-3242,-3249,3260]],"type":"Polygon","properties":{"name":"08005006000","fips":"08005006000"},"id":"08005006000"},{"arcs":[[-3141,3261,3262,-3054,-3131]],"type":"Polygon","properties":{"name":"08041000301","fips":"08041000301"},"id":"08041000301"},{"arcs":[[-3133,-3262,-3140]],"type":"Polygon","properties":{"name":"08041000203","fips":"08041000203"},"id":"08041000203"},{"arcs":[[3263,3264,3265,3266]],"type":"Polygon","properties":{"name":"08005080500","fips":"08005080500"},"id":"08005080500"},{"arcs":[[3267,3268,3269,3270]],"type":"Polygon","properties":{"name":"08005083000","fips":"08005083000"},"id":"08005083000"},{"arcs":[[-3171,-3271,3271,3272,3273]],"type":"Polygon","properties":{"name":"08005083200","fips":"08005083200"},"id":"08005083200"},{"arcs":[[3274,3275,3276,-3172,-3274,3277]],"type":"Polygon","properties":{"name":"08005085900","fips":"08005085900"},"id":"08005085900"},{"arcs":[[3278,3279,3280,-2793,-2779]],"type":"Polygon","properties":{"name":"08005006855","fips":"08005006855"},"id":"08005006855"},{"arcs":[[3281,3282,3283,3284]],"type":"Polygon","properties":{"name":"08005086400","fips":"08005086400"},"id":"08005086400"},{"arcs":[[-2100,3285,3286]],"type":"Polygon","properties":{"name":"08005086700","fips":"08005086700"},"id":"08005086700"},{"arcs":[[3287,-1697,-827,3288,3289]],"type":"Polygon","properties":{"name":"08005007103","fips":"08005007103"},"id":"08005007103"},{"arcs":[[3290,-2682,-2736,-3254,-3252,-3260]],"type":"Polygon","properties":{"name":"08005005700","fips":"08005005700"},"id":"08005005700"},{"arcs":[[-3203,-3219,-3213,3291,3292,3293,-2386,-1941,-2038]],"type":"Polygon","properties":{"name":"08005005622","fips":"08005005622"},"id":"08005005622"},{"arcs":[[-3256,-3174,3294,-3204,-3189,-3188]],"type":"Polygon","properties":{"name":"08005005611","fips":"08005005611"},"id":"08005005611"},{"arcs":[[-2759,3295,3296,3297,3298,3299]],"type":"Polygon","properties":{"name":"08005007400","fips":"08005007400"},"id":"08005007400"},{"arcs":[[-2477,3300,-3248,-3259,-3215,-3218,-2465]],"type":"Polygon","properties":{"name":"08005005553","fips":"08005005553"},"id":"08005005553"},{"arcs":[[-3158,-3205,-3295,-3209]],"type":"Polygon","properties":{"name":"08005005626","fips":"08005005626"},"id":"08005005626"},{"arcs":[[-2758,3301,3302,-3296,-2761,-3238]],"type":"Polygon","properties":{"name":"08005007600","fips":"08005007600"},"id":"08005007600"},{"arcs":[[-3055,-3263,-3132,-3102,3303]],"type":"Polygon","properties":{"name":"08041000202","fips":"08041000202"},"id":"08041000202"},{"arcs":[[-3119,-3076,-2918,-3073,-3074,-3059,-3122]],"type":"Polygon","properties":{"name":"08041007900","fips":"08041007900"},"id":"08041007900"},{"arcs":[[-3127,-3051,-2879,-2986]],"type":"Polygon","properties":{"name":"08041000102","fips":"08041000102"},"id":"08041000102"},{"arcs":[[-3084,-2939,-3099,-3142,-2948]],"type":"Polygon","properties":{"name":"08041004701","fips":"08041004701"},"id":"08041004701"},{"arcs":[[-3081,3304,3305,-3033,-3036,-2864,-3090]],"type":"Polygon","properties":{"name":"08041005501","fips":"08041005501"},"id":"08041005501"},{"arcs":[[-3304,-3101,3306,-3305,-3083]],"type":"Polygon","properties":{"name":"08041004901","fips":"08041004901"},"id":"08041004901"},{"arcs":[[-3100,-2937,-3034,-3306,-3307]],"type":"Polygon","properties":{"name":"08041004902","fips":"08041004902"},"id":"08041004902"},{"arcs":[[-2920,-2923,-2900,-2897,-2913,-3066,-2975,3307,-3096,-3091,-2943,-2992]],"type":"Polygon","properties":{"name":"08041004501","fips":"08041004501"},"id":"08041004501"},{"arcs":[[-3041,-2980,-2991,-3061,-3088,-2820,-2926,-2904,-2800]],"type":"Polygon","properties":{"name":"08041004008","fips":"08041004008"},"id":"08041004008"},{"arcs":[[-3014,-2881,-2812,3308,-3030]],"type":"Polygon","properties":{"name":"08041007000","fips":"08041007000"},"id":"08041007000"},{"arcs":[[-2954,-3071,-2958]],"type":"Polygon","properties":{"name":"08041003702","fips":"08041003702"},"id":"08041003702"},{"arcs":[[-3105,-3116,-3097,-3094,-3308,-2983,3309,-3115]],"type":"Polygon","properties":{"name":"08041002800","fips":"08041002800"},"id":"08041002800"},{"arcs":[[-3112,-2905,-2891,-3075,-3121,-3118]],"type":"Polygon","properties":{"name":"08041001301","fips":"08041001301"},"id":"08041001301"},{"arcs":[[-2850,-3080,-2871,-2860,3310,-1770,3311]],"type":"Polygon","properties":{"name":"08041003902","fips":"08041003902"},"id":"08041003902"},{"arcs":[[3312,3313,3314,-3278,-3273,3315,3316]],"type":"Polygon","properties":{"name":"08005086000","fips":"08005086000"},"id":"08005086000"},{"arcs":[[3317,-2815,-2862,-2915,-3070]],"type":"Polygon","properties":{"name":"08041007300","fips":"08041007300"},"id":"08041007300"},{"arcs":[[-3223,3318,3319,3320,3321]],"type":"Polygon","properties":{"name":"08005083700","fips":"08005083700"},"id":"08005083700"},{"arcs":[[3322,3323,3324,-3314]],"type":"Polygon","properties":{"name":"08005086100","fips":"08005086100"},"id":"08005086100"},{"arcs":[[-1785,-2101,-3287,3325,3326,-3317,3327]],"type":"Polygon","properties":{"name":"08005007107","fips":"08005007107"},"id":"08005007107"},{"arcs":[[3328,3329,3330,3331,3332]],"type":"Polygon","properties":{"name":"08005085100","fips":"08005085100"},"id":"08005085100"},{"arcs":[[3333,3334,-3332,3335]],"type":"Polygon","properties":{"name":"08005085600","fips":"08005085600"},"id":"08005085600"},{"arcs":[[-3331,3336,-3225,3337,3338,-3336]],"type":"Polygon","properties":{"name":"08005085500","fips":"08005085500"},"id":"08005085500"},{"arcs":[[-2726,-3235,-3233,3339,-2749]],"type":"Polygon","properties":{"name":"08005087000","fips":"08005087000"},"id":"08005087000"},{"arcs":[[-2753,-2750,-3340,-3232,3340,-2483,-2489]],"type":"Polygon","properties":{"name":"08005086800","fips":"08005086800"},"id":"08005086800"},{"arcs":[[-2683,-3291,3341,-2714]],"type":"Polygon","properties":{"name":"08005005551","fips":"08005005551"},"id":"08005005551"},{"arcs":[[3342,-3137,-203,3343,-3302]],"type":"Polygon","properties":{"name":"08005007702","fips":"08005007702"},"id":"08005007702"},{"arcs":[[-2748,3344,-3024,-2722]],"type":"Polygon","properties":{"name":"08005080100","fips":"08005080100"},"id":"08005080100"},{"arcs":[[3345,-3276,3346,3347,3348]],"type":"Polygon","properties":{"name":"08005084800","fips":"08005084800"},"id":"08005084800"},{"arcs":[[3349,3350,3351,-2763]],"type":"Polygon","properties":{"name":"08005082200","fips":"08005082200"},"id":"08005082200"},{"arcs":[[3352,-2770,-3151,3353,-2971,3354]],"type":"Polygon","properties":{"name":"08005082500","fips":"08005082500"},"id":"08005082500"},{"arcs":[[-851,-92,-1853,-1804,-1780,-1787,3355,-3289,-833]],"type":"Polygon","properties":{"name":"08005007101","fips":"08005007101"},"id":"08005007101"},{"arcs":[[3356,3357,-2756,-1670]],"type":"Polygon","properties":{"name":"08005081900","fips":"08005081900"},"id":"08005081900"},{"arcs":[[3358,-3358,3359,-2702,3360]],"type":"Polygon","properties":{"name":"08005082000","fips":"08005082000"},"id":"08005082000"},{"arcs":[[-3266,3361,3362,3363,-2762,-3153,3364]],"type":"Polygon","properties":{"name":"08005081400","fips":"08005081400"},"id":"08005081400"},{"arcs":[[-3299,3365,-2674,-2571,3366]],"type":"Polygon","properties":{"name":"08005007202","fips":"08005007202"},"id":"08005007202"},{"arcs":[[-1771,-3311,-2859,-2870,-2805,-3031,-3309,-2816,-3318,-3069,-2099]],"type":"Polygon","properties":{"name":"08041007500","fips":"08041007500"},"id":"08041007500"},{"arcs":[[3367,-3365,-3152,-2768,3368]],"type":"Polygon","properties":{"name":"08005081500","fips":"08005081500"},"id":"08005081500"},{"arcs":[[-1769,-1782,-1808,-2868,-2851,-3312]],"type":"Polygon","properties":{"name":"08041003909","fips":"08041003909"},"id":"08041003909"},{"arcs":[[-2964,-3013,-3009,-3114,-3310]],"type":"Polygon","properties":{"name":"08041002300","fips":"08041002300"},"id":"08041002300"},{"arcs":[[-3341,-3231,-3237,-2738,-3230,-2442,-2717,-2484]],"type":"Polygon","properties":{"name":"08005087200","fips":"08005087200"},"id":"08005087200"},{"arcs":[[-3280,3369,-3320,3370,-3330,3371]],"type":"Polygon","properties":{"name":"08005085000","fips":"08005085000"},"id":"08005085000"},{"arcs":[[3372,-2781,-3226,-2772]],"type":"Polygon","properties":{"name":"08005083800","fips":"08005083800"},"id":"08005083800"},{"arcs":[[-1675,-1698,-3288,3373,3374]],"type":"Polygon","properties":{"name":"08005007105","fips":"08005007105"},"id":"08005007105"},{"arcs":[[-3229,-2703,-3360,-3357,-1676,-3375,3375,-3272,-3270]],"type":"Polygon","properties":{"name":"08005007104","fips":"08005007104"},"id":"08005007104"},{"arcs":[[-3316,-3376,-3374,-3290,-3356,-1786,-3328]],"type":"Polygon","properties":{"name":"08005007106","fips":"08005007106"},"id":"08005007106"},{"arcs":[[3376,-3146,-3150,-3228,-3269,3377]],"type":"Polygon","properties":{"name":"08005083100","fips":"08005083100"},"id":"08005083100"},{"arcs":[[-3265,3378,-2774,-3362]],"type":"Polygon","properties":{"name":"08005080600","fips":"08005080600"},"id":"08005080600"},{"arcs":[[-2570,-1669,-1809,-3239,-3300,-3367]],"type":"Polygon","properties":{"name":"08005007302","fips":"08005007302"},"id":"08005007302"},{"arcs":[[-3136,-3345,-2747,3379,-204]],"type":"Polygon","properties":{"name":"08005080000","fips":"08005080000"},"id":"08005080000"},{"arcs":[[-2742,-2727,3380,-3321,-3370,-3279,-2778,3381,-2472,-2556]],"type":"Polygon","properties":{"name":"08005006854","fips":"08005006854"},"id":"08005006854"},{"arcs":[[-2675,-3366,-3298,3382,-2746]],"type":"Polygon","properties":{"name":"08005007201","fips":"08005007201"},"id":"08005007201"},{"arcs":[[-3381,-2731,3383,-3369,-2767,-3227,-2786,-3224,-3322]],"type":"Polygon","properties":{"name":"08005083600","fips":"08005083600"},"id":"08005083600"},{"arcs":[[3384,3385,-3326,-3286,-2109]],"type":"Polygon","properties":{"name":"08005086600","fips":"08005086600"},"id":"08005086600"},{"arcs":[[3386,-3323,-3313,-3327,-3386,3387]],"type":"Polygon","properties":{"name":"08005085300","fips":"08005085300"},"id":"08005085300"},{"arcs":[[-3335,3388,-3324,-3387,3389,-3284,3390,-3333]],"type":"Polygon","properties":{"name":"08005085200","fips":"08005085200"},"id":"08005085200"},{"arcs":[[-3192,3391,3392,-3257,-3199,-3185]],"type":"Polygon","properties":{"name":"08005006502","fips":"08005006502"},"id":"08005006502"},{"arcs":[[-2713,-3342,-3261,-3301,-2476]],"type":"Polygon","properties":{"name":"08005005552","fips":"08005005552"},"id":"08005005552"},{"arcs":[[-3390,-3388,-3385,-2108,-2368,3393,-3285]],"type":"Polygon","properties":{"name":"08005086500","fips":"08005086500"},"id":"08005086500"},{"arcs":[[-3329,-3391,-3283,3394,-3372]],"type":"Polygon","properties":{"name":"08005086300","fips":"08005086300"},"id":"08005086300"},{"arcs":[[-3217,-2794,-3281,-3395,-3282,-3394,-2367]],"type":"Polygon","properties":{"name":"08005006856","fips":"08005006856"},"id":"08005006856"},{"arcs":[[-3382,-2777,-2792,3395]],"type":"Polygon","properties":{"name":"08005006857","fips":"08005006857"},"id":"08005006857"},{"arcs":[[3396,-3292,-3216,-3258,-3393]],"type":"Polygon","properties":{"name":"08005006501","fips":"08005006501"},"id":"08005006501"},{"arcs":[[-3397,-3392,-3208,-3221,3397,-3293]],"type":"Polygon","properties":{"name":"08005005623","fips":"08005005623"},"id":"08005005623"},{"arcs":[[3398,-3179,-2787]],"type":"Polygon","properties":{"name":"08005006713","fips":"08005006713"},"id":"08005006713"},{"arcs":[[-2473,-3396,-2791,3399]],"type":"Polygon","properties":{"name":"08005006858","fips":"08005006858"},"id":"08005006858"},{"arcs":[[-3176,3400,-2789,-3162]],"type":"Polygon","properties":{"name":"08005005635","fips":"08005005635"},"id":"08005005635"},{"arcs":[[-3180,-3399,-2790,3401,-3211,-2475,-3400]],"type":"Polygon","properties":{"name":"08005006712","fips":"08005006712"},"id":"08005006712"},{"arcs":[[-3175,-3255,-3212,-3402,-3401]],"type":"Polygon","properties":{"name":"08005005636","fips":"08005005636"},"id":"08005005636"},{"arcs":[[-2494,-2665,-2667,-2697]],"type":"Polygon","properties":{"name":"08005004951","fips":"08005004951"},"id":"08005004951"},{"arcs":[[-2698,-2668,-2666,-2537,-2606,-2527]],"type":"Polygon","properties":{"name":"08005004952","fips":"08005004952"},"id":"08005004952"},{"arcs":[[-3352,-2700,-3148]],"type":"Polygon","properties":{"name":"08005082700","fips":"08005082700"},"id":"08005082700"},{"arcs":[[-3398,-3220,-3163,-2387,-3294]],"type":"Polygon","properties":{"name":"08005005634","fips":"08005005634"},"id":"08005005634"},{"arcs":[[-3222,-3337,-3371,-3319]],"type":"Polygon","properties":{"name":"08005084900","fips":"08005084900"},"id":"08005084900"},{"arcs":[[-3026,-3138,3402,3403,3404,3405]],"type":"Polygon","properties":{"name":"08005081100","fips":"08005081100"},"id":"08005081100"},{"arcs":[[3406,-3363,-2773,-3406]],"type":"Polygon","properties":{"name":"08005081200","fips":"08005081200"},"id":"08005081200"},{"arcs":[[-2771,-3353,3407,-2782,-3373]],"type":"Polygon","properties":{"name":"08005084700","fips":"08005084700"},"id":"08005084700"},{"arcs":[[3408,-3168,3409,3410,3411,-2847]],"type":"Polygon","properties":{"name":"08005084200","fips":"08005084200"},"id":"08005084200"},{"arcs":[[3412,-3169,-3409,-2846]],"type":"Polygon","properties":{"name":"08005084300","fips":"08005084300"},"id":"08005084300"},{"arcs":[[3413,-3410,-3277,-3346]],"type":"Polygon","properties":{"name":"08005085800","fips":"08005085800"},"id":"08005085800"},{"arcs":[[-3413,3414,-3378,-3268,-3170]],"type":"Polygon","properties":{"name":"08005083400","fips":"08005083400"},"id":"08005083400"},{"arcs":[[-3364,-3407,-3405,-3350]],"type":"Polygon","properties":{"name":"08005081300","fips":"08005081300"},"id":"08005081300"},{"arcs":[[3415,-3334,-3339,3416,-3348]],"type":"Polygon","properties":{"name":"08005085400","fips":"08005085400"},"id":"08005085400"},{"arcs":[[-3275,-3315,-3325,-3389,-3416,-3347]],"type":"Polygon","properties":{"name":"08005086200","fips":"08005086200"},"id":"08005086200"},{"arcs":[[-3417,-3338,-2784,-3411,-3414,-3349]],"type":"Polygon","properties":{"name":"08005085700","fips":"08005085700"},"id":"08005085700"},{"arcs":[[-2845,-2972,-3354,-3143,-3377,-3415]],"type":"Polygon","properties":{"name":"08005083300","fips":"08005083300"},"id":"08005083300"},{"arcs":[[-3355,-2843,-3412,-2783,-3408]],"type":"Polygon","properties":{"name":"08005084000","fips":"08005084000"},"id":"08005084000"},{"arcs":[[-3380,-3383,-3297,-3303,-3344,-205]],"type":"Polygon","properties":{"name":"08005007703","fips":"08005007703"},"id":"08005007703"},{"arcs":[[-3361,-2701,-3351,-3404]],"type":"Polygon","properties":{"name":"08005082100","fips":"08005082100"},"id":"08005082100"},{"arcs":[[-2757,-3359,-3403,-3343]],"type":"Polygon","properties":{"name":"08005081000","fips":"08005081000"},"id":"08005081000"},{"arcs":[[-3379,-3264,3417,-3236,-2724]],"type":"Polygon","properties":{"name":"08005080300","fips":"08005080300"},"id":"08005080300"},{"arcs":[[-3384,-2730,-2740,-3418,-3267,-3368]],"type":"Polygon","properties":{"name":"08005080400","fips":"08005080400"},"id":"08005080400"}]}}}