{"type":"Topology","objects":{"counties":{"geometries":[{"properties":{"name":"Larimer County","fips":"08069"},"type":"Polygon","arcs":[[-97,-79,-116,0,-123]],"id":"08069"},{"properties":{"name":"Las Animas County","fips":"08071"},"type":"Polygon","arcs":[[-4,-12,-75,1,-19,-214,-68]],"id":"08071"},{"properties":{"name":"Fremont County","fips":"08043"},"type":"Polygon","arcs":[[-53,-107,-183,-94,-188,-70,-7]],"id":"08043"},{"properties":{"name":"Gunnison County","fips":"08051"},"type":"Polygon","arcs":[[-109,-52,-111,-45,-132,-18,-50,-9]],"id":"08051"},{"properties":{"name":"Conejos County","fips":"08021"},"type":"Polygon","arcs":[[-41,-21,2,-162,-63]],"id":"08021"},{"properties":{"name":"Eagle County","fips":"08037"},"type":"Polygon","arcs":[[-151,-81,-6,-15,-8,-23]],"id":"08037"},{"properties":{"name":"Otero County","fips":"08089"},"type":"Polygon","arcs":[[-101,-13,3,-67,-10]],"id":"08089"},{"properties":{"name":"La Plata County","fips":"08067"},"type":"Polygon","arcs":[[4,-28,-126,-114,-158]],"id":"08067"},{"properties":{"name":"Summit County","fips":"08117"},"type":"Polygon","arcs":[[-80,-88,-179,-16,5]],"id":"08117"},{"properties":{"name":"Custer County","fips":"08027"},"type":"Polygon","arcs":[[6,-69,-218,-54]],"id":"08027"},{"properties":{"name":"Pitkin County","fips":"08097"},"type":"Polygon","arcs":[[-49,-24,7,-17,-105,8]],"id":"08097"},{"properties":{"name":"Crowley County","fips":"08025"},"type":"Polygon","arcs":[[-102,9,-66,-31]],"id":"08025"},{"properties":{"name":"Cheyenne County","fips":"08017"},"type":"Polygon","arcs":[[10,-104,-30,-72]],"id":"08017"},{"properties":{"name":"Bent County","fips":"08011"},"type":"Polygon","arcs":[[-100,-27,-76,11,12]],"id":"08011"},{"properties":{"name":"Adams County","fips":"08001"},"type":"Polygon","arcs":[[-168,-34,-139,-121,-25,-145,-209]],"id":"08001"},{"properties":{"name":"Elbert County","fips":"08039"},"type":"Polygon","arcs":[[-32,-185,-57,-212]],"id":"08039"},{"properties":{"name":"Yuma County","fips":"08125"},"type":"Polygon","arcs":[[-85,-43,13,-74,-148]],"id":"08125"},{"properties":{"name":"Lake County","fips":"08065"},"type":"Polygon","arcs":[[14,15,-178,-106,16]],"id":"08065"},{"properties":{"name":"Delta County","fips":"08029"},"type":"Polygon","arcs":[[-51,17,-131]],"id":"08029"},{"properties":{"name":"Costilla County","fips":"08023"},"type":"Polygon","arcs":[[-40,-215,18,19,20]],"id":"08023"},{"properties":{"name":"Garfield County","fips":"08045"},"type":"Polygon","arcs":[[21,-36,-152,22,23,-48]],"id":"08045"},{"properties":{"name":"Morgan County","fips":"08087"},"type":"Polygon","arcs":[[-86,-146,24,-120]],"id":"08087"},{"properties":{"name":"Prowers County","fips":"08099"},"type":"Polygon","arcs":[[-99,25,-77,26]],"id":"08099"},{"properties":{"name":"Montezuma County","fips":"08083"},"type":"Polygon","arcs":[[-59,27,28]],"id":"08083"},{"properties":{"name":"Mineral County","fips":"08079"},"type":"Polygon","arcs":[[-64,-160,-113,-56]],"id":"08079"},{"properties":{"name":"Lincoln County","fips":"08073"},"type":"Polygon","arcs":[[29,-103,30,-186,31,-211,-150,-73]],"id":"08073"},{"properties":{"name":"Jefferson County","fips":"08059"},"type":"MultiPolygon","arcs":[[[171]],[[32]],[[174]],[[-170,-203]],[[-169,-205]],[[-141,-140,33,-171,-201,-58,-92,-181,-87,-164,34]]],"id":"08059"},{"properties":{"name":"Rio Blanco County","fips":"08103"},"type":"Polygon","arcs":[[-153,35,36,-91]],"id":"08103"},{"properties":{"name":"Sedgwick County","fips":"08115"},"type":"Polygon","arcs":[[37,-44,-83]],"id":"08115"},{"properties":{"name":"San Miguel County","fips":"08113"},"type":"Polygon","arcs":[[38,-134,-46,-128,-61]],"id":"08113"},{"properties":{"name":"Alamosa County","fips":"08003"},"type":"Polygon","arcs":[[-55,-216,39,40,-62]],"id":"08003"},{"properties":{"name":"Phillips County","fips":"08095"},"type":"Polygon","arcs":[[41,42,-84,43]],"id":"08095"},{"properties":{"name":"Ouray County","fips":"08091"},"type":"Polygon","arcs":[[44,-110,-129,45,-133]],"id":"08091"},{"properties":{"name":"Mesa County","fips":"08077"},"type":"Polygon","arcs":[[-136,46,47,48,49,50]],"id":"08077"},{"properties":{"name":"Saguache County","fips":"08109"},"type":"Polygon","arcs":[[-112,51,-108,52,53,-217,54,-65,55]],"id":"08109"},{"properties":{"name":"Douglas County","fips":"08035"},"type":"Polygon","arcs":[[56,-190,-93,57,-213]],"id":"08035"},{"properties":{"name":"Dolores County","fips":"08033"},"type":"Polygon","arcs":[[-127,58,59,60]],"id":"08033"},{"properties":{"name":"Rio Grande County","fips":"08105"},"type":"Polygon","arcs":[[61,62,-161,63,64]],"id":"08105"},{"properties":{"name":"Pueblo County","fips":"08101"},"type":"Polygon","arcs":[[-187,65,66,67,-219,68,69]],"id":"08101"},{"properties":{"name":"Kit Carson County","fips":"08063"},"type":"Polygon","arcs":[[70,71,72,-149,73]],"id":"08063"},{"properties":{"name":"Baca County","fips":"08009"},"type":"Polygon","arcs":[[74,75,76,77]],"id":"08009"},{"properties":{"name":"Grand County","fips":"08049"},"type":"Polygon","arcs":[[78,-96,-166,-89,79,80,-157,-117]],"id":"08049"},{"properties":{"name":"Logan County","fips":"08075"},"type":"Polygon","arcs":[[81,82,83,84,-147,85,-119]],"id":"08075"},{"properties":{"name":"Clear Creek County","fips":"08019"},"type":"Polygon","arcs":[[-165,86,-180,87,88]],"id":"08019"},{"properties":{"name":"Moffat County","fips":"08081"},"type":"Polygon","arcs":[[89,-154,90]],"id":"08081"},{"properties":{"name":"Teller County","fips":"08119"},"type":"Polygon","arcs":[[91,92,-189,93,-182]],"id":"08119"},{"properties":{"name":"Boulder County","fips":"08013"},"type":"MultiPolygon","arcs":[[[143]],[[-122,-142,-141,94,-167,95,96],[136]]],"id":"08013"},{"properties":{"name":"Kiowa County","fips":"08061"},"type":"Polygon","arcs":[[97,98,99,100,101,102,103]],"id":"08061"},{"properties":{"name":"Chaffee County","fips":"08015"},"type":"Polygon","arcs":[[104,105,-184,106,107,108]],"id":"08015"},{"properties":{"name":"Hinsdale County","fips":"08053"},"type":"Polygon","arcs":[[109,110,111,112,-159,113,-125,-130]],"id":"08053"},{"properties":{"name":"Jackson County","fips":"08057"},"type":"Polygon","arcs":[[114,115,116,-156]],"id":"08057"},{"properties":{"name":"Weld County","fips":"08123"},"type":"MultiPolygon","arcs":[[[117]],[[118,119,120,-138,121,122,123]]],"id":"08123"},{"properties":{"name":"San Juan County","fips":"08111"},"type":"Polygon","arcs":[[124,125,126,127,128,129]],"id":"08111"},{"properties":{"name":"Montrose County","fips":"08085"},"type":"Polygon","arcs":[[130,131,132,133,134,135]],"id":"08085"},{"properties":{"name":"Broomfield County","fips":"08014"},"type":"MultiPolygon","arcs":[[[136]],[[137,138,139,140,141],[142],[143]]],"id":"08014"},{"properties":{"name":"Washington County","fips":"08121"},"type":"Polygon","arcs":[[-210,144,145,146,147,148,149]],"id":"08121"},{"properties":{"name":"Routt County","fips":"08107"},"type":"Polygon","arcs":[[150,151,152,153,154,155,156]],"id":"08107"},{"properties":{"name":"Archuleta County","fips":"08007"},"type":"Polygon","arcs":[[157,158,159,160,161,162]],"id":"08007"},{"properties":{"name":"Gilpin County","fips":"08047"},"type":"Polygon","arcs":[[163,164,165,166]],"id":"08047"},{"properties":{"name":"Denver County","fips":"08031"},"type":"MultiPolygon","arcs":[[[199]],[[167,-208,-207,-206,168,-204,169,-202,170],[171],[190],[172],[192],[173],[174],[193],[194],[175],[196],[197],[176]]],"id":"08031"},{"properties":{"name":"Park County","fips":"08093"},"type":"Polygon","arcs":[[177,178,179,180,181,182,183]],"id":"08093"},{"properties":{"name":"El Paso County","fips":"08041"},"type":"Polygon","arcs":[[184,185,186,187,188,189]],"id":"08041"},{"properties":{"name":"Arapahoe County","fips":"08005"},"type":"MultiPolygon","arcs":[[[190]],[[191]],[[192]],[[193]],[[194]],[[195]],[[196]],[[197]],[[198],[199]],[[200,201,202,203,204,205,206,207,208,209,210,211,212]]],"id":"08005"},{"properties":{"name":"Huerfano County","fips":"08055"},"type":"Polygon","arcs":[[213,214,215,216,217,218]],"id":"08055"}],"type":"GeometryCollection"}},"bbox":[-109.06026686964863,36.992429910612515,-102.04088717420052,41.00345044097276],"transform":{"scale":[7.019449889947008e-05,4.011060640966658e-05],"translate":[-109.06026686964863,36.992429910612515]},"arcs":[[[40882,99853],[93,0],[99,-1],[92,0],[95,-1],[68,0],[130,-4],[164,0],[132,-1],[14,1],[39,0],[70,-3],[466,0],[32,-1],[24,0],[28,-1],[9,0],[85,-1],[203,-3],[48,1],[106,0],[57,1],[132,0],[28,1],[150,2],[58,0],[24,1],[32,0],[26,-1],[13,0],[70,1],[79,0],[41,1],[86,-1],[244,0],[73,-1],[295,0],[278,-1],[461,-1],[12,0],[31,-1],[301,0],[44,-1],[379,0],[35,1],[11,-1],[296,0],[40,-1],[303,0],[64,-1],[329,0],[59,-1],[351,0],[164,-1],[7,-1],[5,1],[7,1],[6,-1],[7,-1],[17,0],[5,1],[6,0],[6,1],[45,0],[105,1],[180,0],[74,1],[73,0],[101,1],[21,0],[22,1],[226,0],[58,1],[232,0],[136,1],[70,-1],[36,0],[42,1],[98,1],[132,0],[15,1],[129,0],[58,1],[114,0],[64,1],[85,0],[106,1],[60,0],[75,1],[84,0],[44,1],[96,0],[80,1],[60,0],[99,1],[95,0],[129,1],[43,1],[176,0],[38,1],[237,0],[24,1],[371,0],[16,1],[17,0],[35,1],[206,0],[19,1],[226,0],[175,1],[111,0],[100,1],[315,0],[274,2],[41,1],[256,1],[30,0],[91,1],[131,0],[37,1],[163,0],[40,1],[38,0],[73,1],[58,0],[2,-1],[1,0],[0,1],[18,0],[4,-3],[6,0],[53,2],[14,1],[218,0],[1,1],[51,0],[10,1],[0,3],[4,0],[16,1],[251,0],[69,-1],[289,0],[158,-1],[344,0],[99,-1],[76,0],[24,-1],[30,-1],[22,0],[107,1],[294,0],[173,1],[147,0],[267,1],[102,0],[12,-1],[517,0],[78,-1],[655,0],[89,-1],[220,0],[55,-1],[4,0],[10,1],[60,0],[3,2],[4,1],[6,-3],[191,0]],[[85109,195],[-12,0],[-35,1],[-483,0],[-12,-1],[-20,-2],[-78,0],[-147,1],[-136,0],[-56,1],[-16,0],[-1,-6],[-248,0],[-59,-1],[-17,-1],[-70,0],[-65,-1],[-72,-1],[-104,0],[-232,-3],[-85,0],[-52,-1],[-269,-2],[-73,-1],[-236,0],[-30,-1],[-11,1],[-605,0],[-172,-1],[-78,0],[-97,1],[-88,-1],[-89,-1],[-24,0],[-264,-1],[-161,0],[-171,-1],[-86,0],[-38,1],[-130,0],[-100,-1],[-108,0],[-8,-1],[-123,0],[-31,-1],[-160,0],[-66,-1],[-61,0],[-84,-1],[-225,0],[-136,-1],[-176,0],[-4,1],[-14,0],[-27,-1],[-80,-1],[-27,-1],[-18,0],[-42,-1],[-33,0],[-19,-1],[-75,0],[-42,-1],[-128,-2],[-65,0],[-126,-2],[-6,0],[-149,-1],[-181,-1],[-50,0],[-61,-1],[-52,-1],[-157,-1],[-429,0],[-46,-1],[-148,-2],[-64,-1],[-5,1],[-283,-3],[-93,-1],[-56,-1],[-82,10],[-80,4],[-228,-17],[-273,-2],[-13,0],[-120,-2],[-44,-1],[-3,1],[-56,0],[-5,-1],[-13,0],[-26,-1],[-143,0],[-66,-1],[-175,-4],[-67,0],[-21,-2],[-16,1],[-71,-1],[-45,0],[-68,-1],[-103,-1],[-23,-1],[-51,-1],[-125,-2],[-2,0],[-125,-2],[-9,-1],[-120,0],[-90,-1],[-105,1],[-2,0],[-171,-1],[-1,0],[-176,-1],[-55,0],[-9,-1],[-35,0],[-50,-2],[-24,-1],[-211,-5],[-182,-2],[-306,-3],[-2,0],[-146,-1],[-44,0],[-247,-1],[-8,0],[-63,-1],[-8,0],[-65,-1],[-78,0],[-18,-1],[-61,0],[-103,-2],[-113,-2],[-2,0],[-55,-2],[-149,0],[-92,-1],[-68,-1],[-181,-2],[-29,-1],[-92,-1],[-56,0],[-61,-1],[-24,0],[-12,-1],[-78,0],[-112,-2],[-20,0],[-314,-4],[-112,-1],[-9,0],[-2,-1],[-77,0],[-188,-3],[-6,0],[-65,-1],[-58,0],[-15,-1],[-5,-1],[-47,0],[-100,-1],[-38,0],[-10,-1],[-108,0],[-31,-1],[-48,0],[-112,-1],[-38,0],[-25,-1],[-77,-1],[-46,0],[-27,-1],[-8,0],[-67,-1],[-12,0],[-107,-1],[-83,-2],[-67,-1],[-47,0],[-117,-2],[-22,0],[-47,-1],[-38,2],[-8,0],[-97,-1],[-94,-1],[-41,0],[-42,-1],[-36,0],[-73,-1],[-68,-1],[-216,-4],[-119,-3],[-64,-1],[-192,-4],[-64,-1],[-9,0],[-27,-1],[-9,0],[-64,-1],[-10,0],[-105,-2],[-71,-1],[-22,0],[-46,-1],[-126,-4],[-114,-4],[-266,-2],[-147,0],[-15,-1],[-83,2],[-165,0],[-314,-1],[-74,3],[-232,4],[-96,0],[-91,-1],[-108,0],[-17,1],[-146,2],[-117,0],[-73,1],[-167,0],[-75,-5],[-2,0],[-8,1],[-2,0],[-2,1],[-2,3],[-80,0],[-22,-1],[-89,0],[-64,-1],[-68,0],[-44,-1],[-46,1],[-66,2],[-70,1],[-46,1],[-5,0],[-16,1],[-6,0],[-107,-1],[-266,-3],[-57,1],[-38,0],[-69,6],[-540,0],[-31,1],[-112,4],[-26,2],[-2,-3],[-12,-17],[-85,0],[-38,-1],[-8,0],[-108,-3],[-39,-1],[-126,0],[-93,1],[-208,0],[-85,1],[-291,0],[-63,1],[-23,0],[-353,-2],[-1,1],[-5,0],[-12,1],[-506,0],[-173,-1],[-104,0],[-139,-1],[-200,0],[-216,-1],[-117,0],[-68,-1],[-259,0],[-25,-1],[-211,0],[-6,-1],[-52,0],[-174,1],[-552,0],[-1003,-1],[-68,-2],[-130,-5],[-117,-3],[-93,-3],[-33,1],[-64,5],[-191,14],[-1,0],[-61,4],[-4,0],[-34,1],[-102,2],[-34,1],[-7,0],[-52,3],[-76,4],[-81,4],[-53,3],[-6,1],[-2,0],[-80,4],[-11,0],[-70,3],[-94,5],[-133,6],[-99,5],[-3,0],[-9,1],[-5,0],[-7,-1],[-36,-3],[-25,-1],[-38,-1],[-93,0],[-24,-1],[-3,0],[-50,1],[-159,1],[-53,1]],[[47608,85],[-48,0],[-141,-1],[-48,-1],[-69,0],[-152,-1],[-127,0],[-114,1],[-3,0],[-174,1],[-179,0],[-117,-1],[-381,0],[-40,-1],[-143,0],[-48,-1],[-80,0],[-240,-1],[-80,-1],[-52,0],[-3,1],[-12,0],[-6,-1],[-96,0],[-217,-1],[-1050,0],[-7,-1],[-143,-2],[-50,-1],[-27,0],[-82,1],[-29,0],[-5,1],[-3,0],[-4,-1],[-5,0],[-20,-2],[-24,-2],[-45,1],[-23,1],[-19,0],[-28,-1],[-84,0],[-3,-1],[-6,0],[-35,-1],[-106,-1],[-37,0],[-137,-2],[-39,0],[-128,-1],[-23,0],[-31,-1],[-17,0],[-67,-1],[-104,-2],[-5,0],[-31,1],[-4,0],[-26,1],[-5,0],[-92,-2],[-19,0],[-31,1],[-10,0],[-12,-1],[-38,0],[-12,-1],[-97,-1],[-76,-1],[-59,0],[-75,-1],[-113,0],[-104,2],[-40,1],[-31,-1],[-67,0],[-28,-1],[-107,-1],[-111,-1],[-59,0],[-25,-5],[-17,0],[-92,-1],[-36,0],[-41,-1],[-108,0],[-45,-1],[-1,0],[-2,-3],[-1,-1],[-1,0],[-82,-1],[-227,-2],[-50,0],[-221,1],[-208,0],[-11,2],[-3,1],[-1,0],[-36,-1],[-143,0],[-4,1],[-3,0],[-20,-3],[-522,0],[-16,-1],[-48,-1],[-17,0],[-4,-3],[-1,-1],[-68,0],[-83,4],[-5,0],[-66,2],[-42,0],[-153,-2],[-70,3],[-1,1],[-3,0],[-7,-1],[-96,-1],[-69,0],[-43,2],[-9,0],[-64,-1],[-114,-1],[-177,-2],[-10,0],[-42,-1],[-4,0],[-43,-1],[-219,0],[-231,-1],[-2,0],[-50,-1],[-175,0],[-38,-1],[-238,-1],[-57,0],[-273,-1],[-141,-1],[-14,0]],[[80575,16234],[-64,0],[-47,1],[-141,0],[-47,1],[-75,0],[-16,1],[-57,0],[-172,2],[-70,0],[-39,-1],[-55,0],[-123,-2],[-41,0],[-3,-1],[-59,0],[-7,-1],[-46,0],[-31,-1],[-40,0],[-5,-1],[-18,0],[-6,-1],[-6,0],[-16,-2],[-6,0],[-180,-11],[-173,5],[-95,1],[-253,3],[-222,3],[-33,1],[-43,1],[-6,0],[-55,1],[-1,0],[-59,1],[-177,2],[-59,1],[-14,0],[-88,1],[-503,6],[-92,-1],[-191,0],[-129,-1],[-155,0],[-6,-1],[-176,0],[-108,-1],[-326,-2],[-109,-1],[-38,0],[-75,-1],[-69,0],[-27,-1],[-127,0],[-28,-1],[-108,0],[-16,-1],[-1,0],[-4,4],[-62,1],[-184,4],[-62,2],[-174,4],[-428,9],[-94,3],[-172,4],[-205,-1],[-112,0],[-15,1],[-5,0],[-1,1],[-11,0],[-30,-1],[-10,-1],[-23,0],[-4,-1],[-16,0],[-45,-2],[-16,0],[-17,-1],[-53,-2],[-19,0],[-3,-1],[-15,0],[-41,-1],[-57,0],[-127,-1],[-43,-1],[-77,0],[-50,-1],[-87,0],[-34,-1],[-71,0],[-14,-1],[-43,0],[-128,-1],[-43,0],[-20,-1],[-83,0],[-21,-1],[-105,0],[-52,-1],[-46,0],[-85,-1],[-28,-1],[-68,0],[-18,-1],[-75,0],[-49,-1],[-147,-1],[-49,0],[-53,2],[-67,3],[-367,0],[-70,-1],[-179,0],[-79,1],[-127,0],[0,38],[-1,62],[-1,185],[0,73],[-1,30],[0,112],[-1,76],[-1,231],[-1,74],[0,34],[-1,95],[0,90],[-1,129],[-1,43],[0,86],[-1,53],[0,105],[-1,48],[0,16],[-1,117],[-2,351],[-1,117],[0,65],[-1,17],[-5,2],[-16,8],[-5,3]],[[22488,189],[-219,0],[-26,1],[-31,0],[-106,-1],[-7010,0],[-36,-1],[-35,0],[-73,-1],[-36,-1],[-69,0],[-19,-1],[-126,-1],[-53,-1],[-33,0],[-35,-1],[-151,0],[-193,-1],[-299,0],[-127,-1],[-6,0],[-263,-1],[-219,0],[-8,-2],[-20,0],[-31,-1],[-45,0],[-106,-1],[-62,0],[-351,-2],[-164,-2],[-233,0],[-81,-1],[-118,-1],[-9,0],[-27,-1],[-20,0],[-201,-2],[-85,0],[-90,-1],[-120,-1],[-18,14],[-237,0],[-9,1],[-68,-1],[-220,0],[-4,-1],[-133,0],[-247,-1],[-65,1],[-11,1],[-5,0],[-90,-1],[-122,-1],[-97,0],[-51,-1],[-139,0],[-20,-1],[-263,3],[-51,0]],[[40652,59516],[-1,10],[-6,12],[-10,14],[-7,7],[-12,13],[-10,9],[-6,9],[-2,4],[-1,6],[0,13],[2,15],[4,4],[8,16],[12,20],[8,14],[9,10],[5,4],[6,4],[9,13],[11,13],[6,8],[3,7],[3,3],[9,8],[4,5],[0,1],[1,1],[1,0],[5,5],[0,1],[1,1],[0,2],[1,1],[0,2],[2,10],[7,29],[1,6],[1,4],[15,66],[2,8],[-1,13],[-2,15],[-6,15],[-10,15],[-34,42],[-50,60],[-44,55],[0,1],[-3,2],[0,1],[-2,1],[-6,4],[-2,0],[-4,1],[-4,4],[-4,7],[1,5],[3,9],[0,1],[1,6],[0,4],[-1,7],[-2,3],[-3,3],[-3,2],[-1,1],[0,1],[-11,0],[-2,7],[-7,7],[-10,8],[-11,9],[-7,9],[-2,7],[-6,5],[-7,8],[-1,6],[2,9],[5,9],[3,7],[4,8],[0,7],[-10,18],[-5,6],[-7,8],[-3,7],[-1,8],[-3,6],[-5,1],[-15,-3],[-7,1],[-4,6],[-15,12],[-21,8],[-24,7],[-12,7],[-14,9],[-14,4],[-5,6],[-2,8],[-3,8],[-8,11],[-5,7],[0,6],[-1,5],[-5,7],[-3,5],[2,30],[-3,4],[-6,7],[0,7],[3,7],[10,18],[1,11],[-1,13],[1,19],[-2,16],[-6,16],[-8,20],[-9,23],[-3,4],[-2,14],[-5,13],[-4,8],[0,2],[6,5],[33,25],[21,8],[12,8],[10,13],[1,4],[3,9],[6,13],[8,12],[0,35],[3,7],[8,9],[9,10],[10,7],[5,6],[0,6],[-1,11],[-4,16],[-7,18],[-6,15],[-7,21],[-10,14],[-10,15],[-7,14],[-10,17],[-11,19],[-13,13],[-13,15],[-12,-1],[-12,3],[-7,14],[-3,13],[-4,15],[-9,21],[-9,18],[-8,11],[-12,18],[-7,14],[-1,9],[-1,13],[-6,16],[-6,12],[0,9],[-3,11],[-6,8],[-6,13],[-3,16],[-7,17],[-3,11],[0,8],[1,13],[2,16],[2,14],[4,8],[3,11],[-2,10],[-4,15],[-11,17],[-18,20],[-18,18],[-5,8],[-4,8],[1,7],[-3,9],[-7,19],[-7,13],[-8,11],[-9,20],[-6,7],[-9,6],[-16,5],[-20,14],[-11,10],[-12,12],[-9,26],[-15,16],[1,35],[1,27],[13,17],[3,18],[0,28],[-1,13],[1,9],[-3,11],[0,1],[-16,72],[0,1],[1,27],[2,32],[13,10],[4,8],[0,14],[3,18],[6,32],[3,11],[1,9],[-6,11],[-4,9],[0,11],[3,13],[5,16],[2,19],[5,16],[7,17],[9,23],[8,18],[5,10],[6,7],[3,6],[0,10],[2,9],[3,7],[5,7],[2,5],[-2,8],[-9,19],[-14,21],[-19,7],[-11,5],[-9,7],[-8,7],[-17,7],[-9,6],[-18,2],[-2,0],[-15,1],[-13,1],[-11,5],[-19,15],[-12,5],[-6,4],[-5,10],[-2,9],[4,10],[8,11],[4,13],[0,9],[4,22],[6,18],[8,22],[5,12],[18,8],[4,3],[6,0],[8,1],[10,5],[4,6],[4,8],[10,5],[6,7],[5,12],[6,4],[2,2],[7,12],[5,13],[11,22],[8,22],[4,22],[4,20],[2,14],[1,26],[10,37],[7,19],[2,9],[0,17],[4,17],[1,11],[0,4],[-4,19],[-8,24],[-16,31],[-18,22],[-13,13],[-44,20],[-16,18],[-10,19],[-4,13],[-1,23],[3,32],[3,48],[5,32],[7,26],[3,26],[-2,28],[-17,68],[-3,14],[2,10],[8,26],[9,28],[8,24],[15,27],[16,23],[9,19],[9,10],[4,15],[3,20],[2,15],[1,3],[-1,18],[0,18],[5,17],[8,16],[7,12],[4,9],[2,2],[5,2],[5,-1],[15,-8],[16,-6],[13,0],[13,7],[13,17],[11,22],[3,4],[1,1],[3,4],[2,2],[1,3],[1,1],[1,2],[8,8],[3,4],[16,12],[6,7],[8,9],[6,9],[6,5],[6,2],[9,-4],[3,-1],[7,-3],[4,-4],[2,-6],[0,-11],[-7,-12],[-3,-8],[1,-11],[3,-16],[0,-25],[4,-15],[3,-11],[9,-18],[1,-1],[8,-6],[10,-8],[5,-6],[1,-7],[1,-5],[1,-3],[6,-7],[13,-15],[21,-31],[6,-11],[4,-9],[5,-16],[1,-9],[-1,-9],[5,-17],[18,-52],[4,-10],[7,-12],[6,-20],[6,-18],[6,-12],[6,-4],[13,1],[17,0],[9,5],[13,6],[21,4],[16,4],[13,0],[9,-3],[2,-1],[3,-2],[2,-1],[0,-1],[2,0],[0,-1],[4,-2],[3,-1],[1,-1],[2,-1],[2,-2],[12,-8],[14,-1],[12,-1],[6,-7],[6,-14],[2,-3],[3,1],[1,2],[0,11],[1,21],[0,25],[1,10],[4,8],[1,5],[-1,6],[-1,7],[1,7],[6,11],[0,8],[-4,36],[-7,37],[-7,34],[-1,13],[3,10],[7,13],[2,8],[1,6],[4,16],[7,16],[-4,20],[-5,22],[0,25],[4,20],[7,24],[14,16],[14,14],[22,10],[30,9],[16,11],[9,11],[8,5],[7,-2],[10,-1],[13,1],[17,3],[9,6],[5,12],[2,17],[5,30],[-2,17],[-4,22],[0,21],[7,16],[8,14],[3,7],[2,9],[-3,11],[-7,6],[-13,5],[-12,3],[-12,-1],[-16,-1],[-22,0],[-22,-1],[-16,4],[-12,7],[-10,23],[-13,30],[-19,32],[-8,24],[-3,25],[4,26],[-3,20],[-3,21],[-5,19],[0,29],[-2,13],[1,11],[2,13],[1,16],[-7,33],[-10,23],[-9,20],[-12,9],[-16,6],[-13,8],[-6,11],[-1,11],[3,21],[4,21],[7,26],[5,22],[1,13],[-3,15],[-1,13],[2,9],[-1,6],[-1,9],[-1,15],[3,13],[8,21],[10,28],[9,24],[4,9],[1,3],[9,22],[1,22],[-8,28],[-5,25],[2,40],[5,44],[2,11],[9,48],[9,45],[7,19],[4,32],[6,15],[12,14],[6,17],[6,10],[8,6],[4,4],[2,7],[0,25],[4,13],[15,18],[15,14],[21,17],[24,14],[17,-3],[25,-8],[22,-3],[28,-8],[27,-22],[24,-16],[23,-7],[30,-7],[11,-3],[6,-10],[4,-12],[3,-4],[2,1],[2,16],[6,18],[4,13],[12,18],[5,8],[10,17],[19,16],[15,18],[13,15],[9,16],[8,13],[0,14],[-3,19],[0,18],[-3,18],[6,22],[12,20],[9,18],[3,47],[-4,66],[-3,25],[1,30],[-2,26],[1,9],[0,3],[1,17],[1,19],[-3,27],[-3,31],[-1,36],[-5,33],[-5,39],[0,27],[8,20],[10,22],[1,16],[-4,36],[-1,7],[-25,36],[-15,32],[-4,29],[5,42],[-2,30],[-17,47],[-12,38],[-10,44],[-20,24],[-5,25],[-6,25],[8,25],[-2,13],[-11,4],[-32,8],[-34,17],[-32,-36],[-26,-3],[-16,-16],[-38,9],[-13,22],[-23,11],[-36,31],[-36,6],[-28,4],[-15,21],[-22,-25],[-113,8],[-21,32],[-4,10],[-4,27],[4,16],[3,14],[3,24],[2,31],[-4,18],[-19,27],[-35,11],[-25,-11],[-12,-12],[-20,-29],[-20,-2],[-24,7],[-15,19],[-14,6],[-13,2],[-26,-5],[-8,0],[-8,19],[-22,33],[-18,30],[-23,41],[-8,29],[-1,30],[9,23],[8,17],[-1,15],[4,23],[1,50],[2,38],[0,29],[-3,15],[4,56],[1,7],[-23,-1],[-19,9],[-17,8],[-18,-8],[-16,-1],[-24,2],[-28,-11],[-24,0],[-20,-29],[-4,-1],[-5,7],[-5,-2],[-3,1],[-13,9],[-6,4],[-15,7],[-11,1],[-5,0],[-5,3],[-6,0],[-5,-3],[-2,-4],[-4,-3],[-5,4],[-12,20],[-3,1],[-24,48],[-3,16],[0,24],[2,10],[0,7],[-2,7],[4,10],[0,3],[-5,2],[-15,12],[-11,10],[-8,7],[-4,8],[-5,13],[-2,5],[-10,5],[-3,6],[3,8],[0,4],[-4,8],[-2,5],[5,11],[10,16],[5,16],[2,13],[-1,27],[0,13],[2,16],[3,14],[4,7],[8,18],[1,14],[5,14],[2,28],[-3,24],[-5,11],[-6,13],[-4,13],[-2,16],[-1,9],[-2,0],[-8,6],[-10,5],[-9,0],[-6,4],[-6,3],[-7,4],[-22,10],[-4,3],[-10,9],[-9,7],[-9,15],[-2,1],[-9,9],[-3,-2],[-6,-14],[-3,-4],[-10,-14],[-5,-10],[-6,-13],[-2,-10],[0,-5],[-6,-6],[-7,-10],[-4,-9],[-3,-10],[-2,-3],[-7,-4],[-7,-5],[-5,-1],[-13,10],[-6,1],[-12,3],[-16,8],[-9,9],[-12,9],[-16,9],[-16,6],[-15,6],[-8,5],[-12,15],[-6,4],[-19,4],[-9,3],[-5,5],[-3,4],[-7,1],[-9,11],[-5,33],[-6,10],[-4,4],[-7,6],[-5,7],[-6,29],[-10,30],[-3,13],[0,40],[3,19],[0,15],[-3,17],[-3,12],[-5,10],[-1,8],[-5,12],[-2,13],[-2,14],[4,16],[-9,8],[-11,15],[-8,17],[0,4],[-9,29],[-8,31],[-8,-1],[-7,-1],[-12,6],[-11,8],[-12,15],[-7,5],[-13,7],[-11,10],[-2,9],[-12,5],[-4,7],[-20,11],[-3,2],[-4,8],[-10,1],[-11,8],[-5,9],[-6,-4],[-9,3],[-11,4],[-10,0],[-7,3],[-8,14],[-26,14],[-9,10],[0,3],[-17,8],[-8,15],[-16,13],[-9,9],[-16,34],[-7,24],[-5,17],[-8,5],[-9,8],[-7,9],[-20,8],[-16,6],[-10,3],[-2,4],[-5,26],[-8,21],[-3,16],[-4,16],[-7,13],[-8,13],[-7,6],[-13,0],[-8,14],[-4,9],[-8,13],[-7,21],[-2,33],[1,28],[-13,16],[-10,21],[-6,39],[-7,23],[-7,19],[-6,12],[1,7],[0,4],[-7,20],[-2,8],[-4,4],[-18,12],[-14,9],[-14,8],[-6,11],[-13,14],[-15,17],[-1,0],[-11,17],[-8,22],[-9,34],[0,19],[1,15],[0,11],[-3,6],[-1,10],[3,12],[1,8],[-1,5],[-1,4],[-2,4],[-3,-2],[-5,-4],[-7,-6],[-9,-5],[-10,-6],[-9,0],[-7,-4],[-8,-7],[-12,-6],[-10,1],[-8,-4],[-15,-11],[-9,-14],[-10,-18],[-11,-24],[-7,-18],[0,-12],[-4,-12],[-5,-10],[-6,-5],[-7,0],[-9,7],[-8,6],[-8,2],[-21,2],[-15,3],[-5,-2],[-7,-6],[-8,-1],[-8,-2],[-4,-6],[-5,-11],[-6,-2],[-9,2],[-12,1],[-9,4],[-6,5],[-3,7],[-6,5],[-5,5],[-10,15],[-5,12],[-10,10],[-7,15],[-7,10],[-15,4],[-7,8],[-8,13],[-12,23],[-10,23],[-18,27],[-8,25],[-2,22],[-1,12],[-1,8],[-6,5],[-6,2],[-8,1],[-2,0],[-27,4],[-23,8],[-10,32],[-9,8],[-15,20],[-26,16],[-29,27],[-4,29],[-2,31],[-16,24],[-7,33],[-25,63],[-25,64],[2,24],[6,35],[9,46],[6,30],[8,47],[4,57],[-6,29],[-19,26],[-28,26],[-29,20],[-24,-10],[-12,-2],[-1,16],[4,24],[12,25],[-2,31],[-7,46],[-14,20],[-27,32],[-20,21],[-8,28],[1,30],[4,44],[-2,71],[-12,47],[-34,53],[-27,39],[-14,39],[-6,40],[-13,54],[-13,62],[-1,4],[-17,29],[-7,43],[4,21],[3,19],[-6,44],[-16,33],[5,24],[-2,23],[-9,18],[-7,7],[-10,11],[-14,26],[-4,7],[-51,120],[-15,48],[-7,31],[-5,14],[-28,23],[-6,4],[-1,1],[-10,8],[-6,21],[-15,47],[-5,33],[10,25],[20,39],[0,20],[-2,31],[-11,42],[-20,89],[-2,5],[-17,53],[-46,96],[-31,70],[-2,4],[0,1],[-3,12],[0,5],[-1,0],[0,4],[3,15],[-17,107],[-4,36],[-1,4],[-2,28],[1,21],[8,28],[1,27],[-3,33],[4,2],[9,12],[9,23],[18,31],[25,29],[14,16],[4,6],[-7,33],[-9,50],[-4,41],[3,50],[4,69],[2,38],[3,42],[-8,82],[-22,80],[2,57],[9,38],[-2,43],[-4,44],[-19,59],[-16,33],[-15,17],[-32,21],[-6,6],[-37,32],[-15,46],[-1,21],[7,20],[9,20],[17,20],[18,30],[18,23],[15,13],[4,16],[-5,14],[0,8]],[[46490,31728],[192,-1],[255,0],[36,-3],[20,0],[157,3],[30,-1],[157,-4],[7,0],[223,6],[96,0],[387,-2],[44,1],[27,-5],[237,0],[78,2],[1,0],[59,5],[58,-3],[63,3],[9,0],[92,2],[19,0],[194,-7],[8,-1],[178,0],[61,1],[76,0],[7,-1],[12,0],[137,1],[101,-4],[9,0],[24,-1],[80,-3],[6,-1],[2,0],[34,-1],[44,-1],[27,-2],[68,-3],[114,-5],[39,2],[3,0],[16,1],[40,2],[2,0],[23,1],[10,-2],[3,0],[16,-3],[84,-12],[2,-1],[36,-5],[16,-1],[156,-5],[30,-1],[18,0],[4,-1],[34,-1],[21,0],[32,-1],[67,-2],[67,-3],[74,0],[9,-9],[4,1],[1,0],[30,-1],[8,0],[57,1],[137,-5],[10,0],[52,-2],[6,0],[4,-1],[14,0],[78,-2],[4,0],[27,-1],[10,1],[13,-1],[11,0],[42,-4],[13,-1],[12,0],[57,-2],[50,-2],[7,0],[2,-1],[62,-2],[128,-5],[13,0],[33,-2],[32,-1],[27,-1],[23,-1],[67,-3],[4,0],[94,-6],[16,-1],[81,-6],[11,0],[20,-2],[24,-1],[169,-10],[41,-2],[2,-1],[44,-2],[11,0],[53,-2],[132,-3],[36,-1],[67,-2],[13,0],[9,-1],[24,0],[9,-1],[54,-1],[34,-1],[188,-5],[60,-2],[31,-1],[104,0],[9,-1],[62,0],[100,-5],[254,-12],[4,0],[57,1],[7,0],[6,1],[3,1],[3,0],[0,-1],[14,0],[19,-1],[2,1],[57,1],[3,0],[21,1],[1,0],[21,1],[48,2],[2,0],[86,4],[8,0],[83,3],[137,6],[4,0],[92,-1],[62,-1],[96,0],[100,-2],[281,-6],[33,0],[21,-1],[5,0],[39,-1],[177,-3],[8,-1],[28,0],[32,-1],[110,-2],[391,-8],[54,-1],[21,-1],[11,0],[14,-1],[21,0],[152,-3],[2,0],[35,-1],[64,-1],[3,0],[47,-1],[37,-1],[21,0],[33,3],[96,1],[179,0],[91,1],[117,0],[46,1],[111,1],[41,0],[3,2],[2,1],[5,1],[4,0],[0,2],[3,0],[39,-1],[47,-1],[67,1],[15,0],[62,-1],[127,-1]],[[27735,59177],[17,0],[168,1],[244,0],[48,1],[52,0],[5,1],[7,0],[117,1],[33,0],[4,1],[39,0],[15,-3],[1,0],[4,-1],[3,0],[3,-1],[5,-1],[3,1],[4,1],[4,3],[6,1],[24,0],[7,1],[3,0],[51,-1],[30,-1],[32,-1],[199,0],[2,1],[3,0],[3,-1],[4,0],[8,1],[2,0],[27,-1],[120,0],[35,-1],[16,0],[197,-4],[62,-1],[388,-7],[138,-3],[30,0],[94,-2],[284,-6],[161,-3],[27,-1],[189,-4],[21,0],[58,-1],[4,0],[169,-3],[27,-1],[117,-2],[74,-2],[50,0],[103,-2],[1,0],[137,-2],[123,-2],[13,0],[71,-3],[139,-5],[18,0],[7,-1],[15,0],[13,-1],[41,-1],[14,0],[3,-1],[8,0],[25,-1],[15,0],[12,-1],[32,0],[4,-1],[34,0],[30,-1],[5,0],[58,-2],[3,0],[3,-1],[28,0],[0,-1],[48,-1],[47,-1],[12,0],[12,-1],[7,0],[25,-1],[33,0],[13,-1],[20,0],[8,-1],[72,-2],[65,-1],[3,0],[10,-1],[6,0],[42,-1],[5,-1],[93,-2],[57,-1],[73,-2],[68,-2],[16,0],[24,-1],[17,0],[26,-1],[109,-5],[1,-1],[10,-4],[3,-1],[11,2],[5,0],[3,1],[29,2],[5,0],[4,1],[8,0],[18,-2],[9,0],[16,6],[4,0],[5,-1],[9,0],[9,-1],[24,0],[3,-1],[4,0],[7,1],[8,1],[28,1],[18,1],[6,0],[5,-1],[6,-1],[2,0],[2,-1],[4,1],[2,-1],[1,0],[8,-1],[24,-2],[1,0],[85,-8],[16,-2],[64,0],[4,1],[3,0],[16,2],[47,5],[15,1],[4,0],[32,1],[111,0],[68,1],[46,0],[42,-3],[120,-6],[6,0],[193,5],[151,0],[136,-2],[23,0],[90,-1],[72,-1],[366,0],[235,-1],[523,0],[15,2],[11,1],[4,0],[22,1],[88,0],[207,1],[186,0],[98,1],[25,0],[156,-12],[4,-1],[284,1],[237,0],[375,1]],[[35060,50001],[-27,0],[-6,-3],[-9,-10],[-8,-3],[-1,-3],[-4,-10],[-6,-5],[-8,0],[-15,-4],[-37,-13],[-11,3],[-13,-5],[-11,-1],[-20,-10],[-16,7],[-11,15],[-1,3],[-3,19],[-3,42],[-6,16],[-4,12],[-15,0],[-6,16],[-20,27],[-8,7],[-17,15],[-26,6],[-27,8],[-16,12],[-5,28],[-3,32],[-10,8],[-2,2],[-8,6],[-5,19],[-8,-3],[-10,7],[1,7],[-11,26],[-18,39],[-5,42],[-22,0],[-23,-2],[-10,10],[-9,3],[-20,28],[-1,2],[-13,6],[-14,16],[2,10],[-1,11],[-5,18],[-2,73],[-16,6],[-24,18],[-18,2],[-24,12],[-6,14],[-11,3],[-11,5],[-17,2],[-16,11],[-8,24],[0,34],[-7,15],[-9,32],[3,25],[4,9],[8,10],[12,20],[15,22],[8,26],[-6,19],[3,16],[-1,26],[-5,12],[-7,23],[-8,34],[-8,5],[-6,4],[-15,15],[-17,26],[-11,21],[0,35],[4,13],[-10,27],[-19,30],[-21,32],[-10,-4],[-20,-7],[-20,-9],[-14,-9],[-14,-10],[-13,-14],[-14,-9],[-18,-2],[-5,1],[-14,2],[-21,15],[-8,22],[-9,6],[-20,-1],[-19,5],[-18,11],[-15,9],[-5,16],[-8,13],[-16,2],[-19,-3],[-16,-8],[-21,-6],[-16,3],[-17,5],[-24,-9],[-19,-1],[-12,6],[-5,13],[-4,26],[-3,24],[-9,11],[-6,19],[-11,17],[-6,4],[-4,2],[-17,13],[-14,20],[-7,19],[-3,25],[-10,14],[-3,13],[-8,22],[-7,1],[-8,6],[-13,8],[-1,-1],[-7,-2],[-2,-1],[-14,5],[-5,-2],[-8,-3],[-15,7],[-10,-5],[-17,-3],[-22,0],[-14,11],[-37,-28],[-23,-26],[-8,-7],[-1,-5],[-3,-14],[-18,-58],[-3,-41],[-5,-13],[-5,-16],[-11,4],[-15,12],[-17,10],[-19,1],[-16,-5],[-21,-4],[-11,-8],[-18,-15],[-16,-15],[-13,-13],[-11,-15],[-8,-12],[-10,-1],[-18,5],[-11,7],[-22,8],[-11,7],[-26,7],[-18,0],[-19,-3],[-9,-12],[-14,-12],[-13,-12],[-16,-3],[-6,2],[-14,4],[-15,12],[-11,14],[-12,-2],[-12,-3],[-3,-14],[-6,-19],[-12,-14],[-12,-4],[-23,-8],[-19,-14],[-10,-7],[-5,-1],[-4,0],[-6,1],[-15,-2],[-9,-2],[2,-6],[6,-8],[12,-15],[1,-4],[10,-29],[2,-11],[3,-34],[2,-11],[-1,-15],[0,-10],[2,-31],[1,-3],[2,-14],[5,-34],[1,-6],[4,-13],[-2,-18],[7,-22],[1,-22],[5,-15],[-1,-27],[-1,-4],[1,-21],[-1,-16],[-3,-2],[-8,0],[-13,3],[-3,0],[-3,-1],[-7,-2],[-26,-13],[-15,-6],[-11,-7],[-15,-25],[-3,-7],[-6,-15],[-12,-20],[-10,-13],[-3,-17],[-1,-3],[-3,-16],[-10,-14],[-9,-7],[-3,-2],[-11,-13],[-33,-6],[-25,1],[-6,-5],[-2,-8],[1,-14],[4,-29],[1,-27],[-12,-32],[-40,-70],[-1,0],[-10,-7],[-19,-21],[-12,-18],[-2,-25],[-4,-26],[-16,-19],[-27,-10],[-27,-5],[-21,-17],[-5,-9],[-7,-25],[-13,-33],[-6,-28],[-13,-26],[-27,-23],[-2,-9],[0,-5],[-7,-6],[-27,-7],[6,-10],[-16,-36],[-7,-40],[3,-35],[-1,-12],[14,-38],[5,-42],[-25,-95],[-31,-42],[-21,-23],[-24,2],[-1,1],[-18,-8],[-15,8],[-21,6],[-20,4],[-29,-17],[-11,-21],[-25,-12],[-9,-15],[-7,-1],[2,-30],[1,-8],[5,-25],[-10,-15],[-21,-19],[-34,-4],[-3,6],[-3,4],[-28,9],[-9,-3],[-14,5],[-34,-7],[-13,6],[-12,19],[-19,6],[-22,10],[-23,26],[-33,-32],[-2,-1],[-47,-9],[-14,-6],[-10,-12],[-1,-2],[-3,-3],[-1,-2],[-2,-1],[-14,-14],[-20,-9],[-34,22],[-25,28],[-10,26],[-9,3],[-22,-2],[-17,30],[-7,39],[-53,25],[-2,3],[-15,22],[-16,5],[-27,-2],[-24,12],[-19,20],[-30,58],[-2,24],[-8,29],[-19,57],[-6,1],[-15,32],[0,11],[-5,2],[-28,33],[-17,34],[-1,14],[-7,3],[2,14],[-7,12],[2,5],[-4,12],[3,11],[-4,7],[-3,6],[-2,10],[-5,9],[-7,13],[0,19],[-5,18],[-10,20],[-2,13],[6,19],[-7,22],[-3,23],[-15,25],[-12,3],[-24,-15],[-25,-11],[-24,-22],[-7,-13],[-6,-3],[-18,10],[-22,-18],[-29,2],[-18,3],[-12,6],[-13,0],[-13,-1],[-11,-12],[-4,-4],[-8,-10],[-5,-21],[-4,-26],[1,-29],[9,-26],[20,-45],[-2,-67],[-12,-21],[-6,-55],[-13,0],[-9,-19],[-12,-10],[-16,-8],[-7,-9],[-10,-12],[-13,-14],[-10,-24],[-25,7],[-11,8],[-61,0],[-11,-17],[-11,-6],[-6,-14],[-39,14],[-31,30],[-17,12],[-15,18],[-35,-11],[-14,0],[-28,4],[-10,-3],[-9,8],[-16,4],[1,17],[0,14],[6,30],[1,1],[-11,15],[-1,17],[-23,91],[3,4],[-8,9],[-10,3],[-4,-6],[-3,-10],[-5,-2],[-14,-5],[-17,4],[-18,-9],[-1,-1],[-34,-7],[-21,20],[-16,15],[-15,16],[-26,17],[-37,33],[-35,33],[-22,10],[-42,8],[-31,20],[-1,5],[-1,8],[-8,20],[-20,12],[-9,9],[-10,21],[-9,9],[-6,10],[-17,31],[-6,9],[-26,37],[-24,37],[-20,9],[-32,-2],[-19,26],[-19,21],[-34,1],[-26,0],[-12,-13],[-30,-15],[-13,3],[-25,20],[-30,9],[-25,18],[-5,35],[6,24],[7,29],[-11,25],[-5,31],[4,33],[11,55],[3,42],[-5,26],[-37,31],[-6,1],[-10,-23],[-44,-23],[-38,-3],[-33,18],[-22,8],[-17,13],[-10,8],[-17,-3],[-9,-6],[-9,-1],[-6,0],[-22,4],[-20,2],[-38,5],[-27,24],[-21,23],[-33,16],[-19,9],[-15,12],[-3,10],[-8,27],[-2,4],[-4,10],[-10,21],[-3,7],[-17,38],[-7,22],[-1,1],[-9,23],[-4,12],[-10,27],[14,7],[13,5],[4,18],[15,37],[9,32],[-1,45],[6,15],[8,17],[26,31],[25,19],[27,7],[23,9],[0,18],[5,30],[1,39],[-8,28],[-8,19],[-9,29],[3,38],[11,24],[14,0],[13,9],[14,10],[11,17],[1,5],[1,40],[-8,72],[-9,20],[-13,34],[-2,7],[-1,6],[-5,19],[0,3],[-2,-1],[-20,-8],[-31,-10],[-3,-1],[-19,-7],[-39,-7],[-22,26],[-21,26],[-9,12],[-12,30],[-11,10],[-7,11],[-5,7],[-17,6],[-16,31],[-2,13],[-3,13],[-28,54],[-2,4],[-21,35],[-8,25],[-13,23],[-2,15],[-13,19],[-9,15],[-11,10],[-17,17],[-7,1],[-3,3],[-2,1],[-11,17],[-16,24],[-11,7],[-11,20],[-12,24],[-6,5],[-50,17],[-14,6],[-5,3],[-12,8],[-8,-1],[-10,7],[-17,9],[-16,9],[-6,15],[-3,11],[-3,12],[-23,1],[-7,7],[-15,10],[-13,8],[-21,5],[-10,7],[-9,11],[-12,18],[-27,48],[-14,26],[-14,14],[-20,15],[-3,2],[-10,6],[-11,7],[-7,13],[-13,14],[-10,23],[-8,15],[-17,21],[-4,13],[-13,34],[-5,10],[-4,0],[-5,5],[-11,37],[-2,7],[-1,1],[1,6],[-1,7],[-21,37],[-15,1],[-5,3],[-10,2],[-3,6],[-10,4],[-11,-2],[-45,20],[-19,40],[-20,46],[0,4],[-3,22],[-20,30],[-17,19],[-8,10],[-36,0],[-30,1],[-89,0],[-29,1],[-75,-1],[-202,0],[-33,-1],[-191,0],[-160,-1],[-225,0],[-320,1],[-746,0],[-91,-1],[-55,0],[-343,-1],[-153,0],[-88,-1],[-1,0],[-5,1],[-208,0],[14,15],[1,7],[0,7],[-1,7],[-5,18],[-6,15],[-8,17],[-3,12],[0,5],[3,7],[2,6],[2,7],[0,5],[-2,5],[-4,2],[-6,5],[-6,6],[-1,0],[-8,3],[-6,3],[-7,4],[0,10],[3,11],[5,14],[6,5],[6,3],[1,0],[3,6],[1,12],[0,4],[1,5],[0,12],[-1,3],[0,1],[-2,3],[0,2],[-1,0],[-1,3],[-1,1],[0,1],[-1,1],[-1,2],[-1,1],[0,1],[-1,1],[-4,12],[-8,18],[-4,11],[-2,6],[-2,16],[-7,28],[-2,24],[3,13],[3,15],[-2,16],[-5,18],[-1,11],[0,1],[-2,7],[-10,14],[-6,10],[-2,6],[-3,24],[0,9],[-2,7],[-3,6],[-5,6],[-10,11],[-8,11],[-10,14],[-7,17],[-2,5],[-6,19],[-5,15],[-3,5],[-6,3],[-9,5],[-6,7],[-3,11],[-3,13],[-4,17],[1,9],[0,13],[-2,12],[-3,15],[-3,10],[-5,18],[-2,14],[-1,20],[-3,20],[0,14],[2,28],[-1,9],[-1,3],[-2,5],[-5,9],[-11,12],[-14,14],[-16,18],[-9,7],[-1,2],[-8,3],[-3,-1],[-4,-3],[-9,-5],[-10,-6],[-19,-10],[-10,-1],[-5,4],[-3,7],[-1,7],[-1,5],[-1,3],[-2,2],[-6,2],[-7,1],[-8,3],[-6,2],[-8,4],[-8,7],[-10,10],[-8,11],[-3,7],[-4,6],[-5,5],[-1,0],[-5,4],[-4,3],[-4,5],[-3,6],[-3,10],[-3,8],[-7,8],[-7,7],[-8,11],[-10,12],[-10,19],[-7,14],[-6,14],[-8,10],[-9,9],[-13,10],[-12,7],[-11,5],[-13,2],[-8,2],[-11,3],[-8,-1],[-10,-2],[-6,1],[-10,3],[-10,-1],[-9,-3],[-12,-6],[-16,-3],[-12,1],[-16,5],[-10,6],[-9,3],[-16,0],[-7,3],[-7,2],[-8,3],[-1,0],[-10,6],[-9,8],[-10,10],[-9,12],[-4,8],[-4,12],[0,6],[-1,4],[0,2],[-2,2],[-2,1],[-5,0],[-8,-1],[-9,-1],[-7,-2],[-8,-5],[-10,-3],[-9,-3],[-9,-1],[-8,-1],[-9,2],[-10,3],[-12,8],[-7,6],[-11,9],[-10,5],[-13,7],[-14,8],[-13,12],[-11,12],[-13,12],[-11,13],[-12,11],[-10,5],[-4,3],[-4,7],[-1,10],[-3,22],[0,2],[-1,22],[0,8],[-1,5],[-3,3],[-6,9],[-11,16],[-12,25],[-2,5],[-3,8],[-3,5],[-6,11],[-4,11],[-3,9],[-8,22],[-5,13],[-3,15],[-4,23],[-2,9],[0,15],[-2,13],[-2,6],[-3,2],[-8,2],[-3,1],[-8,2],[-11,6],[-12,10],[-10,14],[-8,15],[-8,18],[-7,15],[-1,9],[-2,8],[-3,10],[-9,23],[-3,10],[-4,15],[-2,12],[0,6],[-1,2],[-1,1],[-2,1],[-6,4],[-12,10],[-13,13],[-12,14],[-14,20],[-9,17],[-6,14],[-5,11],[-8,11],[-10,10],[-7,6],[-11,7],[-10,10],[-2,4],[-5,8],[-8,13],[-6,15],[-5,15],[-1,15],[1,14],[0,1],[2,13],[1,15],[4,28],[0,11],[-4,11],[-5,11],[-6,17],[-5,14],[0,17],[-2,6],[0,5],[2,4],[1,3],[-1,2],[0,5],[1,3],[0,2],[-2,2],[-6,2],[-5,4],[-1,0],[-1,3],[-3,6],[-4,5],[-4,11],[-3,8],[-3,11],[3,9],[3,5],[1,2],[2,5],[1,6],[-1,6],[1,5],[1,8],[3,11],[4,8],[4,14],[3,9],[5,10],[2,6],[3,4],[3,8],[1,6],[-1,5],[1,6],[2,5],[2,8],[0,25],[2,11],[2,6],[2,7],[0,6],[-1,10],[1,5],[2,3],[0,1],[1,6],[0,13],[2,8],[0,6],[-1,8],[-1,7],[-2,8],[-1,3],[1,6],[2,6],[-1,5],[0,14],[2,10],[2,5],[-1,3],[-4,6],[-4,5],[-6,7],[-3,7],[-2,12],[-1,11],[0,6],[-1,3],[-1,5],[-2,9],[-1,8],[1,9],[-1,7],[0,9],[3,7],[4,10],[2,10],[0,3],[-1,3],[-3,5],[-3,7],[-2,3],[-3,5],[-3,9],[-2,8],[-2,11],[0,7],[1,7],[2,8],[3,8],[4,12],[4,11],[4,12],[3,15],[6,14],[5,17],[8,20],[6,16],[5,8],[2,2],[3,1],[4,3],[5,3],[8,7],[7,5],[8,9],[11,8],[8,4],[4,3],[2,3],[-1,2],[-1,6],[-2,7],[-3,7],[-7,6],[-7,5],[-8,5],[-6,3],[-3,6],[-3,5],[-6,9],[-5,6],[-4,6],[-4,12],[-1,5],[-3,9],[-1,9],[0,56],[-2,6],[-4,6],[-4,4],[-9,7],[-10,9],[-12,6],[-13,6],[-10,2],[-7,2],[-11,1],[-12,1],[-10,2],[-12,4],[-3,2],[-1,2],[-1,3],[0,5],[-2,7],[-3,7],[-9,15],[-3,8],[-5,6],[-1,4],[-5,4],[-11,0],[-11,-3],[-19,2],[-16,9],[-7,9],[-4,13],[-4,8],[-5,12],[-3,55],[-3,13],[-10,8],[-11,8],[-9,6],[-2,10]],[[79187,31727],[-20,1],[-38,1],[-1,0],[-7,1],[-25,0],[-27,1],[1,-9],[1,-13],[0,-19],[1,-37],[1,-299],[0,-1],[-1,-46],[1,-42],[0,-155],[1,-91],[0,-112],[1,-20],[1,-11],[0,-7],[-1,-12],[0,-21],[-1,-16],[1,-80],[0,-139],[1,-22],[-1,-21],[1,-25],[0,-325],[1,-22],[0,-180],[1,-52],[0,-502],[1,-18],[0,-13],[-85,1],[-24,0],[-268,2],[-37,0],[-25,1],[-116,0],[-3,-1],[-156,1],[-10,2],[-65,0],[-255,-1],[-4,1],[-4,0],[-11,-1],[-244,-25],[-72,-2],[-156,-4],[-31,0],[0,-53],[1,-86],[0,-147],[1,-43],[0,-73],[1,-106],[0,-154],[1,-16],[0,-28],[-1,-17],[1,-11],[0,-4],[-1,-47],[0,-244],[-1,-17],[0,-113],[-1,-255],[0,-35],[-90,0],[-299,-5],[-214,-4],[-45,0],[-129,-2],[-256,3],[-137,3],[-182,-1],[-477,-1],[-1,0],[-43,3],[-154,-3],[-87,-2],[-1,0],[-23,-1],[-6,0],[-9,-1],[-93,-4],[-63,-3],[-8,0],[-115,-4],[-19,-1],[-142,2],[-21,0],[-5,1],[-8,13],[-8,15],[-1,1],[-11,21],[-10,16],[-12,17],[-3,3],[-2,3],[-6,7],[-14,11],[-4,3],[-7,7],[-2,1],[-9,6],[-10,3],[-11,3],[-8,2],[-7,-2],[-6,-3],[-14,-6],[-19,-18],[-22,-21],[-1,-1],[-22,-20],[-2,-2],[-3,-2],[-17,-13],[-5,-4],[-1,0],[-2,-2],[-1,0],[-5,-3],[-8,-6],[-3,-2],[-4,-3],[-3,-1],[-7,-1],[-6,-2],[-5,-2],[-16,-6],[-10,1],[-11,0],[-8,9],[-11,9],[-8,8],[-13,7],[-22,-2],[-17,-3],[-11,-6],[-6,-3],[-11,-6],[-6,-2],[-1,0],[-5,-2],[-16,-2],[-3,0],[-9,5],[-19,14],[-2,1],[-21,25],[0,1],[-1,1],[-17,23],[-18,30],[0,1],[-1,1],[-2,5],[-2,2],[0,2],[-1,0],[-5,11],[-6,12],[-24,51],[-3,9],[-7,24],[-6,15],[-1,1],[-4,12],[-2,5],[-3,1],[-38,25],[-14,11],[-4,3],[0,1],[-11,2],[-3,0],[-20,4],[-1,1],[-32,4],[-21,-8],[-26,6],[-28,18],[-17,17],[-3,4],[-4,4],[-21,23],[-6,2],[-34,15],[-34,1],[-10,-7],[-22,-18],[-33,-37],[-21,-14],[-6,-3],[-5,-4],[-22,-12],[-8,-6],[-6,-2],[-22,-1],[-22,-2],[-37,1],[-11,3],[-13,7],[-21,7],[-10,2],[-17,2],[-18,-2],[-15,-2],[-21,-1],[-15,-4],[-2,-1],[-3,-1],[-16,-6],[-9,0],[-11,1],[-23,5],[-1,3],[-2,1],[-12,0],[-11,3],[-11,4],[-2,14],[3,19],[5,13],[9,14],[8,16],[8,50],[0,16],[-13,25],[-3,7],[-9,15],[-6,6],[-1,0],[-19,18],[-22,6],[-9,2],[-12,6],[-7,4],[-2,2],[-3,1],[-2,1],[-2,0],[-25,-7],[-31,0],[-33,-6],[-4,-6],[-3,-9],[-1,-4],[-4,-29],[-3,-20],[5,-7],[6,-11],[6,-10],[2,-3],[7,-12],[12,-48],[-2,-35],[-23,-23],[-12,-14],[-3,-2],[-10,-6],[-28,0],[-21,11],[-13,9],[-3,11],[-5,14],[-9,24],[-3,44],[-5,4],[-5,1],[-2,0],[-1,1],[-16,11],[-18,12],[-36,-20],[-1,-1],[-22,-28],[-1,0],[-20,-29],[-2,-7],[-4,-16],[-4,-15],[-5,-20],[-11,-6],[-3,0],[-7,-1],[-17,-7],[-18,0],[-15,9],[-6,2],[-3,0],[-1,1],[-1,0],[-4,1],[-8,1],[-48,20],[-6,3],[-34,11],[-16,6],[-8,2],[-15,11],[-1,0],[-28,19],[-4,4],[-2,1],[-2,2],[-11,10],[-13,13],[-1,2],[-19,26],[-9,5],[-1,0],[-1,1],[-1,0],[-5,3],[-14,3],[-9,1],[-12,2],[-42,-7],[-32,-3],[-8,2],[-34,10],[-35,13],[-18,7],[-41,-2],[-5,0],[-17,3],[-14,3],[-3,1],[-7,1],[-21,5],[-29,22],[-4,20],[-4,13],[1,1],[0,4],[1,8],[2,9],[2,2],[2,1],[1,0],[12,32],[10,14],[6,24],[4,12],[-1,15],[-12,28],[-14,11],[-12,4],[-13,3],[-16,-4],[-26,-8],[-29,2],[-21,6],[-26,24],[-22,23],[-13,15],[-6,8],[-7,9],[-23,30],[-3,4],[-29,23],[-19,7],[-1,0],[-18,-2],[-3,-1],[-12,-3],[-19,-4],[-13,-12],[-4,-7],[-3,-8],[-8,-24],[-2,-7],[-6,-12],[-2,-3],[-5,-4],[-5,-5],[-3,-1],[-2,-2],[-7,-2],[-12,6],[-7,4],[-6,4],[-2,0],[-1,1],[-5,3],[-4,2],[-9,9],[-11,14],[-9,17],[-2,2],[-6,8],[-20,5],[-16,-1],[-10,-7],[-5,-4],[-7,-7],[-16,-21],[-7,-10],[-9,-7],[-5,-4],[-9,-13],[-26,-12],[-9,-4],[-5,-2],[-23,-5],[-18,-14],[-12,-5],[-1,0],[-8,-4],[-5,-1],[-1,0],[-27,-4],[-4,-1],[-12,-2],[-22,-4],[-4,1],[-21,0],[-1,1],[-21,0],[-6,-1],[-12,0],[-20,2],[-3,1],[-8,2],[0,1],[-2,0],[-3,1],[-13,8],[-1,1],[-2,1],[-1,0],[-2,1],[-9,4],[-16,3],[-15,-1],[-16,1],[-48,0],[-16,2],[-7,-2],[-5,-2],[-16,-3],[-9,1],[-4,1],[-2,0],[-4,12],[-4,10],[2,15],[-2,29],[-2,12],[0,8],[-2,10],[-12,15],[-7,11],[-15,5],[0,1],[-2,1],[-1,0],[0,-1],[-9,0],[-15,-5],[-8,-1],[-12,-3],[-24,-2],[-10,-2],[-33,12]],[[99918,51224],[0,-151],[1,-205],[1,-369],[0,-25],[2,-423],[3,-454],[0,-214],[3,-860],[1,-536],[3,-772],[2,-280],[-2,-43],[0,-68],[3,-308],[0,-33],[-1,-352],[1,-298],[0,-121],[-1,-306],[0,-8],[1,-11],[-1,-3],[0,-4],[2,-329],[0,-11],[-1,-390],[0,-331],[1,-363],[0,-5],[-1,-25],[1,-108],[-1,-194],[1,-397],[0,-186],[1,-357],[0,-173],[1,-220],[0,-337],[1,-7],[0,-240],[-1,-35],[0,-105],[-1,-27],[0,-2],[1,-1],[0,-1],[1,-35],[0,-692],[2,-88],[0,-8],[-1,-11],[3,-241],[-4,-4]],[[85253,16230],[-1,0],[-76,-1],[-64,1],[-411,0],[-9,-1],[-24,-1],[-9,-1],[-29,2],[-82,5],[-8,0],[-30,-3],[-48,5],[-41,0],[-175,-2],[-236,0],[-58,-1],[-46,-1],[-19,1],[-47,-1],[-56,2],[-51,0],[-3,1],[-66,1],[-67,3],[-22,1],[-30,2],[-84,4],[-40,0],[-13,1],[-170,-1],[-15,-1],[-392,0],[-57,-1],[-104,0],[-19,1],[-2,0],[-1,-1],[-125,4],[-257,-6],[-70,-1],[-69,1],[-87,1],[-107,0],[-49,-2],[-72,0],[-44,-1],[-33,0],[-18,-1],[-39,0],[-9,-2],[-7,-1],[-1,-1],[-2,0],[-8,-1],[-3,0],[-27,3],[-6,0],[-52,-1],[-97,-4],[-52,0],[-77,-2],[-20,0],[-128,-2],[-2,-1],[-3,-1],[-12,1],[-38,2],[-18,0],[-15,1],[-12,0],[-53,2],[-50,1],[-108,0],[-19,-1],[-34,0],[-48,1],[-2,0],[-150,1],[-50,0]],[[80575,16234],[-1,5],[0,360],[6,118],[0,19],[1,198],[0,38],[-3,45],[1,49],[0,1],[-1,54],[0,1],[-4,191],[0,1],[5,230],[3,105],[1,33],[0,287],[1,146],[0,207],[1,173],[0,2],[1,140],[0,37],[1,107],[1,106],[-1,226],[0,242],[-1,52],[0,537],[-1,158],[0,349],[-1,142],[0,109],[55,0],[0,1814],[1,7],[0,94],[2,237],[0,3],[1,127],[1,92],[1,167],[2,226],[2,159],[3,78],[3,108],[1,47],[1,49],[5,191],[2,37],[-1,28],[-1,147],[0,69],[-1,39],[0,51],[-1,144],[0,61],[-5,114],[-3,68],[-1,25],[2,28],[0,342],[1,104],[0,4],[1,54],[-1,51],[2,211],[0,357],[1,35],[-1,7],[0,78],[1,6],[0,261],[-2,76],[2,1],[0,172],[-1,1],[-1,2],[0,1],[-1,0],[2,8],[0,6],[1,2],[0,175],[-1,54],[0,263],[1,6],[1,7],[0,4],[-2,31],[0,10],[-1,55],[0,77],[-1,29],[0,65],[-1,12],[0,108],[1,16],[0,8],[1,39],[-1,78],[0,46],[1,3],[0,2],[1,0],[0,93],[1,102],[-1,48],[0,2],[-5,131],[1,3],[2,79],[0,200],[-2,211],[-1,304],[0,72],[-2,394],[-1,394],[0,21],[-1,95],[0,120],[-2,376],[0,29],[-3,679],[-3,221],[-2,377],[1,8]],[[99848,85952],[-1,-538],[0,-7],[-1,-177],[0,-4],[2,-336],[0,-62],[-1,-14],[0,-18],[1,-13],[0,-2],[-1,-447],[0,-3],[-4,-372],[0,-2],[3,-269],[4,-270],[-1,-396],[0,-7],[-1,-236],[0,-369],[-2,-395],[0,-429],[-1,-134],[0,-237],[-1,-186],[3,-181],[0,-147],[1,-4],[-2,-18],[0,-15],[-2,-14],[2,-39],[0,-62],[-3,-116],[-1,-30],[0,-57],[1,-21],[0,-13],[1,-11],[1,-20],[-3,-92],[0,-79],[-1,-104],[0,-4],[2,-243],[0,-12],[-1,-142],[1,-21],[1,-48],[0,-1],[1,-93],[0,-106],[-3,-300],[1,-5],[1,-3],[1,-2],[0,-1],[-1,-38],[0,-112],[1,-44],[-1,-33],[0,-109],[-1,-3],[0,-2],[-1,-2],[-1,-1],[0,-4],[1,-345],[0,-6],[1,-228],[0,-1602],[1,-526],[0,-1088],[1,-264],[0,-6],[-1,-6],[0,-168],[1,-113],[0,-313],[1,-154],[0,-278],[1,-474],[0,-113],[1,-191],[0,-181],[1,-293],[0,-136],[1,-277],[0,-50],[-1,-99],[-1,-227],[0,-111],[-1,-190],[-2,-52],[0,-1],[1,-1],[1,-3],[1,-57],[0,-31],[1,-3],[1,-9],[0,-255],[1,-113],[0,-244],[1,-357],[1,-358],[0,-2],[1,-633],[1,-80],[0,-290],[2,-204],[2,-464],[1,-102],[-2,-288],[1,-265],[1,-146],[0,-7],[1,-354],[0,-146],[1,-240],[0,-7],[3,-91],[1,-40],[1,-10],[0,-20],[1,-5],[0,-20],[-1,-65],[-1,-26],[0,-84],[-1,-3],[-2,-4],[0,-4],[2,-123],[0,-629],[1,-113],[0,-126],[2,-307],[1,-22],[0,-8],[1,-8],[0,-46],[2,-409]],[[37521,59073],[10,6],[7,8],[7,2],[10,13],[15,8],[13,6],[7,5],[7,9],[8,12],[10,16],[9,13],[12,16],[6,10],[5,6],[5,5],[15,0],[13,2],[8,3],[5,10],[5,19],[14,35],[18,31],[13,17],[12,8],[12,14],[15,21],[4,9],[3,14],[-1,9],[4,17],[10,16],[7,21],[4,11],[5,15],[7,18],[9,12],[8,11],[9,5],[16,9],[13,8],[9,6],[8,1],[7,-5],[5,-12],[8,-4],[8,0],[8,-8],[12,-4],[13,-2],[10,-1],[18,0],[7,-6],[5,-4],[7,0],[3,6],[9,0],[12,-15],[8,-17],[12,-8],[14,-2],[4,-10],[8,-8],[13,-8],[9,-3],[16,1],[18,0],[14,-4],[11,-4],[12,-1],[6,-2],[5,-17],[3,-12],[8,-27],[6,-29],[2,-17],[6,-15],[1,-26],[-2,-5],[3,-11],[3,-9],[15,-11],[11,-11],[6,-22],[5,-7],[8,-12],[1,-20],[4,-10],[8,-9],[19,-20],[12,-20],[5,-50],[5,-11],[6,-16],[18,-9],[10,3],[1,0],[12,2],[16,4],[9,-1],[9,-5],[16,-11],[18,-18],[4,-15],[1,-19],[3,-16],[8,-11],[26,-16],[18,-14],[13,-11],[9,-3],[12,-1],[14,-3],[23,-12],[14,-5],[5,-2],[6,-6],[7,-4],[9,4],[7,4],[3,11],[7,12],[22,18],[16,12],[18,8],[11,8],[9,14],[6,9],[28,10],[26,14],[16,10],[18,2],[45,-5],[22,-17],[5,-1],[5,3],[11,6],[22,7],[32,9],[25,2],[34,-8],[10,2],[13,5],[15,0],[8,3],[8,6],[23,17],[31,22],[34,20],[8,4],[14,3],[11,-1],[7,-3],[4,-2],[18,-3],[4,-1],[12,-2],[15,-7],[9,-3],[1,0],[4,-1],[8,0],[6,1],[2,0],[7,1],[16,-2],[16,-6],[5,-6],[4,-4],[2,-6],[19,-10],[15,-17],[9,-19],[13,-17],[21,-15],[2,-10],[7,-32],[-1,-24],[0,-23],[7,-21],[20,-17],[22,-10],[22,-2],[29,3],[21,5],[10,3],[13,-2],[12,-19],[9,-28],[3,-13],[3,-6],[2,5],[1,6],[5,14],[8,11],[11,13],[15,12],[17,10],[6,15],[8,6],[8,8],[22,25],[26,30],[18,12],[13,4],[5,8],[3,8],[5,14],[10,13],[27,12],[35,7],[16,0],[23,-1],[14,8],[12,13],[14,14],[15,16],[8,26],[5,3],[5,-5],[7,-2],[10,-5],[10,-7],[25,-24],[37,-29],[14,-27],[5,-11],[2,1],[-1,5],[-1,14],[3,10],[2,7],[3,13],[6,28],[12,14],[27,38],[34,33],[39,18],[40,20],[4,7],[3,7],[2,8],[8,18],[14,32],[12,45],[6,12],[7,10],[12,19],[11,24],[15,6],[15,-1],[7,-1],[5,0],[20,1],[8,6],[10,11],[7,5],[2,2],[7,1],[4,0],[0,2],[3,19],[-1,7],[1,6],[1,10],[0,10],[-2,9],[0,9],[3,8],[3,7],[6,13],[3,11],[1,9],[0,17],[270,0]],[[40652,59516],[101,0],[61,1],[839,0],[10,-2],[3,-2]],[[35363,51495],[1,29],[4,38],[11,69],[-5,69],[-3,95],[-3,70],[-27,70],[1,49],[22,39],[12,8],[-9,11],[-34,47],[-45,30],[-24,47],[-20,73],[3,70],[-1,87],[34,96],[33,71],[17,35],[24,17],[29,29],[27,7],[19,3],[39,-5],[3,-9],[3,-8],[18,12],[-1,9],[-2,10],[10,11],[11,-2],[9,-2],[43,25],[7,20],[3,10],[-3,25],[-7,8],[-4,6],[-6,6],[1,17],[1,56],[-6,50],[15,44],[46,53],[36,58],[0,44],[-2,56],[-14,11],[3,8],[0,20],[-3,7],[-5,11],[-5,7],[-3,8],[-1,20],[-2,13],[-5,8],[-9,11],[-22,35],[-4,8],[-7,7],[-3,8],[-1,8],[-8,14],[-2,13],[1,12],[2,12],[4,9],[8,8],[8,4],[3,12],[6,17],[12,17],[7,14],[5,8],[3,9],[1,6],[1,10],[8,22],[5,8],[1,11],[-1,12],[-2,7],[2,13],[3,12],[2,15],[1,7],[1,10],[2,11],[3,6],[-1,7],[-5,5],[-3,11],[-8,6],[-6,9],[-3,10],[-2,13],[-2,12],[0,14],[-3,6],[-1,5],[3,4],[2,4],[-3,7],[0,6],[-1,13],[4,10],[-2,5],[-3,6],[-7,5],[-6,7],[-3,6],[-1,8],[-3,7],[-3,16],[3,13],[3,21],[6,17],[3,14],[2,11],[1,8],[2,9],[6,5],[5,3],[10,5],[15,8],[11,3],[11,2],[7,8],[1,12],[4,11],[12,17],[10,13],[6,3],[5,3],[3,11],[2,6],[5,3],[6,2],[3,7],[0,7],[6,5],[3,7],[6,4],[7,-5],[11,-7],[9,-8],[8,-3],[8,0],[7,-5],[9,-8],[12,-11],[10,-8],[13,-10],[15,-1],[9,-3],[7,4],[9,-6],[13,-8],[17,-4],[12,-5],[11,-2],[6,3],[10,13],[6,10],[4,3],[8,10],[1,13],[0,22],[2,14],[0,14],[2,15],[3,11],[6,3],[9,0],[8,-3],[4,-5],[5,-6],[5,0],[5,-2],[6,-14],[2,-4],[3,0],[4,1],[2,-4],[1,-5],[1,-6],[20,0],[12,-2],[9,-1],[9,0],[6,-2],[12,-16],[9,-5],[5,-9],[7,-8],[6,-7],[9,-11],[11,-10],[12,-5],[7,-8],[6,-4],[4,-9],[3,1],[3,4],[4,12],[9,6],[8,9],[1,9],[4,13],[0,5],[24,9],[12,7],[9,9],[4,3],[5,13],[12,10],[5,5],[1,8],[5,6],[9,8],[8,9],[10,6],[8,3],[5,11],[13,27],[10,21],[7,20],[1,15],[2,12],[-1,9],[-4,5],[-3,5],[-1,8],[2,10],[1,13],[1,5],[-4,9],[-2,15],[-5,24],[1,9],[-1,13],[-4,12],[2,8],[-2,15],[-3,11],[4,6],[16,43],[6,18],[-2,12],[2,6],[5,1],[6,5],[10,13],[4,0],[9,-2],[14,7],[19,22],[12,13],[29,54],[9,20],[5,12],[3,17],[1,19],[5,23],[0,24],[3,21],[0,21],[1,15],[4,19],[3,16],[-1,15],[0,13],[2,17],[6,13],[10,10],[10,9],[7,11],[7,26],[7,24],[6,20],[6,14],[5,13],[-2,8],[-6,8],[-4,12],[-1,18],[2,19],[1,19],[1,31],[2,25],[1,18],[3,26],[1,17],[-1,14],[-6,14],[-6,12],[-3,14],[1,19],[0,20],[3,19],[4,24],[7,22],[4,16],[4,24],[4,22],[1,17],[-5,21],[-5,23],[-3,27],[0,15],[2,10],[5,9],[9,9],[6,4],[5,2],[2,3],[2,8],[-3,8],[1,8],[4,8],[3,8],[1,9],[-3,12],[-6,15],[-3,16],[-2,17],[2,12],[4,11],[10,11],[9,10],[6,10],[5,9],[0,7],[-7,9],[-17,11],[-19,15],[-8,13],[-9,23],[-8,15],[-8,12],[-18,9],[-13,17],[-9,22],[-8,17],[-4,10],[-3,12],[2,15],[5,18],[4,18],[2,24],[0,27],[4,15],[4,11],[1,9],[-3,11],[-1,17],[5,17],[8,15],[17,18],[23,23],[13,17],[12,16],[23,32],[16,18],[10,12],[7,12],[5,18],[3,9],[1,7],[3,13],[7,18],[1,6],[0,5],[3,4],[4,4],[2,4],[0,8],[-2,9],[0,2],[3,9],[7,8],[8,7],[15,13],[10,2],[3,0],[1,4],[0,6],[1,15],[1,16],[-3,8],[1,10],[1,14],[7,11],[6,5],[12,12],[3,18],[-5,9],[-5,3],[-9,12],[-6,16],[-3,16],[-1,26],[-1,6],[0,1],[-1,12],[-1,9],[-11,28],[0,16],[4,16],[2,16],[3,38],[-3,35],[-1,36],[4,7],[7,11],[-3,4],[-2,2],[-6,0],[-48,8],[-23,1],[-16,3],[-18,22],[-3,24],[-9,9],[-12,23],[-2,11],[-5,23],[-6,8],[-10,7],[-14,11],[-13,2],[-4,4],[-8,6],[-14,3],[-7,1],[-3,8],[0,8],[-7,19],[-9,23],[-10,8],[-3,1],[-2,10],[-6,7],[-15,16],[-9,19],[-7,10],[-7,6],[-1,9],[-1,12],[-2,15],[0,22],[-4,4],[0,3],[3,7],[7,14],[9,20],[6,25],[-2,16],[-4,21],[-4,53],[0,36],[5,21],[5,17],[-1,11],[1,13],[2,13],[5,13],[7,7],[1,11],[2,13],[8,8],[2,7],[5,4],[4,10],[6,12],[17,12],[15,7],[11,7],[10,8],[13,3],[15,3],[9,8],[5,7],[6,5],[4,3],[-3,19],[2,24],[11,22],[18,23],[12,8],[11,15],[7,4],[4,7],[1,3],[6,-1],[4,0],[2,5],[4,34],[9,23],[11,17],[7,11],[14,9],[20,6],[27,13],[29,13],[15,6],[6,0],[7,3],[5,2],[3,2],[2,-29],[-1,-27],[6,-17],[4,-13],[2,-7],[8,-8],[7,-10],[4,-20],[9,-16],[7,-11],[9,-4],[13,-6],[9,-3],[9,1],[7,5],[12,-6],[7,-14],[1,8],[2,17],[7,11],[8,12],[4,10],[-2,11],[1,8],[1,6],[8,16],[4,4],[5,3],[10,-5],[11,0],[9,3],[13,18],[14,10],[13,3],[12,7],[10,0],[26,-10],[10,-9],[10,-3],[7,2],[9,-1],[7,2],[7,10],[3,12],[7,18],[4,11],[1,19],[4,15],[10,15],[13,10],[2,1],[16,1],[15,-1],[17,-14],[21,-16],[25,-7],[21,2],[14,14],[14,17],[7,10],[5,9],[6,-7],[16,-4],[22,1],[17,5],[14,0],[12,-5],[9,-8],[4,-4],[4,-2],[5,9],[2,11],[6,9],[3,7],[6,13],[4,13],[3,13],[16,22],[5,6],[3,12],[6,9],[4,3],[0,24],[4,9],[8,11],[3,4],[-5,28],[-5,37],[-6,27],[-5,14],[-4,14],[0,16],[1,12],[-1,20],[2,14],[0,13],[-1,13],[-3,7],[1,9],[2,5],[-6,7],[-4,9],[-2,13],[1,17],[6,13],[5,0],[3,5],[-3,7],[-17,1],[-13,2],[-22,11],[-7,16],[-11,22],[-1,18],[-3,17],[1,11],[-7,7],[-6,21],[-3,16],[-1,19],[-3,15],[0,20],[-2,18],[1,23],[3,20],[2,12],[-4,11],[1,16],[6,17],[2,29],[6,21],[5,19],[2,10],[-3,6],[-1,7],[3,15],[2,18],[-1,15],[2,15],[16,33],[23,40],[12,14],[2,3],[3,4],[2,2],[2,27],[5,22],[11,22],[24,25]],[[22219,55484],[0,-1249],[-1,-1],[1,0],[0,-873],[-1,-153],[0,-328],[1,-699],[0,-4109],[-1,-2],[0,-1],[1,-2],[0,-241],[1,-290],[0,-81],[-1,-123],[0,-5160],[-1,-248],[0,-136]],[[55647,7497],[-1,-135],[0,-55],[-1,-161],[-4,-724],[-1,-539],[-1,-355],[0,-229],[-1,-96],[0,-373],[-1,-44],[0,-258],[-1,-172],[0,-144],[-1,-109],[0,-407],[-1,-147],[0,-243],[1,-199],[0,-1087],[1,-100],[0,-1279],[-1,-98],[0,-197],[-1,-50],[0,-225]],[[55634,71],[-76,0],[-7,1],[-5,0],[-12,-1],[-204,0],[-241,-1],[-156,-1],[-76,0],[-157,-1],[-25,0],[-133,4],[-270,8],[-5,0],[-139,-1],[-424,0],[-126,1],[-115,0],[-262,1],[-268,0],[-182,1],[-129,1],[-129,0],[-128,1],[-153,0],[-87,1],[-167,0],[-90,1],[-207,2],[-58,0],[-132,-2],[-111,0],[-19,1],[-125,2],[-6,-1],[-71,1],[-198,0],[-17,-1],[-38,-1],[-32,0],[-63,-2],[-49,-1],[-30,3],[-22,0],[-66,-1],[-11,0],[-19,1],[-2,1],[-28,0],[-7,-2],[-1,0],[-2,-1],[-2,0],[-7,-1],[-25,0],[-5,1],[-23,0],[-7,1],[-61,-1],[-76,0],[-17,-1],[-31,0],[-39,1],[-9,1],[-237,0],[-61,1],[-292,0],[-46,1],[-52,0],[-84,-1],[-154,0],[-77,-1],[-25,-1],[-13,0],[-39,1],[-32,0],[-59,-1],[-20,-1],[-27,0],[-72,-2],[-31,-1],[-53,0],[-103,1],[-25,0],[-77,1],[-69,0],[-129,1],[-52,0],[-25,1],[-12,0],[-10,1],[-198,0],[-49,-1],[-59,0],[-82,-1],[-43,0],[-1,-1],[-68,0],[-85,1],[-28,1],[-16,0],[-48,1],[-25,0],[-29,-1],[-37,0]],[[47608,85],[-4,4],[-2,0],[-1,1],[-3,2],[-2,1],[-1,1],[-3,6],[-1,5],[0,2],[1,2],[0,2],[8,24],[1,4],[6,10],[4,6],[2,4],[1,4],[0,6],[-1,3],[-1,1],[-4,8],[-4,5],[-9,6],[-5,2],[-1,1],[-1,0],[-4,2],[-2,0],[-2,1],[-1,1],[-9,0],[-2,1],[-5,1],[-5,0],[-3,3],[-1,0],[-1,1],[-1,0],[-1,-1],[-5,5],[-1,3],[-2,3],[-1,3],[0,1],[-1,3],[0,2],[-1,1],[-1,2],[0,3],[-1,2],[0,17],[1,5],[1,4],[1,3],[0,1],[3,5],[2,4],[0,9],[-2,6],[-1,4],[-2,3],[-1,2],[-1,1],[-3,2],[-1,1],[0,1],[-1,1],[-1,2],[-2,3],[-9,9],[-2,1],[-4,4],[-2,1],[-4,4],[-2,3],[-1,1],[-2,3],[-5,6],[-1,2],[-1,5],[-1,1],[-2,4],[-3,3],[-1,2],[-1,4],[0,15],[2,10],[0,7],[1,4],[2,5],[1,5],[0,1],[2,4],[1,4],[3,6],[3,3],[2,4],[1,1],[2,1],[0,1],[5,2],[3,2],[1,0],[3,3],[1,2],[1,0],[2,2],[1,0],[0,2],[1,2],[0,1],[1,2],[1,1],[2,3],[0,6],[-1,2],[0,5],[-1,5],[-1,3],[-1,5],[-1,12],[0,3],[-1,4],[-1,3],[-1,2],[-2,5],[-3,9],[-3,4],[0,2],[-1,1],[-7,10],[-3,3],[-3,5],[-7,7],[-6,5],[-3,2],[-4,3],[-1,0],[-2,1],[-2,0],[-1,1],[-4,2],[-2,0],[-1,1],[-3,0],[-1,-1],[-4,-2],[-9,-5],[-9,-6],[-2,0],[-3,-2],[-2,-1],[-1,0],[-4,-1],[-1,0],[-3,-1],[-4,-4],[-1,0],[0,-1],[-1,1],[-4,1],[-3,0],[-3,-1],[-1,0],[-2,1],[-1,0],[-1,1],[-9,12],[-4,4],[-8,0],[-4,-2],[-5,-2],[-2,-1],[-5,0],[-4,-2],[-1,-1],[-3,0],[-2,-1],[-1,-1],[-5,-2],[-7,-2],[-3,-2],[-12,-6],[-8,-8],[-1,-2],[-2,-3],[-1,-3],[-1,-1],[-2,-3],[-2,-2],[-1,0],[-4,-2],[-2,-2],[-3,0],[-5,2],[-1,0],[-3,1],[-1,0],[0,1],[-1,0],[0,1],[-2,0],[-1,1],[-1,2],[-2,1],[-1,1],[0,1],[-1,1],[0,4],[-1,1],[-1,0],[-1,2],[-2,1],[-6,0],[-1,1],[-1,0],[-3,1],[-4,0],[-2,1],[0,-1],[-2,0],[-3,-1],[-2,0],[-3,1],[-2,0],[-3,1],[-10,0],[-1,1],[-2,0],[-6,2],[-2,2],[-2,1],[-1,1],[-3,1],[-2,1],[-2,0],[-2,1],[-1,0],[-3,3],[-1,3],[-1,1],[-1,3],[0,27],[1,2],[1,3],[1,2],[1,1],[4,2],[3,6],[5,9],[1,1],[2,5],[1,2],[1,1],[0,5],[-1,2],[-1,3],[0,1],[-4,4],[-2,1],[-5,5],[-6,4],[-1,2],[-1,0],[-1,1],[-7,2],[-2,0],[-3,-1],[-4,-2],[-3,0],[-1,-1],[-3,-1],[-1,0],[-2,1],[-2,0],[-2,-1],[-3,-1],[-5,0],[0,3],[-1,1],[-1,2],[-3,8],[-4,8],[-1,5],[0,1],[-2,3],[-2,5],[-2,11],[-3,14],[0,7],[-1,1],[0,8],[-1,2],[0,9],[1,1],[1,3],[0,2],[1,3],[2,4],[2,6],[5,5],[2,3],[2,4],[3,5],[1,3],[2,5],[2,2],[0,1],[1,2],[0,14],[1,5],[-1,11],[0,9],[-3,15],[-5,19],[-1,3],[-2,3],[-1,2],[-5,5],[-1,0],[-2,2],[-5,6],[-3,2],[0,1],[-1,2],[-1,1],[-3,4],[-1,1],[-1,0],[-1,1],[-1,0],[-2,2],[-3,2],[0,1],[-2,0],[-2,1],[-6,0],[-3,-1],[-1,0],[-6,-3],[-5,-2],[-6,-4],[-7,-5],[-15,-15],[-10,-8],[-5,-5],[-3,-1],[-1,-1],[-7,0],[-3,1],[-3,-2],[-3,-3],[-2,-1],[-2,0],[-2,-1],[-13,0],[-2,1],[-5,0],[-1,-1],[-6,0],[-3,1],[-2,1],[-4,4],[-1,3],[-1,2],[-4,6],[-2,4],[0,1],[-4,9],[-2,4],[-1,3],[0,1],[-1,2],[-4,12],[-3,10],[-3,11],[-2,7],[-3,9],[0,2],[-6,12],[-1,3],[0,2],[-1,2],[0,1],[-1,1],[-1,2],[0,1],[-2,5],[-2,9],[-5,17],[-3,15],[-2,6],[-2,4],[-2,8],[-2,9],[-2,10],[-1,6],[-1,9],[-2,10],[-2,4],[-1,1],[-2,1],[-1,1],[-1,0],[-1,-1],[-1,2],[-3,3],[-5,3],[-13,12],[-1,1],[-2,0],[-2,1],[-1,1],[-1,2],[-2,2],[-2,3],[-1,2],[-1,1],[0,3],[-2,6],[0,2],[1,7],[0,7],[1,2],[1,5],[4,8],[0,2],[1,4],[0,1],[1,1],[1,2],[1,3],[2,2],[3,8],[0,1],[2,4],[3,3],[3,5],[6,6],[2,3],[1,2],[2,3],[1,4],[0,4],[1,3],[0,1],[-1,3],[0,3],[-1,2],[-1,3],[-2,3],[-2,4],[-4,4],[-2,1],[-1,0],[-4,1],[-7,0],[-3,-2],[-2,-1],[-3,-2],[-1,-1],[0,-1],[-2,0],[-2,-1],[-4,0],[-2,2],[-4,0],[-1,-1],[-2,0],[-2,-1],[0,1],[-1,0],[-2,1],[-4,4],[-1,3],[-1,4],[0,3],[-1,4],[1,13],[0,18],[1,4],[2,7],[0,3],[1,3],[0,4],[-1,7],[0,3],[-3,6],[-2,5],[-2,6],[-1,0],[-1,1],[0,1],[-3,3],[0,4],[-1,1],[0,9],[1,4],[2,4],[1,3],[1,2],[2,5],[5,8],[2,3],[1,2],[3,2],[1,2],[1,1],[1,0],[3,3],[3,1],[3,2],[2,0],[5,4],[3,0],[3,-2],[6,1],[4,0],[1,1],[1,0],[2,2],[1,2],[1,0],[1,2],[2,6],[0,3],[1,3],[0,17],[-4,16],[0,3],[-1,3],[-1,0],[0,2],[-2,1],[-1,2],[-1,0],[-1,3],[-1,1],[-1,3],[0,6],[-1,1],[0,5],[1,3],[0,3],[1,1],[1,2],[2,2],[3,9],[3,6],[1,1],[3,7],[0,1],[6,13],[1,3],[3,7],[1,5],[1,3],[4,10],[6,9],[1,7],[3,6],[5,5],[2,4],[1,4],[1,1],[1,2],[2,2],[0,1],[1,1],[0,1],[1,3],[0,2],[-1,2],[0,2],[-1,2],[-2,6],[-2,3],[-1,2],[-3,5],[-2,3],[-5,10],[-2,7],[-3,6],[-2,2],[-1,2],[-1,3],[-1,1],[-4,6],[-7,7],[-1,2],[-1,1],[-1,2],[-1,3],[-2,3],[-2,5],[1,4],[0,1],[-1,4],[-1,5],[-2,5],[-1,1],[-1,3],[-3,3],[-1,0],[-2,1],[-4,0],[0,1],[-3,3],[-1,0],[-4,2],[-1,1],[-8,3],[-2,1],[-3,1],[-5,5],[0,1],[-4,12],[0,1],[-2,9],[-2,10],[0,11],[1,4],[2,12],[0,4],[1,5],[1,6],[1,4],[0,2],[1,2],[0,1],[1,0],[2,3],[6,6],[3,4],[5,5],[2,1],[1,1],[1,2],[1,1],[3,1],[3,0],[0,-1],[3,1],[3,2],[2,1],[1,1],[3,1],[2,3],[3,2],[7,7],[0,1],[1,1],[0,2],[3,5],[0,7],[2,3],[0,2],[1,4],[0,3],[2,5],[1,3],[1,4],[2,11],[1,5],[2,4],[1,1],[0,2],[1,3],[3,10],[2,8],[2,3],[0,3],[3,6],[2,6],[5,12],[1,3],[2,12],[1,4],[2,5],[1,4],[2,5],[1,3],[1,6],[1,7],[1,1],[1,3],[1,2],[1,3],[2,2],[3,5],[3,3],[5,3],[12,6],[3,3],[2,4],[2,2],[1,3],[0,3],[1,3],[0,10],[1,5],[0,15],[1,3],[1,2],[2,11],[1,3],[1,1],[3,4],[2,3],[3,3],[4,3],[13,9],[3,2],[3,3],[4,2],[3,3],[4,3],[6,6],[1,3],[2,2],[0,1],[2,4],[0,1],[3,11],[1,4],[1,5],[2,7],[0,2],[2,6],[3,8],[2,7],[4,8],[1,3],[2,7],[4,10],[3,7],[1,1],[1,3],[2,11],[1,7],[2,10],[1,3],[7,17],[3,9],[3,7],[4,9],[3,5],[3,6],[3,5],[8,16],[1,1],[1,2],[2,1],[1,1],[3,2],[1,0],[2,1],[1,1],[3,1],[3,2],[1,3],[4,6],[1,3],[2,4],[3,5],[7,10],[8,16],[0,3],[1,3],[0,2],[-2,9],[-2,4],[1,5],[0,4],[3,12],[-1,3],[0,3],[1,8],[1,7],[3,10],[2,9],[1,6],[3,9],[2,8],[3,10],[1,4],[4,12],[2,3],[3,7],[3,9],[2,5],[2,3],[1,2],[9,14],[7,13],[4,7],[6,10],[8,16],[4,6],[1,4],[10,17],[4,10],[1,3],[1,2],[2,8],[3,6],[4,9],[2,7],[4,12],[2,4],[0,3],[1,3],[1,0],[0,3],[1,3],[0,3],[1,5],[1,4],[0,8],[-2,20],[-3,6],[-9,13],[-4,4],[-3,1],[-5,3],[-3,1],[-1,1],[-7,2],[-5,2],[-1,0],[-5,5],[-3,2],[-1,1],[-2,3],[-2,4],[-2,3],[-3,6],[-2,7],[-5,11],[-5,15],[-2,8],[-4,12],[-1,5],[-5,12],[-5,14],[-2,6],[-3,5],[-3,8],[-1,2],[-4,7],[-3,7],[-4,9],[-2,8],[-2,5],[-2,6],[-2,7],[-1,4],[-2,6],[-2,14],[-1,4],[0,3],[-4,25],[-1,5],[0,4],[-1,3],[0,4],[1,7],[0,3],[1,2],[2,14],[0,11],[-1,2],[-2,8],[-1,7],[-1,2],[0,11],[-1,3],[1,4],[0,6],[1,12],[0,12],[-1,9],[0,16],[1,3],[0,1],[2,3],[0,1],[1,2],[1,4],[3,10],[5,25],[2,6],[2,10],[0,15],[1,9],[1,8],[0,3],[-1,5],[1,2],[0,7],[1,4],[0,4],[1,7],[1,3],[1,6],[0,8],[1,6],[1,7],[1,4],[2,10],[0,12],[1,1],[0,19],[1,3],[0,13],[-2,16],[-2,9],[0,2],[-1,3],[0,1],[1,2],[0,14],[-1,11],[0,5],[-1,5],[0,52],[-1,1],[0,1],[-2,4],[0,2],[-1,6],[-2,6],[-2,9],[0,4],[-1,5],[0,11],[1,3],[1,5],[2,4],[2,6],[2,5],[2,6],[1,2],[1,5],[1,1],[0,6],[-1,2],[0,1],[2,4],[2,5],[3,4],[4,7],[5,10],[2,2],[0,2],[5,10],[1,6],[5,11],[2,6],[1,2],[2,7],[2,10],[2,6],[0,1],[-1,3],[0,2],[1,1],[0,3],[2,10],[1,3],[1,0],[1,2],[2,2],[2,3],[1,4],[5,10],[0,4],[1,8],[0,2],[1,2],[0,2],[1,3],[2,2],[2,3],[1,2],[3,2],[6,6],[4,2],[4,1],[2,1],[1,1],[3,1],[5,3],[4,2],[3,3],[4,3],[5,4],[4,4],[3,4],[1,3],[5,7],[1,2],[2,2],[3,2],[1,1],[1,2],[2,1],[1,3],[2,5],[2,3],[1,3],[1,2],[2,2],[2,3],[3,4],[4,7],[2,2],[3,4],[2,1],[3,3],[3,1],[2,3],[7,5],[7,7],[3,5],[3,4],[0,1],[4,4],[4,5],[10,20],[4,10],[3,7],[1,5],[3,6],[1,3],[0,2],[-1,6],[2,4],[3,8],[0,2],[-1,2],[0,1],[1,1],[2,3],[0,1],[1,2],[0,2],[1,4],[0,1],[5,5],[2,4],[0,2],[3,17],[2,8],[0,12],[1,5],[1,3],[0,3],[3,25],[-3,15],[-1,13],[2,16],[-2,10],[0,2],[-2,5],[-6,17],[-1,2],[-4,6],[-1,1],[-6,12],[-5,7],[-2,1],[-3,5],[-3,3],[-2,4],[-2,3],[-1,3],[-2,8],[-2,5],[-3,6],[-1,4],[-1,1],[-2,6],[-2,7],[0,1],[-1,3],[-4,7],[-2,2],[-1,2],[-1,0],[-2,1],[-5,3],[-2,2],[-4,2],[0,1],[-2,5],[0,2],[-1,2],[0,1],[-1,2],[-3,7],[-1,3],[0,2],[-1,2],[-1,3],[-2,5],[-1,2],[-2,3],[-2,4],[0,10],[1,2],[0,5],[4,16],[1,2],[0,3],[2,7],[1,2],[1,4],[2,4],[0,2],[1,2],[2,11],[0,1],[1,4],[2,3],[0,10],[1,3],[0,4],[-1,3],[0,3],[-1,3],[0,6],[-1,4],[0,8],[-1,6],[1,1],[0,3],[1,2],[1,4],[1,1],[1,2],[3,0],[1,1],[2,4],[0,1],[2,6],[1,2],[0,2],[1,1],[0,3],[-1,1],[2,5],[4,7],[1,3],[5,10],[2,3],[1,0],[7,7],[1,2],[1,1],[1,2],[1,4],[3,5],[1,2],[4,4],[9,7],[4,3],[0,3],[1,1],[2,4],[2,2],[1,0],[2,2],[3,2],[1,2],[1,1],[2,3],[2,6],[2,3],[2,4],[4,4],[1,2],[1,1],[0,3],[2,6],[0,2],[1,6],[1,3],[0,8],[1,8],[2,6],[2,9],[3,19],[2,7],[0,3],[1,3],[0,5],[1,3],[0,6],[-1,3],[0,9],[-1,3],[0,1],[-1,3],[0,2],[-2,5],[-1,3],[-1,4],[-2,6],[-2,5],[-2,6],[-4,15],[-2,4],[-2,8],[-2,6],[-1,4],[-2,3],[-2,6],[-6,12],[-3,5],[0,3],[-1,4],[0,28],[-2,14],[-2,6],[-4,25],[0,8],[1,3],[-3,9],[-3,5],[-2,4],[-1,1],[-2,3],[-1,3],[-3,3],[-3,2],[-4,4],[-4,1],[-10,-1],[-1,0],[-2,-1],[-3,-2],[-1,0],[0,-1],[-2,0],[-6,1],[-3,0],[-2,1],[-1,0],[-2,1],[-3,2],[-2,1],[-4,3],[-6,6],[-2,3],[-2,5],[-2,4],[-3,8],[-2,7],[-2,6],[-1,4],[-1,5],[-1,7],[0,7],[-1,14],[-1,5],[0,3],[1,6],[0,11],[1,8],[0,4],[1,4],[1,3],[0,3],[4,14],[1,3],[1,4],[1,3],[1,2],[1,3],[2,2],[2,3],[5,5],[4,3],[4,2],[1,2],[4,4],[1,2],[1,1],[1,3],[0,2],[1,3],[0,7],[1,7],[3,24],[0,3],[1,2],[0,1],[2,6],[1,2],[0,8],[-2,6],[0,1],[-2,5],[-1,2],[-1,3],[-2,1],[-1,1],[-4,3],[-6,3],[-4,1],[-2,0],[-3,2],[-2,1],[-3,2],[-1,2],[-1,1],[-2,3],[-1,2],[-1,3],[0,2],[-1,2],[-3,5],[0,2],[-1,3],[-2,4],[-2,6],[0,7],[1,3],[0,4],[2,4],[3,5],[0,1],[3,3],[1,2],[5,6],[4,6],[0,1],[1,4],[0,3],[1,4],[-1,2],[0,7],[-1,4],[0,3],[-1,3],[-3,6],[-3,3],[0,2],[-1,1],[0,5],[-1,3],[0,11],[1,8],[1,4],[2,7],[0,13],[-1,4],[0,3],[-1,2],[-1,4],[-2,4],[-1,3],[-3,5],[-2,4],[-4,10],[-2,6],[-2,5],[-2,12],[0,3],[-1,8],[0,5],[1,1],[0,6],[1,2],[0,1],[1,6],[2,8],[0,7],[-2,4],[0,1],[-3,5],[-1,2],[-2,2],[-4,8],[-4,4],[-3,4],[-2,3],[-3,3],[-12,8],[-2,2],[-8,6],[-3,3],[-3,2],[-2,3],[-5,4],[-2,3],[-2,2],[-2,3],[-1,1],[-1,2],[-4,11],[-3,10],[-1,7],[-1,6],[-1,4],[0,2],[-1,3],[-2,4],[-3,5],[-1,5],[-2,4],[-1,5],[0,2],[-1,4],[0,15],[1,4],[0,3],[2,6],[1,2],[4,5],[1,3],[4,8],[0,2],[2,3],[4,8],[2,5],[3,5],[2,6],[1,2],[2,7],[1,2],[1,4],[1,7],[0,10],[1,3],[0,6],[-1,8],[0,4],[-1,3],[0,2],[-2,5],[-1,3],[-2,4],[-1,3],[-1,2],[-4,6],[-2,5],[-5,14],[-4,8],[-6,15],[-5,12],[-2,7],[-2,5],[-1,6],[-1,4],[-2,10],[-1,6],[0,6],[-1,3],[0,12],[-2,15],[0,27],[1,4],[1,2],[1,6],[5,10],[2,2],[10,13],[5,6],[1,1],[5,3],[7,6],[3,2],[4,3],[3,4],[4,6],[3,2],[2,3],[2,1],[1,2],[8,8],[2,3],[1,2],[2,2],[2,3],[2,4],[1,3],[1,4],[1,3],[1,5],[0,3],[2,9],[0,7],[1,9],[1,5],[0,4],[-1,7],[0,11],[-1,4],[0,3],[1,6],[0,16],[1,6],[0,12],[-1,9],[0,11],[1,6],[0,10],[-1,5],[0,5],[-1,2],[-2,8],[-4,8],[-4,7],[-3,5],[-1,1],[0,1],[-1,2],[-2,3],[-1,3],[-3,5],[0,1],[-3,5],[-1,1],[-1,0],[-2,1],[-3,3],[-3,5],[-3,4],[-2,5],[-3,6],[0,7],[1,4],[1,3],[0,7],[-1,4],[-2,5],[-1,3],[-1,4],[0,23],[-1,2],[0,1],[-1,2],[0,2],[-1,2],[-4,4],[-1,2],[-3,2],[-3,3],[-8,6],[-2,1],[-1,1],[-2,4],[-1,3],[-1,1],[0,1],[-1,4],[0,5],[-1,7],[0,14],[1,4],[0,3],[2,5],[0,1],[2,9],[1,2],[1,7],[1,10],[3,11],[1,4],[2,3],[1,3],[2,3],[7,14],[1,3],[1,4],[2,6],[1,4],[4,8],[3,8],[3,6],[1,4],[0,3],[1,1],[1,10],[2,8],[1,6],[1,2],[1,3],[1,4],[3,3],[2,1],[1,0],[11,-1],[3,0],[4,-1],[4,-2],[1,1],[4,3],[3,3],[5,4],[3,3],[2,3],[4,4],[3,5],[8,10],[2,4],[2,2],[2,3],[5,8],[3,5],[1,1],[0,15],[3,12],[4,12],[1,5],[3,7],[1,6],[0,3],[-1,3],[-2,4],[-1,4],[0,1],[-2,6],[-2,3],[-1,2],[-2,5],[0,1],[-1,3],[0,4],[1,4],[-2,6],[-2,3],[-2,7],[-3,6],[0,2],[-4,2],[-2,2],[-3,15],[-1,3],[2,6],[2,3],[1,2],[1,4],[0,2],[1,3],[0,3],[1,2],[0,2],[2,8],[4,10],[4,8],[2,3],[3,3],[1,2],[3,3],[3,4],[4,3],[2,0],[1,1],[3,0],[2,-1],[6,0],[5,-1],[3,-1],[7,0],[2,-3],[1,-2],[1,-1],[2,1],[1,0],[2,1],[6,1],[3,2],[1,0],[3,3],[2,4],[0,1],[1,3],[0,2],[1,2],[-1,3],[5,9],[1,1],[1,2],[4,7],[2,6],[1,2],[0,3],[1,3],[1,4],[1,2],[1,6],[1,7],[3,7],[4,12],[2,5],[3,5],[1,2],[2,5],[2,4],[2,3],[3,5],[0,5],[1,3],[1,0],[3,2],[1,2],[5,5],[3,2],[1,0],[8,8],[3,2],[1,2],[1,0],[3,1],[2,0],[1,4],[1,1],[4,5],[1,1],[4,5],[4,4],[3,4],[9,10],[5,5],[2,0],[2,1],[3,2],[6,6],[1,3],[4,6],[1,3],[2,4],[1,4],[1,5],[0,2],[1,5],[1,9],[0,13],[-1,7],[0,5],[-2,8],[-1,2],[-6,21],[-1,3],[-6,14],[-1,1],[-2,5],[-1,4],[-2,3],[-1,5],[0,3],[-3,6],[-1,4],[0,11],[1,3],[0,4],[1,3],[0,3],[-1,2],[-1,4],[-4,6],[-3,4],[-1,3],[-3,4],[-4,4],[-3,4],[-4,8],[-1,1],[-3,2],[-2,2],[-2,1],[-4,0],[-1,2],[-2,3],[-3,6],[-1,3],[-1,4],[-1,3],[0,9],[1,7],[2,8],[0,5],[1,6],[1,4],[2,5],[1,3],[3,6],[2,2],[3,5],[2,1],[4,4],[3,2],[4,3],[2,1],[1,0],[6,1],[7,0],[2,-1],[4,0],[2,-1],[1,0],[5,-2],[1,-1],[1,0],[1,-1],[2,-3],[6,-4],[4,-5],[6,-6],[3,-4],[3,-2],[4,-3],[3,-1],[5,0],[6,3],[1,1],[1,0],[6,3],[2,2],[1,2],[2,2],[3,9],[0,1],[1,3],[0,5],[-1,8],[-1,5],[0,2],[-1,2],[-1,4],[-5,10],[1,2],[0,17],[-1,1],[2,8],[0,1],[1,7],[2,11],[1,7],[1,3],[0,6],[-1,2],[-1,8],[-1,5],[-1,3],[-2,4],[0,1],[-2,3],[-1,1],[-1,2],[-3,5],[-3,2],[-3,4],[-1,1],[-4,5],[-3,2],[-2,3],[-1,1],[-2,3],[-1,2],[0,4],[-1,4],[0,4],[1,3],[0,4],[1,1],[0,3],[1,1],[0,15],[-1,6],[0,2],[-1,4],[0,3],[-1,1],[0,1],[-4,2],[-3,3],[-3,1],[-3,3],[-2,1],[-1,0],[-6,2],[-1,1],[-2,0],[-4,2],[-6,0],[-4,1],[-1,0],[-3,2],[-1,0],[-1,1],[-1,2],[-4,7],[-2,3],[-4,7],[-1,3],[-1,1],[0,11],[-1,4],[0,2],[-4,12],[-1,5],[-2,1],[-1,0],[0,1],[-1,1],[-2,3],[-3,9],[-1,4],[-2,4],[-1,4],[-1,6],[0,7],[1,3],[0,3],[1,7],[0,13],[-1,2],[0,3],[-1,12],[-1,5],[0,4],[-2,8],[-2,6],[-1,1],[0,3],[-1,5],[-1,4],[-4,12],[-1,7],[-1,2],[0,7],[1,4],[0,2],[-1,8],[-1,3],[-1,5],[0,2],[-2,6],[-4,2],[-1,1],[-12,0],[-4,-1],[-3,-1],[-1,0],[-8,-8],[-1,-2],[-1,-1],[0,-4],[-1,-5],[0,-6],[-3,-9],[-1,-4],[-1,0],[-1,-4],[-2,-2],[-4,-2],[-1,-1],[-2,-3],[-2,-1],[-2,-2],[-2,-1],[-3,-3],[-4,0],[-3,1],[-3,0],[-4,2],[-3,-1],[-1,2],[-4,4],[-2,3],[-2,4],[-2,5],[-1,3],[-2,2],[0,2],[-4,4],[0,3],[-1,1],[-2,6],[-2,4],[0,3],[-1,9],[-1,3],[-2,10],[-3,6],[0,1],[-5,4],[-4,5],[-2,2],[-3,2],[-2,1],[-4,0],[-2,2],[0,1],[-1,3],[-1,4],[0,2],[-1,1],[0,5],[1,3],[0,3],[4,8],[2,3],[0,1],[1,0],[1,1],[6,2],[2,1],[2,0],[2,1],[1,1],[3,2],[2,2],[3,6],[2,8],[0,11],[-1,4],[-1,3],[-2,3],[-1,2],[-3,3],[-5,7],[-1,2],[-2,1],[-1,2],[-1,3],[-2,3],[-1,3],[0,1],[-1,1],[-2,6],[0,2],[-1,6],[0,13],[1,1],[0,4],[4,11],[2,5],[0,1],[3,6],[0,3],[1,3],[1,5],[0,4],[-1,3],[-1,5],[-2,4],[-2,3],[-3,2],[-2,2],[-2,0],[-2,1],[-8,0],[-4,-1],[-19,0],[-2,1],[-2,0],[-2,1],[-3,3],[-1,2],[-2,2],[0,3],[-2,5],[-1,3],[-1,2],[-1,1],[-2,3],[-2,4],[-5,5],[-3,5],[-1,2],[-1,3],[0,3],[-1,2],[0,5],[2,6],[0,2],[2,6],[1,2],[1,1],[3,4],[1,1],[3,4],[1,1],[8,4],[5,2],[5,1],[4,2],[5,2],[4,2],[3,2],[8,8],[2,4],[3,4],[2,6],[0,2],[1,3],[0,6],[-1,6],[-2,10],[0,1],[-1,2],[-1,3],[-1,1],[-4,6],[-1,2],[-1,1],[-10,7],[-9,4],[-11,2],[-11,3],[-2,0],[-3,2],[-6,6],[-3,1],[-2,2],[-1,0],[-3,2],[-3,3],[-4,5],[-4,7],[-4,6],[-8,8],[-5,6],[-1,2],[-6,9],[-3,4],[-1,4],[0,2],[-1,1],[-3,8],[-1,11],[-12,34],[-2,4],[-1,3],[-1,2],[-1,4],[0,1],[-1,3],[0,2],[-1,5],[0,2],[1,2],[0,3],[1,3],[1,6],[1,3],[0,21],[-1,4],[-2,9],[0,2],[-1,2],[0,1],[1,2],[0,5],[1,1],[0,4],[1,4],[1,3],[1,1],[1,3],[2,3],[2,5],[1,2],[0,3],[1,1],[-1,1],[0,1],[-2,2],[0,1],[-4,2],[-4,1],[-3,3],[-2,3],[-1,2],[-2,7],[-1,1],[-1,4],[-1,3],[-1,1],[-2,3],[-3,4],[-2,3],[-1,1],[-3,2],[-3,1],[-3,2],[-5,3],[-2,2],[-2,3],[-3,3],[-2,5],[-1,2],[-2,6],[-1,7],[0,28],[1,5],[1,11],[2,6],[2,7],[1,2],[2,6],[3,5],[1,3],[2,3],[1,3],[3,7],[0,2],[1,4],[1,5],[0,5],[1,3],[-1,7],[0,7],[-1,2],[-3,11],[-3,9],[-1,5],[-1,11],[-1,2],[-1,4],[0,3],[-1,2],[-1,6],[-1,2],[-4,4],[0,1],[-5,2],[-5,3],[-2,0],[-5,3],[-2,2],[-1,0],[-5,5],[-1,2],[-2,6],[-1,1],[0,1],[-3,9],[-1,8],[-3,13],[0,1],[-1,5],[0,15],[2,9],[1,3],[1,4],[2,3],[1,2],[2,3],[1,2],[4,4],[3,2],[2,2],[3,2],[3,3],[3,2],[1,2],[3,2],[5,5],[4,2],[3,2],[1,2],[7,8],[9,8],[5,4],[6,7],[3,4],[0,1],[1,2],[6,10],[2,6],[1,2],[0,3],[1,3],[0,1],[-1,3],[0,1],[-1,2],[-1,1],[-1,2],[-10,-5],[-1,-1],[-3,-1],[-4,-2],[0,-1],[-3,-1],[-7,0],[-2,1],[0,1],[-1,0],[-1,2],[0,3],[-1,5],[1,8],[0,21],[-1,3],[0,2],[-2,2],[0,1],[-1,4],[1,1],[2,4],[2,2],[14,21],[27,40],[3,3],[0,1],[27,40],[19,28]],[[135,59193],[-1,112],[0,95],[-1,191],[0,351],[-1,103],[-1,360],[0,385],[-1,43],[0,318],[-1,131],[0,286],[-1,119],[0,356],[-1,119],[0,297],[-1,57],[0,525],[1,281],[0,1091],[1,63],[0,1273],[1,154],[0,533],[1,81]],[[28867,72960],[-172,0],[-92,1],[-63,0],[-88,1],[-100,0],[-78,1],[-151,0],[-79,1],[-64,0],[-59,1],[-190,0],[1,-450],[0,-34],[-1,-2],[1,-312],[0,-347],[1,-77],[0,-3689],[1,-166],[0,-277],[1,-127],[0,-368],[-1,-102],[0,-1005],[-1,-147],[-5,-227],[0,-6],[1,-3],[0,-13],[2,-550],[0,-3],[1,-142],[0,-417],[-1,-296],[0,-34],[-1,-247],[0,-243],[-1,-109],[0,-206],[-1,-236],[-1,-399],[3,-114],[2,-105],[0,-108],[1,-134],[0,-7],[-1,-27],[0,-441],[-1,-92],[0,-98],[1,-24],[0,-61],[1,-145],[0,-741],[-1,-13],[1,-66],[0,-181],[-1,-51],[0,-500],[1,-9],[0,-520],[2,-117]],[[27735,59177],[-38,1],[-23,0],[-89,1],[-8,0],[-16,-1],[-229,0],[-127,-1],[-171,0],[-96,-1],[-174,0],[-111,-1],[-197,0],[-4,1],[-86,0],[-13,-1],[-29,0],[-26,1],[-492,0],[-22,4],[-72,0],[-147,-1],[-80,0],[-284,-1],[-222,0],[-6,1],[-33,-1],[-99,-4],[-8,0],[-7,-1],[-9,0],[-10,-1],[-26,1],[-79,1],[-26,0],[-54,1],[-21,0],[-141,2],[-62,0],[-23,1],[-69,1],[-63,0],[-23,-1],[-85,0],[-100,-1],[-3,0],[-32,-1],[-31,1],[-53,0],[-69,1],[-55,0],[-161,2],[-133,0],[-21,-1],[-32,0],[-130,1],[-104,0]],[[76282,75016],[-37,1],[-121,0],[-56,-1],[-5,0],[-14,-1],[-44,-1],[-4,0],[-54,-1],[-2,-1],[-8,0],[-51,3],[-4,0],[-28,1],[-345,0],[-20,-1],[-570,0],[-89,-1],[-275,0],[-44,-1],[-343,0],[-64,-1],[-41,0],[-5,1],[-3,0],[-5,1],[-3,1],[-1,0],[-11,3],[-3,1],[-6,0],[-3,-1],[-21,-4],[-5,-1],[-3,0],[-4,-1],[-327,0],[-18,1],[-2,0],[-188,-1],[-488,0],[-63,-1],[-53,0],[-115,-1],[-117,0],[-220,1],[-317,0],[0,-3],[-28,1],[-3,0],[-2,-1],[-2,0],[-22,1],[-133,0],[-160,1],[-172,0],[-3,3],[-2,0],[-1,-2],[-2,-1],[-2,-2],[-3,0],[-13,1],[-1,0],[-112,-1],[-238,0],[-5,1],[-42,-1],[-28,0],[-8,-1],[-35,0],[-53,1],[-20,-2],[-413,0],[-92,-1],[-121,0],[-65,-1],[-206,0],[-8,-1],[-3,0],[-7,1],[-11,0],[-77,1],[-42,-2]],[[99948,31820],[0,-158],[-1,-1],[-4,-3],[0,-330],[5,-108],[0,-293],[-1,-1],[1,-1],[0,-358],[1,-18],[0,-402],[1,-137],[0,-582],[-1,-78],[0,-631],[2,-64],[0,-93],[-1,-90],[0,-126],[1,-20],[0,-478],[-3,-857],[0,-241],[-1,-65],[0,-139],[-1,-18],[0,-217],[-1,-55],[0,-26],[-1,-81],[1,-56],[0,-77],[1,-128],[0,-332],[1,-315],[0,-506],[6,-836],[1,-199],[3,-369],[-1,-1],[0,-6],[1,-31],[0,-15],[2,-302],[3,-421],[1,-151],[1,-91],[0,-43],[-1,-22],[1,-4],[0,-5],[2,-235],[0,-757],[1,-16],[0,-19],[1,-97],[0,-48],[1,-117],[0,-148],[1,-2],[0,-354],[1,-35],[0,-349],[2,-166],[0,-1],[1,-41],[1,-171],[0,-1],[1,-62],[1,-121],[0,-102],[1,-78],[0,-55],[1,-17],[0,-58],[1,-14],[0,-28],[-1,0],[0,-3],[1,-256],[-2,-46],[3,-241],[2,-184],[2,-179],[3,-680],[1,-186],[0,-21],[-1,-21],[0,-1],[-1,-5],[0,-539],[2,-140],[-1,-35],[1,-104],[0,-254]],[[89931,16236],[-1,721],[0,56],[-1,218],[1,91],[-1,224],[0,129],[-1,597],[0,131],[1,57],[0,136],[-1,174],[0,721],[-1,517],[0,194],[1,13],[0,15],[-1,39],[0,121],[-1,254],[-1,12],[0,57],[2,3],[2,2],[4,1],[20,0],[59,1],[13,0],[4,1],[0,1],[1,0],[1,1],[0,1],[1,4],[1,6],[0,353],[1,122],[0,500],[-1,98],[0,41],[-1,149],[-1,85],[0,43],[-1,91],[0,112],[-1,195],[0,380],[-1,104],[0,261],[-1,353],[-1,337],[0,735],[-1,189],[-1,184],[0,2],[-3,52],[-1,153],[0,159],[-1,756],[-1,797],[0,278],[-2,255],[0,5],[-1,4],[0,169],[-1,135],[0,134],[-1,272],[-1,92],[-2,180],[-1,183],[-1,47],[-2,307],[-1,6],[0,856],[1,90],[0,164],[-1,340],[0,449],[1,16],[0,1],[-1,20],[2,50],[0,5],[1,20],[0,16],[4,274],[-3,205],[-3,218]],[[15531,16134],[-2,-1],[-5,-26],[9,-33],[-7,-22],[-12,-15],[-12,-34],[-3,-37],[-2,-30],[5,-35],[0,-10],[-14,-2],[-32,-7],[-22,-3],[-43,-12],[-14,-11],[-7,-16],[-8,-15],[-27,-25],[-19,-11],[-5,-9],[-6,-5],[-13,-2],[-5,-2],[-29,-69],[-5,-31],[-2,-7],[-11,-9],[-13,-9],[-4,-9],[-8,-38],[-7,-38],[-6,-18],[-13,-15],[-12,-10],[-26,-11],[-13,-1],[-28,11],[-5,-7],[-3,-5],[-5,-20],[-2,-18],[0,-28],[-1,-13],[-4,-12],[-6,-11],[-6,-5],[-4,-5],[-7,-4],[-5,-7],[-4,-9],[-3,-10],[-3,-9],[-5,-8],[-6,-7],[-2,-9],[0,-18],[-1,-9],[-2,-5],[-7,-4],[-10,2],[-14,-6],[-10,-1],[-9,4],[-9,2],[-13,-3],[-9,-7],[-10,-7],[-9,-9],[-6,0],[-6,1],[-7,-3],[-4,-8],[-3,-8],[-3,-7],[-4,-3],[-2,-4],[-1,-9],[-1,-14],[-2,-12],[-4,-11],[-5,-6],[-3,-7],[-2,-9],[2,-12],[3,-14],[1,-7],[3,-3],[4,-3],[4,-1],[4,-6],[2,-19],[0,-44],[-3,-10],[-4,-4],[-6,-4],[-4,0],[-2,3],[-3,4],[-5,6],[-5,-2],[-5,-5],[-2,-5],[-3,-10],[1,-10],[3,-7],[2,-11],[0,-10],[-2,-7],[-2,-5],[-3,-12],[3,-6],[2,-5],[-3,-10],[-8,-7],[-14,-3],[-13,0],[-15,-4],[-15,0],[-7,-2],[-8,0],[-6,-3],[-2,-8],[1,-10],[4,-11],[4,-4],[5,-11],[11,-33],[7,-27],[5,-18],[5,-20],[1,-6],[4,-11],[-1,-5],[-5,-23],[-3,-13],[-2,-7],[-1,-13],[2,-10],[4,-6],[5,-24],[1,-11],[0,-11],[-2,-10],[-1,-3],[-2,-11],[-1,-14],[-1,-5],[8,-43],[2,-23],[0,-40],[-5,-15],[-12,-38],[-2,-11],[1,-11],[12,-30],[3,-10],[4,-17],[3,-10],[5,-11],[4,-6],[2,-2],[2,-4],[0,-7],[-6,-11],[-6,-13],[-5,-12],[-4,-14],[-5,-12],[-6,-12],[-8,-10],[-5,-9],[-4,-14],[-1,-11],[-1,-12],[2,-24],[4,-20],[4,-18],[5,-10],[8,-5],[8,-8],[1,-8],[-4,-10],[-2,-6],[-5,-11],[-2,-17],[3,-28],[0,-17],[1,-10],[0,-11],[-5,-17],[-6,-13],[-5,-10],[-4,-9],[-4,-13],[2,-16],[3,-15],[1,-10],[0,-24],[-5,-15],[-7,-16],[-9,-10],[-8,-11],[-6,-17],[-4,-24],[2,-13],[0,-38],[-4,-8],[-8,-19],[-8,-18],[-2,-11],[2,-9],[1,-14],[-6,-8],[-22,-40],[-15,-27],[-6,-12],[-16,-17],[-12,-17],[-13,-14],[-15,-17],[-13,-11],[-8,-7],[-6,-10],[-3,-12],[2,-22],[4,-40],[3,-19],[3,-14],[5,-19],[0,-19],[-1,-24],[-3,-16],[-6,-25],[-3,-22],[1,-23],[4,-22],[10,-35],[7,-21],[6,-12],[5,-4],[3,-12],[-7,-10],[-1,-3],[-7,-16],[-7,-14],[-4,-18],[-4,-20],[-4,-22],[0,-19],[3,-21],[3,-16],[8,-17],[5,-15],[6,-11],[7,-6],[4,-2],[6,-8],[1,-6],[-6,-1],[-14,-5],[-17,-10],[-11,-14],[-11,-17],[-2,-4],[-7,-12],[-9,-16],[-5,-15],[-5,-23],[-2,-15],[-3,-14],[0,-11],[2,-13],[5,-12],[4,-8],[2,-13],[2,-12],[3,-11],[5,-12],[8,-13],[5,-11],[4,-13],[8,-21],[-2,-6],[-4,-7],[-3,-7],[1,-11],[0,-6],[-1,-8],[-1,-9],[-1,-10],[0,-16],[-3,-15],[-2,-18],[-4,-13],[0,-3],[-3,-12],[-5,-10],[-1,-58],[0,-15],[1,-11],[0,-1],[3,-11],[6,-38],[26,-24],[3,-1],[2,-6],[0,-12],[2,-12],[2,-10],[-1,-12],[-4,-15],[1,-12],[2,-10],[1,-14],[-2,-7],[0,-6],[6,-14],[5,-9],[3,-6],[1,-3],[-4,-9],[-9,-9],[-2,-1],[-5,-6],[-4,-14],[-3,-10],[-1,-6],[-1,-10],[0,-9],[1,-7],[-2,-13],[-4,-10],[-6,-17],[-4,-13],[-4,-18],[-2,-10],[-4,-28],[5,-14],[3,-10],[2,-16],[2,-9],[2,-7],[5,-20],[5,-7],[3,-10],[2,-9],[12,-35],[4,-12],[1,-7],[-2,-9],[-3,-14],[-7,-13],[-4,-18],[-4,-21],[-2,-15],[0,-14],[-1,-4],[-13,-13],[-3,-2],[-8,-12],[-14,-11],[-4,-14],[-7,-22],[-8,-27],[-5,-17],[-1,-2],[0,-5],[1,-14],[0,-10],[1,-11],[3,-10],[2,-9],[5,-19],[1,-2],[0,-3],[-2,-13],[-7,-8],[-3,-8],[-5,-12],[-5,-7],[-1,-2],[-7,-10],[-10,-13],[-8,-11],[-5,-12],[-6,-6],[-2,-7],[-2,-15],[-4,-53],[-2,-9],[-2,-16],[-6,-11],[-1,-5],[-2,-8],[-3,-10],[-5,-7],[-10,-1],[-11,1],[-5,0],[-7,1],[-8,-2],[-16,-3],[-2,-3],[-3,-9],[-5,-7],[-4,-8],[-2,-11],[-4,-7],[-4,-6],[-5,-5],[-5,-7],[-3,-8],[-5,-11],[-5,-14],[-6,-11],[-2,-8],[-6,-8],[-4,-2],[-10,-1],[-20,1],[-6,2],[-9,5],[-6,6],[-6,1],[-5,1],[-7,-3],[-7,-5],[-8,-5],[-9,-2],[-14,-1],[-9,-1],[-3,0],[-10,1],[-13,3],[-11,3],[-11,7],[-12,12],[-4,-1],[-9,-1],[-12,-2],[-7,-4],[-5,-4],[-5,-2],[-7,-2],[-6,0],[-8,3],[-16,9],[-7,3],[-7,4],[-8,4],[-8,2],[-5,3],[-5,0],[-7,-1],[-9,-1],[-9,1],[-5,-2],[-7,-2],[-15,0],[-9,3],[-6,-12],[-3,-12],[-3,-6],[-3,-10],[-7,-49],[-2,-7],[-3,-9],[-4,-5],[-4,-4],[-2,-6],[1,-15],[-2,-5],[-3,-7],[-2,-15],[1,-10],[4,-11],[3,-11],[2,-11],[4,-37],[-16,-9],[-19,-19],[-5,-4],[-6,-2],[-19,0],[-7,2],[-6,2],[-7,2],[-6,-1],[-5,-1],[-4,-2],[-3,-3],[-1,-6],[1,-14],[0,-8],[-4,-38],[-1,-5],[-10,-46],[-5,-7],[-4,-9],[-6,-9],[-3,-11],[1,-11],[-12,-8],[-7,-1],[-5,-3],[-6,-7],[-7,-5],[-11,-8],[-9,-3],[-7,-2],[-6,-2],[-5,-2],[-2,-3],[-3,-3],[-4,-6],[-5,-9],[-7,-13],[-4,-4],[-4,-5],[-5,-4],[-9,-5],[-5,-10],[-6,-14],[-5,-15],[-3,-12],[-1,-15],[-1,-25],[-1,-14],[-3,-16],[-6,-10],[-7,-12],[-4,-10],[-3,-11],[-4,-14],[-10,-10],[-12,-16],[-9,-11],[-1,-3],[-2,-5],[-2,-11],[-2,-13],[-6,-17],[-7,-15],[-3,-10],[-4,-8],[-1,-12],[0,-16],[-1,-13],[-2,-11],[-1,-11],[0,-29],[-3,-12],[-1,-2],[-5,-14],[-2,-14],[-1,-10],[0,-14],[-2,-27],[-3,-21],[-2,-16],[-2,-21],[0,-9],[-3,-12],[-3,-16],[2,-19],[1,-22],[-1,-15],[1,-4],[9,-27],[3,-16],[9,-19],[3,-6],[0,-2],[1,-4],[-2,-15],[-2,-26],[-1,-17],[0,-18],[-1,-18],[-3,-15],[1,-12],[0,-3],[3,-17],[1,-5],[1,-9],[0,-6],[-1,-11],[-5,-6],[-5,-5],[-23,-1],[-14,-1],[-11,-4],[-16,-10],[-26,-11],[-10,-5],[-16,-16],[-8,-10],[-8,-15],[-6,-4],[-3,-6],[-1,-10],[-4,-13],[-6,-15],[0,-1],[-6,-11],[-8,-10],[-11,-10],[-14,-12],[-7,-7],[-19,-1],[-45,1],[-9,1],[-85,-1],[-11,-1],[-7,-9],[-13,-15],[-5,-2],[-4,-1],[-40,-12],[-16,0],[-21,-2],[-10,-5],[-4,-12],[-6,-10],[-5,-16],[-3,-20],[-6,-19],[-49,-59],[-5,-9],[-1,-1],[-8,-26],[-6,-14],[-21,-21],[-22,-24],[-8,-7],[-14,-11],[-13,-6],[-11,1],[-7,6],[-6,1],[-9,2],[-11,5],[-10,10],[-12,8],[-14,-1],[-13,-12],[-22,-18],[-16,-11],[-18,-1],[-4,-2],[-5,-1],[-6,2],[-4,4],[-5,28],[-12,21],[-16,22],[-30,11],[-12,4],[-14,4],[-23,10],[-12,1],[-15,-8],[-21,-19],[-13,-10],[-24,-13],[-2,-2],[-24,-12],[-12,-5],[-2,0],[-16,-6],[-22,-6],[-6,-8],[-6,-10],[-18,-16],[-9,-5],[-22,-25],[-15,-10],[-12,1],[-9,-1],[-12,-10],[-2,1],[-3,-2],[-16,-16],[-24,-40],[-10,-22],[-8,-13],[-1,-1],[-7,0],[-14,-14],[-5,-8],[-3,-5],[0,-4],[-1,-14],[0,-24],[-6,-44],[-4,-6],[-11,-18],[-21,-22],[-1,-2],[-16,-22],[-18,-36],[-10,-30],[-13,-49],[1,-26],[-3,-36],[-3,-14],[-1,-3],[0,-17],[-2,-19],[-2,-11],[-3,-11],[-12,-24],[-1,-10],[-8,-40],[-7,-13],[0,-29],[-1,-12],[-2,-9],[10,-11],[3,-4],[2,-3],[3,-3],[1,-3],[-1,-5],[0,-2],[1,-3],[6,-17],[2,-7],[3,-7],[6,-6],[5,-10],[2,-3],[2,-4],[2,-10],[-1,-11],[0,-12],[1,-3],[4,-4],[4,-3],[3,-4],[11,-20],[1,-2],[0,-12],[-7,-9],[-9,-9],[-7,-13],[-8,-15],[-12,-11],[-3,-2],[-24,-17],[-17,-16],[-9,-11],[-10,-11],[-8,-15],[-5,-15],[-2,-18],[-2,-25],[-6,-22],[1,-11],[-3,-13],[-6,-13],[-4,-12],[-3,-12],[-5,-13],[-5,-11],[5,-11],[-2,-23],[-6,-12],[-7,-7],[-10,-2],[-9,-6],[-8,-11],[-5,-41],[1,-14],[4,-12],[-1,-20],[0,-48],[6,-18],[9,-14],[9,-12],[8,-6],[12,-12],[5,-11],[4,-14],[5,-25],[0,-27],[-1,-12],[-5,-6],[-9,-38],[-4,-7],[-7,0],[-11,-3],[-8,-7],[-8,-1],[-10,-1],[-8,-3],[-8,-6],[-4,-12],[-1,-11],[-3,-17],[-6,-19],[-4,-12],[-2,-15],[2,-14],[2,-11],[2,-16],[-1,-7],[-6,-14],[-3,-14],[-2,-17],[0,-14],[1,-13],[2,-22],[-1,-18],[-5,-10],[-3,-1],[-3,2],[-4,4],[-6,3],[-10,1],[-20,-6],[-15,-4],[-12,-7],[-8,-10],[-3,-16],[-4,-19],[-4,-11],[-7,-10],[-7,-13],[-1,-12],[-3,-13],[-4,-14],[4,-8],[7,-12],[5,-16],[-2,-37],[-4,-21],[-9,-19],[-10,-11],[-12,-6],[-13,-4],[-9,-3],[-8,-8],[-6,-8],[-6,-4],[-5,2],[-10,0],[-8,-4],[-7,-7],[-4,-13],[-6,-54],[-3,-6],[-6,-4],[-5,-7],[-3,-12],[-6,-13],[-4,-12],[-3,-17],[-1,-15],[0,-20],[1,-22],[-1,-12],[-2,-14],[-2,-10],[-1,-10],[-1,-11],[0,-8],[-4,-24],[-2,-14],[-4,-17],[-5,-8],[-6,-5],[-9,-7],[-11,-5],[-12,-1],[-13,-4],[-4,-10],[-2,-21],[-10,-26],[-5,-16],[-5,-13],[-3,-6],[-7,-7],[-2,-10],[-6,-18],[-8,-20],[-7,-15],[-2,-30],[-2,-21],[2,-15],[-3,-26],[-2,-19],[-2,-12],[-1,-3],[-3,-2],[-6,-10],[-4,-1],[-11,4],[-6,5],[-2,-2],[-1,-3],[-2,-9],[-2,-6],[-2,-7],[-4,-10],[-2,-12],[1,-3],[-1,-1],[2,-13],[-1,-4],[-3,-15],[-27,-18],[-10,-13],[-13,-16],[-12,-10],[-14,-9],[-4,-6],[0,-13],[2,-7],[-3,-10],[-11,-30],[-8,-17],[-35,-26],[-1,-17],[-3,-14],[-10,-27],[-3,-6],[0,-18],[-1,-18],[-1,-7],[-8,-8],[-7,1],[-3,0],[-13,-9],[-16,-12],[-23,-2],[-6,-8],[-11,-10],[-3,-9],[1,-19],[-17,-45],[-10,-12],[-9,-3],[-8,-9],[-11,-1],[-19,-3],[-8,4],[-16,-4],[-15,3],[-18,-11],[-19,-26],[-9,-11],[-11,3],[1,10],[0,2],[1,2],[-1,6],[-3,10],[-15,2],[-9,0],[-3,-2],[-3,-5],[-19,-29],[-21,-20],[-9,-19],[-14,-21],[-9,-6],[-9,-11],[-13,-9],[-13,-5],[-15,1],[-2,-7],[-4,-5],[-9,-14],[-3,-13],[2,-43],[-9,-31],[-10,-12],[-2,-4],[-11,-26],[1,-21],[-12,-29],[-8,-9],[-12,-12],[-4,-7],[-15,-25],[-2,-45],[2,-20],[1,-12],[-2,-22],[-1,-21],[0,-1],[4,-21],[20,-29],[10,-15],[3,-4],[6,-22],[2,-7],[7,-28],[7,-7],[6,-15],[-1,-21],[-2,-26],[-1,-5],[-1,-6],[0,-3],[1,-9],[2,-8],[2,-5],[4,-20],[-1,-4],[-2,-23],[0,-22],[1,-25],[0,-4],[-2,-21],[-5,-20],[-8,-25],[-13,-27],[-14,-34],[-1,-13],[1,-18],[1,-5],[-3,-24],[-1,-20],[5,-40],[8,-38],[6,-47],[-1,-42],[-4,-37],[-3,-23],[-4,-61],[-13,-43],[-14,-37],[-1,-24],[0,-4],[7,-30],[7,-41],[7,-27],[12,-20],[7,-18],[8,-19],[2,-10],[3,-19],[-3,-30],[-9,-15],[-3,-12],[-3,-14],[-1,-5],[-11,-22],[-2,-10],[-2,-21],[23,-32],[2,-1],[18,-16],[16,-11],[25,-46],[-1,-49],[-10,-43],[-5,-29],[2,-9],[5,-20],[9,-30],[-4,-25],[-6,-8],[-9,-5],[-15,-3],[-10,-6],[-14,-16],[-95,-141],[-3,-16],[-6,-43],[-15,-17],[-22,-8],[-13,-21],[-22,-45],[-9,-24],[-16,-22],[-7,-7],[-3,-4],[-11,-13],[-7,-15],[-3,-22],[3,-14],[8,-15],[1,-16],[0,-15],[1,-17],[-1,-11],[-5,-4],[-4,-8],[-10,-8],[-3,-8],[1,-17],[4,-9],[4,-15],[1,-16],[7,-19],[6,-23],[0,-13],[-7,-9],[-6,-8],[0,-9],[-3,-10],[-9,-5],[-4,-9],[-2,-13],[0,-19],[4,-30],[1,-17],[4,-8],[10,-12],[8,-14],[3,-11],[-1,-12],[0,-18],[-4,-15],[-6,-5],[-10,-13],[-2,-10],[1,-13],[2,-6],[5,-12],[2,-5],[4,-16],[1,-22],[1,-26],[-6,-20],[-6,-2],[-9,-1],[-7,0],[-4,-6],[-6,-4],[-8,-1],[-10,2],[-7,-2],[-8,-12],[-5,-8],[-9,-7],[-7,-15],[-1,-16],[1,-15],[4,-11],[1,-13],[0,-8],[-6,-10],[-3,-7],[-1,-10],[-2,-8],[-1,-11],[-2,-11],[-10,-6],[-11,-3],[-14,0],[-14,-1],[-4,-1],[1,-9],[3,-8],[2,-8],[0,-17],[-4,-11],[-6,-13],[-5,-11],[-6,-15],[-2,-13],[1,-10],[-3,-8],[-4,-16],[-5,-10],[-1,-11],[3,-7],[5,-9],[2,-5],[2,-16],[-2,-7],[-1,-4],[-7,-16],[-4,-5],[-1,-3],[-2,-10],[2,-6],[1,-10],[-1,-7],[-5,-32],[-7,-11],[-3,-3],[-4,-6],[-4,-9],[-1,-6],[-2,-10],[1,-3],[0,-7],[1,-2],[3,-14],[7,-13],[2,-12],[-2,-9],[-4,-13],[-6,-12],[-10,-11],[-6,-4],[-7,-2],[-2,-4],[2,-6],[6,-5],[3,-16],[1,-22],[2,-9],[1,-16],[-8,-11],[-8,-7],[-10,1],[-8,4],[-4,0],[-10,-14],[-6,-6],[-6,-5],[-4,-2],[0,-3],[5,-7],[6,-14],[11,-21],[8,-18],[5,-19],[0,-1],[-1,-16],[-2,-13],[-5,-24],[-11,-19],[-20,-12],[-19,-7],[-20,-4],[-2,-10],[1,-15],[-3,-20],[-9,-17],[-3,-10],[2,-15],[-1,-10],[-3,-19],[4,-18],[10,-15],[1,-11],[0,-5],[-4,-8],[-5,-4],[-1,-2],[-3,-2],[-6,-9],[1,-7],[3,-17],[2,-16],[-2,-14],[-4,-12],[2,-14],[5,-19],[-2,-24],[-6,-16],[-14,-16],[-11,-14],[-5,-10],[-7,-8],[-12,-3],[-14,-6],[-16,-12],[-12,-11],[-6,-14],[-9,-24],[-11,-18],[-13,-3],[-14,-1],[-12,-4],[-5,-2],[-4,-3],[-6,-5],[-3,-7],[0,-29],[-3,-17],[-24,-52],[-4,-17],[-10,-14],[-4,-14],[-4,-20],[-4,-13],[-25,-32],[-11,-10],[-3,-1],[-4,-1],[-4,1],[-5,-5],[0,-1],[-2,-10],[0,-4],[-1,-5],[0,-4],[-1,-19],[-6,-31],[-1,-6],[5,-19],[12,-19],[11,-10],[5,-9],[-3,-12],[-1,-6],[-27,-35],[-10,-25],[-10,-43],[0,-21],[3,-5],[3,-11],[7,-13],[2,-14],[0,-7],[-3,-1],[-7,3],[-9,2],[-12,1],[-15,1],[-6,3],[-11,14],[-6,6],[-10,3],[-13,-1],[-4,2],[-11,7],[-16,12],[-18,10],[-5,3],[-3,2],[-8,2],[-9,0],[-10,3],[-5,3],[-9,7],[-36,6],[-8,-1],[-5,-5],[-3,-10],[0,-46],[-2,-22],[-9,-16],[-3,-11],[7,-33],[3,-15],[1,-2],[9,-28],[2,-8],[2,-14],[-4,-12],[-8,0],[-5,-5],[-3,-12],[-2,-19],[-5,-2],[-3,-5],[-8,-13],[4,-34],[-3,-9],[-12,-16],[0,-13],[2,-10],[2,-25],[-5,-12],[-7,-4],[-9,-17],[-6,-12],[-1,-11],[-1,-19],[1,-12],[1,-5],[-3,-8],[-5,-10],[0,-9],[1,-16],[0,-6],[3,-18],[7,-5],[2,-3],[1,-2],[-2,-6],[-5,-2],[-5,-7],[-15,-15],[-6,-11],[-8,-17],[-6,-9],[-7,-18],[-10,-35],[-4,-15],[4,-15],[7,-8],[8,-13],[7,-12]],[[9702,177],[-172,0],[-51,-1],[-252,0],[-59,-1],[-169,0],[-96,-1],[-71,0],[-68,-1],[-79,0],[-11,1],[-1,0],[-42,-1],[-126,-1],[-254,0],[-42,-1],[-10,0],[-44,-1],[-132,-1],[-44,-1],[-2,1],[-3,1],[-2,1],[-827,0],[-34,-1],[-312,0],[-41,-1],[-476,0],[-4,1],[-3,0],[-6,1],[-1,0],[-16,-1],[-45,-2],[-15,-1],[-148,0],[-60,-1],[-224,0],[-8,-1],[-125,0],[-191,-2],[-325,0],[-160,-1],[-163,0],[-122,-1],[-413,0],[-72,-1],[-15,1],[-119,0],[-37,1],[-7,-1],[-65,0],[-67,-1],[-94,0],[-13,1],[-95,0],[-47,1],[-80,0],[-25,1],[-393,0],[-7,-1],[-259,0],[-42,-1],[-113,0],[-20,-1],[-406,0],[-230,1],[-531,0],[-8,1],[-1,-1],[-11,0],[-37,1],[-655,0],[-2,1],[-90,0],[-180,1],[-117,0],[-31,1],[-37,0],[-82,1],[-51,0],[0,3],[-3,17],[-1,3],[0,61],[1,21],[0,126],[1,10],[0,108],[1,43],[0,110],[1,66],[0,583],[1,20],[0,675],[1,29],[1,9],[0,341],[-1,41],[-1,67],[-1,16],[0,39],[1,26],[0,23],[-1,11],[0,6],[1,59],[0,337],[-1,73],[-1,27],[0,189],[-1,118],[-1,59],[0,32],[-1,162],[-2,256],[-1,94],[0,65],[-1,104],[-2,266],[0,44],[-1,104],[0,612],[2,40],[0,25],[1,19],[2,59],[0,20],[2,61],[0,638],[-1,9],[0,313],[-6,16],[0,792],[1,19],[0,767],[1,142],[0,188],[1,8],[-1,12],[0,200],[1,456],[0,590],[3,205],[0,57],[2,175],[2,138],[1,44],[1,171],[3,186],[0,29],[1,121],[1,58],[1,57],[2,117],[1,59],[1,100],[2,199],[1,73],[2,150],[5,371],[0,70],[1,28],[1,83],[0,28],[-1,12],[-2,34],[-1,11],[-2,5],[1,17],[5,52],[2,17],[0,11]],[[84013,50989],[0,-740],[-1,-164],[0,-80],[-1,-238],[0,-576],[-1,-422],[-1,-321],[-1,-195],[0,-405],[-1,-205],[0,-709],[-1,-14],[-4,-236],[0,-19],[1,-118],[-1,-49],[1,-2],[0,-196],[1,1],[0,-172],[-1,-150],[-1,-25],[-1,-11],[0,-488],[1,-606],[0,-1031],[-1,-157],[-3,-452],[-1,-501],[0,-382],[-1,0],[-87,-2],[-31,0],[0,-497],[-1,-473],[-1,-309],[0,-251],[-1,-92],[-4,-313]],[[79146,37995],[-33,0],[-51,2],[-4,0],[-117,2],[-691,17],[-41,1],[-50,1],[-64,2],[-171,4],[-38,0],[-7,1],[-23,0],[-18,1],[-1,0],[-234,5],[-1,117],[-178,0],[-219,1],[-110,0],[-98,-2],[-235,-6],[-30,0],[-54,-2],[-24,2],[-36,4],[-6,0],[-31,-1],[-27,-1],[-39,0],[-48,-1],[-6,0],[-27,-1],[-31,0],[-34,-1],[-65,1],[-10,0],[-6,-1],[-7,0],[-11,-8],[-31,1],[-12,-3],[-56,-1],[-19,-2],[-1,0],[-9,-4],[-23,1],[-13,4],[-14,1],[-207,3],[-75,3],[-172,5],[-141,-3],[-5,0],[-31,-1],[-91,2],[-5,0],[-92,-7],[-2,0],[-10,-1],[-12,0],[-4,-1],[-10,-1],[-39,0],[-211,2],[-37,0],[-287,2],[-80,0],[-85,1],[-60,0],[-92,1],[-142,0],[-298,3],[-1,0],[-40,16],[-64,0],[-11,-1],[-14,0],[-57,-2],[-7,0],[0,1],[-1,1],[-29,0],[-116,4],[-12,-1],[-42,-1],[-37,1],[-48,1],[-12,3],[-39,7],[-1,0],[-9,1],[-123,-5],[-91,0],[0,-1],[-84,2],[-89,0],[-127,1],[-13,0],[-4,1],[-4,-1],[-54,-4],[-1,4],[-147,0],[-5,-2],[-148,-4],[-16,0],[-48,-2],[-33,-1],[-19,0],[-56,-2],[-199,-1],[-21,0],[-239,-3],[-28,-1],[-58,-2],[-13,0],[-78,-3],[-25,0],[-43,-1],[-23,-3],[-2,0],[-1,2],[-7,3],[-6,2],[-41,-5],[-18,1],[-1,1],[-8,0],[-65,1],[-105,0]],[[71298,46782],[39,0],[93,-1],[150,0],[16,-1],[199,0],[41,-1],[135,0],[85,1],[43,0],[178,-1],[87,0],[0,-2],[7,0],[48,-1],[209,-4],[31,-1],[161,-3],[50,-1],[2,0],[65,-1],[241,-5],[115,-2],[117,-3],[192,-4],[85,-1],[1,0],[36,-1],[56,-1],[23,-1],[13,0],[117,-6],[2,0],[50,-1],[16,-1],[20,-2],[4,0],[14,1],[8,-2],[3,-3],[3,-2],[4,-1],[10,0],[0,1],[1,0],[0,1],[1,0],[3,3],[2,0],[3,1],[25,-1],[1,0],[4,-1],[22,0],[3,-1],[59,-1],[6,0],[191,1],[107,0],[170,-2],[92,0],[267,-2],[23,0],[14,-1],[1,-1],[3,0],[2,1],[4,1],[1,1],[2,0],[5,-1],[3,0],[50,-1],[104,0],[27,-1],[26,0],[147,-6],[0,1],[1,1],[113,0],[0,-1],[95,-2],[327,7],[111,3],[3,203],[-1,38],[0,2],[-5,387],[-4,277],[0,1],[-1,60],[-4,475],[-2,193],[0,110],[-1,25],[0,30],[1,1],[-3,299],[-2,274],[0,11],[-2,210],[0,2],[-1,135],[-1,154],[0,1],[-1,92],[0,5],[-1,120],[0,5],[-1,143],[1,67],[2,85],[0,9],[3,131],[2,51],[0,876],[-1,146],[0,78],[-3,192],[-4,182],[-1,36],[-3,202],[-4,108],[2,14],[0,1],[-1,1],[0,1],[1,4],[0,21],[2,42],[5,111],[8,171],[1,183],[-1,65],[1,20],[0,259],[-2,69],[-1,58],[-1,20],[-2,59],[1,1],[0,3],[11,0],[73,-2],[0,55],[-1,77],[0,20],[-1,24],[1,557],[1,28],[0,38],[1,100],[0,130],[1,32],[-1,16],[1,2],[0,165],[2,22],[0,70],[-1,93],[0,19],[-2,375],[0,348],[1,338],[0,22],[3,345],[0,15],[-2,91],[0,260],[1,130],[0,253],[1,10],[0,92],[-1,7],[0,52],[1,19],[0,107],[-1,19],[0,54],[-2,69],[-1,87],[-1,4],[0,52],[-3,144],[4,162],[1,10],[0,16],[1,149],[1,215],[0,121],[1,46],[0,57],[1,276],[0,526],[-1,205],[-3,17],[-2,11],[0,128],[-1,226],[0,255],[1,102],[0,363],[2,230],[0,133],[1,26],[0,110],[1,42],[0,4],[1,179],[0,13],[1,7],[0,288],[1,63],[1,134],[0,6],[1,118],[0,93],[1,195],[0,2],[-1,5],[0,2],[-1,3],[0,7],[1,1],[0,1],[1,0],[1,1],[1,0],[0,3],[-1,2],[-1,3],[0,138],[1,29],[2,204],[0,424],[-1,201],[0,228],[3,250],[0,81],[1,32],[-1,164],[-1,6],[-2,268]],[[56938,66323],[0,8],[14,0],[0,-15],[-14,0],[0,7]],[[57090,72833],[0,-53],[-2,-70],[0,-293],[-1,-6],[0,-312],[-1,-36],[0,-212],[-1,-27],[0,-282],[4,-26],[0,-1],[1,-1],[0,-4],[-1,-16],[0,-4],[-4,2],[-1,0],[0,-38],[1,-1],[0,-2],[1,-1],[0,-2],[1,-1],[0,-1],[-2,-26],[-1,-4],[0,-5],[-1,-3],[0,-20],[1,-16],[0,-17],[1,-4],[-1,-1],[0,-3],[1,-2],[2,-6],[1,-2],[0,-4],[2,-10],[0,-17],[-1,-13],[-3,-43],[-1,-16],[0,-134],[-1,-6],[0,-2],[1,-17],[0,-37],[-1,-10],[0,-50],[1,-6],[0,-13],[-1,-7],[0,-794],[2,-23],[0,-1],[2,-18],[1,-8],[1,-3],[0,-88],[-1,-3],[0,-7],[-2,-14],[-1,-2],[0,-22],[-1,-9],[0,-170],[-1,-17]],[[52175,72810],[37,0],[169,4],[92,3],[43,1],[2,0],[1,1],[1,-1],[8,0],[5,2],[64,0],[26,1],[122,4],[7,0],[90,2],[4,0],[121,4],[39,2],[244,1],[85,1],[46,0],[8,1],[16,0],[24,1],[36,0],[3,1],[4,0],[334,-8],[10,0],[188,8],[57,4],[8,1],[2,-1],[12,-4],[11,0],[253,2],[2,0],[90,7],[1,0],[5,1],[76,-6],[4,0],[21,-2],[1,0],[128,3],[60,-13],[3,2],[14,6],[7,1],[16,0],[2,-1],[1,0],[5,-2],[9,-4],[1,0],[1,-1],[4,-1],[1,0],[1,-1],[2,1],[0,1],[1,1],[2,3],[1,1],[10,8],[89,-4],[40,-1],[33,-1],[20,0],[10,1],[8,1],[21,2],[2,0],[2,1],[54,-2],[3,0],[10,-1],[17,0],[125,-2],[204,-2],[10,-1],[6,0],[6,4],[11,2],[18,-6],[239,0]],[[28818,77264],[-527,0],[-7,-1],[-78,0],[-228,-1],[-78,0],[-190,-5],[-4,0],[-36,-1],[-109,-3],[-589,-3],[-233,-1],[-104,0],[-180,-1],[-86,0],[-89,-1],[-797,0],[-188,-1],[-210,0],[-87,-1],[-163,0],[0,-295],[-1,-132],[0,-1291],[-1,-426],[0,-25],[-30,0],[-1,-94],[4,-1103],[2,-426],[0,-111],[1,-112],[0,-244],[1,-124],[-92,5],[-54,2],[-12,1],[-213,9],[-7,0],[-30,1],[-12,1],[-10,0],[-201,9],[-6,0],[-58,2],[-2,0],[-2,1],[-111,4],[-192,8],[-3,0],[-189,8],[-62,3],[-8,0],[-26,1],[-89,4],[-5,0],[-72,3],[-73,4],[-23,1],[-5,0],[-45,2],[-7,0],[0,-382],[1,-17],[0,-667],[-1,-350],[-1,-157],[0,-655],[-45,0],[-122,-1],[-58,0],[-82,-1],[-627,0],[-47,1],[-34,-1],[-240,-2],[-159,-1],[-32,-1],[-144,-1],[-19,0],[-46,2],[-16,0],[-32,1],[-97,3],[-32,2],[-51,1],[-4,0],[-151,6],[-51,1],[-352,12],[-86,3],[-3,0],[-10,1],[-43,0],[-45,1],[-134,4],[-45,1],[-72,0],[-214,2],[-54,1],[-47,0],[-85,1],[-29,0],[-45,1],[-55,1],[-81,1],[-45,1],[-17,0],[-52,1],[-41,0],[-48,1],[-4,0],[-28,1],[-14,1],[-1,0],[-223,-21],[-72,-7],[-7,0],[-36,-4],[-107,-10],[-35,-3],[-75,-7],[-226,-19],[-23,-2],[-37,-4],[-2,0],[-3,-1],[-10,-1],[-31,-3],[-95,-9],[-31,-3],[-98,-10],[-214,-22],[-148,0],[-30,-1],[-64,0],[-174,-1],[-139,0],[-180,-1],[-15,0],[-40,-1],[-193,0],[-42,-1],[-178,0],[-56,3],[-411,0],[-47,1],[0,-1],[-69,0],[-195,1],[-174,0],[0,-50],[-1,-142],[0,-637],[-1,-237],[0,-454],[-1,-102],[0,-277],[1,-53],[0,-73],[1,-216],[0,-171],[-2,-251],[0,-198],[-1,-90],[0,-46],[1,-16],[1,-47],[1,-16],[0,-178],[-8,-1],[-24,-1],[-8,0],[-10,-1],[-29,-1],[-10,-1],[-64,0],[-17,1],[-96,0],[-112,1],[-83,0],[-78,-1],[-167,0],[-24,1],[-71,1],[-43,0],[-40,1],[-33,11],[-9,0],[-45,3],[-91,5],[-4,1],[-41,-3],[-46,-3],[-22,-1],[-67,-4],[-22,-2],[-9,0],[-26,-2],[-16,-1],[-26,-1],[-30,2],[-36,2],[-31,2],[-41,3],[-14,0],[-43,3],[-8,0],[-5,1],[-8,0],[-23,2],[-3,0],[-4,1],[-10,0],[-3,1],[-4,0],[-44,1],[-23,0],[-63,2],[-59,-2],[-48,-2],[-14,0],[0,-1],[-16,1],[-241,0],[-58,-1],[-48,0],[-117,-1],[-194,0],[-26,1],[-46,0],[-52,-1],[-12,0],[-10,-1],[0,5],[-137,-1],[-54,-1],[-68,0],[-27,-1],[-84,-1],[-102,0],[-30,-1],[-37,0],[-54,1],[-29,1],[-2,0],[-1,-1],[-85,0],[-23,1],[-572,0],[0,-32],[-89,0],[-75,1],[-44,0],[-40,1],[-124,0],[-31,1],[-8,0],[-28,1],[-27,1],[-61,-1],[-1,0],[-30,1],[-12,1],[-36,2],[-26,0],[-47,1],[-56,2],[-47,1],[-142,0],[-5,-1],[-1,0],[-74,-1],[-59,0],[-160,6],[-58,2],[-13,1],[-6,0],[-3,1],[-27,1],[-43,-2],[-133,-5],[-55,-2],[-10,-1],[-34,0],[-59,-1],[-32,0],[-31,-1],[-11,0],[-83,-1],[-31,-1],[-102,0],[-94,1],[-204,0],[-71,1],[-2,0],[-14,1],[-48,0],[-16,1],[-6,0],[-46,-1],[-81,-1],[-76,0],[-52,1],[-9,-1],[-235,0],[-20,-1],[-87,-1],[-229,0],[-41,-1],[-134,0],[-28,-1],[-111,0],[-31,-1],[-124,0],[-32,-1],[-143,0],[-45,-1],[-16,0],[-34,1],[-45,1],[-16,0],[-221,3],[-65,-2],[-96,-3],[-9,0],[-27,-1],[-24,0],[-44,-1],[-42,0],[-13,-1],[-40,-1],[-14,0],[-48,-1],[-111,-3],[0,-370],[1,-191],[0,-523],[-222,-2],[-77,-1],[-73,-1],[-222,-2],[-74,-1],[-36,0],[-107,1],[-35,1],[-21,0],[-6,1],[-2,0],[-79,-1],[-61,0],[-54,-1],[-92,-2],[-30,0],[-79,-1],[-32,0],[-96,-1],[-193,0],[-117,-1],[-150,0],[-53,1],[-259,0],[-67,1],[-53,0],[-42,1],[-128,3],[-42,1],[-17,-1],[-4,0],[-46,-1],[-17,-1],[-176,4],[-30,1],[-430,0],[-59,1],[-6,0],[-18,2],[-4,0],[-2,-2],[-5,0],[-2,1],[-481,0],[-72,1],[-24,1],[-136,0],[-144,2],[-61,0],[-17,4],[-51,11],[-17,4],[-3,0],[-1,1],[-50,-5],[-149,-13],[-50,-5],[-1,2],[-10,1],[-36,0],[-12,1],[-2,0],[-4,-1],[-18,0],[-64,4],[-8,-1],[-22,-2],[-7,-1],[-27,0],[-74,1],[0,253],[-18,0],[-46,-1],[-281,0],[-65,-1],[-177,0],[-267,-1],[-79,-1],[-197,0],[-164,-1],[-228,0],[-82,2],[-27,0],[-322,1],[-11,0],[-250,1]],[[130,66517],[0,295],[1,425],[1,530],[0,35],[1,322],[0,315],[1,220],[0,522],[1,501],[0,545],[1,283],[0,395],[1,390],[0,1195],[-1,432],[0,572],[-1,6],[0,415],[-1,147],[0,219],[-1,453],[0,80],[-1,22],[0,145],[2,587],[0,20],[-1,8],[0,7],[1,28],[0,11],[-1,21],[0,139],[1,123],[0,459],[1,5],[-1,62],[0,15],[1,1],[-1,154],[0,297],[-1,59],[0,2],[-1,10],[0,277],[1,13],[1,8],[-1,82],[0,270],[-1,90],[0,19],[1,81],[0,46],[-1,42],[0,140],[1,45],[2,244],[-2,149],[-1,177],[0,523],[1,101],[0,39],[-1,116],[0,49],[1,26],[0,154],[1,36],[0,817]],[[91272,99971],[54,0],[184,1],[161,0],[63,6],[8,0],[193,-3],[124,-2],[230,-2],[10,0],[38,-1],[42,0],[4,-2],[127,4],[8,0],[23,1],[13,0],[17,1],[68,0],[5,-1],[4,-2],[2,-2],[0,-1],[186,1],[15,0],[210,1],[146,0],[7,1],[238,0],[162,3],[240,0],[6,1],[3,0],[9,-1],[25,0],[11,-1],[115,0],[423,1],[735,0],[40,-1],[103,0],[71,1],[48,0],[76,-2],[149,-4],[743,0],[2,1],[1,-1],[17,0],[45,3],[9,0],[138,-1],[37,0],[43,-1],[2,0],[9,1],[49,2],[0,1],[1,1],[11,0],[19,-1],[171,0],[74,-1],[130,0],[34,-1],[53,1],[6,0],[10,-1],[18,0],[29,-1],[64,1],[1,0],[174,4],[31,-1],[33,0],[147,-2],[34,-1],[82,0],[2,2],[1,0],[6,1],[753,0],[41,1],[114,0],[3,-1],[38,-2],[42,0],[156,1],[562,0],[44,-1],[198,0],[0,-15],[1,-21],[0,-5],[1,-18],[0,-289],[-1,-7],[1,-33],[0,-954],[-1,-11],[1,-8],[0,-1499],[1,-16],[-1,-25],[0,-54],[1,-19],[-1,-16],[0,-364],[1,-21],[0,-3],[-1,-69],[1,-37],[0,-1174],[1,-7],[-1,-16],[0,-158],[1,-59],[-1,-44],[0,-214],[1,-48],[-1,-31],[1,-38],[-1,-38],[0,-106],[1,-22],[0,-656],[-1,-32],[1,-17],[0,-158]],[[267,22157],[6,650],[0,4],[-1,57],[-3,179],[-3,169],[-3,259],[-1,120],[0,6],[-2,118],[-12,463],[0,12],[-1,57],[-2,178],[-1,59],[1,1],[1,0],[1,2],[0,2],[1,2],[-1,23],[1,4],[0,105],[-1,34],[0,127],[1,98],[-1,26],[1,36],[0,19],[-1,32],[1,26],[-1,19],[0,3],[1,56],[0,17],[1,10],[0,299],[1,94],[0,35],[-35,174],[35,27],[2,605],[0,203],[1,80],[0,243],[1,81],[2,441],[0,3],[-1,20],[0,29],[1,213],[0,283],[1,276],[0,63],[1,109],[0,225],[1,234],[0,68],[6,0]],[[50926,14597],[-5,-8],[-10,-1],[-25,-16],[-19,-27],[-14,-9],[-30,-63],[-14,-9],[-7,-10],[-10,-32],[-16,-21],[-2,-13],[-3,-12],[-8,-41],[-5,-14],[9,-25],[7,-39],[-2,-11],[-60,-92],[-171,-251],[-165,-240],[-55,-82],[-56,-81],[-44,-64],[-2,-4],[-7,-9],[-2,-4],[-2,-3],[-17,-23],[-56,-81],[-17,-24],[-2,-2],[-4,-5],[-4,-7],[-24,-34],[-7,-12],[-1,-1],[-2,-3],[-11,-16],[-32,-47],[-12,-18],[-7,-8],[-1,-2],[-1,-1],[0,-1],[-24,-34],[0,-1],[-18,-26],[-6,-9],[-13,-18],[-9,-14],[-30,-43],[-3,-6],[-6,-9],[-1,-1],[0,-1],[-2,-3],[-3,-3],[-2,-1],[-4,-7],[-2,-3],[-10,-16],[-26,-39],[-7,-9],[-11,-16],[-1,-3],[-6,-7],[-2,-3],[-9,-14],[-29,-41],[-9,-14],[-3,-4],[-10,-15],[-4,-4],[0,-1],[-1,-2],[-2,-2],[-3,-4],[-1,-3],[-3,-4],[-10,-14],[-3,-4],[-5,-8],[-15,-22],[-5,-7],[-3,-5],[-9,-13],[-3,-4],[-1,0],[0,-1],[-3,-5],[-1,-2],[-1,-1],[-2,-3],[-1,-1],[-6,-9],[-16,-21],[-13,-17],[-5,-7],[-4,-4],[-4,-6],[-43,-63],[-2,-3],[-6,-8],[-63,-90],[-4,-6],[-30,-48],[-26,-42],[-100,-136],[-28,-41],[-76,-128],[-3,-4],[-8,-13],[-2,-4],[-2,-2],[-2,-3],[-12,-17],[-4,-5],[-48,-68],[-146,-205],[-48,-68],[-6,-5],[-1,-2],[0,-1],[-17,-28],[-6,-10],[-5,-8],[-16,-22],[-5,-8],[0,-1],[-31,-48],[-95,-145],[-31,-48],[1,0],[-1,-1],[-3,-4],[-1,-1],[0,-2],[-1,-1],[-1,0],[-37,-55],[-112,-164],[-37,-55],[-124,-180],[-31,-46],[-31,-45],[-80,-117],[-13,-18],[-31,-45],[-2,-4],[-42,-61],[-132,-194],[-45,-65],[-1,-1],[-1,-2],[-6,-9],[-3,-4],[-7,-10],[-21,-31],[-7,-10],[-1,-2],[-8,-11],[-27,-40],[-9,-14],[-3,-3],[-44,-65],[-141,-205],[-46,-69],[-1,0],[-30,-45],[-93,-136],[-31,-45],[-1,-1],[-12,-18],[-24,-35],[-18,-27],[-48,-70],[-44,-66],[-37,-54],[-2,-4],[-25,-37],[-80,-121],[-26,-38],[-1,-2]],[[47253,9084],[-39,0],[-25,2],[-39,3],[-34,-2],[-4,0],[-16,-1],[-5,0],[-5,-1],[-3,0],[-57,-4],[-17,2],[-5,0],[-136,-4],[-32,0],[-31,-1],[-125,-2],[-176,-3],[-134,-3],[-44,0],[-170,-1],[-192,4],[-52,0],[-12,-2],[-3,0],[-130,5],[-11,-1],[-32,-3],[-11,-1],[-76,0],[-11,2],[-40,0],[-153,-1],[-53,0],[-11,-1],[-21,0],[-103,1],[-34,1],[0,2],[-163,0],[-34,-1],[-101,-1],[-34,-1],[-32,0],[-96,1],[-32,1],[-17,0],[-52,-1],[-23,0],[-16,-2],[-3,-1],[-11,0],[-24,2],[-73,4],[-24,1],[-14,1],[-44,0],[-14,1],[-45,0],[-12,1],[-1,-2],[-3,-3],[-4,0],[-27,1],[-36,0],[-91,-2],[-98,-2],[-63,-1],[-3,1],[-11,1],[-105,0],[-14,-1],[-44,-1],[-15,-1],[-1,0],[-2,1],[-12,0],[-1,1],[-14,0],[-43,1],[-128,3],[-42,1],[-5,0],[-13,1],[-28,0],[-58,1],[-35,0],[-14,1],[-2,0],[-48,1],[-29,0],[-38,1],[-12,1],[-27,0],[-78,2],[-26,0],[-27,1],[-80,2],[-27,0],[0,97],[-1,32],[0,54],[-1,55],[0,36],[-1,25],[0,90],[-1,73],[0,216],[-1,48],[0,8],[1,11],[0,6],[-1,17],[0,327]],[[99849,93670],[0,-316],[-1,-75],[1,-79],[0,-102],[-1,-70],[0,-1259],[1,-13],[-1,-14],[0,-1469],[-1,-21],[1,-21],[0,-227],[-1,-42],[1,-21],[0,-421],[-1,-22],[0,-8],[1,-13],[0,-87],[-1,-39],[1,-42],[0,-131],[-1,-32],[0,-30],[1,-11],[0,-13],[-1,-48],[0,-9],[1,-16],[0,-122],[-1,-20],[1,-18],[-1,-2],[0,-50],[1,-22],[-1,-20],[0,-44],[1,-22],[-1,-6],[0,-131],[1,-23],[0,-22],[-1,-24],[0,-69],[-1,-22],[0,-21],[1,-14],[1,-12],[0,-186],[-1,-18],[0,-9],[1,-4],[0,-192],[-1,-1],[0,-497],[3,-288],[1,-11],[0,-44],[-1,-59],[-1,-63],[0,-2],[-1,-393],[0,-636]],[[99848,85952],[-372,-5],[-42,-1],[-134,-1],[-506,0],[-588,-2],[-247,0],[-440,-1],[-7,3],[-32,3],[-39,-4],[-18,-1],[-19,4],[-13,-1],[-2,0],[-363,-7],[-192,0],[-543,2],[-1,0],[-286,-1],[-190,0],[-68,1],[-50,0],[-54,1],[-148,1],[-65,1],[-36,0],[-45,-1],[-3,0],[-4,-1],[-203,0],[-11,1],[-29,-1],[-25,1],[-25,0],[-126,1],[-9,1],[-254,-3],[-3,0],[-5,1],[0,7],[-139,-3],[-159,-3],[-1,0],[-193,-4],[-2,0],[-53,-1],[0,-4],[-544,-8],[-125,-3],[-148,0],[-48,-1],[-38,0],[-8,-1],[-10,1],[-18,0],[-11,-1],[-61,0],[-43,-1],[-11,0],[-24,-1],[-53,-1],[-30,0],[-18,1],[-41,-1],[-45,0],[-28,-1],[-8,1],[-9,-1],[-40,0],[-15,-1],[-217,0],[-39,-1],[-109,0],[-28,-1],[-141,0],[-185,-1],[-134,0],[-7,1],[-47,1],[-70,0],[-25,1],[-95,0],[-34,-1],[-124,0],[-80,-1],[-8,0],[-36,1],[-115,-1],[-69,-1],[-55,0]],[[91303,93665],[9,0],[233,1],[63,0],[63,1],[59,0],[93,1],[28,0],[214,1],[60,-1],[190,-1],[390,0],[125,2],[214,0],[46,-1],[135,-1],[17,-1],[83,0],[73,-1],[102,0],[228,-2],[88,0],[230,-1],[6,0],[207,-1],[110,0],[214,-2],[21,0],[136,2],[63,2],[71,1],[131,0],[111,1],[12,0],[8,-1],[131,0],[134,-1],[141,0],[128,-1],[124,0],[149,-1],[133,-1],[6,0],[19,-1],[116,0],[56,-1],[221,0],[142,-3],[135,-1],[77,-1],[201,1],[45,-1],[132,2],[172,0],[208,-1],[131,0],[29,-1],[155,0],[75,1],[161,2],[23,0],[95,2],[101,1],[36,1],[20,0],[58,1],[46,0],[75,1],[59,1],[27,0],[125,2],[77,1],[10,0],[37,1],[29,0],[142,2],[38,0],[50,1],[35,0],[176,2],[27,1],[68,1],[55,0],[21,1],[22,0],[58,1],[11,0],[168,-6],[3,0]],[[20304,32647],[5,-17],[10,-30],[9,-18],[7,-15],[10,-23],[6,-13],[2,-24],[2,-17],[3,-10],[8,-7],[3,-2],[8,-10],[4,-7],[1,-10],[-2,-11],[-6,-26],[2,-15],[2,-9],[2,-3],[5,-3],[3,-3],[2,-3],[-6,-13],[-1,-21],[-1,-19],[5,-21],[10,-15],[15,-20],[13,-13],[3,-9],[4,-19],[6,-18],[5,-27],[0,-20],[1,-12],[2,-8],[-1,-4],[1,-2],[0,-8],[5,-18],[3,-11],[6,-2],[2,-3],[11,-12],[12,-27],[1,-2],[9,-15],[6,-11],[17,-36],[1,-2],[10,-4],[1,-1],[13,4],[16,5],[4,-16],[-6,-23],[0,-5],[3,-25],[0,-4],[20,-27],[13,-33],[-9,-28],[16,-46],[7,-26],[5,-35],[10,-28],[0,-35],[16,-33],[15,-14],[29,-34],[21,-26],[32,-26],[39,-33],[27,-40],[39,-13],[49,4],[25,-14],[21,-23],[6,-26],[16,-26],[5,-10],[2,-7],[3,-10],[1,-12],[-1,-16],[-2,-13],[0,-12],[4,-14],[6,-12],[5,-11],[1,-17],[6,-17],[5,-12],[1,-10],[-2,-8],[-4,-14],[-3,-18],[-3,-21],[0,-9],[6,-13],[5,-13],[4,-15],[3,-7],[5,-6],[7,-12],[3,-23],[4,-10],[4,-4],[7,-6],[6,-15],[11,-11],[4,-5],[1,-5],[-1,-7],[0,-9],[3,-13],[1,-6],[-2,-11],[0,-9],[2,-7],[4,-5],[1,-8],[-1,-7],[3,-6],[5,5],[4,-2],[-1,-5],[4,-3],[8,5],[3,-1],[0,-12],[1,-10],[3,-26],[2,-26],[-2,-15],[-4,-12],[-2,-9],[1,-8],[2,-9],[0,-11],[-2,-8],[3,-11],[6,-14],[5,-16],[5,-17],[-2,-18],[-3,-13],[-2,-11],[0,-1],[-1,-16],[-7,-24],[-7,-16],[-4,-15],[0,-13],[8,-27],[5,-14],[0,-28],[-1,-17],[-5,-18],[-9,-18],[3,-5],[10,-4],[5,1],[3,1],[11,-9],[7,-12],[5,-15],[7,-13],[13,-6],[9,-3],[4,-7],[3,-22],[3,-25],[0,-26],[1,-31],[-2,-14],[-3,-11],[1,-9],[0,-12],[-4,-13],[-3,-13],[1,-14],[4,-22],[3,-11],[1,-11],[-4,-9],[2,-14],[14,-28],[1,-9],[-2,-9],[-1,-8],[3,-13],[6,-3],[5,-3],[4,-9],[0,-16],[-1,-12],[-2,-7],[1,-4],[4,-6],[7,-8],[1,-9],[-2,-8],[0,-9],[3,-13],[3,-7],[1,-5],[0,-14],[1,-15],[1,-18],[-1,-18],[-2,-8],[-3,-6],[1,-17],[1,-18],[3,-16],[2,-11],[1,-6],[4,-8],[3,-9],[-1,-5],[0,-7],[2,-4],[3,-2],[2,-9],[3,-10],[0,-10],[1,-11],[4,-10],[2,-14],[-1,-12],[2,-8],[6,-2],[8,-2],[9,-4],[6,-3],[3,-2],[0,-11],[-1,-11],[0,-10],[5,-12],[4,-10],[2,-19],[5,-19],[5,-12],[0,-17],[-6,-17],[-2,-17],[-6,-52],[-3,-15],[-3,-6],[0,-5],[4,-4],[7,-1],[5,-5],[5,-8],[3,-18],[1,-14],[-2,-10],[1,-8],[6,-10],[6,-7],[10,-21],[7,-14],[4,-23],[0,-25],[7,-42],[3,-23],[3,-17],[8,-31],[5,-35],[0,-15],[-2,-7],[-2,-11],[0,-2],[-3,-7],[-4,-13],[-2,-11],[2,-13],[0,-14],[-2,-29],[-2,-25],[-5,-18],[-6,-24],[-6,-22],[-5,-13],[-8,-5],[-12,-4],[-14,-2],[-8,-5],[-3,-5],[-4,-3],[-6,-2],[1,-7],[3,-11],[1,-8],[-5,-12]],[[18833,22762],[0,1],[1,1],[0,1],[9,26],[13,29],[4,44],[3,5],[1,2],[13,18],[2,9],[-1,10],[-16,42],[-5,19],[-5,21],[1,29],[-4,18],[1,16],[-1,4],[-5,11],[24,19],[12,18],[23,18],[3,10],[-1,12],[-1,32],[-26,59],[-6,11],[9,9],[5,8],[18,35],[5,45],[2,22],[0,8],[-6,11],[-11,18],[-3,4],[-8,7],[-18,18],[-16,38],[-11,16],[-4,13],[-2,8],[-3,73],[-3,10],[-5,16],[-5,6],[-5,3],[-26,7],[-11,11],[-10,19],[-11,23],[-4,43],[-4,36],[2,15],[-15,49],[-7,25],[-16,24],[-5,12],[-22,72],[-25,8],[-34,14],[-15,5],[-24,11],[-3,5],[-8,16],[-15,32],[-14,29],[-5,11],[-18,19],[-10,13],[-7,2],[-11,-1],[-21,-12],[-4,3],[-10,20],[-17,20],[-7,0],[-28,13],[-9,7],[-6,6],[-29,-8],[-20,3],[-16,7],[-8,-2],[-8,3],[-15,-2],[-11,-7],[-14,-16],[-12,-4],[-25,24],[-3,6],[-14,27],[-3,15],[-1,19],[-8,29],[-16,26],[-6,23],[-9,22],[-2,25],[-9,35],[-6,17],[-9,17],[-6,17],[-19,26],[-10,16],[-1,3],[-3,10],[1,2],[3,9],[13,18],[5,8],[8,12],[4,20],[-1,12],[-5,12],[-4,9],[-20,32],[-1,1],[-26,25],[-10,11],[-3,6],[-23,74],[-2,13],[2,8],[1,6],[-4,2],[-2,4],[-4,16],[-22,31],[-6,3],[-6,-1],[-5,-5],[-28,0],[-14,-4],[-8,-6],[-5,-9],[-6,-6],[-9,-12],[-4,-1],[-2,0],[-3,3],[-8,7],[-1,3],[-6,10],[-3,3],[-10,7],[-4,11],[-4,3],[-2,1],[-9,0],[-6,2],[-22,6],[-8,4],[-25,21],[-19,-3],[-14,4],[-31,12],[-3,-3],[-10,-22],[-6,-6],[-6,-2],[-12,-3],[-29,9],[-8,4],[-5,-2],[-22,-12],[-7,-13],[-1,-1],[-15,-4],[-4,-4],[-22,-3],[-17,13],[-23,4],[-12,2],[-18,1],[-8,12],[-9,7],[-25,25],[-29,16],[-19,21],[-15,3],[-8,5],[-7,-4],[-14,-4],[-26,-6],[-8,-5],[-9,0],[-13,-3],[-18,2],[-14,5],[-26,8],[-22,5],[-5,4],[-5,45],[14,40],[10,37],[41,25],[16,16],[19,21],[6,12],[7,16],[0,20],[1,24],[-4,14],[-1,17],[-1,18],[-4,9],[0,11],[-3,4],[-8,-1],[-13,0],[-10,3],[-6,6],[-7,12],[-9,10],[-9,6],[-9,7],[-8,6],[-7,9],[-4,6],[-4,4],[-3,1],[-5,-4],[-9,-4],[-12,1],[-12,-2],[-13,3],[-14,2],[-10,4],[-10,2],[-10,1],[-9,-1],[-6,-3],[-8,-5],[-10,0],[-12,1],[-13,4],[-11,3],[-5,2],[-5,6],[-3,4],[-6,3],[-6,4],[-10,-9],[-10,-3],[-9,-5],[-8,-6],[-7,-7],[-7,-5],[-6,-1],[-4,-1],[-7,-4],[-11,-5],[-10,1],[-6,-2],[-1,0],[-8,-5],[-13,-3],[-12,-2],[-7,1],[-7,4],[-7,-6],[-9,-7],[-12,2],[-8,0],[-4,4],[-6,2],[-5,7],[-10,7],[-12,6],[-6,5],[-10,2],[-10,-2],[-4,-3],[-6,-3],[-9,-6],[-16,-4],[-11,-3],[-10,0],[-8,12],[-11,9],[-25,26],[-13,15],[-1,3],[-12,17],[-9,14],[-12,10],[-5,9],[-4,20],[-3,5],[-7,13],[-1,14],[1,12],[5,13],[4,3],[6,10],[4,18],[0,14],[5,18],[-1,11],[-3,16],[-5,10],[-4,15],[-5,16],[2,14],[-4,8],[0,1],[-5,11],[-4,21],[4,15],[4,10],[-2,7],[-2,20],[1,10],[-5,3],[-4,0],[-3,-1],[-11,0],[-11,3],[-9,2],[-10,3],[-6,7],[-6,1],[-9,-6],[-3,-1],[-9,0],[-9,3],[-12,2],[-9,1],[-9,3],[-4,5],[-2,5],[2,6],[2,10],[3,8],[2,11],[5,20],[7,25],[10,20],[4,12],[7,10],[8,12],[4,17],[-1,11],[0,18],[-1,16],[0,16],[4,7],[2,2],[5,10],[4,22],[4,8],[8,15],[7,11],[6,15],[5,9],[4,12],[0,17],[-2,18],[-1,14],[0,11],[2,14],[4,14],[2,3],[7,11],[7,7],[7,4],[10,7],[9,4],[11,7],[5,5],[6,4],[4,7],[1,8],[-2,10],[-8,14],[-10,13],[-3,8],[-12,10],[-6,9],[-6,18],[-2,18],[-1,17],[-6,31],[0,1],[2,23],[-3,85],[0,17],[1,36],[-9,-1],[-2,0],[-7,-1],[-7,0],[1,15],[0,12],[1,14],[0,10],[1,17],[0,5],[1,25],[2,75],[1,15],[0,11],[3,92],[2,76],[-29,195],[-14,89],[-2,15],[-7,44],[-2,15],[23,1],[43,3],[0,45],[-1,33],[0,7],[-1,23],[-1,70],[-1,24],[0,47],[-2,100],[-1,9],[15,0],[0,17],[-1,52],[0,95],[1,133],[1,67],[-189,-1],[-103,0],[-80,-1],[-216,0],[-7,1],[-88,1],[-174,4],[1,192],[0,29],[-1,128],[0,58],[-1,149],[0,92],[-1,60],[0,11],[-64,0],[-131,-1],[-2,81],[-3,104]],[[4,37585],[0,47],[-2,486],[0,189],[-1,56],[0,1133],[-1,507],[0,59],[1,182],[0,66],[1,1],[0,133],[1,111],[0,61],[1,82],[0,145],[1,22],[0,173],[1,38],[0,149],[1,49],[0,32],[-1,51],[0,558],[1,205],[0,236],[2,458],[1,221],[0,35],[2,145],[4,268],[4,300],[0,19],[1,2],[0,4],[1,10],[2,162],[2,107],[1,44],[1,98],[2,84],[6,351],[5,283],[0,22],[2,85],[3,119],[0,4],[7,235],[0,9],[2,79],[5,209],[2,109],[1,8],[0,10],[2,80],[6,327],[2,75],[4,206],[5,227],[4,183],[2,355],[1,11],[0,171],[1,43],[0,157],[1,10],[0,3],[1,1],[0,69],[-1,16],[0,164],[1,68],[0,53],[1,58],[0,19],[1,88],[1,201],[0,13],[3,182],[2,68],[0,100],[1,101],[0,6],[2,110],[1,157],[2,133],[0,59],[1,116],[0,73],[2,218],[1,73],[0,84],[1,137],[1,114],[0,83],[1,185],[0,193],[1,110],[0,56],[1,72],[0,204],[1,140],[1,223],[0,96],[1,62],[0,109],[1,84],[1,250],[0,84],[1,139],[0,148],[1,93],[0,175],[1,139],[0,125],[1,9],[0,86],[1,137],[0,436],[1,261],[0,249],[1,399],[0,268],[1,38],[0,526],[1,145],[0,408],[1,28],[0,370],[1,650],[0,25],[1,225],[0,104],[1,311],[0,573],[1,117],[0,466],[1,91],[0,336]],[[135,59193],[25,-1],[73,0],[25,-1],[40,0],[100,-1],[44,0],[21,-1],[67,0],[57,-1],[36,0],[107,-2],[36,0],[83,-1],[111,0],[102,-1],[73,0],[28,1],[10,0],[10,1],[1,0],[35,3],[12,2],[31,0],[33,-1],[72,0],[89,-1],[3,0],[3,1],[2,-1],[441,0],[18,-1],[4,1],[47,0],[86,2],[53,1],[21,0],[25,1],[6,0],[3,1],[4,-1],[22,-3],[7,0],[7,-1],[422,0],[9,-6],[2,0],[12,-1],[146,0],[6,1],[198,0],[47,1],[286,0],[124,1],[190,0],[16,1],[346,0],[38,1],[171,0],[82,1],[108,0],[26,2],[16,1],[136,0],[3,-1],[2,0],[7,-1],[4,0],[0,-1],[4,-1],[271,0],[145,1],[1957,0],[56,-1],[169,-2],[56,0],[52,-1],[155,-2],[51,-1],[75,0],[19,-1],[80,-1],[2,0],[245,-2],[30,-1],[21,1],[31,1],[97,0],[51,-2],[17,-1],[301,0],[160,1],[86,0],[128,1],[208,0],[10,-1],[160,0],[27,-1],[20,12],[29,-1],[18,0],[37,-1],[147,4],[20,0],[66,-2],[4,0],[6,1],[10,0],[24,-2],[12,0],[5,1],[27,2],[10,1],[3,0],[29,1],[10,0],[7,1],[82,-10],[31,-3],[107,0],[110,1],[249,0],[80,1],[165,0],[49,1],[277,0],[26,1],[204,0],[52,1],[126,0],[26,-1],[77,-2],[25,0],[7,1],[21,0],[7,1],[21,0],[1,1],[23,0],[15,1],[8,2],[19,4],[51,0],[23,-1],[38,0],[53,-2],[96,-3],[105,-2],[41,-1],[32,-1],[41,0],[40,-1],[234,0],[71,1],[65,0],[153,1],[90,0],[25,-1],[222,0],[13,1],[36,0],[4,-1],[246,0],[41,1],[67,0],[39,-1],[73,0],[12,1],[10,0],[38,-1],[30,-1],[44,0],[37,-1],[193,0],[34,1],[151,0],[3,1],[11,0],[3,-1],[111,0],[30,1],[50,-1],[31,0],[66,1],[266,0],[87,-1],[59,0],[1,1],[4,0],[1,-1],[6,0],[1,1],[115,0],[153,-1],[22,1],[17,0],[50,1],[29,0],[87,-2],[18,-1],[55,0],[21,1],[31,0],[6,1],[250,0],[52,1],[224,0],[172,-1],[754,0],[35,1],[46,1],[41,0],[40,-1],[1738,0],[68,-1],[62,0],[257,-1],[106,-1],[59,0],[59,1],[177,0],[58,1],[53,0],[156,1],[115,0],[155,1],[92,0],[26,1],[135,0],[165,1],[69,-1],[88,-2],[105,-3],[681,0],[17,-1],[89,0],[14,-1],[264,0],[44,1],[146,0],[264,1],[30,0],[98,3],[205,0],[50,-1],[510,0],[44,-1],[55,0]],[[23211,59180],[12,-39],[4,-15],[6,-5],[8,-12],[1,-3],[5,-18],[0,-13],[-2,-16],[-1,-19],[-6,-17],[-1,-17],[1,-23],[4,-21],[0,-31],[-5,-20],[-6,-12],[-6,-6],[-5,-9],[-1,-13],[1,-24],[2,-80],[-1,-9],[0,-4],[-3,-21],[-12,-13],[-14,-13],[-12,-6],[-10,-3],[-2,-1],[-8,2],[-15,2],[-8,-5],[-8,-9],[-6,-12],[-5,-19],[-13,-32],[-7,-15],[3,-13],[6,-13],[-1,-15],[-3,-15],[-7,-9],[-9,-8],[-10,1],[-8,-4],[-9,-8],[-13,-13],[-6,-7],[-7,-15],[-5,-19],[-5,-18],[-14,-31],[-6,-13],[-8,-11],[-12,-12],[-11,-6],[-10,-13],[-15,-13],[-8,-9],[-6,-21],[0,-6],[-4,-24],[-2,-15],[-14,-11],[-10,-9],[-14,-10],[-10,3],[-9,9],[-9,2],[-13,-5],[-10,-2],[-8,-3],[-6,-6],[-5,-6],[-23,-9],[-13,-8],[-13,-6],[-10,-9],[-2,-6],[3,-8],[2,-5],[-2,-18],[-13,-37],[-13,-19],[-14,-21],[-3,-2],[-4,-2],[-2,-9],[3,-9],[3,-5],[1,-2],[3,-3],[1,-6],[5,-6],[6,-4],[4,-10],[1,-11],[-2,-15],[1,-13],[5,-20],[5,-9],[2,-10],[0,-9],[-3,-9],[-4,-10],[-9,-16],[-6,-9],[-4,-8],[-1,-6],[-1,-4],[2,-3],[9,-3],[11,-2],[14,-6],[2,-1],[12,-10],[10,-18],[8,-25],[9,-24],[5,-11],[2,-9],[1,-4],[10,1],[11,-2],[8,-4],[4,-6],[1,-11],[-1,-12],[-1,-7],[2,-9],[2,-11],[4,-8],[6,-2],[11,-3],[11,-4],[9,-12],[24,-30],[7,-9],[11,-3],[11,1],[7,3],[4,11],[4,8],[1,1],[7,8],[9,0],[10,3],[6,10],[13,37],[8,21],[5,7],[7,-3],[6,-3],[5,-1],[1,-1],[13,0],[10,1],[9,-1],[2,-1],[9,-1],[5,0],[6,9],[7,5],[2,0],[5,1],[2,-3],[0,-8],[2,-13],[7,-18],[6,-16],[-2,-23],[-1,-6],[-3,-12],[-3,-11],[-5,-10],[0,-1],[-3,-5],[0,-1],[-1,-1],[-1,-2],[-1,-1],[-2,-3],[0,-1],[-1,-1],[-1,-3],[-3,-6],[-2,-5],[-1,-13],[3,-9],[2,-3],[4,-7],[1,0],[1,-1],[5,-6],[11,-11],[1,-11],[1,-5],[1,-12],[2,-8],[4,-4],[6,-2],[8,0],[14,-1],[5,-9],[2,-8],[7,-1],[11,0],[10,4],[13,7],[10,1],[3,-1],[9,-4],[11,-6],[23,-7],[40,-12],[20,-14],[12,-5],[14,1],[11,-6],[11,-18],[11,-12],[15,-20],[10,-9],[10,-6],[10,-2],[11,-4],[10,-6],[8,-14],[7,-12],[9,-8],[4,-10],[6,-3],[18,15],[1,0],[14,13],[8,8],[5,8],[5,9],[6,2],[26,-26],[26,-8],[1,0],[10,1],[5,0],[21,15],[8,6],[10,8],[13,13],[13,10],[10,6],[6,-2],[5,-6],[12,-8],[4,-13],[-4,-20],[-8,-21],[-3,-12],[2,-11],[6,-7],[9,-10],[4,-14],[1,-15],[-4,-27],[0,-29],[1,-8],[0,-14],[-6,-27],[-3,-33],[1,-11],[4,-8],[3,-5],[4,-8],[7,-10],[11,-6],[3,-2],[5,-3],[3,-4],[2,-3],[3,-9],[0,-10],[-2,-6],[-4,-10],[0,-9],[2,-11],[10,-3],[18,-1],[10,-3],[17,-4],[11,-6],[2,-1],[3,-2],[10,-6],[16,-10],[1,-1],[15,-17],[22,-24],[18,-18],[16,-10],[9,0],[13,10],[12,5],[7,-5],[7,-8],[6,-10],[4,-15],[6,-21],[3,-29],[-3,-18],[-4,-17],[-4,-12],[-1,-1],[-5,-9],[-7,-20],[-11,-12],[-14,-10],[-21,-8],[-16,-3],[-13,-9],[-38,-40],[-37,-27],[-16,-12],[-9,-9],[-3,-13],[0,-18],[4,-33],[-1,-12],[0,-6],[-4,-11],[-28,-28],[-3,-17],[-4,-17],[-4,-8],[-1,-16],[0,-9],[1,-1]],[[23731,56441],[-13,-15],[-8,-18],[-15,-16],[-5,-5],[-8,-10],[-11,-7],[-12,-7],[-11,-6],[-12,8],[-23,11],[-7,4],[-13,1],[-18,-4],[-13,-5],[-12,-3],[-11,4],[-7,7],[-7,9],[-5,6],[-12,2],[-8,-2],[-12,-5],[-15,4],[-12,8],[-2,1],[-9,12],[-9,8],[-9,2],[-10,4],[-23,1],[-5,-1],[-10,-7],[-12,-5],[-9,1],[-9,3],[-9,0],[-5,2],[-4,4],[-5,6],[-11,3],[-10,5],[-5,5],[-1,7],[1,11],[0,9],[-3,1],[-4,0],[-2,-1],[-8,0],[-11,2],[-8,1],[-17,-3],[-11,-4],[-4,-1],[-1,-1],[-4,-1],[-1,-1],[-4,-7],[-5,-6],[-5,-1],[0,-5],[6,-12],[3,-17],[1,-21],[1,-20],[-5,-29],[2,-15],[3,-10],[4,-11],[1,-13],[-5,-9],[0,-3],[-1,-3],[-4,-15],[-4,-9],[-3,-19],[0,-20],[1,-20],[3,-14],[3,-16],[3,-13],[2,-10],[0,-17],[2,-6],[3,-10],[3,-24],[-1,-13],[-2,-9],[-4,-8],[-8,-12],[-6,-5],[-9,-7],[-8,-4],[-12,-2],[-10,-2],[-11,-4],[-16,-8],[-7,-3],[-6,-9],[-7,-12],[-6,-6],[-9,-3],[-6,-6],[-7,-9],[-12,-10],[-12,-5],[-21,-4],[-14,-3],[-4,-5],[-4,-17],[0,-1],[-5,-19],[-7,-11],[-12,-13],[-19,-14],[-25,-13],[-13,-6],[-10,-6],[-7,-7],[-3,-4],[-2,-4],[-3,-7],[-1,-8],[-2,-7],[0,-2],[-3,-2],[-9,-3],[-10,-4],[-10,-3],[-7,1],[-9,0],[-7,-3],[-6,-2],[-7,-2],[-6,-5],[-10,-6],[-12,-3],[-11,0],[-7,3],[-4,5],[-4,3],[-8,7],[-4,4],[-5,1],[-2,-2],[-7,-8],[-12,-16],[-10,-13],[-7,-8],[-6,-2],[-6,1],[-6,3],[-8,2],[-3,1],[-7,0],[-5,-1],[-5,1],[-4,0],[-5,-1],[-4,-2],[-3,-1],[-6,3],[-3,-1],[-4,-3],[-4,-2],[-4,1],[-5,3],[-10,10],[-7,4],[-7,3],[-4,0],[-4,-2],[-5,-1],[-6,1],[-9,0],[-14,-2],[-6,0],[-7,4],[-5,5],[-5,9],[-2,1],[-5,5],[-15,12],[-7,9],[-2,8],[0,6],[1,4],[0,7],[-1,8],[-2,5],[-3,7],[-1,5],[-1,10],[-3,8],[-1,2],[-6,3],[-9,3],[-9,0],[-5,3],[-12,14],[-3,6],[-2,6],[-6,9],[-5,5],[-10,-1],[-5,-1],[-4,-4],[-3,-4],[-2,-7],[-2,-16],[0,-4],[-2,-8],[-1,-9],[0,-24],[-2,-9],[-4,-7],[-3,-5],[-4,-8],[0,-11],[2,-9],[0,-14],[-1,-10],[-1,-11],[-4,-14],[-4,-13],[-3,-15],[-5,-16],[-4,-10],[-2,-8],[-6,-11],[-4,-6],[-7,-8],[-7,-13],[-14,-20],[-8,-12],[-10,-9],[-5,-6],[-10,-15],[-7,-15],[-4,-18],[-3,-10],[-5,-9],[-2,-10],[-4,-8],[-3,-10],[-4,-10],[-6,-5],[-5,-3],[-6,-3],[-13,-6],[-13,-7],[-5,-1],[-10,3],[-7,4],[-5,3],[-6,2],[-6,1],[-1,0],[-1,-1],[-2,0]],[[22219,55484],[-5,0],[-8,-3],[-4,-3],[-9,-7],[-4,-1],[-12,0],[-6,1],[-5,0],[-7,-2],[-3,-2],[-5,-4],[-6,-7],[-5,-8],[-4,0],[-6,4],[-4,3],[-2,2],[-11,-3],[-18,-2],[-4,-1],[-3,-1],[-13,-9],[-10,-9],[-5,-4],[-7,-12],[-7,-14],[-5,-6],[-6,-5],[-4,-5],[-4,-9],[-4,-8],[-5,-12],[-4,-10],[-9,-19],[-7,-15],[-4,-11],[-3,-7],[-5,-7],[-8,-10],[-4,-9],[-7,-13],[-9,-21],[-5,-12],[-8,-14],[-6,-9],[-6,-6],[-5,-3],[-8,-2],[-7,-1],[-9,-5],[-14,-8],[-4,-8],[-5,-9],[-2,-4],[-17,-9],[-13,-5],[-5,-3],[-8,-3],[-10,-11],[-4,-5],[-5,-8],[-3,-7],[0,-5],[2,-3],[3,-5],[5,-6],[8,-7],[7,-5],[10,-8],[2,-3],[5,-6],[2,-6],[4,-10],[6,-16],[2,-4],[5,-9],[8,-10],[13,-13],[1,-3],[-1,-2],[-14,7],[-16,9],[-15,7],[-14,6],[-15,2],[-16,0],[-8,2],[-5,-1],[-9,1],[-10,-2],[-8,-2],[-13,-1],[-8,-2],[-9,-3],[-4,-1],[-8,-4],[-8,-3],[-6,-3],[-9,-4],[-9,-5],[-5,-4],[-4,-4],[-5,-3],[-4,-3],[-9,-6],[-7,-5],[-5,-3],[-6,-4],[-5,-5],[-7,-5],[-5,-6],[-5,-7],[-4,-5],[-7,-14],[-3,-7],[-2,-6],[-3,-13],[2,-10],[7,-23],[1,-8],[2,-15],[-1,-17],[0,-11],[-3,-29],[-2,-17],[-2,-15],[-3,-15],[-3,-14],[0,-24],[2,-5],[3,-8],[3,-2],[13,-13],[6,-3],[2,-4],[-1,-5],[-3,-7],[-4,-8],[-1,-5],[1,-8],[-1,-13],[-3,-7],[-4,-6],[-7,-6],[-17,-6],[-8,-2],[-7,-2],[-11,-2],[-9,-1],[-8,-1],[-14,-3],[-6,-2],[-6,-3],[-7,-4],[-11,-10],[-10,-10],[-11,-10],[-5,-3],[-5,-2],[-12,-6],[-14,-10],[-10,-5],[-10,-3],[-12,-5],[-8,-1],[-9,-1],[-7,1],[-4,1],[-14,0],[-14,2],[-6,4],[-14,18],[-7,7],[-10,9],[-7,6],[-6,5],[-7,5],[-15,10],[-7,2],[-6,5],[-9,3],[-4,1],[-3,0],[-4,-1],[-3,-1],[-4,-3],[-3,-4],[-4,-3],[-7,-14],[-2,-6],[-3,-11],[-2,-14],[-2,-9],[-3,-14],[-7,-14],[-3,-4],[-4,-5],[-2,-3],[-5,-5],[-14,-15],[-11,-8],[-7,-6],[-10,-5],[-9,-6],[-21,-12],[-7,-2],[-5,-2],[-22,-1],[-5,-1],[-21,-3],[-17,-8],[-9,-6],[-8,-6],[-5,-10],[-2,-11],[-9,-27],[-4,-5],[-3,-2],[-5,-6],[-5,-5],[-2,-4],[-5,-6],[-12,-17],[-13,-16],[-4,-6],[-2,-6],[-5,-13],[-6,-11],[-8,-8],[-8,-7],[-7,-5],[-6,-8],[-4,-5],[-8,-8],[-4,-6],[-4,-4],[-1,-10],[-2,-8],[-4,-5],[-4,-2],[-4,-1],[-7,1],[-4,1],[-7,0],[-10,-2],[-6,-2],[-8,-3],[-6,-4],[-6,-2],[-5,-4],[-5,0],[-6,1],[-5,2],[-5,0],[-5,-1],[-11,-3],[-6,-1],[-3,-2],[-7,-4],[-14,-10],[-7,-8],[-7,-5],[-10,-10],[-6,-5],[-7,-8],[-8,-2],[-14,-4],[-3,-1],[-5,-5],[-10,-23],[-4,-10],[-4,-8],[-3,-4],[-2,-3],[-1,-2],[-3,-5],[-6,-12],[-2,-8],[-1,-6],[-1,-5],[-2,-9],[-3,-9],[-3,-7],[-3,-8],[-4,-7],[-4,-5],[-6,-3],[-13,-13],[-4,-7],[-14,-21],[-5,-3],[-5,3],[-5,4],[-8,6],[-7,4],[-12,11],[-8,-2],[-7,-2],[-11,-7],[-5,-6],[-4,-6],[-4,-5],[-3,-8],[-1,-7],[1,-6],[0,-20],[-1,-6],[-3,-9],[-3,-5],[-4,-8],[-5,-9],[-4,-7],[-10,-3],[-7,-1],[-4,-1],[-8,-4],[-7,-5],[-11,-6],[-4,-4],[-3,-4],[-8,-6],[-9,-12],[-8,-2],[-7,-1],[-8,-1],[-4,-8],[-5,-7],[-6,-9],[-5,-9],[-4,-9],[-4,-10],[-4,-9],[-1,-7],[-2,-8],[-3,-11],[0,-14],[-2,-16],[-1,-7],[-1,-5],[-3,-6],[-3,-5],[-6,-9],[0,-15],[-1,-7],[-1,-9],[-3,-10],[-6,-12],[-2,-2],[-3,-2],[-4,-1],[-4,0],[-8,1],[-12,3],[-20,10],[-5,6],[-4,3],[-5,4],[-7,4],[-4,2],[-5,-4],[-4,-4],[-12,-16],[-5,-7],[-4,-8],[-5,-12],[-2,-9],[-3,-11],[-4,-12],[-6,-15],[-6,-11],[-10,-15],[-8,-11],[-16,-18],[-4,-7],[-10,-17],[-6,-13],[-6,-16],[-19,-42],[-6,-17],[-2,-3],[-4,-2],[-23,-1],[-13,0],[-4,-4],[-4,-2],[-5,-15],[-4,-14],[-4,-9],[-4,-11],[-5,-14],[-7,-31],[-4,-15],[-1,-25],[2,-5],[2,-6],[0,-12],[-5,-15],[-11,-11],[-5,-9],[-5,-2],[-8,-3],[-5,-2],[-6,-6],[-10,-20],[-5,-13],[-3,-21],[-9,-18],[-5,-6],[-4,-5],[-5,-5],[-12,-13],[-5,-5],[-6,-4],[-5,-9],[-4,-6],[-7,-16],[-3,-10],[-4,-10],[1,-12],[1,-9],[3,-14],[2,-7],[5,-15],[6,-10],[5,-7],[9,-10],[9,-8],[-7,-19],[-20,-21],[-19,-16],[-9,-9],[-13,-12],[-14,-5],[-7,-2],[-13,-4],[-9,-3],[-13,0],[-7,-1],[-12,-6],[-4,-3],[-5,-5],[-6,-7],[-8,-10],[-2,-6],[-5,-10],[-12,-38],[-5,-26],[-2,-12],[-1,-10],[-3,-16],[-1,-8],[-1,-9],[-1,-8],[-1,-20],[-12,-8],[-11,-4],[-13,-5],[-4,-1],[-7,0],[-5,-1],[-5,0],[-12,3],[-10,2],[-7,-2],[-4,-1],[-9,-4],[-3,-9],[0,-21],[-1,-8],[-4,-14],[-6,-27],[-6,-33],[-3,-17],[-3,-31],[-1,-11],[-4,-17],[-7,-12],[-8,-10],[-6,-7],[-6,-6],[-6,-9],[-6,-13],[-8,-18],[-6,-18],[-3,-8],[-10,-15],[-11,-11],[-6,-5],[-7,-4],[-4,-2],[-9,1],[-9,0],[-10,4],[-8,2],[-11,3],[-4,0],[-6,-1],[-3,-3],[-2,-4],[-3,-9],[0,-5],[-1,-3],[0,-11],[1,-24],[-8,-3],[-14,0],[-19,-7],[-9,-5],[-9,-4],[-13,-7],[-12,-6],[-6,3],[-9,4],[-20,10],[-14,9],[-6,2],[-11,-5],[-15,-10],[-10,-6],[-9,-5],[-10,-6],[-20,-16],[-9,-10],[-6,-11],[-1,-8],[0,-6],[3,-11],[-11,1],[-13,-6],[-12,-6],[-5,-6],[-5,-7],[1,-4],[3,-15],[0,-11],[-6,-18],[-6,-15],[-8,-24],[-8,-20],[-5,-6],[-10,-18],[-3,-18],[-9,-5],[-5,-1],[-5,-4],[-5,-18],[-5,-16],[-6,-19],[-17,-32],[-6,-3],[-7,-9],[-5,-15],[-1,-8],[-2,-5],[-11,-6],[-1,-6],[0,-10],[6,-13],[-6,-21],[8,-34],[-7,-1],[-13,-1],[-27,8],[-22,7],[-21,7],[-17,3],[-11,-1],[-12,-6],[-4,-8],[-5,-9],[-3,-14],[-9,-41],[-5,-1],[-5,2],[-10,27],[-8,15],[-1,2],[-3,20],[-5,12],[-3,4],[-28,-19],[-5,1],[-5,10],[-4,5],[-15,-13],[-8,-8],[-4,-5],[-28,-27],[-9,-6],[1,-7],[-6,-7],[-8,-12],[-8,-1],[-6,-13],[-4,-20],[0,-16],[8,-12],[-11,-13],[11,-3],[12,-3],[11,-4],[-9,-21],[-6,-13],[-5,-6],[-16,0],[-8,-2],[-10,-10],[-12,-26],[-4,-7],[-23,-24],[-22,-24],[-8,1],[-4,4],[-3,5],[-16,0],[-16,-2],[-10,-7],[-10,0],[-5,-3],[-4,-15],[-5,-9],[-2,-16],[0,-21],[2,-18],[3,-21],[-2,-6],[-4,-3],[-4,-4],[-12,1],[-3,-3],[-3,-4],[-3,-8],[-1,-9],[-1,-7],[-5,-7],[-11,-3],[-6,1],[-12,-2],[-11,-2],[-7,-6],[-6,-3],[-9,-2],[-3,-4],[-3,-3],[-5,-9],[-2,-7],[-1,-21],[-6,-8],[-8,-11],[-4,-17],[-3,-18],[-14,12],[-10,6],[-12,0],[-13,-1],[-10,-3],[-11,-6],[-9,2],[-4,12],[-5,13],[-14,26],[-5,9],[-13,25],[-9,8],[-12,4],[-9,5],[-2,2],[-7,12],[-7,13],[-9,20],[-6,15],[-6,17],[-5,12],[-7,15],[-9,13],[-11,8],[-12,6],[-9,13],[-5,2],[-9,1],[-5,5],[-8,17],[-13,17],[-17,22],[-7,3],[-13,-2],[-17,1],[-3,12],[-5,16],[-5,14],[-6,10],[-5,11],[-5,10],[-5,9],[-13,24],[-7,10],[-14,13],[-7,6],[-8,4],[-11,6],[-11,7],[-16,11],[-18,3],[-11,5],[-12,6],[-7,4],[-7,2],[-2,6],[-3,6],[-4,10],[-3,7],[-3,2],[-9,1],[-13,3],[-10,3],[-8,3],[-12,3],[-10,3],[-9,7],[-7,5],[-10,6],[-7,7],[-8,0],[-8,2],[-9,2],[-16,4],[-11,6],[-11,5],[-8,6],[-7,4],[-9,7],[-11,8],[-14,10],[-16,13],[-14,11],[-4,14],[0,7],[-1,8],[-5,3],[-10,0],[-4,-2],[-9,-4],[-6,-4],[-4,-2],[-6,0],[-10,5],[-10,6],[-8,4],[-12,9],[-8,4],[-12,0],[-14,2],[-7,3],[-10,11],[-5,6],[-8,10],[-10,6],[-9,1],[-8,1],[-7,5],[-12,12],[-5,4],[-8,9],[-7,2],[-3,2],[-10,15],[-3,6],[-7,6],[-12,4],[-17,14],[-6,10],[-9,4],[-13,7],[-8,-10],[-13,1],[-5,-4],[-19,8],[-10,1],[-15,3],[-14,5],[-12,7],[-3,6],[-6,7],[-4,-1],[-2,-3],[-9,-3],[-7,-1],[-4,2],[-5,7],[-6,1],[-8,-1],[-10,0],[-4,2],[-9,7],[-4,-1],[-7,0],[-6,-5],[-5,-8],[-8,-20],[-7,-9],[-8,-4],[-7,3],[-6,5],[-3,7],[-11,53],[-4,5],[-11,6],[-4,9],[-5,-2],[-9,-7],[-11,-14],[-8,-15],[-9,-27],[-5,4],[-3,10],[-8,18],[-9,-13],[-12,-17],[-17,-26],[-9,-3],[-8,-6],[-5,-26],[-4,-13],[-7,-6],[-9,-2],[-12,-1],[-8,8],[-5,7],[-4,1],[-4,-2],[-4,-3],[-7,-10],[-19,-13],[-9,-9],[-15,-23],[-5,-3],[-1,0],[0,-1],[-1,0],[-1,-11],[-2,-17],[-3,-9],[-6,-4],[-14,2],[-15,2],[-18,2],[-17,3],[-11,-3],[-12,-10],[-11,-15],[-8,-11],[-10,-6],[-12,-6],[-13,-9],[-9,-11],[-5,-7],[-6,-15],[-17,-14],[-15,-5],[-24,-9],[-18,-6],[-14,-6],[-15,5],[-20,6],[-24,0],[-16,-3],[-19,-6],[-13,-8],[-10,-18],[-11,-17],[-20,-28],[-29,-37],[-18,-20],[-8,-5],[-8,0],[-11,-2],[-5,3],[-2,13],[-5,11],[-8,11],[-6,6],[-6,4],[-10,6],[-25,-1],[-7,3],[-12,10],[-7,5],[-9,6],[-12,7],[-11,5],[-9,0],[-17,-8],[-11,-3],[-11,-2],[-30,-2],[-11,-2],[-16,-4],[-21,-7],[-5,1],[-9,-8],[-7,-3],[-4,0],[-7,5],[-10,-3],[-12,-5],[-6,0],[-36,1],[-2,-8],[-43,-1],[-9,0],[-14,-5],[-15,-2],[-20,-11],[-21,-12],[-14,-3],[-10,0],[-11,-2],[-14,-1],[-23,0],[-15,-4],[-11,-1],[-12,-3],[-9,-7],[-5,-3],[-11,-5],[-10,0],[-10,-1],[-21,3],[-25,1],[-14,0],[-5,6],[-19,3],[-10,2],[-8,-1],[-8,-3],[-13,-1],[-26,-5],[-8,1],[-9,-6],[-6,3],[-49,15],[-63,21],[-82,-18],[-22,-6],[-32,-9],[-7,-11],[-8,-14],[-9,-16],[-7,-19],[-4,-11],[-10,-29],[-8,-21],[-10,-28],[-9,-26],[-17,-18],[-11,-13],[-27,-29],[-9,-8],[-50,-39],[-21,-20],[-13,-14],[-16,-16],[-15,-16],[-13,-12],[-5,-19],[-5,-14],[-13,-22],[-10,-12],[-18,-21],[-14,-10],[-15,-11],[-9,-7],[-15,-11],[-22,-15],[-30,-30],[-9,-8],[-12,-22],[-12,-8],[-17,-13],[-11,-10],[-7,-8],[-7,-11],[-12,-15],[-17,-22],[-6,-8],[-19,-7],[-8,-9],[-7,-9],[-8,-17],[-5,-11],[-6,-13],[-25,-18],[-13,-10],[-16,0],[-18,-1],[-18,-15],[-11,-7],[-9,-11],[-7,-12],[-4,-7],[-6,-7],[-1,-1],[-1,-8],[-2,-7],[-4,-28],[-6,-24],[-6,-12],[-11,-19],[-3,-11],[-7,-20],[-3,-12],[-5,-12],[-6,-14],[0,-36],[-1,-31],[-3,-19],[-15,-18],[-16,-18],[-11,-7],[-16,-11],[-25,-18],[-13,-5],[-7,-5],[-3,-24],[-6,-9],[-7,-11],[-18,5],[-15,-2],[-14,-19],[-11,25],[-1,10],[-1,8],[-12,36],[-12,12],[-13,-6],[-36,-21],[-10,-22],[-7,-20],[-8,-23],[-6,-21],[-14,-26],[-11,-20],[-9,-18],[-10,-18],[-8,-15],[-17,-23],[-9,-12],[-14,-4],[-10,-3],[-13,-15],[-6,-7],[-10,-29],[-16,-53],[-7,-10],[-7,-11],[-2,-6],[-8,-20],[-8,-16],[-9,-17],[-11,-26],[-6,-3],[-10,-10],[-15,-14],[-12,-12],[-5,-8],[-7,-13],[-12,-14],[-13,-16],[-8,-9],[-25,-13],[-16,-13],[-10,-11],[-10,-16],[-9,-13],[-10,-14],[-7,-26],[-9,-27],[-10,-9],[-15,-23],[-15,-21],[-7,-20],[-3,-16],[-8,-18],[-28,-31],[-13,-15],[-18,-9],[-13,0],[-11,-3],[-10,-2],[-5,-4],[-4,-1],[-8,-9],[-2,-8],[1,-5],[3,-6],[5,-18],[18,-32],[12,-27],[5,-22],[9,-24],[2,-14],[3,-33],[5,-21],[7,-11],[6,-10],[13,-17],[14,-30],[10,-27],[1,-11],[0,-11],[-6,-39],[-4,-13],[0,-22],[3,-19],[-14,-15],[-7,-9],[-12,-35],[-2,-15],[-11,-9],[-7,-7],[-6,-5],[-8,-11],[-9,-13],[-5,-8],[-7,-16],[-21,-9],[-9,-8],[-3,-8],[-1,-10],[2,-12],[5,-17],[-1,-9],[-6,-3],[-14,-10],[-11,-11],[-16,-22],[-13,-23],[-6,-10],[-9,-23],[-5,-10],[-10,-13],[-7,-8],[-5,-9],[-3,-14],[-4,-11],[-13,-26],[-6,-21],[-8,-21],[-13,-32],[-9,-19],[-13,-34],[-8,-17],[-11,-25],[-12,-27],[-17,-34],[-12,-13],[-23,-31],[-18,-32],[-12,-21],[-15,-22],[-16,-23],[-6,-19],[-14,-52],[-21,-36],[-5,-9],[-15,-20],[-16,-20],[-16,-16],[-12,-14],[-9,-8],[-14,-2],[-13,-4],[-9,-8],[-9,-11],[-12,-12],[-16,-7],[-12,5],[-15,10],[-8,12],[-4,14],[-14,14],[-8,10],[-13,11],[-11,9],[-16,8],[-8,1],[-11,-4],[-11,-10],[-9,-9],[-5,-13],[-1,-11],[2,-10],[4,-21],[2,-15],[1,-22],[-1,-13],[-4,-8],[-20,-13],[-18,-14],[-16,-25],[-3,-16],[-2,-17],[-1,-8],[0,-12],[4,-18],[5,-20],[15,-38],[6,-16],[13,-20],[12,-44],[4,-16],[5,-19],[-1,-19],[-4,-28],[-6,-9],[-9,-3],[-11,6],[-9,5],[-8,6],[-8,5],[-7,5],[-7,2],[-7,1],[-8,-3],[-9,0],[-8,-11],[-7,-12],[-15,-24],[-8,-25],[-15,-48],[-14,-22],[-12,-12],[-10,-3],[-9,2],[-24,6],[-6,-3],[-9,-4],[-14,-5],[-27,1],[-10,3],[-9,5],[-11,8],[-13,3],[-11,8],[-6,1],[-10,1],[-9,2],[-9,0],[-10,-1],[-10,-6],[-6,-5],[-4,-8],[-13,-18],[-3,-7],[-3,-9],[-3,-12],[-4,-13],[-6,-11],[-5,-6],[-3,-3],[-14,-1],[-7,-2],[-10,1],[-11,0],[-10,-2],[-8,-4],[-3,-1],[-3,-3],[-2,-1],[-9,-9],[-2,-3],[-1,-1],[-3,-10],[-1,-1],[0,-4],[-1,-3],[-1,-11],[-1,-9],[-5,-11],[-87,-52],[-35,-20],[-130,-75],[-94,-55],[-41,-24],[-4,-2],[-85,-49],[-23,-13],[-174,-98],[-88,-49],[-2,-2],[-79,-45],[-93,-50],[-124,-68],[-71,-42],[-92,-52],[-90,-52],[-245,-143],[-32,-18],[-42,-24],[-236,-136],[-3,-1],[-111,-65],[-68,-39],[-67,-39],[-125,-73],[-168,-95],[-42,-24],[-57,-31],[-84,-48],[-13,-7],[-2,-2],[-1,0],[-2,-2],[-6,-3],[-1,0],[-44,-26],[-109,-62],[-4,-1],[-8,-5],[-1,-1],[-9,-5],[-1,0],[-31,-18],[-21,-12],[-1,-1],[-14,-8],[0,-1],[-8,-5],[-9,-8],[0,-43],[1,-108],[0,-47],[1,-2],[-1,-1],[0,-573],[-2,-363],[0,-171],[2,-188],[2,-95],[0,-379],[-1,-400],[0,-555],[1,-387],[0,-90],[1,-361],[0,-251]],[[29335,28787],[0,118],[1,18],[-1,11],[0,8],[-1,16],[0,712],[1,217],[0,504],[1,421],[1,141],[1,169],[1,170],[0,61],[1,597],[0,145],[1,184],[0,651],[1,262],[0,2539],[68,-2],[67,-1],[122,-3],[179,-1],[158,-1],[158,0],[220,-1],[221,0],[98,-1],[274,0],[216,-1],[58,2],[5,0],[112,1],[165,0],[78,-1],[13,0],[34,-1],[34,0],[139,-2],[283,1],[102,-1],[156,0],[56,-1],[332,0],[44,-1],[27,0],[143,-1],[137,-2],[110,0],[7,-1],[31,0],[95,-1],[436,-4],[7,0],[55,-1],[54,0],[123,-1],[123,-2],[75,0],[21,-1],[119,-1],[388,-2],[22,0],[64,2],[1169,0],[177,-1],[348,0],[88,-2],[79,-1],[97,-2],[68,0],[65,-1],[132,0],[66,-1],[129,0],[153,-1],[93,-1],[140,-3],[54,0],[34,-1],[41,-1],[1,1],[22,0],[40,-1],[10,0],[26,-1],[7,0],[160,-2],[24,-1],[95,0],[157,5],[11,-1],[108,-1],[148,-3],[299,-5],[226,-3],[10,-1],[225,-2],[115,-1],[140,-2],[63,0],[68,-1],[69,-1],[54,-1],[26,0],[59,-1],[30,0],[130,-1],[52,-4]],[[43444,36253],[-1,-1],[-1,-3],[-4,-5],[-7,-7],[-9,-14],[-4,-9],[-2,-22],[1,-19],[2,-22],[-1,-5],[-1,-10],[-1,-14],[-1,-13],[0,-16],[5,-18],[1,-12],[6,-9],[7,-17],[6,-16],[8,-10],[6,-9],[10,-16],[9,-10],[5,-13],[2,-15],[4,-15],[6,-14],[15,-16],[17,-9],[15,-7],[12,-5],[4,-1],[7,-4],[5,1],[4,-1],[6,-9],[-1,-2],[5,-15],[3,-13],[2,-16],[2,-18],[1,-10],[2,-2],[3,-5],[1,-2],[0,-15],[-1,-4],[0,-3],[-2,-4],[-1,-3],[-2,-5],[-1,-7],[-1,-8],[1,-8],[1,-5],[2,-6],[4,-16],[4,-6],[3,-14],[8,-12],[5,-5],[9,-10],[7,-12],[4,-14],[2,-9],[3,-9],[5,-11],[40,-24],[7,1],[9,1],[12,3],[20,-3],[27,-6],[12,-8],[8,-2],[32,15],[11,8],[4,7],[7,-15],[44,-53],[4,-12],[2,-16],[0,-17],[3,-15],[8,-18],[6,-8],[13,-13],[14,-8],[4,-10],[10,-19],[18,-18],[6,-17],[12,-24],[5,-1],[17,8],[15,6],[5,1],[3,1],[10,-8],[3,-5],[2,-2],[7,-10],[11,-7],[18,-30],[27,-33],[7,-11],[12,-26],[12,-15],[16,-14],[11,-12],[6,-19],[6,-27],[0,-58],[-2,-23],[2,-14],[5,-9],[14,-16],[8,-10],[8,-15],[3,-7],[21,-18],[28,-11],[19,-5],[20,-2],[5,0],[2,-12],[8,-23],[15,-22],[18,-23],[0,-15],[4,-31],[3,-37],[0,-24],[1,-18],[5,-15],[3,-17],[3,-11],[12,-26],[5,-40],[1,-22],[3,-23],[3,-17],[14,-16],[23,-12],[22,-14],[7,-9],[6,-15],[4,-18],[2,-7],[8,-23],[14,-14],[16,-6],[10,-1],[13,-17],[32,-53],[18,-16],[27,-14],[35,-12],[16,-2],[17,2],[3,-5],[6,-15],[7,-4],[24,-7],[7,3],[10,0],[12,-11],[9,-36],[11,-46],[6,-12],[15,-12],[37,-18],[19,-12],[8,-5],[8,-22],[16,-35],[5,-35],[1,-20],[2,-15],[10,-28],[15,-21],[16,-16],[15,-14],[28,-12],[24,-10],[9,3],[5,-20],[14,-14],[12,-10],[17,-6],[14,-11],[23,-49],[3,-4],[6,-13],[10,-9],[5,-10],[10,-2],[2,-7],[8,-58],[5,-15],[8,-14],[11,-17],[4,-14],[3,-4],[17,1],[11,-15],[7,-62],[0,-11],[-8,-14],[2,-18],[2,-33],[-2,-23],[3,-8],[23,-37],[-1,-8],[-3,-8],[2,-5],[4,-6],[13,-22],[4,-20],[2,-14],[4,-8],[19,-13],[4,-6],[3,-3],[3,-7],[5,-4],[2,0],[5,-2],[3,-13],[8,-47],[1,-5],[7,-16],[10,-20],[0,-1],[3,-5],[1,-34],[2,-15],[7,-15],[4,-3],[7,-6],[4,-12],[3,-10],[3,-3],[3,-5],[13,-7],[1,-6],[-3,-35],[2,-19],[5,-11],[7,-6],[5,-7],[15,-4],[8,-3],[4,-20],[1,-3],[16,-46],[3,-16],[4,-11],[-1,-12],[27,-36],[11,-2],[11,-14],[2,-23],[9,-26],[14,-27],[5,-4],[13,-12],[8,-10],[31,-22],[5,-6],[12,-2],[5,-10],[2,-7],[6,-6],[8,-27],[7,-27],[16,-36],[3,-14],[11,-9],[18,-10],[21,-11],[23,-18],[16,-23],[9,-4],[7,-14],[11,-8],[6,-13],[2,-20],[3,-19],[12,-19],[4,-6],[15,-18],[9,-9],[6,-2],[4,8],[6,16],[13,12],[11,11],[6,8],[4,13],[5,7],[3,-1],[5,-5],[19,-13],[7,-13],[6,-15],[10,-16],[29,-57],[12,-13],[18,-8],[11,-7],[21,-13],[17,-15],[13,-27],[27,-73],[5,-13],[4,-12],[0,-16],[16,-48],[6,-7],[36,-20],[12,-15],[19,-12],[7,-7],[18,-41],[10,-11],[2,-10],[6,-1],[15,8],[8,-3],[12,-11],[10,-3],[17,-14],[15,-5],[7,4],[12,-7],[19,4],[14,-8],[3,-2],[18,-7],[11,-9],[14,-14],[5,-1],[6,3],[9,-3],[9,3],[9,-2],[10,-11],[10,-6],[21,-7],[8,2],[8,-3],[9,-15],[2,-8],[2,-10],[20,-46],[3,-3],[7,-1],[2,-6],[0,-1],[-2,-17],[1,-14]],[[46490,31728],[3,-34],[12,-73],[3,-16],[20,-55],[15,-32],[6,-8],[4,-15],[2,-17],[2,-5],[3,-4],[37,-62],[4,-9],[0,-12],[-3,-33],[2,-40],[-1,-29],[1,-24],[-3,-18],[-4,-18],[-1,-12],[6,-17],[16,-27],[1,-4],[4,-9],[10,-11],[11,-9],[12,-13],[23,-28],[11,-6],[11,-4],[7,-1],[10,0],[4,-1],[2,-2],[7,-8],[15,-16],[7,-11],[23,-22],[11,-14],[13,-9],[13,-6],[12,-6],[17,-7],[12,-3],[8,-3],[10,-10],[9,-6],[9,0],[7,-5],[6,-6],[3,-22],[11,-27],[9,-13],[14,-12],[17,-12],[5,-3],[16,-10],[15,-11],[7,-6],[9,-4],[11,-7],[4,-1],[4,-2],[-1,-3],[10,-26],[9,-20],[11,-17],[12,-24],[7,-40],[2,-33],[-1,-19],[-4,-16],[-2,-29],[-1,-12],[3,-11],[4,-10],[19,-20],[15,-16],[14,-23],[13,-19],[16,-19],[9,0],[21,-2],[23,3],[26,8],[3,0],[1,-3],[1,-8],[4,-11],[12,-20],[13,-22],[18,-28],[10,-15],[12,-7],[10,-5],[12,-1],[9,-1],[13,-4],[6,-9],[2,-8],[6,-42],[6,-18],[6,-15],[5,-8],[5,-13],[1,-11],[5,-27],[3,-18],[4,-26],[2,-11],[3,-8],[5,-8],[9,2],[4,4],[3,2],[6,-2],[9,-7],[2,-1],[20,-11],[15,-8],[7,-2],[5,-1],[4,-6],[6,-20],[6,-14],[14,-22],[12,-31],[8,-22],[5,-12],[3,-6],[1,-1],[8,-16],[3,-5],[1,-1],[4,-25],[7,-22],[17,-25],[17,-18],[10,-20],[12,-23],[6,-24],[4,-21],[3,-16],[6,-12],[7,-9],[12,-13],[9,-11],[16,-16],[18,-9],[20,-8],[3,-1],[8,-3],[13,-9],[3,-4],[2,-12],[2,-26],[7,-27],[10,-28],[9,-16],[7,-9],[5,-17],[15,-23],[17,-22],[5,-5],[4,-1],[4,-5],[7,-21],[9,-34],[2,-42],[3,-18],[5,-10],[10,-18],[7,-12],[15,-15],[2,-5],[16,-10],[11,-7],[19,-10],[13,-6],[9,-3],[17,10],[10,9],[22,5],[19,0],[16,2],[7,2],[2,-4],[1,-16],[7,-19],[12,-21],[11,-17],[12,-17],[10,-14],[14,-24],[8,-14],[9,-13],[11,-7],[11,-6],[26,-11],[12,-3],[14,-2],[11,-3],[14,-2],[7,1],[5,-1],[-1,-6],[1,-19],[2,-21],[1,-12],[3,-16],[10,-28],[3,-19],[5,-10],[8,-10],[9,-9],[-4,-6],[-2,-14],[-3,-13],[-4,-18],[-9,-24],[-7,-10],[-6,-8],[-3,-11],[0,-10],[2,-5],[-6,-9],[-15,-9],[-16,-14],[-14,-22],[0,-8],[2,-14],[5,-15],[5,-17],[6,-29],[4,-19],[5,-18],[18,-18],[5,-7],[3,-3],[-5,-14],[-6,-27],[-1,-30],[7,-35],[7,-24],[5,-24],[7,-18],[8,-24],[4,-14],[6,-15],[5,-4],[3,-3],[1,-5],[-6,-11],[0,-19],[-2,-24],[6,-10],[5,-4],[15,-20],[13,-15],[7,-7],[8,-11],[7,-22],[13,-18],[22,-56],[3,-12],[-2,-23],[11,-36],[11,-13],[24,-14],[36,-16],[-8,-37],[-4,-19],[-20,-49],[1,-20],[-2,-5],[-9,-2],[-2,-12],[-9,-4],[2,-43],[-4,-22],[-9,-37],[-1,-14],[10,-12],[-6,-22],[-4,-29],[11,-30],[0,-17],[-1,-38],[2,-10],[15,-41],[15,-25],[6,-15],[9,-10],[30,-29],[7,-5],[1,-8],[5,-12],[1,-28],[-10,-32],[8,-24],[13,-4],[10,-7],[10,-18],[11,-13],[3,-6],[-1,-15],[6,-9],[12,-12],[5,-10],[4,-15],[9,-9],[17,-12],[23,-22],[4,-5],[3,-23],[2,-15],[11,-28],[11,-17],[11,-11],[14,-28],[4,-5],[5,-7],[6,-8],[7,-11],[21,-5],[5,-5],[25,-44],[7,-10],[3,-4],[7,-15],[-2,-15],[-10,-54],[16,-36],[14,-14],[10,-26],[5,-8],[10,-8],[19,-19],[10,-6],[30,-9],[12,-7],[10,-2],[8,-2],[1,-4],[3,-37],[0,-27],[4,-13],[5,-13],[1,-4],[3,-21],[0,-34],[-5,-26],[-6,-24],[-18,-36],[-3,-7],[12,-8],[5,-14],[21,-22],[29,-14],[33,-21],[13,-11],[6,-6],[10,-1],[11,-9],[9,2],[3,-51],[0,-36],[-4,-29],[-3,-13],[2,-11],[-1,-10],[7,-11],[3,-10],[1,-12],[14,-19],[7,-17],[5,-10],[6,-11],[3,-10],[0,-19],[4,-13],[1,-23],[6,-19],[1,-6],[-1,-12],[4,-11],[4,-9],[3,-17],[6,-11],[21,-20],[9,-16],[6,-8],[15,-13],[5,-10],[1,-16],[3,-15],[0,-3],[-4,-20],[-7,-11],[14,-5],[16,-9],[10,-4],[26,-3],[17,-6],[5,-7],[1,-8],[-2,-14],[-2,-17],[1,-7],[4,-15],[0,-27],[-1,-7],[13,-25],[5,-25],[4,-5],[5,-4],[2,-18],[1,-3],[3,-5],[13,-4],[7,-12],[8,-5],[2,-6],[0,-23],[2,-9],[5,-14],[0,-10],[3,-10],[-1,-21],[1,-13],[-1,-8],[-4,-19],[1,-18],[-1,-13],[17,-67],[1,-11],[-3,-13],[-8,-15],[-6,-3],[-6,-10],[-3,-8],[-13,-8],[-14,-12],[-8,-9],[-38,-29],[-5,-4],[-4,-24],[-3,-10],[7,-31],[-3,-19],[-1,-9],[11,-32],[6,-6],[10,-2],[5,-10],[9,-5],[7,0],[6,-9],[4,-4],[5,-18],[1,-10],[-1,-13],[0,-16],[9,-18],[-1,-15],[18,-41],[10,-2],[26,-15],[1,-17],[1,-15],[14,-28],[7,-13],[9,-16],[22,-16],[31,-117],[25,-19],[14,-54],[14,-86],[4,-32],[0,-2],[13,-5],[22,12],[4,0],[19,-50],[0,-36],[2,-20],[3,-13],[-35,-55],[-7,-33],[-9,-31],[13,-34],[-4,-30],[7,-17],[9,-7],[10,-24],[7,7],[12,-1],[51,-16],[19,-23],[11,-16],[12,-28],[11,-27],[10,-5],[8,-17],[29,-66],[42,-26],[8,-1],[32,-41],[37,-44],[29,-47],[46,-18],[10,-4],[23,-4],[42,-6],[24,82],[56,54],[49,12],[11,-12],[34,-12],[27,-13],[37,2],[25,2],[42,-46],[46,-95],[3,-3],[15,-17],[5,-9],[28,-9],[112,-150],[16,-52],[14,-9],[36,-11],[22,-50],[17,-25],[16,-89],[3,-38],[19,-78],[11,-17],[25,-87],[13,-19],[24,-24],[19,-13],[16,-24],[13,-4],[24,-43],[20,-38],[15,-22],[27,-25],[20,-58],[19,-57],[4,-19],[28,-41],[8,-3],[15,-32],[28,-44],[19,-15],[41,-27],[-2,-13],[-7,-5],[0,-14],[-2,-19],[4,-20],[14,-17],[11,-13],[15,3],[30,-52],[9,-17],[2,-17]],[[51329,18924],[-51,-1],[-154,-3],[-51,-1],[-57,-2],[-115,-2],[-55,-1],[-57,-1],[-8,0],[-24,-1],[-8,0],[-4,1],[-12,1],[-4,1],[-14,1],[-3,1],[-82,0],[-65,1],[-22,1],[-23,0],[-276,5],[-896,15],[-299,6],[-75,-7],[-43,-4],[-181,-2],[-75,-1],[-11,0],[-80,-1],[-240,-2],[-80,-1],[-42,0],[-66,-1],[-75,0],[-27,-1],[-35,0],[-106,-1],[-64,0],[-85,-1],[-29,0],[-78,-1],[-233,-2],[-78,-1],[-152,-7],[-44,-2],[-413,-5],[-152,-2],[-16,0],[-48,-1],[-16,-1],[-19,0],[-57,-1],[-50,0],[-13,-1],[-40,0],[-13,-1],[-25,0],[-76,-3],[-43,0],[-38,-1],[-169,-4],[-56,-1],[-6,-1],[-23,0],[-42,-1],[-16,-1],[-35,0],[-75,-2],[-42,-1],[-53,-2],[-33,0],[-124,-3],[-44,-1],[-54,0],[-12,-1],[-29,0],[-18,-1],[-29,0],[-25,-1],[-73,-2],[-24,-1],[-53,-1],[-158,-3],[-52,-1],[-8,0],[-51,-2],[-152,-4],[-51,-2],[-54,0],[-124,-1],[-34,1],[-85,0],[-73,-1],[-124,0],[-216,-1],[-79,-1],[-105,0],[-26,-1],[-23,0],[-66,-1],[-41,0],[-58,-1],[-76,-2],[-4,0],[-26,-1],[-17,0],[-43,-1],[-32,0],[-136,-1],[-26,-1],[-106,0]],[[33712,21012],[0,33],[1,97],[0,164],[1,33],[0,582],[3,46],[-15,21],[-11,16],[-26,27],[-31,8],[-31,-2],[-42,-12],[-28,-21],[-3,-6],[-6,-16],[-3,-6],[-10,-11],[-33,-22],[-31,-14],[-32,-3],[-29,10],[-27,14],[-17,13],[-2,2],[-16,14],[-26,25],[-196,321],[-198,-160],[-26,-7],[-49,-14],[-245,123],[-78,232],[-70,116],[-171,252],[-80,101],[-83,28],[-15,14],[-150,-33],[-86,117],[-78,-21],[-57,25],[-107,0],[-56,5],[-27,2],[-80,117],[-90,117],[-71,117],[-29,21],[-35,96],[-15,87],[-23,11],[-9,4],[-25,12],[-8,4],[-4,16],[-11,47],[-3,15],[-22,69],[-22,14],[-17,18],[10,163],[4,15],[8,37],[-14,36],[2,29],[-17,3],[-14,26],[-20,-18],[-98,8],[-3,9],[-44,78],[-23,44],[-47,19],[-23,-27],[-40,-29],[-42,-43],[-49,4],[-22,30],[-2,4],[-18,26],[-28,-4],[-45,3],[-51,25],[-6,-25],[-24,-21],[-25,-18],[-44,-16],[-41,-23],[-52,-61],[-21,-12],[-2,-40],[-28,-53],[-59,-59],[-42,-14],[-27,7],[-26,39],[-13,28],[-22,1],[-25,18],[-2,55],[1,55],[-8,24],[-33,55],[-86,73],[-12,-12],[-5,9],[9,28],[-3,34],[-4,50],[-23,5],[-34,35],[-22,28],[-5,-7],[-10,-21],[-13,-20],[-38,-28],[-44,-42],[-32,-31],[-113,-1],[-15,10],[-6,-6],[-1,-21],[-1,-10],[-2,-39],[0,-66],[-10,-42],[-21,-26],[-38,-7],[-28,1],[-22,-15],[-13,5],[-12,-76],[-23,-8],[-18,-24]],[[62678,64160],[0,-305],[-1,-43],[0,-36],[-1,-40],[-1,-24],[0,-82],[-2,-83],[0,-14],[-2,-62],[-1,-24],[-1,-33],[0,-7],[1,-8],[0,-87],[-2,-84],[0,-35],[-1,-14],[0,-111],[1,-15],[-1,-30],[0,-125],[-1,-21],[0,-58],[-1,-1],[0,-46],[-1,-61],[0,-35],[-1,-4],[0,-26],[-1,-37],[0,-91],[-1,-2],[0,-101],[-1,-18],[0,-51],[-1,-11],[0,-77],[-1,-7],[0,-83],[-1,-15],[0,-134],[-1,-9],[0,-160],[-1,-29],[0,-119],[-1,-20],[0,-75],[-1,-25],[-2,-74],[0,-25],[-1,-47],[-3,-143],[0,-255],[1,-84],[1,-73],[0,-21],[-1,-63],[0,-166],[1,-117],[0,-87],[-1,-116],[0,-45],[1,-17],[-1,-3],[0,-72],[-1,-88],[0,-75],[-1,-34],[0,-123],[-1,-41],[0,-116],[-1,-25],[0,-100],[-1,-158],[0,-56],[-1,-64],[-1,-92],[0,-230],[-1,-179],[0,-51],[1,-100],[0,-2217],[3,-71],[-1,-14],[0,-71],[1,-18],[1,-53],[0,-768],[-1,-6],[0,-1004],[1,-52],[1,0],[0,-674],[-1,-61],[0,-353]],[[53153,53284],[1,1],[4,3],[3,1],[4,4],[3,5],[6,9],[2,4],[3,3],[2,6],[4,9],[7,15],[2,4],[1,4],[5,7],[7,9],[2,3],[3,6],[1,5],[3,6],[3,5],[3,4],[14,20],[9,15],[6,12],[2,7],[3,15],[1,10],[2,11],[1,12],[-1,13],[0,5],[-1,3],[-4,10],[-3,7],[-2,3],[-3,6],[-2,16],[1,7],[0,6],[4,12],[2,10],[2,14],[1,4],[-4,20],[-1,3],[-3,6],[-7,18],[-2,4],[0,4],[1,6],[2,4],[0,1],[4,4],[5,4],[2,2],[11,5],[4,-1],[4,-2],[5,-4],[4,-3],[3,-1],[3,0],[5,2],[8,1],[9,0],[5,-2],[10,-2],[8,-4],[8,-1],[4,1],[2,3],[1,1],[1,2],[1,4],[2,4],[0,7],[1,8],[0,7],[-1,7],[-3,11],[-4,10],[-3,9],[-1,6],[0,3],[1,3],[1,1],[3,5],[1,3],[1,4],[1,3],[1,4],[0,5],[-1,5],[0,1],[-1,3],[0,2],[-1,3],[0,2],[-1,7],[-1,3],[0,7],[1,6],[0,3],[2,16],[5,30],[0,6],[-1,10],[-1,2],[0,7],[1,6],[2,4],[8,8],[6,5],[3,2],[3,5],[3,7],[5,9],[2,7],[1,7],[1,4],[-1,17],[-2,8],[-3,7],[-1,5],[0,14],[2,8],[1,7],[2,4],[2,3],[3,4],[5,6],[4,4],[11,10],[7,7],[4,7],[2,8],[1,5],[2,9],[2,12],[1,4],[2,12],[1,2],[2,3],[1,1],[6,3],[4,3],[6,5],[3,7],[3,9],[2,9],[1,3],[6,2],[7,-1],[5,-5],[5,-6],[2,-3],[2,-4],[6,-8],[1,-1],[5,-7],[4,1],[4,3],[3,3],[4,8],[4,10],[5,11],[2,4],[6,13],[9,12],[1,2],[6,0],[4,1],[8,1],[3,5],[3,4],[2,2],[3,20],[-5,7],[-4,5],[-11,8],[-2,1],[-3,8],[-1,1],[2,15],[4,13],[0,3],[1,4],[3,2],[6,6],[5,4],[7,10],[1,1],[1,8],[1,5],[5,9],[1,2],[14,7],[13,-3],[13,0],[2,-1],[2,0],[4,2],[3,1],[7,3],[3,1],[3,2],[11,0],[5,3],[3,5],[1,3],[0,1],[1,4],[0,2],[-2,6],[-3,1],[-2,1],[-1,0],[-1,1],[-2,0],[-2,2],[-5,6],[-1,1],[0,1],[1,9],[16,14],[3,2],[14,12],[14,14],[9,11],[9,4],[10,9],[4,5],[8,9],[10,11],[1,3],[2,5],[3,6],[2,10],[0,5],[-1,9],[0,3],[-1,13],[3,15],[-2,6],[-3,10],[-1,4],[-4,7],[-7,11],[-11,16],[0,12],[1,2],[0,5],[11,14],[14,15],[15,24],[5,23],[2,28],[0,31],[5,18],[7,17],[5,27],[0,15],[-4,16],[-3,10],[1,21],[6,22],[7,34],[7,22],[5,31],[3,12],[3,13],[10,25],[14,20],[21,4],[14,-3],[10,11],[6,14],[1,23],[3,19],[8,15],[1,3],[2,12],[0,19],[5,19],[10,10],[14,3],[2,-1],[1,0],[17,-2],[6,4],[8,22],[2,0],[1,1],[2,0],[2,1],[8,0],[1,3],[2,3],[1,2],[5,5],[5,2],[9,2],[8,-1],[4,-2],[1,-1],[3,-1],[2,-1],[6,0],[2,1],[2,0],[4,-1],[4,-2],[5,-3],[7,-2],[6,-3],[5,-3],[4,-3],[4,-4],[7,-6],[2,-2],[2,-1],[4,-1],[6,0],[2,1],[2,0],[1,4],[0,6],[1,4],[0,4],[1,3],[1,5],[3,9],[3,6],[1,3],[4,4],[1,2],[1,1],[3,1],[4,-1],[4,0],[6,1],[4,3],[5,6],[3,4],[2,7],[1,4],[0,8],[-2,7],[-3,12],[0,4],[-1,6],[-2,5],[-2,3],[-3,8],[-2,4],[-2,2],[-6,8],[-1,3],[-2,9],[-1,6],[0,7],[3,6],[3,5],[3,6],[1,4],[2,14],[1,8],[1,5],[0,4],[-2,4],[-1,4],[-2,3],[-8,16],[-2,7],[-1,5],[-2,3],[-3,4],[-8,12],[-4,7],[-1,4],[-4,12],[-2,9],[-2,13],[0,10],[3,4],[1,3],[1,2],[4,4],[7,6],[1,2],[3,7],[8,7],[2,2],[0,1],[1,9],[-1,4],[0,1],[-3,4],[-1,1],[-3,4],[-4,6],[-2,6],[-2,8],[0,5],[6,15],[1,2],[2,0],[2,2],[3,6],[0,11],[-1,8],[-2,6],[-18,26],[-7,12],[-2,8],[0,10],[1,5],[3,8],[3,6],[3,8],[2,5],[3,6],[4,6],[2,4],[2,7],[3,5],[2,2],[6,5],[4,4],[5,6],[2,1],[3,0],[2,1],[1,0],[6,5],[11,6],[5,2],[2,1],[5,3],[5,6],[4,6],[1,4],[2,7],[0,2],[2,11],[1,4],[0,2],[2,3],[4,7],[3,5],[1,1],[4,5],[3,6],[1,1],[1,3],[2,7],[0,4],[3,12],[2,10],[2,3],[2,4],[2,3],[1,1],[4,8],[1,5],[0,8],[-1,4],[0,2],[-1,4],[-3,7],[-4,11],[-2,10],[0,7],[2,4],[4,4],[1,2],[12,14],[2,4],[0,7],[-1,5],[-1,14],[0,7],[1,5],[1,6],[1,4],[2,3],[3,3],[5,3],[5,1],[2,-2],[1,0],[5,-5],[3,-4],[3,-5],[2,-3],[3,-3],[4,-3],[4,-1],[3,-4],[8,-9],[1,0],[5,-9],[4,-7],[7,-16],[9,-7],[6,-3],[3,-1],[7,-1],[4,2],[2,0],[5,2],[0,1],[1,1],[6,9],[6,7],[9,16],[3,3],[6,8],[1,1],[3,4],[1,1],[1,2],[4,2],[4,3],[10,5],[1,0],[4,3],[7,6],[8,11],[3,5],[3,1],[3,-1],[2,-6],[4,-5],[6,0],[10,4],[9,4],[27,3],[6,5],[4,7],[3,8],[3,5],[8,12],[2,6],[-2,7],[1,6],[2,5],[2,4],[1,5],[-4,9],[-2,6],[0,1],[-1,5],[-3,13],[-2,12],[1,7],[-1,7],[-2,5],[-3,3],[-4,2],[-5,0],[-3,-2],[-4,-5],[-3,-2],[-4,-1],[-5,2],[-3,3],[-1,3],[0,4],[-1,6],[-2,4],[-1,7],[0,9],[1,2],[2,1],[1,0],[12,3],[6,1],[1,0],[6,3],[5,3],[6,6],[7,10],[3,7],[-1,4],[-2,10],[-4,15],[-1,4],[-1,7],[0,19],[3,12],[2,3],[1,2],[3,1],[2,-1],[10,-8],[0,-1],[13,-15],[9,-9],[3,-2],[8,-2],[10,-1],[15,-1],[1,0],[15,1],[5,2],[3,3],[1,0],[1,5],[1,1],[-1,20],[0,12],[1,12],[5,9],[5,4],[2,0],[3,-1],[8,-6],[8,-5],[9,-3],[2,0],[5,-1],[7,3],[2,4],[2,22],[0,18],[-2,17],[-3,8],[-5,6],[-6,6],[-10,5],[-3,5],[-1,4],[0,6],[1,7],[3,5],[5,5],[1,0],[4,-1],[16,-6],[10,-5],[8,-1],[9,-3],[9,-6],[1,0],[3,-1],[6,-3],[3,0],[3,-1],[1,0],[1,1],[8,2],[6,2],[1,1],[9,6],[4,5],[2,2],[1,4],[0,2],[1,1],[0,5],[1,1],[0,6],[-1,1],[0,3],[-2,6],[-1,1],[0,2],[-1,2],[-2,6],[-1,2],[0,1],[-1,2],[0,12],[1,8],[0,5],[-1,7],[0,3],[-1,1],[0,1],[-1,1],[-1,3],[-6,9],[0,4],[-3,12],[-1,12],[0,14],[3,16],[0,6],[-3,7],[-6,3],[-11,7],[-10,10],[-2,5],[0,15],[1,6],[2,7],[3,5],[3,6],[7,11],[6,11],[4,4],[6,2],[2,1],[3,5],[12,15],[3,2],[1,0],[6,2],[2,1],[2,2],[6,4],[5,5],[2,6],[1,4],[0,5],[-1,4],[0,3],[-3,6],[-4,3],[-2,0],[-11,9],[-7,10],[-3,9],[2,8],[4,10],[12,18],[7,7],[3,8],[1,4],[-3,5],[-6,5],[-3,6],[-1,4],[3,10],[6,11],[5,3],[4,1],[5,0],[7,-1],[3,1],[3,2],[2,5],[1,2],[1,5],[3,7],[2,7],[3,4],[2,1],[4,3],[5,5],[3,2],[6,5],[3,5],[1,1],[0,16],[-1,4],[0,13],[1,14],[0,6],[-2,3],[-1,2],[-3,4],[-2,2],[-3,9],[-4,7],[-1,6],[0,6],[1,4],[1,2],[2,7],[2,6],[4,13],[4,8],[1,3],[3,5],[2,3],[3,4],[1,2],[3,7],[2,7],[4,11],[1,1],[6,7],[6,6],[4,6],[1,1],[1,2],[3,4],[4,10],[2,2],[1,4],[1,3],[-1,6],[-1,1],[-4,6],[-3,7],[-1,5],[0,6],[1,5],[2,3],[5,6],[4,3],[2,0],[2,-3],[2,-8],[2,-6],[0,-1],[2,-3],[3,-1],[4,0],[3,1],[2,2],[2,3],[3,6],[3,8],[4,6],[0,4],[-1,4],[-2,6],[-6,5],[-6,6],[-3,6],[-3,7],[0,9],[5,10],[5,2],[5,0],[6,-2],[5,-4],[6,-7],[5,-7],[3,-3],[4,-2],[6,-1],[6,2],[1,0],[3,2],[3,4],[1,6],[1,9],[-3,14],[-3,6],[-3,2],[-4,1],[-9,2],[-5,0],[-3,-1],[-5,-1],[-5,1],[-4,3],[-7,9],[-10,12],[-6,9],[-3,14],[-1,1],[0,8],[-2,5],[-1,7],[-1,9],[0,5],[4,10],[4,7],[0,1],[2,3],[3,4],[6,6],[6,4],[1,1],[13,4],[5,0],[8,-1],[9,-3],[14,-5],[1,0],[14,-4],[4,0],[2,2],[1,4],[1,2],[0,14],[-6,7],[0,3],[-1,1],[0,5],[1,2],[3,12],[2,7],[2,2],[2,4],[6,4],[5,1],[9,-1],[10,-2],[7,-3],[3,-1],[8,-2],[4,0],[0,1],[4,0],[3,1],[4,2],[3,5],[0,11],[-1,5],[-1,10],[-2,10],[0,2],[-4,9],[-4,5],[-14,21],[-3,9],[1,4],[0,2],[4,3],[2,3],[1,2],[2,2],[0,3],[1,11],[2,11],[0,5],[2,9],[3,8],[1,10],[0,6],[-3,4],[-14,9],[-6,4],[-3,6],[0,5],[1,8],[2,8],[2,3],[3,4],[4,4],[6,7],[7,8],[6,8],[8,7],[9,8],[2,1],[5,3],[7,0],[6,3],[4,1],[7,7],[4,5],[2,2],[3,4],[0,3],[1,5],[1,2],[2,8],[4,9],[1,2],[1,3],[2,2],[4,7],[1,0],[2,8],[4,10],[2,6],[2,2],[3,5],[2,1],[3,2],[7,7],[2,1],[2,3],[3,4],[3,5],[2,14],[0,6],[-2,9],[-2,8],[-4,13],[-1,6],[0,16],[2,14],[2,11],[1,4],[2,6],[1,2],[3,9],[2,10],[3,8],[3,7],[5,4],[9,5],[8,2],[5,6],[5,8],[1,7],[0,11],[-1,2],[0,1],[-5,12],[-1,6],[2,14],[0,5],[-1,1],[0,1],[-2,2],[-9,6],[-8,4],[-7,2],[-4,2],[-4,5],[-1,3],[0,6],[1,6],[2,6],[3,4],[2,0],[2,1],[12,2],[3,1],[5,0],[3,1],[6,3],[4,5],[6,8],[3,2],[6,1],[6,0],[7,2],[2,1],[8,6],[2,2],[4,7],[2,10],[0,27],[-2,3],[-2,1],[-3,2],[-8,7],[-2,1],[-6,6],[-7,8],[-1,1],[-13,11],[-5,3],[-4,1],[-7,0],[-4,1],[-2,0],[-4,1],[-4,3],[-1,0],[-2,4],[-5,11],[0,7],[1,2],[1,0],[2,3],[3,2],[1,0],[1,1],[4,2],[3,1],[10,2],[3,1],[5,1],[6,3],[8,6],[8,10],[3,10],[3,11],[2,5],[3,7],[5,5],[2,3],[2,4],[0,1],[1,4],[1,9],[2,12],[2,6],[4,4],[4,3],[5,1],[5,2],[6,2],[5,3],[5,4],[5,8],[3,5],[2,6],[2,9],[3,8],[0,6],[-1,6],[-1,4],[-2,5],[-4,8],[-4,9],[0,3],[-1,4],[1,1],[0,10],[2,5],[0,2],[2,1],[1,2],[0,1],[5,3],[2,2],[8,4],[5,2],[0,1],[2,2],[5,11],[2,6],[1,17],[2,10],[3,13],[1,1],[2,14],[0,15],[-2,7],[0,2],[-9,17],[-2,10],[1,7],[0,3],[3,5],[2,2],[4,6],[6,3],[9,5],[8,7],[2,4],[12,15],[2,3],[7,10],[2,3],[2,2],[5,9],[3,6],[1,1],[7,10],[0,1],[2,4],[0,1],[2,5],[0,20],[-1,8],[-2,6],[-4,13],[-1,6],[1,6],[2,5],[3,12],[2,6],[3,8],[0,1],[1,2],[0,1],[4,3],[1,1],[7,5],[2,3],[4,5],[1,1],[3,4],[2,8],[2,5],[4,4],[5,4],[12,0],[6,2],[2,3],[1,0],[0,2],[1,1],[0,8],[-1,9],[0,5],[1,6],[3,7],[3,8],[2,5],[3,4],[3,10],[1,6],[2,16],[-1,3],[0,5],[-1,5],[-4,24],[-1,8],[-1,6],[-1,2],[-1,1],[-3,2],[-6,12],[-2,10],[1,4],[1,3],[0,5],[-1,3],[-5,5],[-4,3],[-6,9],[-2,5],[0,14],[-1,5],[0,10],[-2,7],[0,4],[1,6],[3,6],[3,7],[8,11],[2,2],[5,7],[2,7],[1,7],[3,12],[1,7],[0,12],[-1,4],[-4,14],[-1,3],[-3,13],[-2,10],[-1,2],[0,2],[-2,2],[-8,4],[-5,1],[-13,0],[-3,2],[-3,12],[0,9],[-2,4],[-6,2],[-3,3],[-2,7],[-1,1],[-3,2],[-10,7],[-4,6],[-2,4],[1,6],[-2,9],[-3,5],[-1,3],[1,6],[2,5],[3,2],[4,3],[2,3],[1,2],[5,5],[5,6],[1,5],[1,11],[3,4],[4,5],[6,2],[4,5],[4,1],[2,4],[1,5],[-7,7],[-1,7],[-2,7],[-4,5],[0,5],[-1,2],[-2,5],[-1,1],[-2,0],[-2,-1],[-3,1],[-1,-2],[-2,-1],[-5,-3],[-3,0],[-3,3],[-5,1],[-6,1],[-3,3],[-1,4],[-2,15],[0,8],[1,8],[1,6],[1,1],[2,3],[0,3],[-1,16],[0,4],[2,10],[2,7],[1,1],[0,2],[4,2],[6,0],[1,1],[3,6],[3,3],[4,6],[3,5],[0,17],[3,6],[2,3],[3,2],[1,1],[3,2],[3,13],[1,6],[0,4],[2,4],[2,1],[3,2],[4,3],[3,4],[3,1],[8,2],[6,5],[5,10],[1,3],[5,3],[2,3],[4,5],[4,2],[1,0],[8,6],[2,1],[14,0],[5,-1],[3,3],[1,3],[0,2],[-1,4],[0,1],[-1,2],[-4,5],[-3,7],[-3,10],[-1,3],[-3,7],[-3,12],[0,7],[-2,6],[-1,1],[-3,0],[-3,-1],[-5,-3],[-3,0],[-4,4],[-6,7],[-3,16],[0,14],[-1,3],[-1,2],[1,6],[0,2],[1,4],[0,21],[1,5],[0,6],[3,7],[3,6],[0,5],[-2,12],[0,16],[-1,10],[-2,2],[-3,1],[0,1],[-2,0],[-3,4],[-4,4],[-9,16],[-1,2],[0,1],[-7,15],[-5,14],[0,8],[2,9],[2,6],[0,6],[-3,13],[-1,3],[-5,5],[-1,2],[-5,9],[-3,15],[-1,6],[-2,7],[0,8],[-1,1],[-1,4],[-4,8],[0,4],[1,3],[4,4],[3,4],[0,5],[1,4],[-2,3],[-2,5],[2,0],[3,4],[0,1],[7,12],[8,8],[8,2],[7,-2],[8,-5],[8,-2],[11,-1],[3,0],[4,3],[1,5],[2,6],[4,5],[7,6],[3,6],[6,16],[4,8],[4,7],[6,8],[10,9],[3,6],[3,14],[0,1],[2,5],[6,12],[7,7],[2,6],[5,4],[1,1],[3,2],[4,5],[5,3],[6,0],[6,-2],[14,-5],[9,-1],[6,-1],[7,-2],[4,-2],[7,0],[1,1],[4,2],[3,2],[2,1],[6,4],[1,0],[4,4],[1,0],[0,1],[1,1],[1,0],[7,7],[1,0],[5,3],[5,4],[2,1],[6,7],[4,5],[4,3],[3,6],[1,1],[1,3],[1,2],[4,4],[6,8],[1,1],[2,3],[3,4],[3,5],[8,11],[13,10],[3,2],[4,2],[4,1],[2,1],[7,2],[3,4],[4,4],[4,2],[1,0],[2,1],[1,1],[2,0],[4,-1],[5,1],[11,11],[1,2],[6,7],[5,4],[9,9],[3,2],[0,1],[8,8],[3,2],[0,1],[2,2],[5,6],[2,3],[1,1],[0,2],[1,1],[0,1],[2,6],[2,7],[4,8],[2,5],[0,1],[1,0],[4,2],[9,5],[1,0],[4,2],[3,2],[8,4],[3,1],[1,1],[1,2],[1,0],[0,1],[1,1],[0,1],[3,3],[0,1],[1,11],[1,3],[3,12],[1,6],[6,17],[5,11],[2,4],[3,5],[1,2],[4,5],[1,1],[2,3],[4,3],[4,1],[3,1],[2,1],[5,1],[4,2],[3,1],[4,3],[8,7],[6,10],[3,7],[2,4],[7,15],[3,6],[0,1],[1,1],[1,2],[1,1],[6,5],[13,13],[3,6],[3,9],[1,0],[0,2],[2,5],[1,2],[6,7],[7,11],[9,7],[6,4],[6,6],[2,1],[10,10],[3,2],[1,1],[2,3],[9,9],[7,6],[9,5],[3,4],[2,1],[1,3],[1,2],[0,4],[-1,2],[-1,3],[-1,1],[0,1],[-14,28],[-3,8],[-1,6],[-1,15],[-1,8],[-4,18],[-1,6],[-2,5],[0,2],[-5,12],[-3,17],[0,10],[2,9],[1,2],[1,3],[2,12],[1,4],[1,2],[0,1],[1,2],[0,2],[2,5],[0,2],[5,6],[3,8],[1,6],[0,3],[-1,6],[0,11],[1,12],[5,22],[4,13],[2,12],[2,10],[0,8],[-1,11],[-1,10],[2,3],[3,3],[6,3],[1,3],[0,11],[-1,4],[-2,3],[-1,4],[-3,5],[-1,1],[-1,5],[0,5],[10,12],[0,2],[1,5],[-1,6],[0,10],[-4,15],[-2,13],[-2,8],[0,1],[-4,16],[-1,20],[-1,12],[-1,8],[-1,9],[-1,2],[-1,4],[-3,8],[-7,21],[-1,1],[-4,6],[-3,2],[-1,1],[-8,6],[-2,1],[-5,3],[-2,4],[0,5],[-1,2],[0,1],[-4,9],[-1,2],[0,3],[-3,6],[-3,4],[-14,6],[-11,8],[-14,9],[-4,5],[-2,5],[-5,3],[-1,1],[-9,10],[-4,7],[-5,11],[-3,10],[-3,7],[0,3],[-1,11],[1,10],[0,2],[2,7],[2,10],[1,9],[0,8],[-3,6],[0,1],[-2,3],[0,2],[-1,12],[0,5],[-1,5],[0,3],[-1,8],[0,5],[1,2],[3,11],[2,6],[1,6],[0,9],[1,4],[0,1],[-1,3],[-4,4],[-6,7],[-4,6],[-2,11],[-5,13],[-5,6],[-4,8],[-3,9],[0,6],[2,6],[5,8],[1,2],[4,6],[11,10],[7,5],[4,2],[5,1],[5,3],[2,2],[2,1],[4,5],[1,3],[1,1],[2,4],[3,5],[5,6],[2,1],[1,3],[1,2],[0,3],[4,8],[8,14],[2,7],[1,0],[0,2],[1,1],[1,2],[0,2],[2,5],[2,4],[1,6],[1,8],[0,8],[1,7],[0,7],[2,4],[4,6],[8,8],[14,12],[12,10],[2,2],[15,12],[11,10],[6,8],[8,13],[13,16],[8,4],[4,0],[2,-2],[2,-1],[6,-7],[11,-17],[4,-4],[3,-2],[5,1],[1,0],[9,9],[12,9],[9,11],[3,3],[2,3],[3,7],[1,7],[1,3],[-1,4],[0,3],[-5,5],[-6,0],[-4,-1],[-3,-2],[-7,-1],[-4,2],[-3,3],[-2,5],[1,15],[0,9],[-1,15],[2,10],[3,5],[4,6],[11,8],[4,1],[10,4],[3,2],[8,0],[4,-2],[2,-2],[0,-1],[1,-14],[3,-11],[6,-9],[8,-8],[4,-5],[6,-3],[0,-1],[3,-1],[1,0],[0,-1],[1,0],[1,-1],[1,0],[2,-1],[3,0],[2,-1],[14,0],[1,1],[2,0],[14,8],[17,10],[1,0],[7,3],[3,2],[5,3],[4,3],[11,1],[3,1],[2,0],[4,2],[5,1],[8,2],[1,0],[4,-1],[1,0],[7,-4],[3,-1],[3,-2],[7,1],[15,5],[9,9],[2,1],[9,4],[2,-1],[5,-1],[1,0],[2,-1],[6,-1],[3,1],[5,0],[9,5],[5,4],[6,6],[1,2],[3,7],[2,1],[7,5],[9,7],[9,10],[14,14],[6,3],[3,2],[1,0],[1,1],[1,0],[4,2],[7,6],[1,2],[7,8],[9,12],[7,18],[6,10],[3,7],[6,10],[2,3],[10,20],[2,3],[4,7],[6,5],[7,6],[12,15],[7,13],[2,9],[0,17],[-3,8],[-9,11],[-2,6],[-1,1],[-1,7],[0,6],[1,8],[0,3],[5,7],[7,5],[3,4],[1,5],[0,8],[-3,8],[-1,4],[-2,12],[1,8],[2,6],[1,2],[4,5],[10,16],[5,15],[2,13],[0,13],[-4,19],[-1,4],[-3,10],[1,8],[4,7],[3,11],[0,4],[-6,7],[-1,9],[2,13],[6,16],[8,15],[9,11],[7,9],[10,9],[8,16],[8,17],[8,4],[10,4],[10,10],[2,3],[5,8],[4,16],[0,14],[-3,12],[-3,8],[0,7],[1,7],[4,9],[0,2],[2,12],[0,7],[1,3],[-2,17],[1,9],[2,17],[3,14],[1,2],[0,10],[-3,8],[-2,2],[-2,10],[-1,2],[-2,2],[-1,2],[0,6],[-2,5],[-3,6],[0,6],[-1,7],[-2,4],[-1,6],[-2,8],[1,3],[0,6],[-1,3],[0,3],[-2,4],[0,2],[1,5],[-1,3],[0,2],[-1,1],[0,2],[-2,8],[-2,5],[-1,6],[-1,4],[0,10],[1,1],[1,2],[4,7],[4,6],[1,2],[-3,20],[1,30],[43,143],[2,15],[3,12],[-7,56],[-14,23],[-3,21],[10,35],[9,48],[14,21],[12,19],[2,31],[0,11],[2,6],[3,17],[15,25],[7,8],[4,5],[2,2],[11,14],[15,37],[51,65],[3,15],[12,56],[14,13],[7,8],[5,13],[-6,13],[0,2],[7,-2],[38,41],[7,25],[-1,51],[6,2],[29,9],[14,48],[1,0],[21,8],[21,9],[3,1],[14,2],[24,4],[2,3],[-1,0],[1,2],[15,27],[16,28],[3,5],[2,5]],[[15531,16134],[-52,0],[-96,-1],[-136,-2],[-9,0],[-142,-2],[-10,0],[-87,-3],[-83,0],[-37,-1],[-70,0],[-128,-1],[-20,0],[-77,-1],[-64,-1],[-10,0],[-103,-1],[-31,0],[-74,1],[-57,0],[-24,-1],[-9,0],[-39,-2],[-93,0],[-27,-1],[-40,0],[-65,-1],[-12,0],[-130,-1],[-42,0],[-61,-1],[-74,-1],[-63,0],[-71,-5],[-63,-4],[-44,-3],[-4,0],[-14,-1],[-41,-3],[-14,0],[-42,-7],[-126,-19],[-42,-6],[0,-1],[-1,0],[0,1],[-59,-8],[-34,-5],[-143,-18],[-59,-8],[-1,0],[-5,-1],[-245,-15],[-6,0],[-165,-13],[-48,-3],[-5,-1],[-125,-5],[-1,0],[-334,-13],[-340,-10],[-214,-2],[-2,-1],[-543,-8],[-32,0],[-18,-1],[-7,0],[-4,-1],[-15,0],[-73,-1],[-227,-2],[-76,-1],[-17,0],[0,-1],[-42,0],[-47,-1],[-216,-2],[-55,-1],[-20,0],[-69,1],[-104,3],[-67,-1],[-163,0],[-43,-1],[-22,0],[-20,-1],[-16,0],[-45,-1],[-20,0],[-38,-1],[-31,-1],[-30,2],[-55,7],[-38,6],[-4,0],[-16,1],[-61,3],[-20,1],[-17,0],[-51,1],[-17,0],[-28,1],[-82,1],[-28,0],[-18,1],[-53,0],[-18,-1],[-6,0],[-26,-1],[-53,-2],[-30,-2],[-28,-1],[-24,-1],[-260,0],[-52,-1],[-55,0],[-150,1],[-96,0],[-84,1],[-289,0],[-47,1],[-255,0],[-22,1],[-211,0],[-275,1],[-144,0],[-40,1],[-191,0],[-67,-1],[-22,0],[-134,-1],[-111,0],[-23,1],[-113,0],[-50,1],[-19,0],[-23,1],[-52,2],[-120,5],[-35,2],[-13,1],[-16,1],[0,-40],[-79,0],[-80,-1],[-158,-1],[-119,0],[-7,1],[-123,0],[-122,1],[-166,0],[-10,1],[-148,0],[-1,1],[-4,1],[-1,1],[-24,0],[-27,-1],[-16,0],[-20,-1],[-54,0],[-5,1],[-60,0],[-41,1],[-2,0],[-12,1],[-276,0],[-14,1],[-157,0],[-24,1],[-52,0],[-7,1],[-41,0],[-19,1],[-35,0],[-23,-1],[-110,0],[-15,-1],[-161,0],[-20,-1],[-26,1],[-105,0],[-38,-1],[-18,1],[-7,-1],[-14,0],[-57,1],[-70,0],[-101,1],[-53,1],[-4,0],[-72,2],[-32,0],[-156,4],[-159,-2],[-102,-1],[-23,0],[-57,-1],[-20,0],[-45,-1],[-137,-2],[-47,0],[-33,-69],[-49,-103],[-89,-178],[-21,-44],[-63,-129],[-21,-44],[-7,-13],[-19,-40],[-7,-13],[-97,-200],[-294,-601],[-79,-162],[-19,-38],[-8,-17],[-25,-50],[-8,-17],[-12,-26],[-38,-76],[-13,-25],[-77,-157],[-102,-209],[-110,-225],[-18,-36],[-76,-154],[-1,-3],[-16,-29],[-1,-2],[-102,-226],[-123,-269],[-9,-20],[-62,-115],[-140,-277],[-9,-17],[-13,-13],[-7,-9],[-2,-5],[-23,-44],[-8,-15]],[[239,12273],[5,381],[1,55],[7,295],[9,411],[1,2],[1,258],[0,198],[-1,177],[0,111],[-1,156],[0,150],[1,355],[0,201],[1,229],[0,138],[-1,169],[0,106],[-1,21],[-1,63],[-1,22],[0,200],[-1,69],[0,263],[-1,84],[-1,409],[1,47],[0,31],[2,259],[1,201],[0,6],[-1,525],[2,50],[2,54],[1,74],[1,238],[0,362],[-3,118],[0,5],[-3,118],[1,114],[2,316],[0,93],[1,107],[1,61],[0,110],[1,72],[0,61],[1,64],[1,161],[0,30],[1,63],[0,21],[-1,61],[0,128],[-1,179],[0,18],[-1,251],[0,27],[-1,13],[0,193],[-3,100],[-1,56],[1,1],[2,301],[0,265],[-1,145],[0,83],[3,30],[2,149]],[[267,22157],[140,0],[13,-1],[353,0],[31,1],[15,1],[30,0],[46,-2],[31,-1],[56,0],[24,-1],[73,0],[17,1],[1,0],[9,-1],[13,0],[13,1],[24,0],[17,-1],[116,0],[43,-1],[25,0],[31,1],[26,0],[5,1],[20,-1],[428,0],[7,1],[91,0],[25,-1],[9,0],[13,1],[20,0],[5,-1],[199,0],[18,-1],[28,0],[6,-1],[3,0],[4,2],[78,0],[8,-1],[111,0],[2,1],[3,0],[5,1],[4,0],[14,-1],[75,0],[8,-1],[17,1],[19,0],[6,-1],[188,0],[75,-1],[200,0],[15,-1],[282,0],[8,-1],[1,0],[1,-1],[1,2],[1,9],[2,8],[2,4],[1,13],[1,24],[1,12],[1,6],[-1,4],[-2,3],[0,1],[-3,4],[-1,5],[-3,11],[0,24],[5,16],[6,6],[8,6],[9,7],[8,9],[5,7],[0,7],[1,4],[-2,5],[-14,19],[-1,6],[0,16],[3,5],[3,6],[4,16],[0,9],[-4,10],[0,11],[2,8],[0,6],[1,7],[0,6],[13,20],[3,7],[2,7],[2,10],[1,0],[0,1],[1,0],[45,-1],[140,-1],[47,-1],[172,0],[15,-1],[182,0],[31,-1],[183,0],[50,-1],[90,0],[47,2],[97,0],[38,-1],[114,0],[38,-1],[283,0],[64,-1],[339,0],[22,-1],[120,0],[96,1],[183,0],[324,-1],[19,2],[2,1],[3,-1],[13,-1],[4,-1],[5,0],[7,-1],[25,0],[31,-2],[17,0],[19,-1],[6,0],[87,-1],[179,-4],[31,0],[101,-2],[470,-5],[20,0],[48,-1],[40,0],[31,-1],[64,0],[21,-1],[217,-2],[55,-1],[58,0],[47,-1],[20,0],[79,-1],[62,0],[153,-1],[182,0],[169,-1],[148,0],[43,-1],[152,-5],[46,-1],[5,0],[42,-1],[12,0],[162,-2],[53,-1],[1,0],[80,-1],[118,-2],[99,-2],[22,0],[77,-1],[3,1],[46,1],[51,0],[89,1],[28,0],[19,-4],[19,1],[58,3],[8,0],[6,1],[12,0],[1,1],[13,1],[7,1],[6,2],[8,0],[3,-1],[11,0],[66,-4],[22,-1],[28,2],[81,5],[25,2],[3,0],[32,-1],[64,-1],[64,-2],[19,0],[39,1],[13,0],[27,1],[80,1],[27,1],[54,0],[12,1],[18,0],[35,1],[102,1],[35,1],[14,0],[45,1],[17,0],[280,5],[324,5],[1,-4],[-1,-22],[-17,-62],[0,-12],[5,-22],[15,-34],[12,-11],[5,-9],[13,-26],[8,-14],[14,-14],[18,-8],[5,-9],[6,-5],[4,2],[2,-4],[7,-18],[3,-34],[10,-28],[6,-29],[6,-16],[10,-7],[29,-11],[34,-22],[31,-22],[20,-13],[20,0],[2,-5],[1,-15],[4,-15],[8,-24],[7,-18],[5,-17],[5,-28],[3,-15],[1,-10],[2,-17],[2,-12],[12,-22],[9,-14],[7,-11],[3,-8],[3,-19],[6,-19],[4,-13],[3,-27],[-2,-38],[1,-10],[3,-8],[8,-5],[10,-4],[6,-1],[2,-2],[3,-5],[0,-37],[-4,-25],[-2,-35],[1,-36],[6,-38],[2,-7],[5,-22],[5,-17],[2,-16],[2,-20],[3,-23],[4,-19],[5,-12],[6,-19],[1,-21],[4,-24],[3,-16],[1,-13],[-1,-12],[-3,-12],[-2,-9],[-1,-5],[0,-6],[5,-8],[12,-12],[13,-5],[12,-4],[5,-4],[2,-7],[-1,-12],[-1,-6],[3,-4],[2,-1],[6,-4],[2,-9],[2,-6],[10,-6],[-1,-6],[-3,-5],[0,-5],[7,-8],[15,-9],[9,-6],[7,-10],[6,-2],[8,2],[6,-4],[8,-7],[4,-7],[3,-7],[-6,-6],[-8,-9],[-5,-8],[-2,-7],[0,-9],[2,-7],[6,-2],[11,0],[5,-3],[5,-4],[10,-1],[2,0],[5,-4],[6,-9],[2,-10],[1,-6],[1,-5],[14,-17],[12,-6],[3,-1],[3,-4],[9,-26],[6,-23],[5,-25],[1,-21],[0,-23],[-1,-18],[0,-20],[3,-23],[4,-12],[7,-11],[5,-11],[3,-5],[0,-7],[-1,-9],[-6,-6],[-6,-9],[-2,-6],[-1,-4],[1,-4],[1,-3],[4,-6],[4,-2],[11,-2],[11,3],[14,6],[27,12],[27,16],[7,5],[29,19],[19,14],[8,5],[0,1],[1,0],[15,1],[3,-1],[13,-1],[16,-2],[9,1],[19,3],[1,0],[19,4],[15,10],[16,11],[20,9],[19,6],[26,9],[18,2],[1,0],[10,2],[6,3],[6,7],[9,13],[10,21],[8,15],[18,36],[8,11],[10,14],[10,9],[15,12],[13,9],[7,4],[4,1],[6,-1],[21,-10],[20,-10],[20,-11],[8,-3],[7,-2],[17,7],[8,6],[4,8],[8,23],[5,11],[6,10],[9,12],[6,10],[5,4],[7,4],[8,0],[15,-4],[16,-12],[7,-9],[4,-2],[6,-1],[15,3],[19,7],[16,2],[14,6],[22,10],[3,2],[8,3],[7,1],[8,-3],[15,-10],[10,-6],[2,-1],[3,0],[2,7],[3,19],[2,15],[1,11],[3,11],[3,12],[4,6],[7,10],[2,4],[8,10],[2,5],[2,2],[3,-1],[2,-2],[2,-3],[5,-7],[1,-2],[3,-5],[0,-1],[3,-3],[6,0],[4,4],[2,5],[2,2],[2,1],[2,0],[2,-1],[1,-3],[2,-8],[2,-6],[1,-1],[1,-6],[1,-4],[3,-16],[0,-15],[1,-6],[0,-4],[10,-19],[6,-11],[1,-2],[2,-11],[4,-18],[0,-1],[7,-15],[13,-4],[4,1],[2,4],[1,4],[0,4],[1,10],[0,41],[3,9],[3,8],[8,11],[6,9],[6,8],[8,10],[1,3],[1,6],[0,6],[2,5],[5,6],[6,7],[5,7],[11,15],[10,13],[16,21],[11,12],[9,11],[8,14],[5,12],[4,9],[3,3],[7,4],[9,6],[8,5],[11,7],[14,18],[12,16],[8,24],[6,21],[4,12],[6,10],[4,14],[0,32],[-1,30],[-2,11],[-3,7],[-1,2],[0,2],[1,3],[2,-1],[9,-1],[11,-1],[2,1],[7,4],[9,10],[12,19],[6,13],[11,-10],[7,-2],[13,1],[20,1],[4,2],[7,5],[11,11],[13,5],[10,7],[13,9],[12,6],[11,-14],[12,-5],[13,-7],[11,-5],[14,-9],[10,-11],[11,-18],[11,-22],[1,0],[10,-2],[8,-3],[7,-6],[26,-29],[10,-10],[8,-4],[14,-1],[9,-5],[8,-8],[9,-11],[6,-14],[3,-11],[5,-11],[12,-19],[5,-8],[5,-12],[3,-14],[2,-13],[1,-11],[4,-26],[0,-11],[-3,-7],[-1,-1],[-6,-9],[-1,-11],[-7,-21],[-1,-4],[2,0],[4,3],[6,8],[7,3],[9,-2],[15,2],[9,-4],[19,-16],[7,-3],[5,2],[40,30],[7,11],[8,4],[8,-1],[10,-5],[5,-2],[7,3],[6,11],[4,7],[4,4],[17,14],[4,6],[4,9],[2,8],[4,5],[5,2],[10,1],[8,0],[7,2],[4,3],[48,56],[5,4],[4,3],[8,4],[34,15],[3,4],[25,63],[4,8],[6,6],[6,7],[4,2],[5,2],[9,0],[10,-3],[7,-8],[5,-11],[5,-15],[3,-19],[2,-8],[8,-13],[3,-11],[4,-24],[3,-6],[19,-23],[16,-20],[4,-2],[8,3],[8,-4],[5,-12],[2,-5],[0,-40],[2,-6],[11,-32],[6,-2],[8,2],[15,8],[11,2],[12,3],[5,6],[3,9],[-3,16],[-7,17],[-4,7],[-1,2],[-1,8],[2,7],[4,4],[35,19],[20,20],[1,5],[1,9],[4,9],[13,19],[3,8],[17,29],[6,11],[10,22],[5,4],[5,3],[23,4],[27,-2],[3,0],[17,2],[12,3],[8,7],[16,7],[13,2],[24,8],[8,-1],[8,0],[3,3],[12,21],[7,6],[8,10],[8,9],[10,6],[9,6],[4,7],[7,13],[3,1],[17,-2],[22,-1],[24,-4],[11,1],[9,6],[7,7],[5,3],[3,1],[17,-2],[11,-3],[16,-5],[2,0],[11,-1],[15,1],[15,3],[9,3],[10,6],[10,1],[8,2],[10,7],[11,6],[12,10],[6,1],[6,2],[6,-2],[6,-4],[5,-9],[2,-7],[7,-8],[16,-14],[7,-5],[10,-3],[10,0],[8,4],[7,11],[4,4],[8,2],[11,4],[8,3],[5,4],[10,16],[4,2],[5,-2],[5,-3],[6,0],[5,-2],[5,-6],[2,-3],[2,-4],[9,-5],[14,-6],[20,3],[8,4],[13,6],[9,6],[32,-1],[7,-2],[1,0],[8,-2],[21,4],[5,0],[12,5],[3,-3],[4,-13],[2,-7],[12,-31],[4,-25],[4,-33],[0,-10],[-1,-23],[1,-11],[4,-12],[7,-10],[4,-24],[9,-26],[2,-12],[9,-18],[2,-13],[6,-7],[2,-5],[0,-2],[1,-7],[18,-12],[4,-11],[4,-3],[10,-6],[12,-4],[14,-15],[5,-15],[10,-14],[16,-38],[3,-13],[2,-14],[4,-9],[5,-16],[9,-19],[8,-29],[2,-11],[10,-17],[18,-40],[9,-11],[10,-13],[9,-5],[43,-11],[11,-5],[7,1],[17,0],[18,11],[10,6],[9,9],[13,-4],[7,2],[42,43],[4,3],[10,2],[44,-6],[16,12],[34,18],[9,2],[4,-4],[4,-12],[6,-8],[18,-17],[5,-7],[2,-13],[4,-10],[5,-19],[9,-20],[1,-10],[0,-6],[-7,-15],[-2,-5],[0,-13],[1,-14],[3,-7],[4,-3],[18,-2],[5,-2],[6,-4],[8,-14],[13,-12],[4,-9],[3,-10],[32,-27],[7,-9],[7,-12],[5,-13],[6,-16],[1,-5],[8,-8],[7,0],[54,20],[13,1],[9,0],[9,1],[23,-5],[34,7],[25,-7],[20,5],[5,0],[24,3],[11,2],[5,-1],[21,-44],[3,-7],[3,-11],[1,-7],[2,-6],[16,-13],[4,-7],[1,-8],[-3,-15],[-1,-4],[-1,-3],[25,-38],[11,-16],[8,-24],[7,-11],[2,-6],[6,-7],[5,-12],[4,-4],[32,-34],[4,-5],[10,-22],[7,-9],[0,-1],[3,-1],[1,0],[1,-1],[6,-3],[5,-3],[2,0],[30,6],[4,-5],[0,-2],[3,-6],[3,-9],[1,-13],[9,-54],[8,-15],[12,-13],[25,-8],[22,-12],[27,-28],[26,-21],[17,-7],[39,-16],[4,-7],[9,-19],[18,-64],[16,-17],[3,-7],[-1,-18],[0,-7],[5,-23],[-4,-21],[-23,-72],[-2,-16],[-2,-22],[9,-28],[5,-29],[6,-9],[18,-22],[14,-18],[14,-30],[9,-4],[14,-5],[30,0],[6,4],[10,10],[11,8],[6,4],[10,0],[5,-3],[22,4],[28,0],[18,9],[8,-1],[9,-6],[14,-16],[23,-24],[8,-9],[1,-4],[-1,-9],[0,-8],[-7,-50],[11,-10],[34,-33],[30,-11],[14,-4],[7,-11],[21,-27],[7,-6],[2,-6],[4,-6],[3,-16],[5,-18]],[[43050,18846],[0,-45],[-1,-22],[0,-271],[-1,-25],[0,-1],[1,-6],[0,-8],[-1,-23],[0,-164],[-1,-21],[0,-283],[-1,-10],[0,-258],[-1,-58],[0,-206],[-1,-10],[0,-271],[-1,-90],[0,-108],[-1,-78],[0,-238],[-1,-30],[0,-122],[-1,-111],[0,-359],[-1,-30],[0,-777],[-1,-30],[1,-6],[0,-43],[-1,-14],[0,-472],[-1,-29],[0,-1035],[1,-3],[1,-4],[0,-1],[1,-5],[0,-8],[-1,-5],[-1,-2],[0,-3],[-1,0],[0,-1707],[-1,-22],[0,-1484],[1,-90],[0,-75]],[[43037,10183],[-64,1],[-62,1],[-17,0],[-36,1],[-11,0],[-14,1],[-59,0],[0,1],[-152,0],[-78,-1],[-60,0],[-96,1],[-73,0],[-9,1],[-604,0],[-68,-1],[-5,0],[-24,1],[-129,0],[-25,-1],[-127,0],[-44,-1],[-30,1],[-131,0],[-11,1],[-19,0],[-1,-2],[-2,-1],[-1,-1],[-45,0],[-133,-1],[-832,0],[-48,1],[-57,0],[-23,1],[-121,0],[-98,1],[-97,0],[-57,1],[-80,0],[-106,1],[-115,0],[-96,1],[-153,1],[-129,0],[-5,1],[-125,0],[-85,1],[-73,0],[-9,-6],[-31,0],[-176,-4],[-45,0],[-9,-1],[-2,0],[-26,-1],[-9,0],[-54,-3],[-49,-1],[-34,-1],[-42,-1],[-97,-2],[-27,0],[-42,-1],[-98,-2],[-3,0],[-118,-3],[-76,-1],[-71,-2],[-27,0],[-82,-2],[-16,0],[-30,-1],[-88,-2],[-30,0],[-18,-1],[-56,-1],[-23,0],[-21,-1],[-26,0],[-73,-2],[-82,-1],[-52,-1],[-21,-1],[-63,-1],[-22,0],[-4,-1],[-38,0],[-127,-3],[-2,0],[-43,-1],[0,56],[-5,0],[-148,4],[0,2],[-30,1],[-88,1],[-29,1],[-37,1],[-51,2],[-32,1],[-13,1],[-14,0],[-36,1],[-1,-2],[-5,1],[-14,1],[-4,1],[-1,0],[0,-2],[-35,1],[-61,0],[-73,1],[-88,0],[-41,1],[-1,1],[-65,0],[-49,-1],[-107,0],[-50,-1],[-1,1],[-44,0],[-44,1],[-53,0],[-35,1],[-36,1],[-56,4],[-17,0],[-10,1],[-22,1],[-35,2],[-1,0],[-73,-2],[-139,-5],[-47,-2],[-15,0],[-19,-1],[-2,0],[-73,-2],[-1,0],[0,2],[-1,0],[-34,1],[-103,2],[-34,1],[-1,0],[0,-1],[-1,0],[-232,16],[-55,4],[-1,1],[-2,-1],[-2,0],[-7,-1],[-2,-1],[-1,0],[-86,2],[-262,8],[-87,3],[0,-2]],[[33471,10267],[0,527],[-1,250],[0,1721],[1,98],[0,470],[-1,106],[0,233],[-1,151],[0,105],[-1,143],[0,205],[-1,219],[0,132],[-1,212],[0,129],[-1,194],[0,136],[1,39],[0,31],[1,10],[0,15],[-1,7],[0,40],[-2,89],[-3,128],[0,23],[-1,54],[-1,37],[-3,182],[0,11],[1,208],[-1,8],[0,4],[1,195],[1,183],[1,188],[228,0],[0,27],[-1,123],[-1,369],[0,205],[1,423],[1,22],[-1,46],[0,59],[1,22],[1,156],[3,526],[1,159],[1,32],[7,1],[1,142],[1,93],[2,231],[0,258],[1,63],[0,1],[1,40],[0,64],[1,191],[0,153],[1,157],[1,228],[0,34],[3,437]],[[33712,21012],[212,-4],[308,-5],[328,-7],[124,-2],[88,6],[43,0],[128,-2],[42,0],[46,-1],[125,-3],[76,-2],[0,-1105],[1,-78],[1,-22],[0,-4],[5,-139],[1,-45],[0,-6],[2,-52],[0,-146],[-1,-350],[-1,-158],[3,-24],[0,-30],[20,0],[107,2],[332,7],[34,1],[76,2],[39,0],[115,2],[78,0],[8,-1],[25,-1],[13,0],[87,-1],[74,0],[31,-1],[97,0],[74,-1],[12,0],[66,-1],[14,0],[1,-1],[82,0],[4,-1],[32,0],[11,1],[42,2],[2,0],[70,3],[274,0],[70,-1],[193,0],[13,1],[124,0],[29,1],[8,0],[1,-1],[20,0],[47,-1],[21,1],[58,0],[116,1],[206,0],[53,1],[644,0],[7,-1],[26,0],[45,-1],[115,-2],[333,0],[24,-1],[89,0],[48,1],[77,0],[9,-1],[7,0],[10,1],[7,1],[6,1],[78,0],[7,-1],[89,0],[0,-1],[55,0],[109,-1],[95,0],[9,-1],[32,0],[27,1],[9,1],[9,0],[4,-1],[3,0],[1,-1],[2,-1],[271,0],[26,1],[26,-1],[222,0],[3,-1],[39,1],[31,-1],[8,0],[17,1],[22,-1],[16,0],[8,1],[85,0],[31,1],[541,0],[0,-1],[26,0],[78,1],[238,0],[0,1],[29,0],[0,-1],[36,0],[21,1],[193,0],[7,1],[27,0],[3,-1],[4,0],[8,1],[2,0],[0,-1],[19,0],[0,1],[388,0],[16,1],[140,0],[124,1],[324,0],[23,1]],[[71321,38144],[-4,-70],[-2,-107],[-3,-202],[-2,-116],[1,-64],[0,-38],[-1,-122],[0,-42],[-5,-194],[-3,-249],[0,-19],[-5,-204],[0,-25],[-2,-144],[0,-2],[-1,-68],[-5,-293],[-2,-86],[0,-42],[-1,-43],[0,-32],[2,-229],[0,-31],[1,-69],[0,-228],[2,-159],[1,-98],[0,-280],[1,-88],[0,-248],[1,-78],[1,-183],[0,-206],[1,-66],[1,-182],[0,-22],[2,-315],[0,-132],[1,-179],[0,-96],[1,-20],[1,-142],[0,-174],[1,-17],[0,-52],[1,-121],[1,-170],[0,-63],[1,-101],[0,-13],[1,-210],[0,-25],[1,-16],[0,-131],[1,-189],[0,-2],[-1,-2],[-2,-2],[-41,0],[-2,-2],[-2,-3],[-1,-1],[-1,-3],[0,-1],[-1,-2],[0,-2],[-1,-3],[0,-46],[-1,-37],[0,-135],[1,-110],[0,-107],[1,-262],[0,-100],[1,-79],[-1,-138],[0,-147],[-1,-88],[0,-135],[-1,-135],[0,-2],[1,-307],[0,-2],[1,-11],[0,-209],[2,-116],[-1,-62],[0,-16],[-2,-133],[1,0],[0,-29],[1,-217],[0,-231]],[[71259,28772],[1,-5],[0,-19],[2,-46],[0,-8],[1,-12],[0,-35],[-2,-149],[0,-22],[-2,-84],[0,-8],[-1,-1],[0,-42],[-1,-41],[0,-35],[-1,-28],[0,-61],[-1,-74],[0,-26],[-1,-1],[0,-15],[-1,-77],[0,-63],[-1,-89],[-1,-74],[0,-8],[1,-3],[0,-6],[-4,-34],[0,-207],[-1,-45],[0,-433],[-4,-547],[0,-26],[-1,-374],[0,-940],[-1,-99],[0,-1],[1,-10],[1,-104],[0,-36],[-1,-66],[0,-289],[1,-205],[0,-8],[1,-132],[0,-359],[-1,-58],[1,-177],[0,-455],[-1,-385],[0,-746],[-1,-97],[0,-46],[-1,-17],[0,-66],[-1,-199],[0,-1],[-1,-31],[0,-101],[-1,-53],[-1,-223],[-1,-30],[0,-38],[-3,-394],[0,-3],[-1,-5],[-25,0],[0,-169],[-1,-249],[0,-8],[-1,-283],[0,-105],[2,-222],[3,-448],[0,-329],[2,-138],[1,-14],[3,-145],[2,-84]],[[71218,18506],[-9,5],[-28,14],[-10,4],[-11,6],[-34,18],[-12,5],[-2,2],[-24,11],[0,1],[-45,23],[-1,0],[-54,27],[-11,6],[-3,1],[-43,22],[-5,2],[-36,19],[-110,55],[-36,19],[-3,1],[-10,5],[-3,2],[-107,54],[-7,3],[-15,8],[-1,0],[-134,68],[-20,12],[-132,67],[-4,1],[-7,3],[-9,4],[-243,121],[-50,25],[-13,6],[-15,8],[-45,22],[-15,8],[-120,60],[-43,21],[-90,45],[-5,2],[-16,8],[-5,3],[-17,8],[-51,26],[-17,8],[-77,39],[-172,85],[-318,159],[-205,102],[-174,87],[-19,9],[-21,11],[-4,1],[-37,21],[-52,26],[-252,125],[-65,32],[-143,71],[-35,17],[-206,103],[-132,65],[-146,73],[-32,15],[-95,47],[-32,16],[-11,6],[-32,16],[-11,5],[-105,52],[-84,42]],[[57132,23013],[0,177],[-1,160],[0,48],[-1,459],[0,355],[-1,221],[0,303],[1,7],[0,3],[1,5],[0,59],[-3,253],[0,57],[1,55],[0,7],[1,77],[1,33],[0,3],[1,74],[0,66],[1,118],[0,11],[1,44],[0,106],[3,271],[0,114],[1,16],[-1,76],[0,45],[-1,34],[0,67],[-1,20],[0,32],[-1,85],[0,72],[-2,218],[0,4],[-2,239],[0,7],[-1,6],[0,65],[-1,87],[0,6],[-1,134],[0,29],[-1,47],[0,9],[-1,62],[0,53],[-2,205],[0,5],[-2,195],[0,41],[3,34],[0,7],[1,4],[2,30],[1,8],[0,5],[10,96],[3,31],[7,63],[7,69],[-2,691],[0,106],[-1,161],[0,538],[-2,477],[0,247],[-1,130],[0,441],[-7,257],[0,198]],[[57142,31551],[265,0],[41,-1],[2,0],[161,1],[57,0],[167,1],[61,2],[32,0],[1,-1],[170,2],[93,0],[218,2],[241,2],[42,0],[-1,206],[0,71],[-1,105],[0,279],[-1,368],[0,3],[-1,147],[0,262],[-1,120],[0,144],[-1,175],[0,293],[-1,345],[-1,278],[0,44],[-1,70],[-1,73],[1,6],[0,407],[1,161],[0,855],[-1,572],[-1,20],[-1,59],[-1,125],[0,36],[-1,88],[-1,114],[0,600],[1,16],[0,1],[-2,62],[-1,21],[0,244],[-1,144]],[[99872,64363],[0,-147],[1,-145],[1,-334],[1,-251],[0,-1],[-1,-2],[0,-54],[1,-370],[0,-398],[-3,-136],[0,-1],[1,-3],[0,-5],[1,-108],[0,-1],[2,-263],[1,-106],[1,-49],[0,-187],[-1,-1],[-2,-1],[0,-105],[2,-13],[-1,-29],[1,-552],[1,-496],[0,-125],[2,-1],[0,-1],[2,-1],[0,-244],[1,-116],[0,-1],[-1,-5],[-1,0],[0,-236],[-1,-459],[0,-16],[2,-20],[0,-3],[1,-2],[0,-21],[1,-195],[0,-138],[1,-102],[0,-117],[1,-2],[0,-3],[-1,-1],[0,-2],[1,-74],[0,-59],[1,-137],[-1,-8],[1,-7],[0,-163],[1,-6],[0,-223],[1,-13],[-1,-17],[1,-34],[0,-144],[1,-24],[0,-282],[4,-717],[5,-524],[-3,-78],[1,-174],[3,-211],[0,-11],[1,-345],[1,-140],[1,-399],[4,-1256],[0,-4],[1,-10],[0,-267],[1,-4],[0,-92],[1,-86],[0,-118],[2,-93],[1,-354],[0,-78],[2,-706],[2,-355],[0,-29],[1,-328]],[[99918,51224],[-125,0],[-76,1],[-379,-8],[-89,0],[-43,-2],[-261,-3],[-148,1],[-50,-1],[-6,0],[-11,-1],[-7,0],[-356,-1],[-177,0],[-135,-1],[-51,-1],[-13,0],[-49,-1],[-137,-1],[-134,-1],[-76,-2],[-3,1],[-10,1],[-24,0],[-47,-1],[-29,1],[-74,1],[-3,0],[-61,1],[-146,0],[-6,1],[-90,-2],[-17,1],[-45,0],[-36,-1],[-84,1],[-353,0],[-6,-1],[-10,0],[-121,-2],[-9,-1],[-14,0],[-5,1],[-124,-2],[-81,-2],[-24,0],[-34,-1],[-4,0],[-54,-1],[-46,-1],[-9,-1],[-6,1],[-32,-1],[-17,0],[-31,-1],[-36,1],[-1,0],[-1,-1],[-1,0],[-7,-2],[-4,1],[-10,2],[-1,0],[-73,-2],[-1,0],[-84,-2],[-70,-1],[-4,-1],[-57,0],[-30,-1],[-22,1],[-195,-2],[-111,-19],[-431,-15],[-50,-2],[-10,0],[-18,-1],[-9,1],[-129,0],[-47,-3],[-139,-10],[-190,-18],[-102,-4],[-163,-1],[-9,0],[-120,-7],[-3,-1],[-344,-18],[-1,0],[-48,-2],[-2,0],[-127,-5],[-2,0],[-115,-1],[-10,0],[-342,-9],[-84,-2],[-19,-1],[-21,-1],[-4,2],[-46,-2],[-16,-1],[-47,-1],[-221,-2],[-8,0],[-72,-2],[-12,0],[-32,-1],[-15,-1],[-20,-2],[-56,-1],[-9,-1],[-24,-1],[-21,0],[-7,-1],[-41,-2],[-196,-4],[-179,-4],[-90,-3],[-1,0],[-266,-3],[-24,-1],[-52,0],[-51,-2],[-49,-1],[-87,-1],[-3,0],[-258,-10],[-276,-6],[-90,-2],[-40,-1],[-118,38],[-267,-4],[-109,-2],[-115,-1],[-308,-2],[-265,-3],[-262,2],[-66,-1],[-390,-6],[-30,-2],[-95,-2],[-250,0],[-31,1],[-574,-4],[-345,1],[-133,0],[-359,1],[-237,0],[-12,1],[-189,0],[-35,1],[-12,-1],[-257,1],[-7,1],[-283,0],[-7,1],[-11,0],[-3,1],[-1,1],[-10,0],[-94,-2],[-172,-5],[-16,0],[-330,-8],[-10,-2],[-50,-2],[-21,0],[-2,-1],[-68,0],[-105,-5],[-40,-2],[-9,0],[-33,1],[-18,0],[-24,1],[-62,1],[-59,-3],[-131,-5],[-1,0],[-119,-6],[-44,-2],[-5,0],[-57,-3],[-63,-3],[-51,-2],[-6,0]],[[84013,50989],[0,8],[-1,78],[-1,370],[0,582],[-1,34],[2,105],[1,7],[-3,261],[1,31],[1,184],[-1,5],[1,47],[0,68],[-1,12],[0,19],[2,367],[-2,17],[1,58],[111,0],[2,122],[1,15],[-1,40],[0,36],[1,133],[-1,627],[0,126],[1,152],[1,550],[1,362],[0,236],[-1,115],[0,81],[-1,5],[-1,291],[0,653],[-1,74],[0,106],[1,12],[-1,80],[0,190],[1,341],[1,349],[1,206],[0,169],[-1,73],[0,289],[1,550],[-1,142],[0,31],[-1,72],[0,267],[-1,11],[4,375],[1,358],[0,364],[2,360],[0,366],[1,120],[0,240],[-1,249],[0,114],[1,222],[-1,22],[0,3],[-1,9],[1,27],[0,31],[1,45],[0,86],[1,19],[0,30],[1,2],[0,12],[1,4],[0,4],[-1,2],[0,2],[-2,32],[1,10],[0,222],[1,301],[1,260],[0,108],[1,286],[0,120]],[[89143,64208],[35,-1],[41,0],[51,-1],[148,0],[270,3],[52,0],[33,1],[157,0],[29,1],[302,0],[41,1],[50,0],[92,2],[49,0],[13,1],[24,0],[85,1],[7,1],[75,1],[27,1],[41,0],[20,1],[1,0],[11,-1],[24,1],[35,0],[137,2],[7,0],[5,1],[57,0],[8,1],[9,0],[248,3],[11,0],[8,1],[267,4],[64,0],[73,1],[37,1],[17,-1],[2,1],[15,1],[36,-2],[113,3],[152,3],[37,0],[141,2],[1,0],[41,1],[83,1],[9,0],[8,1],[7,0],[96,12],[23,3],[17,2],[22,3],[21,2],[22,3],[30,4],[16,2],[20,2],[1,1],[7,0],[51,1],[124,0],[6,-1],[345,0],[145,1],[63,0],[59,1],[99,0],[35,1],[5,0],[10,1],[179,0],[24,-1],[80,1],[94,1],[5,-2],[170,0],[194,-1],[30,0],[7,2],[1,0],[18,-1],[45,0],[3,-1],[1,-2],[38,1],[177,1],[21,0],[338,1],[46,-2],[95,4],[81,-2],[129,1],[1,0],[55,1],[39,0],[113,2],[20,0],[66,1],[69,1],[124,2],[185,1],[1,0],[6,1],[8,1],[41,0],[1,1],[51,1],[8,0],[0,1],[1,1],[2,1],[2,-1],[3,0],[12,-1],[15,0],[6,1],[20,-1],[60,0],[5,2],[6,1],[8,0],[13,1],[27,0],[5,1],[96,0],[85,1],[18,1],[1,0],[70,-2],[108,3],[7,0],[70,3],[3,-1],[111,6],[29,4],[19,-4],[2,1],[2,0],[12,1],[12,0],[87,1],[4,0],[35,1],[41,0],[89,3],[52,1],[30,0],[43,2],[36,1],[177,3],[1,0],[28,1],[14,0],[34,2],[77,2],[22,0],[16,1],[13,0],[44,1],[50,0],[26,1],[12,0],[29,1],[40,0],[34,1],[10,0],[15,1],[52,0],[19,1],[137,0],[76,1],[77,1],[29,0],[37,1],[30,0],[18,1],[29,0],[171,2],[56,-1],[159,2],[99,2],[52,2],[168,5],[84,0],[142,3],[54,1],[71,2],[25,0],[143,3],[25,1]],[[85109,195],[-1,39],[0,116],[-1,39],[0,126],[-1,60],[-1,180],[0,62],[-1,67],[-1,197],[0,12],[-1,70],[0,114],[-1,11],[0,118],[-1,70],[-1,210],[-1,70],[0,97],[-2,282],[-1,93],[0,80],[-1,141],[0,47],[-1,50],[-1,150],[0,119],[1,201],[2,288],[0,99],[1,154],[3,5],[-1,21],[0,11],[1,38],[1,34],[2,38],[2,30],[1,31],[0,292],[-1,217],[-1,85],[0,46],[-1,137],[0,38],[-2,6],[0,22],[1,64],[0,22],[6,308],[-1,2],[-1,3],[1,8],[0,2],[1,58],[1,10],[1,99],[9,558],[4,322],[1,23],[4,260],[1,56],[0,19],[2,106],[1,64],[0,26],[3,174],[0,20],[1,0],[3,233],[0,6],[2,98],[0,9],[1,87],[0,8],[1,15],[0,75],[3,183],[-1,270],[0,21],[-1,6],[0,46],[6,365],[0,118],[-1,63],[0,180],[4,239],[0,124],[1,33],[2,100],[1,33],[1,101],[-1,97],[2,216],[0,83],[1,82],[97,3],[16,0],[0,14],[-1,11],[0,156],[-1,136],[0,99],[-4,250],[-1,58],[-2,124],[0,32],[1,5],[0,79],[1,133],[0,1],[1,149],[0,252],[-1,134],[0,92],[1,79],[0,18],[1,23],[0,2],[-1,2],[-1,107],[0,235],[-1,254],[1,60],[0,31],[-1,2],[0,9],[-1,12],[2,3],[-2,287],[0,100],[1,35],[0,4],[-1,48],[0,428],[-1,290],[-1,606],[0,383],[-1,258],[0,387],[-1,293],[0,12],[1,13],[0,31],[-1,80],[0,223],[-1,11],[0,8],[-2,6],[0,41],[-1,78],[0,73],[-1,138],[0,63],[-1,49],[0,17]],[[85253,16230],[277,2],[2,0],[13,2],[1,0],[77,3],[64,2],[152,0],[50,1],[75,0],[6,3],[7,4],[12,6],[3,0],[1,1],[1,-1],[6,-2],[10,-5],[8,-5],[5,-3],[4,-1],[6,-1],[258,0],[0,-1],[1,0],[11,2],[0,-1],[12,1],[13,1],[21,0],[473,2],[64,0],[123,1],[196,0],[122,1],[216,0],[55,1],[3,0],[116,2],[7,-1],[189,-1],[69,-1],[129,-1],[8,1],[13,0],[139,3],[44,1],[44,0],[29,1],[6,1],[10,0],[29,1],[5,1],[196,-2],[122,-7],[136,-7],[0,1],[42,0],[214,-1],[31,0],[57,-1],[44,0],[29,1],[206,0],[20,-1],[2,0],[1,-1],[129,-2],[223,6],[41,0]],[[89931,16236],[498,-2],[259,0],[79,1],[259,0],[175,2],[4,-1],[265,0],[91,-1],[110,0],[67,-3],[78,0],[35,1],[71,0],[108,1],[107,0],[34,1],[138,0],[223,4],[6,0],[5,-1],[18,-1],[16,0],[3,1],[10,0],[6,-1],[9,-1],[5,-1],[46,0],[34,1],[2,0],[69,1],[85,1],[198,0],[108,1],[195,1],[105,0],[16,1],[99,-1],[259,-2],[104,-1],[74,-1],[213,3],[129,1],[2,0],[68,1],[149,1],[41,0],[45,1],[4,0],[6,1],[79,0],[18,1],[44,0],[63,2],[258,0],[96,1],[34,0],[127,4],[3,0],[25,2],[103,-2],[13,-3],[120,0],[255,1],[63,-1],[36,0],[58,-1],[163,0],[74,-1],[6,-2],[129,0],[150,-1],[101,0],[48,1],[129,4],[12,0],[33,-1],[37,0],[24,-1],[127,1],[39,-1],[64,0],[2,1],[1,0],[6,1],[57,1],[150,0],[46,-1],[261,0],[0,1],[20,4],[4,-3],[48,-3],[173,-1],[10,-1],[262,6],[14,-1],[60,1],[7,2],[12,-4],[9,2],[16,1],[4,2],[107,-5],[549,0],[276,1],[11,0],[232,-1],[3,0],[255,-3],[202,5]],[[99989,16252],[0,-481],[-1,-427],[0,-2],[-2,-164],[-2,-553],[0,-1],[1,-1],[3,-10],[-3,-513],[-1,-387],[0,-32],[-1,-147],[0,-4],[1,-156],[1,-411],[2,-157],[0,-2],[-1,0],[0,-423],[-1,-26],[1,-35],[-1,-36],[0,-6],[1,-4],[0,-470],[-1,-32],[1,-36],[0,-179],[1,-13],[0,-17],[2,-14],[6,-17],[3,-10],[1,-5],[0,-5],[-1,-5],[-6,-27],[-3,-12],[-1,-7],[0,-10],[1,-25],[-1,-34],[1,-8],[-2,-318],[1,-3],[0,-179],[-2,-426],[0,-8],[2,-6],[-2,-69],[2,-447],[1,-129],[0,-36],[1,-188],[-8,-554],[1,0],[0,-1],[1,-2],[0,-1],[1,-29],[0,-108],[-1,-34],[0,-618],[1,-56],[0,-542],[1,-14],[-1,-3],[0,-257],[-1,-157],[-1,-10],[0,-150],[1,-18],[0,-360],[-1,-68],[0,-4],[-1,-73],[0,-15],[-1,-43],[0,-542],[-1,-65],[0,-1],[3,-89],[1,-4],[0,-277],[-1,-75],[0,-1292],[2,-356],[0,-51],[1,-56],[-1,-45],[-1,-31],[0,-53],[-1,-106],[1,-31],[0,-328],[-1,-38],[0,-2],[1,-78],[0,-49],[-1,-2],[0,-41],[-1,-354],[0,-1087],[2,-305],[-1,-5],[2,-5],[2,-8],[-3,-55],[-2,-14],[0,-13],[2,-7],[-2,-62],[0,-249],[1,-8],[-1,-187],[0,-93],[1,-33],[0,-65],[-1,-51],[1,-41],[0,-48],[-1,-53],[0,-52],[-47,1],[-96,0],[-22,-1],[-7,1],[-2,0],[-1,1],[0,1],[-1,0],[-264,-1],[-52,0],[-8,-1],[-11,1],[-97,3],[-83,1],[-249,0],[-248,2],[-157,1],[-169,2],[-86,0],[-295,3],[-134,0],[-61,1],[-112,1],[-14,0],[-152,2],[-1,0],[-183,3],[-198,4],[-190,4],[-29,-2],[-8,0],[-17,2],[-48,2],[-74,3],[-59,0],[-74,-2],[-3,0],[-191,-3],[-18,-1],[-204,3],[-117,0],[-251,2],[-264,1],[-1,0],[-115,2],[-21,1],[-28,0],[-1,1],[0,1],[-287,0],[-186,5],[-217,0],[-434,1],[-172,-2],[-341,2],[-345,3],[-85,0],[-345,-2],[-82,0],[-122,1],[-40,0],[-415,6],[-108,-1],[-205,0],[-131,-1],[-333,-1],[-146,1],[-224,-1],[-64,1],[-88,5],[-303,-2],[-210,-1],[-69,7],[-9,0],[-32,3],[-1,1],[-225,23],[-290,29],[-8,2],[-136,15],[-300,12],[-129,6],[-35,1],[-97,5],[-30,1],[-305,10],[-63,0],[-142,-1],[-178,-3],[-358,0],[-120,1],[-160,-3],[-85,-2],[-7,0],[-143,-3],[-49,0],[-225,-5],[-78,-1],[-119,-2],[-402,-7],[-2,0],[-156,-3],[-57,-1],[-3,0],[-61,2],[-25,-2],[-1,0],[-15,-1],[-4,1],[-151,29],[-38,7],[-22,2],[-2,0],[-162,3],[-165,0],[-175,1],[-693,0]],[[45664,87105],[108,-58],[4,-19],[1,-9],[19,-4],[37,9],[20,9],[8,6],[11,-8],[13,-7],[22,1],[11,-16],[23,-46],[12,-17],[23,3],[34,-11],[38,-32],[46,-16],[21,-13],[11,-7],[1,-1],[1,0],[3,-2],[8,-5],[20,-13],[67,-16],[21,8],[17,5],[25,-2],[20,-12],[15,-6],[17,-13],[8,-16],[1,-21],[-6,-16],[-10,-4],[-6,-20],[-8,-9],[-26,0],[-3,-2],[-2,-2],[2,-7],[1,-3],[18,-21],[7,-7],[13,-14],[14,-23],[21,-36],[12,-38],[5,-18],[1,-32],[0,-1],[-1,-3],[0,-1],[-5,-32],[-4,-56],[-11,-34],[2,-24],[-26,-116],[1,-22],[4,-17],[11,-22],[4,-23],[7,-25],[-1,-13],[-11,-29],[-18,-29],[-22,-23],[-15,-22],[-19,-9],[-5,-13],[-5,-43],[-8,-36],[-19,-26],[-21,-17],[-3,-6],[-1,-17],[-4,-25],[13,-39],[13,-47],[3,-18],[-5,-16],[5,-31],[-2,-23],[-11,-18],[-11,-7],[-2,-14],[-6,-3],[-9,-9],[-1,-54],[4,-5],[8,-3],[4,-12],[5,-36],[7,-15],[28,-30],[22,-11],[10,-11],[1,-4],[4,-10],[14,-39],[14,-41],[7,-17],[26,-33],[40,-47],[23,-20],[11,-19],[1,-44],[11,-30],[31,-34],[13,-20],[14,-31],[31,-48],[4,-19],[1,-8],[30,-26],[11,-27],[-2,-27],[-7,-35],[-1,-46],[1,-17],[8,-21],[3,-48],[4,-31],[-4,-21],[-6,-23],[7,-40],[13,-21],[11,-14],[7,-14],[4,-30],[3,-12],[8,-15],[4,-28],[22,-23],[10,-6],[45,-68],[3,-22],[2,-14],[-7,-4],[-2,-5],[1,-5],[-3,-6],[0,-6],[1,-8],[3,-11],[7,-13],[10,-16],[9,-12],[12,-11],[15,-14],[10,-19],[3,-8],[5,-6],[4,-1],[4,-5],[1,-5],[3,-10],[2,-7],[1,-4],[14,-20],[2,-3],[8,-20],[0,-24],[1,-11],[1,-3],[8,-12],[9,-6],[4,-3],[6,0],[7,1],[7,-1],[12,-1],[7,2],[4,2],[2,2],[3,-1],[2,-2],[1,-4],[1,-5],[1,-21],[5,-14],[3,-16],[0,-40],[5,-9],[4,-9],[12,-8],[8,-4],[9,-3],[10,0],[8,3],[2,-3],[1,-5],[0,-6],[3,-8],[4,-10],[3,-8],[7,-14],[4,-1],[5,-7],[9,-5],[12,-5],[10,-5],[6,-10],[2,-15],[2,-17],[1,-9],[0,-10],[2,-11],[6,-10],[7,-10],[1,-2],[7,-1],[4,-8],[6,-10],[13,-7],[15,-3],[10,4],[3,0],[6,3],[4,-1],[3,-2],[6,-14],[4,-19],[1,-12],[2,-13],[10,-4],[9,-4],[7,-4],[6,-2],[16,-8],[5,-3],[1,0],[5,-9],[7,-5],[5,2],[12,6],[22,8],[17,11],[11,10],[9,7],[2,0],[2,-5],[2,-11],[7,-12],[11,-12],[16,-14],[17,-7],[4,0],[6,-4],[11,-1],[9,0],[1,-3],[-3,-21],[0,-19],[8,-25],[7,-23],[16,-33],[17,-22],[6,-4],[8,-3],[6,-6],[10,-6],[6,-3],[5,-3],[1,0],[3,-4],[2,-13],[2,-7],[7,-11],[3,-7],[3,-4],[-2,-9],[-2,-16],[-3,-25],[2,-16],[6,-10],[4,-4],[12,-15],[3,-3],[7,-8],[5,-4],[6,-4],[5,-4],[8,-6],[9,-6],[6,-3],[7,-4],[8,-1],[6,0],[5,-1],[5,-3],[7,-5],[3,-4],[10,-11],[5,-9],[6,-8],[6,-6],[10,-17],[7,-9],[3,-4],[10,-15],[7,-9],[10,-13],[8,-11],[8,-13],[10,-13],[5,-7],[11,-12],[8,-2],[19,-6],[47,-6],[16,1],[26,-5],[24,-4],[23,-10],[-5,-18],[-5,-23],[5,-23],[20,-14],[16,-1],[11,-9],[8,-18],[7,-29],[0,-15],[-4,-7],[-5,-8],[-8,-10],[-7,-8],[-6,-6],[-6,-9],[-2,-7],[-3,-6],[0,-4],[-3,-8],[-2,-6],[-4,-9],[-5,-7],[-3,-15],[-2,-14],[-3,-12],[-2,-5],[2,-13],[4,-11],[4,-7],[1,-3],[4,-6],[3,-5],[1,-2],[7,-7],[15,1],[12,5],[3,2],[8,4],[10,0],[1,-1],[5,-4],[6,-5],[4,-6],[2,-7],[7,-9],[6,-8],[1,0],[11,-2],[11,2],[20,1],[15,-9],[9,-9],[2,-7],[-2,-7],[-4,-8],[-7,-15],[-3,-14],[-2,-11],[0,-9],[1,-11],[3,-10],[7,-13],[5,-7],[8,-11],[4,-6],[6,-4],[3,0],[8,-3],[8,0],[9,-1],[11,-2],[6,-4],[-1,-9],[-2,-7],[-3,-13],[-3,-14],[-8,-32],[-6,-13],[-5,-13],[-5,-15],[-3,-14],[0,-9],[2,-10],[5,-14],[2,-26],[1,-15],[1,-12],[2,-13],[6,-13],[5,-6],[16,-9],[10,-6],[12,-3],[12,-2],[17,0],[10,-5],[-12,-6],[-11,-4],[-6,-6],[-6,-3],[-9,-10],[-10,-11],[-6,-7],[-6,-9],[-9,-20],[-1,-16],[2,-20],[3,-5],[8,-13],[8,-8],[14,-12],[15,-13],[10,-6],[7,-6],[8,-1],[5,-5],[4,-6],[2,-12],[-3,-18],[-1,-8],[1,-9],[4,-13],[3,-18],[3,-20],[3,-15],[4,-14],[2,-5],[1,-6],[-1,-7],[-4,-2],[-7,-1],[-5,1],[-6,8],[-5,5],[-3,-1],[0,-16],[1,-6],[2,-17],[5,-11],[4,-12],[1,-16],[2,-15],[1,-16],[-5,-10],[-7,-4],[-8,-8],[-3,-6],[-4,-10],[-3,-9],[7,-15],[6,-13],[5,-3],[6,-2],[4,-3],[4,-5],[2,-6],[5,-9],[4,-7],[3,-4],[4,-6],[2,-5],[4,-11],[2,-13],[1,-11],[1,-3],[21,-11],[9,-7],[7,-4],[9,2],[13,5],[14,8],[15,6],[10,-1],[9,-1],[5,0],[7,-8],[10,-3],[11,2],[7,2],[29,-15],[9,-6],[7,-16],[5,-15],[8,-14],[9,-10],[5,-7],[4,-5],[3,-2],[4,0],[4,2],[7,1],[8,0],[12,-10],[25,-13],[13,-11],[22,-28],[12,-5],[10,-5],[5,-9],[6,-12],[1,-1]],[[44671,67477],[-7,-14],[-22,7],[-49,-29],[-39,-71],[-52,-52],[-59,-50],[-29,-17],[-42,-26],[-78,157],[-155,-109],[-121,-5],[-27,28],[-83,-48],[-40,0],[-63,-60],[-45,-9],[-35,13],[-76,-85],[-35,15],[-25,10],[-10,5],[-12,7],[-11,6],[-11,12],[-3,11],[-11,14],[-13,3],[-14,12],[-5,1],[-3,-1],[-25,-4],[-13,-5],[-26,-13],[-7,-11],[-6,-5],[-7,-2],[-24,12],[-13,8],[-38,8],[-17,2],[-7,7],[-5,3],[-8,8],[-5,4],[-19,1],[-18,-1],[-30,18],[-7,5],[-4,5],[0,7],[2,14],[3,9],[-3,4],[-3,3],[-9,12],[-12,13],[-12,11],[-10,9],[-12,11],[-18,23],[-15,42],[-8,14],[-2,8],[-6,54],[-3,66],[-1,7],[0,28],[-7,18],[-15,18],[-3,7],[-10,20],[-16,52],[-2,19],[-3,31],[4,21],[1,18],[-3,22],[-7,10],[-22,40],[-10,21],[-4,15],[-7,13],[-6,8],[-12,10],[-17,23],[-2,17],[-1,6],[-6,9],[-15,2],[-16,12],[-15,13],[-10,26],[-13,6],[-24,4],[-17,-2],[-6,-1],[-44,1],[-6,5],[-1,8],[-3,27],[-4,5],[-14,15],[-9,23],[-2,19],[0,20],[6,33],[3,30],[-8,31],[-7,18],[-4,18],[-3,13],[-6,29],[-2,32],[2,26],[3,10],[0,5],[-4,5],[-2,4],[-1,39],[4,10],[6,10],[2,15],[-4,12],[0,17],[-2,4],[-5,5],[-1,2],[-8,8],[-8,18],[-32,82],[-5,14],[-1,19],[-3,15],[-2,8],[-5,5],[-1,6],[0,3],[4,5],[9,13],[5,13],[2,14],[0,10],[1,9],[2,5],[4,4],[4,0],[6,-1],[4,1],[2,2],[-1,6],[-4,5],[-10,4],[-11,5],[-6,5],[0,1],[-5,11],[-7,11],[-8,9],[-6,8],[-2,13],[2,19],[4,18],[1,12],[-1,9],[-1,7],[-2,8],[1,8],[5,9],[6,16],[0,15],[1,15],[2,12],[-1,12],[-3,12],[-1,2],[-3,15],[-3,18],[-15,22],[-13,11],[-3,12],[-5,14],[-12,15],[-9,16],[-8,28],[-11,40],[-2,20],[0,17],[2,30],[-2,26],[-6,19],[-3,12],[-11,38],[-5,25],[-3,17],[-8,17],[-5,12],[-5,20],[-2,10],[-3,16],[-8,20],[-10,15],[-11,12],[-14,21],[-6,17],[-1,3],[-12,42],[-5,7],[-9,6],[-12,21],[-6,16],[0,1],[1,10],[4,11],[4,10],[2,7],[0,7],[-1,9],[4,15],[7,28],[8,24],[5,13],[8,12],[3,4],[0,2],[-1,4],[-7,5],[-13,7],[-4,6],[-9,10],[-10,13],[-10,14],[-5,12],[-1,18],[0,28],[1,30],[-2,32],[-8,25],[-2,5],[-7,18],[-6,18],[0,19],[2,27],[1,20],[-5,17],[-15,15],[-20,18],[-18,12],[-18,15],[-13,7],[-7,13],[-5,19],[-6,25],[-11,31],[-13,18],[-4,4],[-7,9],[-9,12],[-13,26],[-8,14],[-12,15],[-13,16],[-9,12],[-12,12],[-2,7],[-2,8],[-9,20],[-12,9],[-15,7],[-15,9],[-15,14],[-5,5],[-5,6],[-9,14],[-4,12],[-1,5],[-3,10],[-6,13],[-14,16],[-4,7],[-5,10],[-9,16],[-9,20],[-10,17],[-14,14],[-7,11],[-7,16],[-9,15],[-9,10],[-6,2],[-6,3],[-10,2],[-5,6],[-4,8],[-9,9],[-7,8],[-10,9],[-5,18],[-26,52],[-1,1],[-14,21],[-3,19],[-3,24],[-6,18],[-9,22],[-11,17],[-13,17],[-8,20],[-6,16],[-8,8],[-8,-1],[-23,25],[-16,13],[-19,9],[-1,1],[-25,5],[-14,-4],[-30,-9],[-48,-4],[-17,-9],[-4,-4],[-5,-9],[-8,-11],[-30,-56],[-3,-3],[-11,-12],[-12,0],[-26,3],[-18,-1],[-22,0],[-9,3],[-7,6],[-24,22],[-20,13],[-11,5],[-35,20],[-21,8],[-17,8],[-8,9],[-9,6],[-21,5],[-37,3],[-12,1],[-17,15],[-8,12],[-6,12],[-5,4],[-5,-3],[-5,-4],[-8,-6],[-11,3],[-21,4],[-11,9],[-9,19],[-1,18],[1,14],[0,5],[-3,-1],[-5,-4],[-6,-2],[-7,3],[-11,5],[-13,14],[-12,12],[-4,1],[-13,6],[-11,13],[-13,28],[-4,11],[-6,21],[-5,7],[-19,13],[-22,13],[-19,22],[-7,15],[-7,11],[-36,31],[-20,17],[-8,2],[-4,8],[-11,8],[-14,12],[-5,3],[-4,2],[-4,1],[-6,11],[-11,11],[-5,17],[-4,8],[-7,10],[-14,13],[-24,25],[-23,21],[-12,14],[-14,36],[-1,9],[4,20],[-2,27],[1,20],[-5,14],[-6,9],[-5,3],[-4,5],[-2,11],[-4,26],[-4,11],[-10,18],[-14,19],[-3,13],[-14,32],[2,34],[-4,34],[-8,9],[-13,8],[-20,2],[-30,-1],[-21,3],[-17,6],[-21,21],[-18,25],[-20,38],[-15,36],[-1,23],[1,20],[-2,3],[-3,5],[-5,9],[-6,12],[-4,30],[-6,4],[-11,4],[-16,7],[-6,10],[-6,21],[-3,11],[-10,14],[-13,17],[-15,17],[-10,15],[-12,25],[-11,37],[-9,39],[-4,36],[-17,28],[-10,19],[3,23],[-10,14],[-6,8],[-29,25],[-14,24],[-13,20],[-24,35],[-12,24],[-9,4],[-17,7],[-36,51],[-30,60],[-17,25],[-14,0],[-25,4],[-13,4],[-7,7],[-3,4],[-1,14],[-10,17],[-83,14],[-11,2],[-34,6],[-1,0],[-11,2],[-80,14],[-59,11],[-180,38],[-79,16],[-16,0],[-41,1],[-14,1],[0,-6],[1,-1],[2,-117],[-21,0],[-262,-3],[-81,-1],[-7,0],[-15,-1],[-85,0],[-31,-1],[-126,0],[-43,1],[-26,1],[-110,-1],[-134,0],[-16,-1],[-13,0],[-1,1],[-38,0],[-8,1],[-17,0],[-4,1],[-2,0],[-36,-2],[-78,-3],[-36,4],[-37,5],[-25,0],[-14,-1],[-12,-1],[-13,-1],[-6,0],[-17,-1],[-6,0],[-2,1],[0,1],[-6,0],[-43,1],[-66,1],[2,142],[0,85],[1,37],[-16,0],[-110,3],[-37,1],[-14,0],[-34,1],[-104,1],[-73,0],[-34,1],[-103,1],[-34,0]],[[37407,73110],[-115,-3],[-3,1],[-14,3],[-126,1],[-136,1],[-153,2],[-109,-1],[-7,0],[-62,-1],[-12,6],[0,-1],[-205,-6],[-306,1],[-2,1],[-1,0],[-3,1],[-1,0],[-75,1],[-7,0],[-72,-3],[-1,0],[-11,-2],[-1,0],[-266,-1],[-129,-3],[-234,4],[-17,0],[-150,1],[-64,1],[-69,1],[-120,0],[-2,1],[-1,0],[-28,2],[-50,2],[-6,0],[-10,1],[-6,0],[-47,-2],[-4,0],[-81,-12],[-16,-2],[-14,3]],[[78150,99956],[51,-1],[152,-1],[50,-1],[23,0],[69,-1],[22,-1],[13,0],[38,-1],[74,0],[13,-1],[84,0],[72,1],[24,0],[14,1],[356,5],[42,-2],[2,0],[19,5],[2,1],[132,1],[241,-1],[18,0],[54,-1],[54,0],[26,-1],[66,0],[70,-1],[32,0],[53,1],[25,1],[134,2],[53,1],[19,0],[58,1],[19,0],[0,-1],[18,0],[54,-1],[50,0],[19,1],[57,4],[19,1],[28,2],[5,0],[79,6],[27,2],[41,-2],[124,-4],[41,-2],[15,1],[85,0],[145,-11],[590,0],[121,1],[260,2],[144,1],[90,1],[55,0],[122,1],[254,-8],[18,10],[3,1],[42,-3],[61,2],[78,-3],[89,5],[2,0],[149,-6],[124,6],[142,-2],[128,-2],[10,0],[163,1],[100,1],[3,0],[102,-2],[49,2],[120,2],[139,2],[91,-2],[4,0],[54,-1],[45,0],[64,-1],[150,5],[256,-1],[148,0],[126,-1],[2,0],[3,-1],[9,0],[245,3],[1,-1],[14,0],[194,1],[21,0],[40,-2],[28,-1],[246,5],[27,0],[248,1],[1,-2],[2,-2],[1,0],[1,-1],[2,0],[6,1],[3,0],[260,-1],[2,-1],[11,0],[2,-1],[1,-2],[2,0],[225,1],[29,1],[13,-3],[3,0],[26,3],[1,1],[14,-1],[4,0],[61,-1],[146,4],[3,-1],[1,0],[14,-1],[4,0],[1,-1],[1,-2],[0,-2],[207,5],[3,0],[41,1],[6,0],[7,1],[5,0],[4,-1],[0,-3],[251,4],[16,0],[3,-1],[2,-1],[0,-1],[1,0],[250,3],[2,0],[9,1],[11,0],[1,-1],[1,-2],[0,-3],[143,5],[137,0],[2,-2],[1,-3],[-1,-3],[68,2],[4,0],[132,4],[32,2],[12,0],[26,2],[1,0],[1,-1],[1,-2],[0,-1],[-1,-2],[37,3],[1,0],[192,2],[6,-1],[32,0],[4,-2],[1,-2],[491,4],[274,2],[2,0],[12,-1],[13,0],[27,1],[14,0],[12,-1],[7,0],[2,1],[3,1],[4,0],[2,-2],[1,-2],[171,2],[100,-2],[5,-3],[10,1],[1,1],[3,1],[41,0],[3,-1],[1,-1],[491,0],[37,1],[8,0],[186,1],[1,0],[63,1],[491,0]],[[91272,99971],[0,-127],[2,-216],[4,-652],[1,-217],[0,-25],[2,-294],[0,-10],[2,-230],[0,-98],[1,-99],[0,-77],[3,-35],[0,-17],[2,-196],[0,-17],[1,-119],[0,-188],[1,-47],[0,-142],[1,-86],[-1,-30],[0,-58],[1,-21],[0,-46],[1,-6],[0,-85],[1,-13],[0,-23],[1,-229],[1,-9],[0,-326],[3,-888],[0,-3],[2,-591],[1,-624],[0,-216],[1,-136],[0,-110]],[[91303,93665],[0,-156],[1,-84],[1,-124],[0,-84],[1,-10],[0,-121],[1,-53],[0,-102],[1,-112],[1,-214],[0,-38],[-21,-1],[-37,0],[-36,-1],[-27,0],[-45,-1],[-31,-1],[0,-477],[-2,-181],[-1,-183],[-1,-196],[0,-168],[-2,-275],[0,-52],[-1,-36],[-1,-192],[-1,-171],[-1,-70],[0,-56],[-1,-48],[0,-7],[-2,-176],[1,-5],[-1,-38],[0,-89],[1,-211],[0,-266],[1,-122],[0,-128],[2,-169],[0,-57],[1,-8],[0,-29],[1,-241],[0,-94],[1,-362],[1,-60],[0,-304],[-1,-25],[0,-9],[1,-31],[0,-36],[-1,-228],[1,-33],[-1,-10],[0,-54],[1,-209],[0,-186],[-1,-2],[1,-5],[0,-71],[1,-56],[0,-137],[-1,-14],[0,-165],[1,-3],[0,-14],[-1,0],[0,-1],[1,-1],[0,-5],[-1,-9],[0,-7],[1,-9],[0,-230],[1,-55],[0,-77],[1,-16],[0,-330],[1,-106],[-1,-44]],[[91110,85914],[-16,0],[-84,1],[-36,0],[-14,-1],[-104,0],[-8,1],[-2,0],[0,1],[-87,0],[-174,2],[-8,-3],[-3,0],[-199,1],[-21,-1],[-50,1],[-317,0],[-70,-1],[-20,1],[-137,0],[-45,1],[-6,-1],[-4,0],[-13,-1],[-32,0],[-63,-1],[-54,0],[-22,-1],[-30,1],[-16,-1],[-5,0]],[[79705,85861],[0,24],[1,63],[0,101],[1,243],[0,97],[-5,7],[-4,10],[0,22],[-1,17],[0,62],[-1,55],[0,24],[2,178],[0,3],[-1,35],[-4,107],[-1,36],[-1,150],[-1,30],[-1,5],[0,64],[-1,112],[0,40],[-1,48],[-2,81],[1,32],[-2,134],[0,25],[-1,59],[-4,302],[-47,0],[-197,-1],[-25,0],[0,-1],[-22,1],[-34,0],[-10,-1],[-2,0],[-3,2],[-1,0],[-5,-1],[-3,0],[-12,-1],[-6,-2],[-1,1],[-3,1],[-27,0],[0,-1],[-6,1],[-102,3],[-34,0],[-273,2],[-196,1],[-73,0],[-54,-1],[-163,-2],[-103,0],[-13,1],[-214,-3],[-3,4]],[[52174,68677],[0,-51],[-1,-9],[-2,-284],[0,-117],[-1,-59],[0,-11],[-1,-197],[0,-11],[-1,-3],[0,-163],[-1,-64],[0,-50],[-1,-22],[0,-38],[-1,-68],[0,-377],[2,-67],[0,-147],[1,-30],[0,-95],[1,-34],[-1,-19],[0,-126],[2,-166],[0,-4],[-1,-160],[0,-383],[-1,-8],[0,-27],[-1,-13],[0,-155],[-1,-49],[-1,-24],[0,-21],[-1,-107],[0,-15],[-1,-3],[0,-60],[-1,-42],[0,-49],[-1,-180],[-2,-40],[0,-500],[-1,-48],[0,-13],[-1,-5],[0,-194],[1,-5],[1,-6],[0,-26],[-1,-20],[0,-28],[1,-19],[0,-102]],[[46023,64134],[-2,7],[-2,19],[-6,9],[-3,4],[-19,15],[-20,10],[-14,11],[-10,8],[-4,3],[-7,3],[-11,9],[-7,13],[-5,19],[-14,34],[-3,21],[3,16],[9,13],[12,13],[12,14],[5,5],[13,18],[7,11],[9,6],[5,10],[6,14],[8,11],[12,13],[16,9],[21,7],[16,9],[8,6],[5,6],[2,8],[3,8],[3,1],[10,0],[16,-4],[25,0],[16,8],[14,13],[6,15],[2,10],[0,5],[3,3],[5,-6],[9,-5],[7,-12],[4,-12],[5,-2],[5,6],[8,7],[15,9],[12,7],[13,10],[4,2],[3,-2],[2,-3],[7,3],[10,7],[23,7],[21,7],[15,6],[9,12],[11,24],[10,25],[12,38],[3,7],[12,24],[12,30],[11,15],[8,11],[8,9],[8,31],[5,18],[4,5],[9,2],[15,7],[16,4],[18,1],[10,7],[14,15],[10,24],[7,22],[9,12],[13,18],[13,9],[23,6],[16,7],[15,11],[22,7],[18,8],[20,8],[21,21],[12,17],[14,23],[9,21],[9,14],[9,11],[10,9],[8,4],[4,5],[4,11],[0,23],[-5,19],[-1,12],[-1,9],[0,6],[1,11],[2,10],[0,2],[-2,7],[-2,6],[0,15],[3,8],[-1,9],[-7,18],[-10,24],[-15,24],[-20,27],[-7,9],[-13,20],[-10,23],[-12,26],[3,17],[0,19],[-3,28],[2,10],[3,14],[-2,12],[-3,9],[-1,8],[3,12],[5,30],[0,7],[-2,10],[0,10],[-1,8],[1,15],[1,11],[-1,7],[-5,6],[-2,8],[0,22],[1,6],[2,7],[-1,4],[-4,6],[-2,7],[-1,6],[-3,2],[-6,6],[-5,11],[-6,11],[-14,12],[-18,10],[-16,9],[-12,16],[-12,11],[-10,7],[-5,6],[-6,6],[-3,11],[-2,7],[-4,10],[-1,1],[-5,6],[-7,12],[-5,5],[-6,2],[-7,-1],[-1,-1],[-6,-2],[-9,0],[-13,2],[-13,3],[-9,0],[-10,-2],[-10,-4],[-9,-5],[-7,-5],[-8,-6],[-11,-1],[-12,-2],[-13,0],[-10,-5],[-22,-2],[-9,-4],[-3,-1],[-16,1],[-28,10],[-13,1],[-10,-2],[-19,-8],[-5,-4],[-8,-5],[-8,-6],[-14,-6],[-1,-1],[-16,-10],[-10,-5],[-9,0],[-9,12],[-5,10],[-5,12],[1,14],[0,3],[1,20],[-4,27],[-5,20],[0,21],[-1,13],[-5,13],[-9,9],[-4,9],[1,12],[-3,7],[-4,8],[-1,9],[-1,6],[-3,3],[-3,-2],[-18,-7],[-17,-9],[-15,-9],[-6,-7],[-5,-6],[-4,-4],[-4,0],[-7,8],[-12,11],[-11,4],[-5,2],[-19,2],[-13,1],[-11,3],[-12,1],[-8,-3],[-2,-1],[-4,2],[-6,2],[-4,-1],[-4,-5],[-6,1],[-6,9],[-9,5],[-10,9],[-8,15],[-7,6],[-3,8],[-4,5],[-5,2],[-4,5],[-2,7],[-4,9],[-2,9],[-8,6],[-11,7],[-11,2],[-10,-7],[-11,-8],[-10,-8],[-22,-22],[-12,-7],[-12,-2],[-15,0],[-9,4],[-6,8],[-9,15],[-9,16],[-13,22],[-13,18],[-12,16],[-12,14],[-7,13],[-4,18],[1,14],[-2,6],[-1,6],[-6,13],[-7,22],[-5,24],[-4,19],[-2,19],[-1,15],[-4,14],[2,10],[1,10],[-2,9],[0,5],[1,4],[1,5],[-3,5],[-5,1],[-9,1],[-12,7],[-12,13],[-7,13],[-2,4],[-7,17],[-9,20],[-5,17],[-7,18],[-3,14],[0,11],[-4,19],[-6,23],[-6,14],[-7,13],[-5,12],[-5,11],[-3,6],[-3,0],[-5,-4],[-7,-2],[-7,2],[-12,-2],[-13,-1],[-13,-5],[-10,-3],[-8,-4],[-4,-1],[-6,-2],[-10,-2],[-10,-3],[-9,-2],[-9,-4],[-6,-5],[-7,-7],[-6,-5],[-5,-2],[-3,0],[-8,-5],[-30,-20],[-10,-6],[0,-1],[-2,0],[-8,-5],[-15,-33],[-6,-12],[-18,-40],[-36,-78],[-30,21],[-18,12],[-11,4],[-19,5],[-51,16],[-3,9],[-9,29],[-29,93],[-47,-3],[-51,-3],[-101,-53],[-58,87],[-71,89],[-2,2],[-33,17],[-57,71],[-6,15],[1,18],[1,23],[-7,37],[25,60],[2,5],[0,1],[1,1],[0,1],[2,3],[0,1],[3,10],[1,4],[40,87],[8,17],[24,149],[-12,56],[6,33],[-23,45],[-42,82]],[[44671,67477],[8,65],[-7,46],[23,73],[15,44],[6,45],[48,54],[19,37],[71,43],[-4,22],[22,113],[23,56],[2,2],[18,25],[-12,55],[23,32],[23,26],[5,5],[9,1],[3,0],[17,1],[39,-2],[106,37],[11,3],[33,29],[35,66],[46,71],[20,82],[-13,87],[13,44],[-12,51],[-26,59],[2,43],[4,29],[7,21],[9,16],[11,17],[8,18],[5,23],[8,21],[1,0],[4,12],[1,16],[3,7],[1,9],[-4,12],[-10,19],[-7,27],[-5,21],[-3,13],[-4,10],[-12,4],[-7,7],[-13,8],[-11,16],[-12,29],[0,1],[-1,4],[-4,23],[-2,13],[-3,30],[-2,42],[-7,25],[-9,20],[-1,2],[-13,32],[-1,20],[0,5],[1,10],[1,15],[-3,28],[-2,17],[0,4],[-1,14],[-1,11],[-1,5],[-5,2],[-8,11],[-6,19],[-9,17],[-6,27],[-2,19],[2,25],[2,12],[5,13],[8,19],[10,24],[14,22],[11,16],[6,6],[8,11],[5,11],[-1,11],[-2,17],[0,43],[1,9],[0,7],[-1,4],[-1,12],[2,13],[1,9],[-2,10],[-1,14],[1,21],[2,10],[2,9],[1,5],[2,5],[8,1],[16,4],[12,8],[11,8],[11,4],[15,3],[16,4],[9,5],[9,-1],[15,2],[1,0],[9,2],[8,5],[9,7],[8,2],[12,2],[5,-2],[6,-3],[5,-7],[5,-10],[4,-10],[7,-11],[6,-15],[8,-6],[51,-1],[21,2],[32,3],[20,1],[19,-4],[22,8],[9,-2],[15,-11],[13,-10],[11,-8],[16,-3],[7,-4],[6,5],[3,6],[2,5],[3,-6],[-1,-8],[4,-8],[2,-14],[6,-16],[0,-1],[2,-11],[3,-18],[4,-15],[6,-9],[5,-7],[7,-12],[5,-19],[3,-14],[9,-18],[0,-13],[-3,-6],[-4,-7],[-1,-7],[5,0],[6,9],[6,7],[5,4],[6,3],[9,5],[1,1],[14,6],[10,2],[11,-1],[10,2],[1,0],[11,4],[4,1],[1,0],[5,1],[9,-4],[13,-5],[26,-6],[9,-6],[11,-8],[10,-6],[30,-2],[44,-4],[22,7],[16,3],[11,-2],[9,-8],[12,-10],[19,-12],[21,-4],[10,-6],[10,-8],[11,-10],[8,-7],[11,15],[11,46],[9,19],[13,17],[10,8],[11,5],[15,-1],[15,2],[14,2],[9,2],[7,2],[13,5],[11,5],[12,9],[10,8],[6,2],[4,11],[5,14],[-4,11],[4,27],[3,24],[5,17],[5,20],[10,22],[11,18],[13,14],[14,7],[9,3],[2,1],[11,-1],[12,0],[11,3],[7,5],[3,10],[1,16],[6,27],[8,21],[9,16],[7,9],[8,3],[11,-4],[10,-8],[25,0],[10,-11],[9,-9],[10,-5],[13,4],[17,19],[10,6],[16,-1],[16,-4],[6,-3],[8,-5],[14,-2],[15,0],[15,-1],[7,-6],[8,-6],[18,-20],[3,-5],[0,-1],[3,-4],[0,-2],[2,-3],[9,-14],[1,-1],[10,-12],[9,-11],[13,-8],[8,-5],[2,-1],[9,-5],[4,-3],[2,-1],[1,0],[22,-8],[9,-4],[20,-10],[38,-26],[18,-12],[15,-7],[8,-4],[13,-5],[9,-4],[1,0],[4,-1],[17,0],[2,1],[7,1],[3,1],[1,0],[7,5],[8,11],[1,1],[6,11],[7,14],[12,11],[20,9],[5,2],[13,4],[7,4],[6,4],[9,5],[10,7],[6,4],[1,1],[8,6],[11,7],[14,10],[2,1],[8,8],[1,2],[4,6],[0,1],[1,1],[0,1],[2,2],[2,3],[2,2],[9,10],[3,2],[4,2],[1,0],[2,-2],[4,-3],[5,-3],[1,-1],[1,1],[1,0],[4,1],[1,0],[3,1],[13,3],[9,2],[5,2],[11,10],[11,15],[6,10],[9,16],[14,8],[6,4],[11,8],[12,8],[1,0],[14,6],[6,3],[20,4],[17,-4],[3,0],[11,-1],[4,2],[1,0],[1,2],[1,0],[2,8],[-1,3],[-3,7],[-1,6],[1,9],[2,10],[1,4],[2,7],[2,6],[1,15],[0,16],[3,18],[4,22],[6,10],[5,6],[3,3],[4,12],[1,6],[1,9],[2,12],[18,27],[11,17],[20,13],[22,18],[20,18],[16,16],[6,5],[5,5],[5,13],[7,9],[2,8],[1,8],[0,4],[3,8],[-1,10],[-3,38],[-5,18],[0,2],[1,21],[3,29],[5,14],[9,18],[9,10],[11,11],[13,12],[11,10],[9,7],[5,5],[2,6],[1,14],[0,15],[-1,16],[-2,10],[-1,6],[-1,20],[5,21],[9,25],[20,64],[20,25],[16,22],[12,16],[3,6],[4,-1],[3,-3],[8,-9],[11,-4],[16,-4],[17,-8],[16,-9],[19,-2],[24,0],[26,2],[17,5],[12,5],[16,13],[24,14],[14,8],[16,10],[8,14],[3,20],[13,86],[5,26],[7,18],[-2,19],[2,18],[4,22],[11,19],[7,19],[2,12],[3,12],[5,14],[3,11],[6,8],[2,3],[4,3],[2,2]],[[134,80533],[0,311],[-1,148],[0,2541],[1,170],[0,553],[1,74],[0,120],[-1,64],[0,815],[-1,96],[0,681],[1,136],[0,52],[1,86],[1,91],[1,167],[0,101],[1,39],[0,172],[1,4],[0,89],[1,57],[1,169],[1,56],[-1,24],[-4,73],[-1,25],[1,38],[2,116],[0,39],[4,236],[1,60],[1,101],[1,304],[1,102],[0,2],[-1,7],[-1,2],[0,17],[2,100],[6,299],[2,100],[2,85],[5,257],[1,85],[0,47],[1,12],[0,8],[1,83],[3,250],[1,83],[5,540],[0,188],[-1,47],[0,165],[-1,91],[-1,275],[0,134],[-3,181],[-1,80],[0,62],[-1,39],[0,18],[-6,345],[0,1],[1,14],[-1,199],[0,150],[-1,282],[0,104],[4,921],[2,501],[-1,278],[0,33],[1,214],[0,2],[1,134],[1,320],[0,87],[1,136],[0,277],[-1,29],[0,10],[-1,28],[0,37],[-1,20],[0,4],[-2,44],[0,75],[-1,11],[0,7],[1,20],[0,7],[-1,304],[0,179],[2,64],[0,5],[-1,52],[-4,152],[2,30],[0,4],[-1,16],[-1,228],[-1,192],[0,138],[-2,264],[0,88],[-1,156],[-2,468],[0,179],[-1,72],[0,24],[-1,282],[0,8],[-1,101],[-1,240],[0,1],[-1,291],[-1,258],[0,1],[-1,98],[-2,28],[1,17],[267,-4],[30,-1],[164,0],[42,1],[91,0],[44,1],[116,0],[58,-1],[92,0],[30,-1],[115,0],[77,-1],[72,0],[58,-1],[72,0],[93,-1],[97,-1],[87,0],[50,-1],[32,0],[118,-1],[80,0],[69,-1],[100,0],[194,-2],[113,0],[3,-1],[22,1],[74,1],[137,0],[72,-1],[64,0],[48,-2],[27,0],[35,2],[171,0],[12,1],[12,-1],[62,0],[40,1],[105,0],[25,-1],[59,0],[48,1],[45,0],[86,1],[175,0],[38,-1],[44,0],[16,-1],[155,0],[78,1],[204,0],[42,1],[5,0],[68,-2],[20,0],[64,-1],[422,0],[49,1],[702,0],[27,1],[354,0],[7,-1],[4,0],[42,-2],[15,-1],[7,-1],[909,0],[2,-2],[5,-2],[5,0],[48,-4],[138,0],[58,1],[66,1],[45,0],[10,-1],[16,0],[38,-1],[26,0],[39,-1],[15,0],[16,1],[54,3],[6,1],[12,3],[3,1],[20,0],[69,1],[20,1],[34,0],[76,1],[19,0],[32,1],[330,0],[11,-1],[703,0],[3,-1],[633,0],[101,-1],[106,1],[655,0],[171,1],[473,0],[55,1],[321,0],[13,6],[40,-1],[45,1],[166,0],[49,-1],[54,1],[32,0],[6,1],[36,0],[45,-1],[62,0],[32,-1],[4,0],[19,1],[26,1],[34,1],[313,0],[0,1],[2,-1],[11,0],[34,2],[73,2],[81,0],[53,3],[2,0],[162,5],[49,1],[11,0],[42,1],[22,1],[157,4],[35,0],[62,2],[2,0],[7,1],[3,0],[30,-2],[10,-1],[30,1],[90,1],[27,1],[27,0],[5,1],[13,0],[37,1],[17,0],[45,-1],[41,-1],[94,-1],[45,-1],[1,2],[3,5],[0,1],[130,3],[102,2],[6,0],[128,3],[154,3],[55,1],[34,1],[317,0],[61,-2],[42,0],[58,-1],[17,-1],[36,0],[13,-1],[5,0],[104,-2],[6,0],[100,2],[219,2],[1,0],[106,1],[688,0],[39,1],[206,0],[43,-1],[247,0],[21,1],[105,0],[92,-2],[36,-1],[410,0],[327,1],[59,0],[33,-1],[60,0],[6,1],[174,0],[72,-1],[67,0],[107,1],[338,0],[28,1],[161,1],[87,1],[103,1],[215,0],[19,1],[508,0],[18,-1],[642,0],[174,1],[567,2],[53,0],[161,1],[251,0],[49,1],[63,0],[91,1],[372,0],[61,1],[180,5],[8,0],[32,1],[31,1],[94,0],[154,1],[62,1],[133,0],[87,1],[71,0],[123,1],[58,0],[71,1],[216,2],[107,0],[38,1],[68,0],[20,1],[170,0],[84,1],[55,0],[67,-1],[67,0],[24,-1],[40,0],[96,-1],[79,0],[142,-1],[166,0]],[[23091,80551],[0,-73],[-24,0],[-36,-1],[-51,0],[-10,2],[-2,0],[-7,1],[-2,1],[-1,0],[-3,-1],[-13,-2],[-4,-1],[-28,0],[-9,-1],[-58,0],[-70,-2],[-24,0],[-78,-1],[-92,-2],[-144,-2],[-79,-1],[-13,0],[-3,-1],[-50,0],[-31,5],[-1,0],[-39,8],[-86,0],[-52,3],[-157,10],[-53,3],[-46,2],[-34,2],[-105,5],[-46,2],[-57,3],[-73,3],[-87,4],[-13,1],[-56,3],[-25,0],[-52,2],[-17,0],[-46,2],[-136,4],[-43,1],[-5,0],[-7,1],[-10,0],[-257,14],[-1,0],[-74,7],[-10,1],[-30,4],[-10,1],[-21,1],[-292,11],[-28,0],[-29,1],[-53,1],[-30,0],[-4,1],[-139,0],[-1,-14],[0,-6],[-36,0],[-10,-1],[-82,0],[-42,1],[-31,0],[-6,-1],[-14,0],[-38,1],[-12,0],[-5,1],[-13,0],[-52,2],[-189,0],[-35,1],[-373,0],[-67,-1],[-24,0],[-174,-2],[-22,-1],[-74,0],[-3,-1],[-20,3],[-55,6],[-16,1],[-24,1],[-27,0],[-82,-3],[-27,0],[-22,-1],[0,-27],[-51,0],[-34,-1],[-103,-1],[-34,-1],[-6,0],[-23,1],[-68,3],[-23,1],[-25,0],[-76,1],[-179,0],[-9,-2],[-4,0],[-4,-1],[-1,0],[-2,-1],[-78,0],[-45,-1],[-54,0],[-70,-1],[-46,0],[-67,-1],[-75,0],[-15,2],[-28,0],[-24,-1],[-46,0],[-23,-1],[-20,0],[-60,-1],[-20,-1],[-47,0],[-1,-1],[-3,1],[-59,0],[-156,1],[-4,0],[-25,-1],[-79,0],[-50,-1],[-56,0],[-57,-1],[-32,0],[-26,-1],[-74,0],[-23,-1],[-151,-1],[-59,-1],[-46,0],[-140,-1],[-133,0],[-47,1],[-63,0],[-74,1],[-3,1],[-65,0],[-57,1],[-19,0],[-36,1],[-14,0],[-100,1],[-100,0],[-10,1],[-55,0],[-6,-1],[-11,0],[-11,1],[-16,0],[-9,1],[-55,-5],[-32,0],[-46,2],[-58,-2],[-34,-1],[-69,-2],[-88,-1],[-119,-1],[-103,0],[-2,-1],[-117,0],[-178,-2],[-78,0],[-54,-1],[-160,-1],[-99,0],[-67,-1],[-69,0],[-46,-1],[-39,0],[-118,-1],[-1068,0],[-122,1],[-238,0],[-112,1],[-191,0],[-76,1],[-257,0],[-202,1],[-235,0],[-43,1],[-289,0],[-82,1],[-312,0],[-135,1],[-216,0],[-59,1],[-247,0],[-22,1],[-164,0],[-37,1],[-187,0],[-83,1],[-122,0],[-43,1],[-134,0],[-40,1],[-87,0],[-208,1],[-54,0],[-86,1],[-130,0],[-80,1],[-93,0],[-155,1],[-464,0],[-1,-1],[-1,0],[-4,-2],[-5,1],[-28,1],[-9,1],[-1409,0],[-565,2],[-188,1],[-3,0],[-8,-1],[-10,0],[-47,1],[-153,3],[-11,0],[-54,1],[-16,0],[-127,1],[-194,1],[-44,1],[-105,0],[-39,1],[-1114,0],[-26,-1],[-826,0],[-58,-1],[-194,0],[-38,-1],[-266,0],[-82,-1],[-247,-1],[-274,0],[-7,-1],[-180,0],[-234,-1],[-109,0],[-44,1],[-65,1],[-80,1],[-48,1],[-121,0],[-16,1],[-11,-3],[-159,0],[-39,1],[-11,0],[-34,2],[-21,0],[-29,-1],[-15,0],[-16,-1],[-6,0]],[[53135,53284],[18,0]],[[53153,53284],[620,0],[29,-1],[85,-2],[29,-1],[51,0],[25,1],[302,0],[22,1],[463,0],[107,1],[93,0],[21,-1],[6,-1],[390,0],[130,-2],[539,0],[8,1],[53,0],[149,2],[85,0],[137,1],[44,0],[78,1],[155,0],[142,1],[63,1],[160,0],[226,2]],[[58663,41322],[-130,5],[-15,0],[-43,2],[-15,0],[-40,2],[-120,3],[-40,2],[-69,2],[-63,2],[-125,4],[-20,1],[-33,1],[-35,1],[-1,0],[-54,5],[-25,3],[-140,1],[-49,1],[-72,0],[-17,1],[-18,0],[-56,1],[-19,1],[-129,0],[-29,5],[-30,4],[-43,8],[-33,5],[-99,16],[-26,4],[-11,-5],[-6,-3],[-3,-2],[-7,-5],[-3,-3],[-22,-17],[-8,-1],[-4,-1],[-18,-7],[-8,-3],[-59,-22],[-4,-2],[-12,-4],[-19,-7],[-2,-1],[-1,-1],[-10,-4],[-3,-1],[-10,-5],[-3,-1],[-26,-12],[-12,-6],[-35,-3],[-34,-2],[-27,-2],[-1,0],[-42,-3],[-96,-5],[-30,-2],[-2,0],[-7,-1],[-5,0],[-26,-2],[-20,0],[-55,-2],[-18,0],[-28,-1],[-26,-1],[-51,-1],[-46,0],[-14,1],[-18,0],[-41,1],[-14,0],[-23,1],[-7,0],[-91,4],[-12,1],[-60,0],[-71,-1],[-135,0],[-107,-1],[-207,0],[-43,-1],[-225,0],[-17,-1],[-138,0],[-231,-1],[-113,0],[-124,-1],[-31,0],[-87,-1],[-47,0],[-1,293],[0,6],[1,65],[3,217],[0,15],[1,26],[0,32],[1,5],[0,35],[1,8],[0,33],[7,121],[23,369],[0,4],[-66,2],[-2,0],[-53,-6],[-60,-6],[-100,2],[-54,0],[-10,1],[-40,0],[-28,1],[-87,1],[-29,1],[-66,0],[-16,1],[-67,0],[-68,1],[-332,5],[-7,0],[-216,5]],[[55741,72835],[-236,0],[-18,6],[-11,-2],[-6,-4],[-6,0],[-10,1],[-204,2],[-125,2],[-17,0],[-10,1],[-3,0],[-54,2],[-2,-1],[-2,0],[-21,-2],[-8,-1],[-10,-1],[-20,0],[-33,1],[-40,1],[-89,4],[-10,-8],[-1,-1],[-2,-3],[-1,-1],[0,-1],[-2,-1],[-1,1],[-1,0],[-4,1],[-1,1],[-1,0],[-9,4],[-5,2],[-1,0],[-2,1],[-16,0],[-7,-1],[-14,-6],[-3,-2],[-60,13],[-128,-3],[-1,0],[-21,2],[-4,0],[-76,6],[-5,-1],[-1,0],[-90,-7],[-2,0],[-253,-2],[-11,0],[-12,4],[-2,1],[-8,-1],[-57,-4],[-188,-8],[-10,0],[-334,8],[-4,0],[-3,-1],[-36,0],[-24,-1],[-16,0],[-8,-1],[-46,0],[-85,-1],[-244,-1],[-39,-2],[-121,-4],[-4,0],[-90,-2],[-7,0],[-122,-4],[-26,-1],[-64,0],[-5,-2],[-8,0],[-1,1],[-1,-1],[-2,0],[-43,-1],[-92,-3],[-169,-4],[-37,0]],[[48215,73298],[11,20],[-1,2],[-2,0],[-37,-11],[-10,-1],[-5,0],[-25,12],[-4,1],[-11,1],[-17,9],[-2,3],[-1,0],[-4,5],[0,1],[-3,5],[-13,29],[-7,12],[-13,21],[-8,14],[-2,2],[-6,7],[-23,14],[-14,8],[-4,5],[-3,8],[-2,9],[-15,19],[-26,24],[-4,7],[-2,9],[-2,13],[2,18],[2,22],[4,10],[9,24],[11,22],[0,4],[-1,5],[-6,10],[-3,8],[-5,21],[-3,2],[-7,5],[-3,6],[-9,25],[0,11],[10,25],[4,7],[31,39],[6,5],[13,5],[7,3],[3,5],[5,9],[4,19],[-1,26],[1,9],[2,7],[4,6],[21,23],[16,21],[6,5],[-20,13],[-24,10],[-1,3],[-1,25],[1,21],[-3,20],[2,12],[-6,8],[-5,10],[-3,13],[1,15],[8,42],[2,17],[-4,16],[-14,36],[-7,13],[0,1],[-1,3],[10,28],[11,79],[7,31],[8,14],[10,25],[11,19],[1,16],[19,24],[1,3],[-2,8],[-5,11],[-2,10],[1,19],[1,7],[6,24],[0,6],[-2,6],[-22,38],[-11,13],[-1,7],[20,51],[-2,39],[4,17],[6,14],[23,33],[7,17],[4,15],[-1,44],[-21,-4],[-5,0],[-41,14],[-16,8],[-17,14],[-5,8],[-5,10],[-4,16],[0,55],[3,12],[7,22],[1,3],[0,17],[-1,6],[-1,17],[-1,4],[-2,4],[-4,7],[0,4],[-1,4],[1,6],[6,10],[2,5],[1,4],[6,25],[3,11],[12,18],[6,6],[1,0],[-19,37],[-3,17],[0,5],[4,17],[4,21],[2,5],[-1,4],[-2,3],[-4,5],[-1,4],[1,8],[1,12],[1,22],[0,13],[-3,14],[0,2],[1,15],[2,11],[7,7],[1,0],[3,3],[6,2],[9,-2],[8,-9],[13,-13],[20,-11],[1,-1],[6,-1],[5,-1],[15,-9],[6,-1],[15,2],[6,-3],[6,-2],[4,1],[17,6],[18,7],[5,3],[27,28],[6,5],[12,5],[37,10],[18,5],[7,2],[4,0],[5,-2],[10,-7],[11,-4],[8,-1],[5,0],[35,4],[25,0],[15,-2],[4,2],[5,7],[8,16],[5,12],[2,12],[20,18],[19,11],[9,3],[19,5],[34,14],[6,5],[11,7],[-5,8],[-8,14],[-1,4],[1,6],[0,40],[14,29],[32,70],[9,16],[16,26],[1,3],[3,4],[2,4],[1,3],[48,82],[39,22],[8,21],[0,21],[7,35],[8,18],[12,20],[2,20],[-6,13],[-1,9],[4,14],[-1,12],[1,8],[5,16],[2,11],[-1,6],[-3,10],[1,6],[4,13],[10,15],[2,8],[0,7],[-1,8],[-5,11],[-9,11],[-23,12],[-9,-2],[-7,15],[-16,10],[-14,28],[-1,5],[-3,5],[-6,6],[-6,-1],[-3,9],[-6,11],[-2,12],[0,9],[-4,10],[-1,19],[-12,20],[-20,10],[-9,2],[-4,9],[-1,3],[0,12],[-28,66],[-4,22],[18,30],[5,9],[12,49],[8,31],[7,27],[8,6],[4,17],[18,17],[4,4],[24,19],[6,0],[4,8],[14,18],[5,0],[36,-21],[-26,71],[-2,8],[-1,9],[-1,28],[2,17],[-1,6],[-3,10],[3,3],[8,-1],[8,2],[6,5],[1,1],[7,0],[12,11],[10,15],[4,4],[5,0],[14,6],[4,3],[5,14],[1,7],[3,14],[1,17],[-2,54],[1,8],[3,11],[8,16],[11,14],[9,7],[-20,0],[-4,1],[-9,20],[-9,11],[-1,3],[-4,27],[-2,15],[2,3],[11,8],[2,6],[-1,8],[-2,8],[-3,6],[-1,11],[4,16],[6,7],[14,22],[1,6],[-1,18],[-7,21],[-4,43],[2,18],[-4,31],[1,17],[-1,15],[2,9],[3,3],[4,-1],[4,-4],[4,0],[3,1],[12,18],[5,14],[1,11],[-1,6],[-2,4],[-10,11],[-11,12],[-3,18],[-3,4],[-18,26],[-9,23],[0,5],[-2,9],[-6,15],[6,17],[1,38],[-8,57],[3,16],[2,5],[9,11],[0,5],[-5,10],[0,10],[5,10],[4,37],[4,26],[7,25],[4,5],[11,4],[18,-1],[10,-2],[16,10],[7,7],[3,11],[-2,23],[11,38],[9,14],[12,21],[7,5],[9,0],[-24,43],[0,11],[4,16],[5,6],[0,9],[-17,36],[9,37],[8,15],[4,11],[9,18],[7,8],[2,7],[-4,5],[-1,3],[-2,5],[-2,2],[-7,4],[-13,9],[-9,8],[-6,9],[-3,11],[-9,21],[-1,13],[-1,11],[0,20],[2,14],[2,12],[-3,15],[0,18],[5,19],[5,20],[0,16],[-1,17],[-4,9],[-6,7],[-19,5],[-15,3],[-16,11],[-8,7],[-6,9],[-8,11],[-4,12],[0,20],[2,40],[3,34],[-1,20],[-2,14],[-5,11],[-1,1],[-11,8],[-24,8],[-22,13],[-19,9],[-23,4],[-7,3],[-7,5],[-2,2],[-4,1],[-4,-3],[-6,1],[-21,13],[-11,9],[-4,6],[-2,10],[-1,11],[1,9],[1,7],[1,3],[1,4],[-2,0],[-4,-4],[-15,-8],[-26,2],[-52,11],[-6,1],[-19,6],[-3,1],[-2,6],[-3,16],[-2,9],[-3,9],[-4,6],[-7,9],[-8,11],[-10,9],[-13,6],[-6,4],[-5,6],[-3,8],[-1,7],[0,10],[-1,8],[-6,5],[-14,0],[-17,2],[-16,4],[-16,8],[-9,7],[-3,8],[-5,7],[-9,7],[-2,1],[-3,21],[-1,19],[4,10],[4,13],[-1,10],[-7,9],[-12,8],[-1,1],[-8,10],[-3,3],[-2,1],[-4,-1],[-2,1],[-3,3],[-1,2],[-3,10],[-4,14],[-1,17],[0,9],[-5,18],[-1,21],[3,6],[6,5],[2,3],[9,8],[5,5],[3,4],[2,5],[-1,4],[0,19],[4,10],[13,15],[4,2],[16,5],[-2,2],[-5,6],[-1,2],[-2,2],[-2,3],[-1,2],[-4,7],[-1,9],[-1,4],[0,3],[-1,1],[0,4],[-1,2],[1,3],[1,9],[0,3],[-1,9],[-1,10],[-3,11],[-3,4],[-1,0],[-4,5],[-4,3],[-2,2],[-2,3],[0,2],[6,30],[3,17],[5,8],[7,9],[-1,3],[-5,5],[-16,13],[-14,18],[-4,12],[0,1],[-6,12],[-4,13],[0,17],[-1,7],[-2,10],[1,8],[3,8],[8,11],[7,11],[5,13],[-2,13],[1,17],[-3,11],[-1,8],[-3,6],[-6,2],[-10,-1],[-7,-1],[-19,3],[-12,6],[-12,10],[-9,11],[-9,13],[-6,15],[-6,14],[0,9],[-1,4],[2,28],[-3,13],[0,7],[6,19],[-2,13],[-4,18],[0,18],[1,34],[1,15],[0,5],[1,22],[-2,12],[3,11],[7,16],[5,21],[3,9],[-2,7],[-7,17],[-9,30],[0,16],[10,8],[8,8],[7,-1],[9,7],[16,20],[4,3],[2,8],[6,11],[4,9],[8,12],[2,12],[10,14],[10,13],[5,13],[0,11],[-2,10],[-5,16],[-2,10],[5,17],[0,10],[-3,19],[-1,16],[3,12],[8,15],[2,9],[-1,5],[-4,5],[-5,14],[-3,19],[0,15],[-1,13],[-1,15],[4,16],[4,19],[6,22],[4,9],[8,8],[12,6],[13,2],[26,-4],[19,-10],[15,3],[5,3],[-1,3],[-4,2],[-23,23],[-31,35],[-19,18],[-5,11],[-1,11],[2,20],[5,19],[5,12],[6,12],[0,11],[-3,10],[-4,8],[-3,7],[1,10],[2,9],[7,11],[7,12],[1,11],[-2,8],[0,9],[1,4],[1,3],[7,1],[9,5],[7,10],[7,9],[7,15],[3,9],[2,11],[-1,17],[-2,19],[-7,15],[-4,10],[-2,12],[-1,17],[3,16],[4,17],[8,19],[10,23],[8,22],[12,26],[3,8],[-1,4],[-1,6],[1,8],[10,18],[10,11],[1,2],[5,9],[2,9],[-1,50],[1,29],[2,12],[6,8],[5,4],[5,2],[28,0],[46,-2],[32,1],[15,0],[17,-5],[16,-2],[15,1],[25,9],[15,8],[3,3],[-21,16],[-27,20],[-9,10],[-4,4],[-10,12],[-4,3],[-7,9],[-15,20],[-5,14],[-1,18],[0,33],[1,24],[-2,20],[-5,11],[-8,11],[-2,3],[-10,19],[-3,16]],[[48536,81476],[157,1],[3,0],[91,-1],[18,0],[14,1],[1,0],[108,1],[113,3],[120,0],[134,5],[23,0],[3,1],[1,0],[37,1],[206,9],[271,5],[77,0],[72,-1],[39,-1],[34,-2],[55,0],[8,-1],[37,-1],[19,-2],[8,0],[31,2],[4,0],[11,-1],[5,0],[11,-1],[26,-1],[56,-4],[38,0],[3,-1],[4,-1],[23,-1],[65,-3],[200,-10],[51,-2],[74,-14],[130,0],[195,-4],[4,0],[96,-5],[9,0],[28,1],[2,0],[264,-16],[4,-1],[60,-3],[2,0],[22,-1],[47,-3],[3,0],[14,1],[14,-2],[39,0],[18,-2],[5,-1],[112,-5],[32,0],[20,-1],[29,-1],[78,-2],[11,0],[2,-1],[31,0],[26,-2],[27,0],[132,2],[30,0],[224,85],[292,13],[95,0],[0,-1],[1,0],[13,-2],[155,0],[14,2],[1,1],[47,1],[10,1],[50,0],[4,1],[2,0],[4,1],[1,0],[2,1],[21,0],[47,2],[1,0],[91,2],[31,1],[304,12],[13,0],[23,3],[4,-1],[167,-4],[25,0],[32,-3],[70,0],[14,-1],[50,-1],[58,0],[1,-1],[2,0],[14,-2],[55,0],[46,-2],[1,0],[63,-3],[17,0],[61,-2],[39,-2],[17,0],[7,-1],[11,0],[19,-2],[22,-2],[57,-3],[15,0],[31,-3],[43,-1],[14,0],[108,-3],[13,-1],[6,-1],[2,0],[4,-1],[106,0],[107,-3],[24,0],[3,3],[2,1],[6,2],[2,1],[3,0],[2,-3],[1,0],[2,-1],[3,-3],[181,0],[17,4],[3,1],[2,0],[5,-1],[4,0],[4,-4],[59,1],[13,0],[84,1],[7,2],[14,0],[8,-1],[2,0],[14,-1],[30,0],[9,1],[42,0],[4,1],[7,0],[13,-1],[48,0],[51,-1],[46,0],[68,-1],[77,0],[60,-1],[36,0],[5,6],[7,7],[22,0],[6,-1],[1,0],[94,-2],[6,0],[46,-2],[47,0],[3,-1],[61,-2],[26,0],[11,3],[29,0],[39,-1],[3,0],[27,1],[6,0],[3,2],[20,0],[7,1],[41,0],[56,1],[48,1],[12,0],[58,-2],[0,1],[3,1],[3,0],[8,-1],[5,0],[21,1],[81,0],[2,1],[38,0],[50,1],[20,0],[39,1],[16,0],[55,1],[20,0],[1,1],[36,0]],[[99939,40457],[0,-13],[-1,-91],[1,-41],[0,-182],[-1,-9],[-1,-25],[0,-300],[1,-6],[0,-281],[2,-238],[1,-9],[0,-7],[1,-7],[0,-199],[-1,-3],[0,-2],[-6,-365],[0,-358],[1,-1],[0,-1],[1,0],[2,-1],[1,-1],[1,0],[0,-70],[-1,-37],[0,-33],[-1,-26],[0,-339],[1,-12],[0,-526],[1,-44],[0,-1],[-1,-23],[0,-686],[1,-90],[0,-57],[2,-68],[0,-136],[1,-18],[0,-86],[-1,-60],[0,-1],[-2,-215],[0,-179],[1,-1],[1,-4],[0,-416],[-1,-40],[0,-153],[-1,-31],[0,-41],[1,-1],[0,-4],[1,-5],[0,-205],[-1,-2],[0,-1],[-1,-1],[0,-3],[4,-702],[0,-32],[2,-134],[0,-9],[-1,-918],[0,-13],[1,-1],[0,-137],[1,-1],[0,-2],[1,0],[0,-2],[-1,-10],[0,-33],[-1,-50],[0,-265],[-1,-7],[0,-206],[1,-1],[0,-187],[1,-48],[0,-124]],[[99948,31820],[-281,1],[-1,0],[-7,-1],[-11,-1],[-5,-1],[-7,0],[-4,-1],[-59,0],[-105,1],[-83,0],[-56,-3],[-317,0],[-7,-1],[-64,-1],[-7,0],[-16,-1],[-29,0],[-3,3],[-1,0],[-2,1],[-3,1],[-2,-1],[-11,0],[-73,-3],[-46,-1],[-50,1],[-37,-4],[-30,4],[-3,0],[-6,-1],[-90,0],[-10,-1],[-36,-1],[-29,-1],[-8,1],[-95,0],[-3,-2],[-2,2],[-2,1],[-4,0],[-3,1],[-28,0],[-153,-1],[-22,0],[-77,-1],[-46,-1],[-13,-1],[-66,7],[-1,0],[-124,-2],[-8,-1],[-46,0],[-84,-4],[-22,-1],[-38,-1],[-60,0],[-2,1],[-54,-2],[-27,2],[-12,-1],[-140,2],[-32,0],[-250,-1],[-22,-1],[-88,-1],[-129,-1],[-294,-2],[-270,-1],[-94,0],[-34,-1],[-75,0],[-32,2],[-10,1],[-276,0],[-220,1],[-78,0],[-184,-2],[-46,0],[-134,-1],[-82,0],[-41,-1],[-131,0],[-139,-1],[-85,0],[-122,-1],[-29,0],[-19,1],[-6,0],[-476,-7],[-5,5],[-15,0],[-13,-1],[-15,0],[-40,1],[-4,0],[-53,2],[-3,0],[-22,1],[-2,0],[-80,1],[-215,-6],[-141,-1],[-231,-2],[-661,-10],[-341,2],[-44,1],[-8,0],[-254,4],[-52,0],[-92,-1],[-94,0],[-14,1],[-14,0],[-255,-5],[-189,0],[-246,-1],[-91,0],[-269,-3],[-162,-1],[-23,4],[-8,0],[-36,-1],[-87,-3],[-2,0],[-124,-3],[-8,0]],[[90006,31776],[-138,-4],[-23,0],[-7,-1],[-14,0],[-19,-1],[-70,-1],[-11,0],[-55,3],[-11,1],[-168,9],[-11,1],[-1,0],[-194,10],[-7,0],[-4,1],[-71,0],[-3,2],[-323,-21],[0,-1],[-1,-3],[0,-3],[-2,-3],[-3,0],[-12,-1],[-25,0],[-113,-1],[-27,0],[-65,5],[-12,2],[-21,7],[-2,1],[-108,0],[-38,-1],[-89,0],[-31,-1],[-171,-2],[-88,-1],[-57,0],[-57,-1],[-170,-1],[-83,-1],[-118,0],[-111,-1],[-97,0],[-77,1],[-110,0],[-13,1],[-2,3],[-123,0],[-2,1],[-2,0],[-26,-1],[-39,-2],[-17,0],[-36,-2],[-2,0],[0,-1],[-598,0],[0,-8],[-156,2],[-164,-1],[-6,0],[-136,1],[-20,0],[-210,1],[-88,0],[-31,-1],[-2,1],[-2,2],[-44,-1],[-2,1],[-144,-4],[-56,-1],[-13,0],[-298,-1],[-1,0],[-407,3],[-59,-4],[-21,2],[-128,-10],[-330,0],[-5,1],[-42,0],[-40,-1],[-38,0],[-118,-2],[-79,0],[-8,-1],[-97,0],[-93,-1],[-105,0],[-70,-1],[-86,0],[-40,-1],[-358,0],[-59,-1],[-284,0],[-273,-1],[-326,-1],[-83,0],[-536,-2],[-169,-1],[-115,0],[0,-4],[-128,0],[-8,-1],[-1,0],[-104,3],[-18,1],[-89,0]],[[80638,31738],[-141,0],[-2,1],[-1,0],[-1,-2],[-2,-1],[-2,-2],[-85,0],[-11,-1],[-10,1],[-3,-1],[-4,-2],[-6,0],[-26,-1],[-35,1],[-101,0],[-103,-4],[-244,0],[-393,1],[-34,0],[-229,-1],[-18,0]],[[79187,31727],[0,66],[1,134],[0,5],[1,5],[0,1270],[1,38],[0,15],[1,6],[1,4],[0,37],[-3,246],[0,6],[-2,94],[0,1],[-74,-1],[1,366],[0,32],[2,418],[1,800],[0,21],[4,341],[0,31],[2,160],[4,484],[2,252],[3,295],[0,3],[1,89],[0,1],[1,69],[2,208],[1,84],[0,63],[1,2],[0,3],[8,211],[0,409]],[[79146,37995],[0,180],[52,3],[14,0],[108,3],[77,-1],[21,0],[267,-3],[57,-1],[39,0],[6,3],[69,0],[88,-2],[28,0],[5,-1],[12,0],[268,-5],[217,-1],[1,0],[119,-1],[52,0],[19,-1],[135,0],[36,-1],[78,0],[6,1],[22,0],[2,1],[2,0],[9,1],[2,0],[29,1],[57,-2],[3,0],[204,7],[266,0],[12,-1],[201,0],[283,-1],[213,0],[66,1],[475,0],[56,5],[1,0],[1,1],[1,0],[4,1],[57,2],[24,0],[35,1],[5,0],[21,1],[8,0],[15,1],[1,0],[63,4],[10,0],[22,2],[92,3],[6,0],[3,1],[14,0],[9,1],[17,0],[26,1],[25,0],[27,1],[51,2],[66,2],[43,0],[4,1],[6,0],[3,1],[1,0],[27,1],[49,1],[2,0],[19,1],[21,1],[6,0],[6,1],[59,2],[16,0],[48,1],[33,0],[87,2],[12,1],[4,0],[0,204],[-1,520],[0,1],[-1,174],[0,545],[1,709],[0,19]],[[83871,40389],[198,8],[76,3],[77,2],[170,7],[1,0],[75,4],[48,2],[141,7],[1,0],[23,1],[229,12],[14,0],[258,9],[2,0],[265,9],[1,0],[112,1],[47,0],[96,-1],[226,0],[39,-1],[194,-4],[67,0],[98,3],[140,2],[37,0],[511,2],[266,0],[267,-4],[204,-3],[51,-2],[304,-3],[84,-1],[401,-2],[259,-1],[10,1],[283,0],[30,-1],[109,0],[13,-1],[87,0],[123,-3],[157,-4],[167,-1],[43,-1],[15,0],[20,-1],[33,0],[69,-1],[80,-1],[84,0],[119,-2],[135,-1],[50,0],[208,-3],[2,0],[76,-1],[44,0],[26,-1],[116,-2],[184,-4],[22,2],[406,-5],[107,0],[71,-8],[126,8],[7,0],[250,1],[48,1],[62,0],[20,-1],[6,-1],[72,0],[34,1],[41,1],[62,0],[29,1],[25,0],[199,1],[66,0],[7,1],[53,0],[34,1],[112,1],[40,1],[267,3],[8,0],[3,-1],[5,2],[100,5],[4,-1],[5,1],[130,5],[61,1],[138,4],[34,1],[107,5],[45,2],[140,4],[24,0],[27,1],[82,-1],[134,0],[1,1],[1,0],[5,-1],[29,0],[17,1],[13,1],[13,-1],[52,2],[21,0],[27,1],[18,0],[32,1],[42,0],[21,1],[63,0],[63,1],[126,0],[41,1],[15,0],[65,1],[2,0],[10,-1],[46,0],[53,1],[2,0],[262,2],[2,0],[126,-1],[7,-1],[7,1],[86,0],[25,1],[9,-1],[28,0],[18,1],[18,-1],[58,0],[98,-1],[18,1],[11,-1],[8,-1],[3,0],[3,1],[2,0],[26,4],[498,-9],[41,0],[216,3],[260,2],[4,1],[1,-1],[124,0],[105,-1],[291,-3],[255,5],[19,0],[391,2],[3,0],[381,-5],[18,0],[247,-5],[272,4],[12,0],[15,-1],[105,0],[67,1],[8,1],[2,0],[4,-1],[26,-1],[18,1],[91,0],[52,1],[55,-1],[51,1],[27,2],[13,3],[7,3],[1,0],[5,1],[9,1],[1,0],[9,4],[2,1],[8,1],[2,0],[5,-1],[7,0],[0,-1],[1,-9],[0,-2],[1,-1],[0,-1],[169,0],[6,-1],[67,1],[25,1]],[[35060,50001],[13,19],[16,31],[5,12],[20,41],[14,51],[-3,82],[0,3],[-7,68],[3,86],[-3,77],[3,99],[46,102],[-12,68],[-26,58],[-51,42],[-22,53],[7,62],[1,13],[17,62],[8,110],[0,28],[32,15],[71,4],[12,0],[70,40],[50,39],[43,106],[2,6],[-7,75],[1,42]],[[35363,51495],[956,-10],[13,0],[133,-1],[79,-6],[537,-8],[973,-15],[192,0],[96,4],[309,0],[352,-6],[1,0],[195,-2],[170,7],[408,0],[31,1],[179,-2],[99,0],[211,2],[579,-10]],[[44028,42411],[71,-28],[32,-31],[51,11],[5,-6],[15,-21],[16,-5],[21,-5],[33,4],[23,15],[23,1],[15,2],[12,-15],[11,4],[20,-9],[0,-22],[-1,-1],[0,-31],[7,-19],[4,-15],[6,-28],[-1,-18],[14,-12],[15,-10],[6,-1],[7,-2],[26,-3],[15,-14],[24,-13],[35,-10],[28,-9],[17,-19],[5,-9],[30,-9],[35,-12],[3,-26],[8,-18],[12,-16],[19,-11],[9,-2],[4,-48],[-19,-24],[-8,-15],[-5,-17],[-5,-6],[2,-7],[8,-13],[1,-18],[1,-17],[-5,-12],[-18,-13],[3,-75],[17,-8],[28,-18],[30,-25],[7,-38],[-6,-31],[-3,-22],[-7,-22],[16,-8],[37,3],[44,-89],[9,-7],[2,-17],[5,-31],[48,-4],[6,0],[10,-10],[8,-14],[3,-19],[-3,-24],[-11,-23],[-11,-22],[-22,-20],[-1,-15],[0,-7],[-1,-3],[-1,-8],[-16,-18],[-3,-13],[-9,-5],[27,-59],[10,-38],[-5,-21],[-3,-42],[-17,-17],[-18,-11],[-20,-39],[-8,-21],[-18,-15],[-7,-13],[-6,-31],[29,-80],[25,-19],[28,-5],[33,-42],[21,-12],[21,5],[24,-25],[8,-28],[2,-4],[6,-2],[5,-3],[6,1],[6,4],[2,2],[0,9],[18,-7],[11,-7],[2,-9],[7,-20],[2,-26],[-2,-9],[3,-5],[6,4],[11,6],[15,3],[15,4],[13,12],[8,10],[8,5],[8,-4],[8,-10],[11,-8],[12,-4],[13,-3],[15,-8],[12,-7],[11,-7],[13,-9],[9,-8],[7,-9],[4,-19],[5,-8],[4,-9],[2,-11],[-7,-18],[-4,-12],[2,-12],[-3,-38],[3,-13],[4,-17],[5,-12],[11,-25],[12,-15],[10,-28],[11,-27],[9,-19],[11,-21],[7,-9],[4,-4],[0,-1],[7,-14],[5,-27],[4,-25],[1,-32],[1,-21],[4,-25],[1,-26],[0,-12],[-3,-16],[-5,-15],[-3,-14],[-1,-12],[-4,-12],[-4,-7],[-6,-15],[-4,-15],[-2,-21],[-4,-15],[-7,-15],[-9,-16],[-7,-12],[-23,-23],[-7,-15],[-8,-19],[-7,-19],[-10,-14],[-8,-11],[-9,-10],[-11,-8],[-12,-9],[-9,-12],[-5,-11],[-4,-16],[-5,-22],[-4,-22],[-5,-18],[0,-17],[3,-7],[5,-11],[1,-15],[-2,-26],[-3,-27],[-2,-19],[2,-17],[5,-13],[-1,-13],[-4,-23],[-3,-21],[-4,-18],[-5,-8],[-7,-9],[-4,-11],[-1,-11],[8,-6],[10,-6],[12,-9],[11,-6],[10,-1],[7,-5],[2,-11],[4,-8],[12,-9],[7,-8],[11,-12],[6,-7],[-1,-9],[-2,-13],[-2,-17],[2,-10],[8,-14],[6,-11],[-1,-11],[3,-10],[4,-9],[1,-3],[0,-8],[-5,-12],[0,-11],[-1,-30],[0,-19],[-3,-14],[-8,-10],[-30,-5],[-19,-1],[-12,1],[-13,-1],[-11,-10],[-10,-18],[-11,-20],[-5,-11],[-2,-17],[2,-15],[8,-24],[4,-28],[3,-19],[0,-18],[-2,-29],[-2,-14],[-15,-30],[-8,-7],[-10,0],[-20,5],[-14,-1],[-16,-9],[-14,-14],[-14,-11],[-17,-10],[-16,-5],[-12,-7],[-5,-14],[0,-42],[1,-23],[1,-19],[3,-21],[1,-18],[-3,-22],[1,-22],[-2,-21],[-5,-27],[-7,-25],[-5,-21],[-4,-20],[2,-27],[4,-22],[1,-15],[-3,-15],[-8,-10],[-5,-11],[0,-9],[11,-7],[7,-5],[9,-11],[3,-23],[4,-29],[-1,-20],[-6,-11],[-8,-12],[-2,-12],[1,-14],[1,-11],[-6,-11],[-12,-12],[-5,-12],[-9,-16],[-6,-14],[-4,-11],[-9,-3],[-5,-12],[1,-13],[0,-24],[-2,-20],[-1,-20],[-3,-27],[-1,-16],[0,-20],[4,-10],[4,-12],[1,-15],[3,-12],[15,-27],[11,-12],[6,-11],[6,-18],[2,-13],[-2,-18],[-4,-17],[-5,-17],[-2,-18],[0,-15],[-1,-16],[-6,-21],[-5,-12],[-10,-11],[-17,-5],[-44,-6],[-5,-1],[-3,0],[-232,-30],[-73,-10],[-60,-7],[-3,-3],[-7,-10],[-4,-5],[-6,-10],[-2,-2],[-43,-57],[-97,-133],[-4,-5],[-13,-18],[-10,-13],[-14,-18],[-1,-2],[-482,-661],[-3,-4],[-202,-276],[-126,-173],[-19,-29]],[[43444,36253],[-6,3],[-9,2],[-11,3],[-10,2],[-10,6],[-6,2],[-23,9],[-4,3],[-10,8],[-10,15],[1,14],[2,15],[3,23],[4,19],[1,7],[-5,5],[-3,6],[-1,9],[-2,12],[-5,15],[-9,12],[-5,6],[-5,1],[-12,-2],[-6,0],[-12,2],[-6,-2],[-9,-6],[-15,-5],[-10,-2],[-8,0],[-11,-1],[-21,0],[-7,-3],[-5,-2],[-8,-1],[-4,2],[-4,1],[-8,1],[-7,-2],[-8,-3],[-4,0],[-7,5],[-11,4],[-6,4],[-6,6],[-7,5],[-5,3],[-14,6],[-11,4],[-5,2],[-2,3],[-6,6],[-15,9],[-12,6],[-5,3],[-3,2],[-6,8],[-10,10],[-10,3],[-11,4],[-6,9],[-7,12],[-4,4],[0,-1],[-2,-4],[-4,-10],[-8,-6],[-10,-7],[-28,-20],[-13,-12],[-14,-8],[-11,-7],[-9,-11],[-16,-11],[-17,-4],[-16,7],[-9,5],[-7,2],[-13,0],[-6,3],[-6,10],[-6,8],[-10,12],[-7,9],[-10,11],[-1,1],[-2,0],[0,-2],[-1,-4],[-1,-6],[-1,-4],[-5,-5],[-5,-7],[-5,-6],[-3,-7],[-3,-8],[0,-12],[1,-12],[0,-8],[2,-16],[0,-8],[-4,-12],[-6,-10],[-9,-12],[-7,-10],[-3,-7],[-2,-3],[0,-6],[2,-3],[7,-9],[10,-16],[8,-10],[9,-6],[9,-5],[3,-7],[2,-17],[5,-19],[6,-48],[-3,-11],[-4,-13],[-5,-13],[-7,-12],[-6,-9],[-5,-14],[-6,-19],[-8,-12],[-8,-17],[-7,-13],[-7,-4],[-8,-20],[-7,-19],[-3,-15],[-3,-10],[-3,-2],[-5,-3],[-7,-14],[-10,-29],[-8,-23],[-9,-12],[-7,-3],[-6,-1],[-3,-1],[-7,-3],[-3,-1],[-6,-5],[-3,-1],[-9,-9],[-2,-9],[1,-1],[5,-7],[1,-1],[4,-6],[3,-4],[2,-13],[-3,-13],[-1,-1],[-5,-7],[-2,-2],[-7,-6],[-2,-2],[-4,-3],[-6,-5],[-7,-14],[-3,-13],[0,-12],[-3,-5],[-10,-7],[-13,-7],[-7,-8],[-1,-8],[-1,-1],[1,-12],[-3,-17],[-6,-14],[-8,-11],[-6,-5],[-9,-3],[-14,-1],[-12,0],[-3,-1],[-22,-1],[-11,-4],[-9,-4],[-28,-8],[-8,0],[-3,3],[-4,12],[-8,7],[-13,9],[-3,-3],[-2,-5],[-3,-8],[-5,-11],[-7,-9],[-2,-4],[-2,-2],[0,-1],[-6,-3],[-35,-1],[-51,0],[-54,-1],[-70,0],[-35,-1],[-86,0],[-185,-2],[-17,0],[-39,1],[-6,0],[-3,-1],[-7,0],[-17,1],[-40,0],[-3,2],[-45,0],[-2,-2],[-8,1],[-10,0],[-26,1],[-3,0],[-8,-2],[-1,0],[-1,2],[-57,0],[-173,2],[-57,1],[-60,0],[-31,1],[-78,1],[-34,0],[-12,-1],[-138,2],[-414,5],[-138,1],[-318,2]],[[40079,35660],[-1,8],[-2,4],[-4,6],[-3,4],[-4,8],[-3,15],[-2,16],[-5,21],[-1,11],[-2,16],[1,16],[1,3],[4,6],[1,12],[-3,11],[-2,12],[-1,9],[-2,19],[-4,28],[-4,21],[0,15],[4,21],[4,15],[8,19],[3,15],[14,28],[4,14],[9,18],[10,11],[2,7],[-2,2],[-5,1],[-12,0],[-18,-2],[-17,3],[-13,6],[-7,7],[-36,29],[-25,9],[-36,10],[-37,9],[-19,5],[-31,-7],[-37,-8],[-9,12],[-26,33],[-28,49],[-23,22],[-28,12],[16,19],[10,28],[7,92],[-12,68],[-5,1],[-11,-6],[-8,-4],[-14,0],[-7,-2],[-10,-7],[-11,-4],[-16,-2],[-15,3],[-17,0],[-9,9],[-15,22],[-5,6],[-3,3],[-4,6],[-5,8],[-4,7],[-3,10],[-4,13],[-5,9],[-7,8],[-5,5],[-9,16],[-8,10],[-5,8],[-6,11],[-8,10],[-8,14],[-5,15],[-5,20],[-1,15],[1,10],[2,14],[-6,21],[-5,20],[-2,22],[2,28],[1,20],[1,22],[1,11],[2,3],[2,6],[-5,14],[-6,12],[-5,7],[-2,13],[0,10],[3,8],[2,6],[-3,7],[-13,9],[-13,11],[-9,11],[-15,7],[-12,8],[-10,5],[-15,0],[-19,2],[-11,1],[-8,-1],[-7,1],[-18,9],[-16,12],[-12,10],[-14,20],[-7,15],[-1,9],[5,20],[2,6],[-1,7],[-9,12],[-12,17],[-12,28],[-2,28],[-3,17],[-6,17],[-7,7],[-8,19],[-8,31],[-6,21],[-2,22],[0,8],[-1,5],[1,3],[2,9],[-5,18],[-13,17],[-2,3],[-1,6],[-1,22],[-2,11],[-4,13],[-2,30],[-1,6],[-5,2],[-10,-5],[-7,-2],[-11,-3],[-12,-2],[-13,0],[-11,2],[-10,5],[-4,1],[-7,2],[-4,2],[-4,5],[-5,9],[-10,20],[-2,3],[-5,11],[-1,7],[0,10],[-2,3],[-4,0],[-16,-8],[-7,-4],[-8,-5],[-7,-2],[-30,0],[-10,1],[-4,3],[-9,9],[-7,3],[-5,-2],[-4,-4],[-5,-10],[-4,-13],[-2,-10],[-4,-10],[-6,-12],[-3,-10],[-3,-9],[-2,-7],[-1,-6],[-3,-4],[-3,1],[-2,2],[-6,3],[-9,6],[-13,9],[-12,12],[-8,9],[-8,6],[-3,6],[-2,6],[-4,5],[-6,2],[-5,1],[-6,6],[-5,7],[-6,8],[-8,13],[-2,2],[-6,9],[-4,9],[-3,8],[-3,9],[-1,11],[1,7],[2,15],[-8,16],[-11,8],[-18,22],[-21,11],[-20,43],[-17,63],[-1,28],[-16,35],[-9,46],[-13,9],[1,16],[32,61],[11,43],[19,20],[9,60],[7,41],[-21,27],[-14,47],[-19,44],[-10,63],[-47,67],[-54,48],[-5,69],[3,35],[9,41],[-16,63],[-8,16],[0,4],[6,8],[9,57],[11,50],[-2,54],[2,16],[22,43],[21,25],[-4,27],[10,45],[21,39],[29,43],[-12,33],[0,21],[11,44],[-3,58],[32,86],[-39,100],[-13,15],[-23,39],[-14,43],[-11,11],[-4,48],[-21,66],[13,13],[15,23],[1,5],[1,9],[-26,42],[-17,40],[-16,29],[-6,26],[-1,28],[-19,23],[-6,16],[-7,26],[-40,44],[1,16],[-4,19],[4,8],[9,40],[14,39],[-2,15],[-5,16],[-32,43],[-8,29],[-30,59],[7,33],[1,36],[7,39],[0,36],[-3,49],[-5,9],[0,13],[-15,35],[-24,33],[-31,36],[-28,21],[-47,32],[-1,1],[-16,10],[-7,-2],[-8,-4],[-12,-13],[-13,-6],[-11,-3],[-13,8],[-17,16],[-12,16],[-4,29],[-3,13],[-11,4],[-12,8],[-5,7],[-11,21],[-8,43],[-5,26],[7,59],[9,55],[14,37],[32,40],[22,40],[7,36],[-47,11],[-37,-7],[-12,25],[-19,9],[-15,22],[-17,4],[0,-1],[-37,-23],[-64,5],[-17,-13],[-39,-2],[-15,62],[11,23],[-3,67],[-26,11],[-9,13],[-29,11],[-10,-5],[-4,4],[-11,13],[-54,-16],[-13,-15],[-29,-25],[-36,-13],[-7,-11],[-6,18],[-29,38],[-23,2],[-32,51],[-44,46],[-35,14],[-8,56],[9,58],[6,45],[-4,25],[-28,116],[3,45],[-15,71],[-27,24],[-26,56],[-4,65],[-12,28],[-15,44],[14,36],[1,32],[-11,54],[-1,24],[-33,109],[-15,7],[-7,12],[-28,11],[-32,23],[-4,21],[-12,34],[-19,44],[-38,60],[0,14],[-10,28],[3,19],[-5,13],[-3,11],[28,97],[10,7],[16,50],[10,-3],[30,18],[14,34],[-2,28],[6,17],[11,13],[76,-15],[23,10],[28,6],[2,-2],[1,0],[19,-13],[19,1],[32,27],[43,7],[5,5],[11,1],[8,59],[22,87],[6,67],[-10,49],[61,79],[25,42],[11,53],[-1,148],[-25,39],[-22,87],[20,21],[9,59],[-3,78],[0,57],[-3,43],[-17,21],[-2,4],[-3,14],[0,20],[6,26],[4,7],[7,8],[1,1],[3,6],[1,5],[3,9],[3,5],[1,2],[-1,3],[4,9],[3,8],[3,9],[4,7],[5,8],[6,8],[5,5],[5,3],[4,7],[2,3],[1,2],[-2,4],[-2,6],[-3,7],[-1,8],[-3,11],[-5,16],[-1,12],[-1,13],[-1,6],[0,6],[2,25],[-2,10],[-2,8],[-4,10],[-3,9],[-1,9],[-1,11],[0,10],[-3,6],[-8,8],[-4,3],[-10,13],[-5,9],[0,8],[3,7],[6,20],[4,10],[4,12],[2,7],[2,16],[1,13],[1,8],[1,7],[2,4],[3,1],[3,2],[5,2],[2,3],[1,3],[2,5],[5,15],[4,10],[3,8],[1,7],[0,12],[1,13],[-1,10],[-1,7],[1,4],[1,1],[4,2],[2,6],[0,2],[2,15],[0,10],[-1,6],[3,13],[3,15],[1,10],[1,8],[2,9],[3,9],[1,2],[1,5],[-2,3],[-2,5],[-4,5],[-3,6],[-3,8],[-1,6],[-1,7],[-4,17],[-3,16],[-3,14],[-3,20],[-3,17],[-4,16],[-5,12],[-2,12],[0,29],[1,10],[2,9],[6,9],[4,9],[6,10],[5,6],[5,4],[2,3],[2,5],[3,2],[8,4],[6,4],[3,3],[2,8],[0,6],[1,9],[0,6],[-1,8],[-1,1],[-3,16],[-1,10],[-2,14],[-5,13],[-4,12],[-1,13],[-3,14],[0,4],[-1,13],[-1,9],[0,19],[-3,6],[-1,6],[-2,5],[0,5],[2,5],[3,8],[1,4],[0,5],[-1,9],[-4,10],[-3,3],[-8,4],[-6,2],[-8,6],[-8,8],[-6,4],[-2,1],[-3,1],[-1,3],[0,24],[-7,14],[-2,6],[2,6],[0,2],[-3,3],[-4,2],[-3,2],[-2,2],[-4,3],[-11,12],[-4,7],[-6,14],[-2,9],[-4,9],[-2,13],[-1,6],[-1,2],[-4,5],[-4,7],[-3,12],[-2,10],[0,19],[1,11],[3,12],[4,6],[6,6],[5,8],[5,7],[3,9],[2,18],[2,3],[4,3],[8,8],[6,7],[6,6],[8,7],[8,6],[8,7],[7,4],[5,3],[4,4],[2,4],[0,4],[2,8],[1,5],[4,5],[3,5],[2,6],[0,20],[1,7],[0,6],[-1,4],[-2,12],[-2,15],[0,40],[-2,23],[-3,13],[-2,15],[-2,19],[0,12],[-2,7],[-1,9],[-1,11],[1,6],[1,3],[4,3],[4,1],[11,0],[4,3],[5,3],[6,5],[9,8],[8,8],[9,7],[8,10],[8,12],[7,12],[3,4],[4,7],[4,6],[4,4],[10,15],[8,9],[7,8],[1,2],[3,1],[4,0],[1,-2],[19,-19],[3,-2],[2,-3],[6,-11],[5,-12],[8,-13],[4,-6],[9,-6],[9,-3],[16,-7],[11,-5],[9,-4],[6,-2],[4,-5],[4,-9],[5,-15],[4,-9],[3,-9],[6,-12],[4,-7],[7,-4],[7,-2],[8,-3],[9,-3],[9,1],[6,2],[6,1],[9,1],[7,1],[3,0],[8,2],[6,1],[7,5],[2,3],[1,1],[4,0],[7,2],[4,2],[6,5],[11,5],[6,3],[11,4],[10,5],[13,3],[7,3],[2,2],[6,4],[12,2],[0,16],[-2,12],[0,12],[2,8],[0,30],[-1,7],[1,9],[2,6],[4,10],[2,12],[0,11],[-1,13],[0,7],[1,7],[3,11],[4,7],[5,8],[4,9],[2,8],[5,4],[3,2],[2,1],[4,5],[4,6],[6,11],[8,15],[5,8],[2,5],[1,8],[1,9],[0,4],[1,3],[4,2],[5,2],[11,0],[8,2],[7,1],[5,1],[2,2],[2,4],[2,1],[2,4],[3,2],[4,4],[6,7],[5,3],[6,2],[5,2],[7,3],[5,2],[15,5],[10,6],[6,4],[3,6],[-1,4],[-1,2],[0,5],[-1,5],[0,9],[2,10],[2,9],[3,7],[3,5],[8,14],[5,7],[6,7],[1,4],[1,9],[2,6],[3,7],[5,10],[7,12],[5,9],[3,8],[9,8],[7,6],[4,4],[6,13],[3,6],[0,6],[-2,4],[-1,4],[-3,3],[-4,6],[-2,7],[-1,6],[0,46],[1,27],[-1,12],[0,28],[1,4],[1,7],[2,10],[4,2],[3,1],[3,4],[1,4],[5,2],[4,-2],[6,-1],[8,-1],[4,1],[8,3],[8,4],[10,3],[12,8],[8,6],[7,4],[7,5],[1,3],[6,7],[6,3],[5,2],[9,0],[8,-1],[8,3],[7,4],[9,1],[10,1],[9,0],[7,-1],[8,0],[8,-2],[6,-4],[8,-4],[4,-4],[4,-3],[3,-1],[1,0],[0,8],[2,9],[1,7],[2,12],[1,10],[-1,6],[-1,9],[-1,8],[-1,14],[0,13],[1,16],[0,44],[1,8],[0,11],[-2,8],[-1,10],[0,7],[1,5],[1,9],[-1,8],[-2,4],[0,11],[3,10],[1,5],[1,3],[5,7],[6,6],[7,9],[3,7],[2,8],[5,15],[8,10],[3,2],[9,7],[6,10],[5,6],[5,4],[7,3],[10,5],[8,7],[5,8],[14,20],[7,7],[11,12],[8,7],[10,5],[10,1],[19,0],[8,3],[4,2],[1,2],[0,6],[-1,7],[-1,8],[-1,9],[-2,8],[-2,10],[-3,12],[-2,6],[0,5],[-1,2],[3,19],[7,14],[12,74],[13,20],[4,31],[22,-15],[11,15],[17,11],[21,9],[22,5],[3,15],[12,30],[0,69],[-3,11],[9,40],[19,39],[24,33],[24,19],[11,53],[-4,14],[0,15],[-29,54],[-8,33],[-5,35],[-13,54],[8,46],[-14,81],[3,7],[-17,67],[-25,1],[-40,10],[-5,6],[-56,0],[-45,-74],[-9,1],[-76,-28],[-17,-14],[-21,13],[-8,22],[-20,16],[-40,19],[-22,27],[-25,17],[-32,33],[-58,-17],[-6,2],[-38,-35],[-9,-17],[-13,-10],[-24,-74],[-68,-13],[-17,6],[-31,52],[-5,7],[-4,14],[2,56],[5,24],[0,7],[-14,67],[3,26],[-9,30],[1,63],[-1,26],[2,28],[-29,39],[-19,16],[-7,20],[-30,-43],[-7,-25],[-15,5],[-25,-4],[-9,-47],[-30,-28],[-48,-30],[-9,-26],[-3,-33],[-2,-49],[4,-18],[-7,-15],[-6,-22],[-78,-7],[-38,-33],[-15,6],[-26,45],[-15,8],[-22,44],[-64,22],[-15,15],[-16,47],[-19,10],[-5,22],[-17,37],[-3,35],[-7,28],[-2,31],[-4,18],[1,31],[-7,10],[-5,10],[-4,6],[-26,10],[-10,0],[-15,-14],[-29,-36],[-36,-4],[-6,-8],[-22,-8],[-12,-9],[-25,-47],[-24,-63],[-9,-13],[0,-14],[-7,-31],[-24,-43],[-6,-3],[-3,-35],[-31,13],[-40,3],[-13,-7],[-9,-16],[-15,-2],[-19,-17],[-28,12],[-27,-34],[-55,-6],[-57,-67],[-13,1],[-46,30],[-14,-5],[-8,-9],[-22,-10],[-4,11],[-25,20],[-6,17],[-22,3],[-14,16],[-31,72],[-39,5],[-20,14],[-49,38],[-16,11],[-18,57],[-27,10],[-23,19],[-15,27],[-9,8],[-8,19],[-13,21],[-5,18],[-11,12],[-11,84],[-23,12],[-22,23],[-34,59],[-36,31],[-26,1],[-9,6],[-8,8],[-7,21],[-6,8],[-17,3],[-7,7],[-6,27],[-11,38],[-4,36],[1,50],[7,37],[-26,42],[-13,-5],[-20,12],[-26,13],[-27,15],[-16,19],[-20,10],[-4,20],[-10,22],[-23,29],[-22,61],[-12,-6],[-9,-1],[-10,5],[-16,14],[-20,4],[-25,11],[-5,9],[-6,38],[-20,74],[2,10],[11,14],[4,15],[21,42],[25,27],[8,15],[5,18],[13,60],[5,18],[-36,60],[-3,31],[-12,50],[-12,56],[-30,104],[-17,1],[-34,15],[-13,15],[-18,8],[-27,29],[-27,39],[-26,38],[-34,43],[-13,6],[-17,15],[-17,31],[-18,18],[-13,4],[-36,7],[-8,4],[-7,9],[-14,35],[-29,131],[-4,1],[-12,-11],[-12,-5],[-9,1],[-32,12],[-11,-3],[-8,-7],[-16,-31],[-19,-15],[-46,-65],[-15,5],[-19,12],[-11,2],[-8,-2],[-11,-13],[-31,-14],[-28,-14],[-34,-59],[-26,19],[-8,12],[-11,5],[-9,2],[-26,-13],[-14,13],[-13,3],[-14,15],[-8,3],[-9,-3],[-14,-11],[-21,-9],[-17,-16],[-9,1],[-20,-9],[-24,0],[-12,3],[-7,6],[-4,27],[-7,8],[-15,49],[-27,83]],[[21246,24248],[2,19],[-4,6],[-14,-3],[-10,3],[-7,4],[-6,6],[-3,4],[-7,7],[-5,7],[-3,1],[-10,-1],[-19,0],[-12,3],[-6,4],[-1,1],[-4,1],[-15,7],[-16,1],[-22,16],[-14,-8],[-25,-6],[-2,0],[-21,2],[-9,0],[-25,12],[-17,46],[6,22],[7,23],[12,27],[4,7],[7,15],[3,7],[3,8],[16,33],[-3,27],[-11,42],[-10,17],[-4,6],[-12,22],[-7,27],[-2,9],[-9,19],[-10,46],[-2,24],[-4,21],[-6,50],[-1,29],[-5,10],[-13,41],[-4,15],[9,8],[18,6],[23,11],[6,4],[9,8],[2,10],[-1,29],[2,47],[-1,26],[-4,18],[0,2],[3,9],[1,1],[9,6],[7,1],[7,2],[8,5],[4,3],[6,0],[7,1],[9,1],[8,0],[6,1],[3,0],[7,3],[2,1],[6,4],[6,8],[1,1],[8,13],[11,14],[8,6],[8,10],[2,3],[7,8],[6,9],[9,11],[8,7],[8,8],[5,4],[0,8],[-1,12],[1,12],[1,6],[2,4],[3,1],[6,-3],[8,-3],[9,-5],[39,-14],[11,-2],[1,0],[11,-2],[13,3],[10,-1],[4,-3],[8,-7],[7,-6],[7,-4],[0,-1],[3,-6],[5,-7],[5,-8],[10,-5],[11,-6],[9,-10],[8,-12],[5,-13],[10,-16],[3,-4],[4,-4],[21,-20],[9,-13],[11,-8],[9,-1],[1,0],[8,1],[7,5],[6,3],[10,-3],[6,-6],[12,-8],[11,-5],[14,-6],[9,-2],[10,5],[9,9],[9,11],[18,27],[6,12],[3,16],[6,18],[4,17],[5,11],[9,7],[4,14],[5,23],[5,16],[1,1],[9,14],[9,10],[20,12],[10,9],[9,8],[9,11],[11,14],[1,17],[-3,13],[0,31],[-1,9],[3,15],[1,19],[-6,21],[-7,11],[-8,9],[0,8],[-1,7],[-2,19],[5,21],[-3,20],[10,29],[6,10],[10,10],[3,17],[6,25],[2,16],[3,18],[-3,22],[-8,18],[-12,11],[-11,14],[-6,15],[0,8],[-1,10],[-3,7],[-2,4],[3,12],[11,16],[8,1],[14,4],[7,6],[3,20],[-1,26],[-4,15],[-4,13],[-3,10],[-1,3],[0,3],[4,10],[7,12],[10,12],[14,11],[8,7],[5,10],[10,21],[12,16],[12,18],[5,16],[3,11],[2,12],[-1,10],[8,1],[14,9],[17,6],[20,7],[11,-4],[7,-9],[6,-8],[3,2],[9,11],[3,14],[3,5],[15,18],[11,22],[1,3],[3,13],[-1,20],[-2,10],[-3,10],[4,14],[7,9],[12,12],[2,4],[-1,9],[-4,13],[-10,19],[-5,10],[-4,4],[-5,1],[-2,5],[3,6],[2,12],[3,11],[2,6],[3,11],[1,11],[4,11],[6,22],[0,10],[-4,12],[-5,17],[-3,8],[0,10],[-7,16],[-8,15],[1,20],[7,16],[2,12],[4,-2],[3,1],[4,1],[10,7],[7,2],[8,6],[8,5],[4,3],[2,2],[5,1],[9,-5],[8,-6],[12,0],[7,1],[5,4],[4,6],[0,5],[6,5],[12,6],[9,8],[10,8],[7,6],[5,4],[7,6],[1,1],[4,7],[2,9],[-15,22],[-3,11],[-6,11],[-11,13],[-8,9],[-9,19],[-6,16],[-1,8],[-1,15],[-1,6],[-1,12],[-1,9],[0,9],[-1,13],[-5,11],[-4,17],[-7,11],[-5,9],[-9,1],[-14,2],[-18,9],[-12,5],[-6,6],[-16,26],[-7,6],[-11,2],[-6,12],[-9,6],[-4,17],[-4,12],[2,13],[-4,8],[-9,7],[-8,7],[-1,9],[-1,6],[-2,-1],[-3,-2],[-7,-4],[-10,2],[-3,9],[-6,9],[-8,10],[-4,0],[-4,-2],[-5,-7],[-2,13],[-4,10],[-5,8],[-5,6],[-9,8],[-8,14],[-3,10],[-7,10],[-2,10],[-7,-1],[-3,-2],[-14,-6],[-16,-7],[-3,1],[-5,1],[-11,-2],[-12,6],[-12,3],[-12,1],[-12,0],[-11,-2],[-9,3],[-4,6],[-7,1],[-8,6],[-7,4],[-6,5],[-6,-5],[-12,-11],[-23,-17],[-8,-8],[-6,-9],[-10,-5],[-8,-5],[-11,-3],[-4,8],[-10,7],[-11,5],[-11,3],[-11,1],[-7,9],[-4,8],[-2,5],[-4,16],[-6,21],[-5,16],[-4,8],[-7,9],[-3,19],[-5,18],[-3,16],[-3,12],[-2,6],[-6,11],[-11,14],[-13,12],[-5,14],[-3,15],[-1,16],[2,14],[-1,3],[-4,9],[0,14],[7,18],[1,8],[-4,6],[-5,4],[-3,13],[-5,14],[-7,16],[-9,19],[-10,20],[-12,16],[-7,12],[-6,13],[-2,12],[-5,10],[-3,13],[-1,12],[3,4],[4,5],[2,8],[9,11],[10,8],[5,3],[5,10],[-2,7],[8,10],[1,10],[-2,10],[-1,8],[-2,12],[1,11],[1,10],[0,13],[-1,8],[1,6],[3,3],[2,33],[2,9],[9,12],[0,24],[-4,7],[0,8],[3,7],[4,3],[1,7],[1,10],[2,13],[-3,12],[0,11],[-4,11],[-1,16],[-2,17],[-3,18],[0,2],[-3,11],[-8,12],[-6,14],[-5,15],[-7,9],[-2,16],[-2,36],[-3,13],[2,9],[2,6],[1,11],[3,17],[1,26],[4,16],[2,19],[-1,11],[-4,14],[-2,19],[-9,22],[-2,21],[-1,15],[-3,15],[-6,11],[-14,17],[-12,16],[-8,13],[-7,9],[-6,11],[-5,25],[-3,13],[-7,8],[-2,11],[2,10],[5,9],[-4,6],[-8,10],[-11,4],[-21,5],[-13,-3],[-5,0],[-4,12],[-4,9],[-2,6],[3,8],[0,16],[1,4],[1,5],[3,13],[4,2],[3,-2],[3,5],[2,9],[2,11],[-1,17],[6,18],[-2,15],[2,8],[6,6],[2,10],[2,15],[1,13],[-1,8],[3,4],[3,3],[2,8],[3,3],[3,9],[9,26],[4,9],[7,21],[3,5],[4,8],[1,1],[1,2]],[[21250,28791],[85,-3],[343,0],[165,-1],[70,0],[307,-1],[100,1],[376,0],[191,1],[192,0],[223,1],[175,0],[304,1],[102,0],[46,-1],[45,-1],[26,-1],[247,3],[90,1],[1,0],[27,-1],[37,0],[66,-1],[76,-1],[49,0],[62,-1],[270,0],[59,1],[216,0],[268,1],[312,0],[57,1],[691,0],[88,-1],[743,0],[79,-1],[123,0],[114,-3],[77,-2],[2,0],[19,-1],[79,0],[668,6],[37,-1],[55,-3],[3,-1],[7,-1],[1,0],[37,4],[2,1],[58,0],[53,-1],[383,0],[68,-1],[22,0],[67,1],[22,1]],[[29335,28787],[0,-20],[-1,-58],[0,-161],[-1,-62],[-1,-187],[0,-91],[-2,-132],[-1,-93],[-3,-300],[-1,-87],[0,-33],[-1,-107],[0,-303],[1,-71],[0,-364],[1,-226],[0,-133],[1,-130],[0,-401],[1,-124],[0,-232],[1,-189],[0,-163],[4,-359],[3,-224],[3,-260],[0,-15],[1,-40],[2,-148],[0,-50]],[[29342,24024],[-5,-2],[-8,-1],[-11,1],[-18,15],[-16,9],[-13,-5],[-10,-13],[-2,-20],[-4,-32],[-1,-76],[0,-46],[-4,-26],[-8,-22],[-19,-19],[-32,11],[-45,23],[-45,28],[-18,32],[-8,13],[-21,37],[-30,37],[-20,10],[-17,8],[-22,-5],[-18,-4],[-23,-17],[-9,-10],[-9,-20],[-5,-30],[-11,-13],[-12,-12],[-2,0],[-40,-17],[-51,-14],[-24,-3],[-18,0],[-12,3],[-17,13],[-22,21],[-25,26],[-20,23],[-25,20],[-14,4],[-10,0],[-6,-4],[-13,-12],[-15,-8],[-7,-1],[-10,4],[-18,28],[-16,38],[-8,18],[-3,19],[-3,34],[-8,26],[-3,8],[-10,13],[-2,2],[-10,-2],[-21,-1],[-27,4],[-3,7],[-11,3],[-6,6],[-4,15],[-4,5],[-5,2],[-5,-2],[-2,-5],[-3,-6],[-1,-20],[-3,-15],[-3,-12],[-4,-11],[-11,-23],[-5,-11],[-4,-7],[-19,-36],[-24,-21],[-19,-10],[-9,-5],[-10,3],[-1,0],[-22,6],[-31,0],[-53,-14],[-24,-9],[-10,-9],[-6,-8],[-8,-20],[-11,-22],[-5,-14],[-13,-13],[-20,-9],[-21,-9],[-18,0],[-17,3],[-18,17],[-1,2],[-20,18],[-39,28],[-20,25],[-4,9],[0,6],[-3,17],[-2,15],[-6,10],[-5,1],[-5,-5],[-6,-19],[-3,-12],[-11,-45],[-14,-62],[-6,-37],[0,-3],[-1,-19],[-13,-31],[-20,-32],[-32,-32],[-25,-15],[-48,-18],[-72,-22],[-16,-6],[-9,-7],[-9,-9],[-18,-12],[-16,-15],[-12,-8],[-22,-13],[-23,-12],[-24,-6],[-18,1],[-16,0],[-18,5],[-10,17],[-11,3],[-25,5],[0,-1591],[-6,-228],[10,-500],[3,-161],[1,-22],[0,-52],[1,-21],[0,-9],[2,-94],[0,-39],[1,-22],[0,-5],[-2,-107],[-1,-18],[-2,-134],[-1,-33],[-2,-105],[-4,-160],[-2,-142],[-2,-52],[0,-35],[-4,-188],[-3,-140],[-1,-37],[0,-19],[-1,-14],[0,-8],[-1,-70],[-2,-70],[0,-23],[-1,-41],[-2,-85],[-6,-303],[0,-1],[-11,-179],[-1,-20],[-28,-807],[0,-11],[-1,-5],[-1,-4],[0,-9],[-1,-24],[-4,-168],[-3,-88],[0,-11],[-1,-6],[0,-25],[-1,-8],[-1,-37],[-4,-109],[-1,-36],[-5,-167],[-4,-109],[-1,-35],[0,-4],[-6,-174],[278,-8],[25,-4],[0,-84],[1,-277],[0,-502],[1,-143],[0,-241],[-6,-189],[-5,-133],[0,-10],[-10,-190],[-3,-44],[-3,-45],[-1,-87],[0,-45],[-2,-105],[-3,-269],[-1,-49],[-1,-106],[0,-3],[-1,-54],[-2,-172],[-1,-57],[0,-53],[-2,-104],[0,-54],[-1,-52],[-1,-76],[-3,-229],[-1,-76],[-1,-79],[-1,-134],[-1,-34],[-1,-68],[-1,-79],[-1,-104],[-1,-77],[0,-16],[-2,-121],[0,-19],[-1,-79],[0,-5],[-1,-99],[-1,0],[-12,-659],[0,-244],[1,-6],[0,-7],[-1,-1],[0,-7],[1,-23],[0,-493],[-1,-482]],[[22482,10727],[0,170],[1,511],[0,402],[-1,237],[0,345],[-1,171],[0,37],[5,54],[0,40],[-1,188],[0,458],[-1,452],[0,292],[-1,22],[0,598],[-1,131],[0,936],[-1,100],[0,261]],[[31377,99980],[1495,0],[13,1],[19,-1],[17,0],[110,-1],[84,0],[46,-1],[138,-1],[45,0],[67,-1],[201,-2],[98,0],[92,-1],[31,-1],[90,0],[269,-2],[90,-1],[17,0],[53,-1],[61,0],[129,-1],[43,0],[100,-1],[564,0],[139,-1],[107,0],[525,-3],[171,0],[274,-2],[3,1],[92,5],[545,0],[26,-2],[78,0],[25,-1],[76,0],[25,-1],[1,0],[5,-1],[6,0],[14,-2],[4,-1],[9,0],[25,-1],[17,0],[27,-1],[11,0],[2,1],[7,0],[19,-1],[6,0],[252,-9],[113,-4],[4,0],[61,-3],[23,0],[73,2],[7,0],[20,-1],[43,0],[7,1],[2,0],[40,-2],[113,-9],[239,-14],[69,-5],[36,0],[72,-8],[72,-2],[44,-1],[168,-6],[4,0],[71,-4],[65,-3],[34,-2],[160,-2],[64,-1],[213,-4],[176,-3],[133,-3],[164,-3],[48,-1],[26,-1],[52,-1],[18,-1],[84,-2],[81,-3],[43,0],[80,-3],[29,-1],[41,-1],[86,0],[14,-1],[73,0],[34,-1],[4,0],[73,-1],[66,0]],[[40882,99853],[-1,-5],[-1,-9],[-4,-8],[-1,-1],[-1,-2],[-6,-7],[-3,-11],[0,-16],[-3,-19],[-6,-19],[-10,-14],[-2,-4],[-6,-9],[-5,-12],[-3,-4],[-9,-21],[-7,-30],[-1,-23],[0,-20],[1,-16],[1,-3],[2,-5],[3,-8],[8,-3],[13,-1],[11,-2],[10,-4],[7,-4],[5,-8],[3,-14],[1,-9],[3,-11],[1,-10],[-1,-9],[-2,-7],[-7,-8],[-8,-7],[-4,-5],[-2,-7],[3,-7],[3,-2],[4,-6],[7,-22],[8,-29],[6,-31],[0,-19],[-2,-24],[0,-2],[-3,-19],[1,-19],[2,-20],[3,-11],[4,-25],[4,-14],[4,-6],[4,-3],[1,0],[2,-2],[1,0],[1,-1],[10,-8],[0,-1],[10,-13],[6,-23],[0,-21],[1,-6],[-3,-8],[1,-7],[0,-12],[-4,-25],[-2,-9],[-2,-15],[-4,-17],[-1,-13],[3,-9],[8,-6],[8,-2],[10,-1],[6,-3],[5,-6],[0,-12],[-4,-12],[-4,-13],[-1,-10],[3,-10],[0,-2],[1,-10],[-2,-3],[-6,-11],[-8,-6],[-7,-9],[-5,-12],[-3,-17],[1,-7],[0,-3],[1,-5],[2,-7],[2,-6],[2,-4],[3,-4],[4,-5],[2,-3],[3,-5],[6,-6],[3,-4],[1,0],[3,-3],[1,-2],[2,-1],[1,-3],[2,-3],[1,-3],[2,-3],[3,-8],[0,-3],[-2,-15],[-2,-16],[-6,-19],[-10,-23],[-7,-16],[-7,-15],[-9,-14],[-5,-7],[-5,-13],[-2,-15],[-8,-30],[-1,-5],[-4,-14],[-3,-18],[-1,-12],[3,-17],[6,-17],[2,-2],[1,-7],[1,-2],[1,-19],[1,-6],[0,-1],[2,-8],[0,-5],[5,-10],[3,-8],[2,-13],[3,-11],[-1,-17],[0,-2],[2,-18],[-2,-8],[-3,-24],[-2,-8],[3,-5],[8,-14],[3,-4],[4,-2],[3,0],[1,-17],[1,-8],[1,-12],[1,-11],[8,-21],[2,-1],[7,-5],[2,-1],[5,-4],[2,-1],[6,-7],[5,-6],[1,-2],[22,-22],[12,-7],[1,-1],[10,-3],[1,-1],[13,-17],[1,-2],[0,-1],[1,-2],[0,-5],[1,-2],[2,-3],[3,-2],[6,-6],[3,-2],[9,-9],[4,-6],[1,-3],[14,-22],[0,-1],[2,-3],[0,-1],[7,-20],[1,-2],[8,-23],[10,-22],[7,-14],[1,-1],[14,-10],[9,-6],[4,-1],[9,-2],[12,-5],[8,-7],[5,-16],[0,-3],[1,-15],[0,-13],[-2,-9],[-1,-3],[-4,-20],[0,-7],[3,-8],[3,-13],[13,-20],[26,-18],[44,-22],[3,-2],[2,-3],[3,-4],[8,-8],[4,-12],[3,-4],[5,-7],[1,-2],[1,0],[3,-1],[2,0],[2,-1],[3,0],[0,-1],[2,0],[4,-1],[1,-1],[11,-5],[2,-7],[2,-4],[0,-4],[-1,-7],[-5,-12],[-4,-15],[1,-3],[2,-18],[4,-11],[3,-9],[5,-12],[8,-5],[11,-4],[8,-8],[9,-6],[1,-1],[11,-2],[8,-4],[2,-2],[5,-6],[6,-15],[3,-7],[2,-6],[7,-12],[6,-12],[4,-6],[11,1],[10,-3],[9,-7],[4,-3],[4,-4],[6,-10],[5,-11],[6,-10],[6,-6],[12,-3],[14,4],[13,3],[15,2],[11,-6],[3,-2],[8,-6],[11,-9],[8,-11],[7,-10],[6,-7],[7,-5],[8,-6],[13,-2],[12,-3],[8,-4],[4,-5],[1,-7],[-3,-12],[-3,-14],[1,-13],[3,-10],[7,-9],[13,-7],[9,-3],[8,-3],[6,-6],[7,-8],[4,-6],[4,-9],[7,-7],[8,-7],[5,-10],[3,-12],[4,-15],[-1,-17],[0,-1],[-1,-14],[-5,-14],[-2,-12],[-1,-8],[5,-8],[8,-16],[0,-10],[5,-11],[1,-11],[5,-12],[6,-10],[2,-3],[3,-8],[-1,-9],[-2,-11],[2,-14],[5,-12],[8,-11],[3,-16],[1,-8],[4,-29],[-3,-28],[-3,-24],[-3,-20],[-5,-19],[-3,-16],[-2,-14],[-4,-11],[-6,-10],[-2,-13],[-3,-11],[-10,-16],[-8,-5],[-9,-11],[-5,-3],[-3,-7],[1,-1],[3,-10],[7,-10],[5,-18],[6,-6],[3,-21],[8,-10],[1,-2],[1,0],[2,-3],[1,-1],[5,-6],[14,-17],[4,-5],[6,-7],[1,-1],[5,-16],[0,-20],[3,-9],[1,-5],[2,-6],[5,-3],[3,-1],[5,-3],[6,-6],[13,-6],[4,-10],[2,-4],[15,-18],[9,-4],[13,4],[12,3],[11,-13],[9,-26],[6,-7],[6,4],[10,10],[17,2],[2,0],[2,-2],[1,-2],[8,-3],[2,-4],[3,-4],[0,-2],[4,-11],[4,-5],[3,-2],[7,-2],[6,-8],[7,-9],[11,-4],[14,-7],[1,0],[7,-3],[14,-5],[14,-4],[4,-1],[3,-1],[7,-9],[1,-4],[1,-7],[1,-4],[-2,-7],[0,-3],[2,-13],[16,-13],[3,-2],[6,-2],[13,-4],[5,-5],[5,-13],[1,-14],[-9,-32],[0,-3],[-7,-40],[-3,-22],[-9,-32],[-13,-16],[-8,-10],[-5,-13],[-1,-7],[9,-4],[26,0],[21,-2],[14,6],[9,2],[2,1],[14,-14],[9,-11],[8,-6],[15,-25],[10,-9],[0,-22],[-6,-20],[-17,-27],[-6,-56],[-4,-17],[-6,-12],[7,-8],[9,-11],[7,-18],[13,-9],[13,-2],[24,-1],[9,1],[13,-9],[9,-6],[7,-3],[11,-2],[4,-3],[1,-10],[-2,-13],[8,-14],[7,-13],[5,-21],[9,-17],[10,-10],[17,-16],[3,-9],[-1,-15],[0,-16],[7,-28],[9,-8],[15,-12],[19,-11],[13,-17],[11,-8],[11,2],[8,-2],[2,-1],[13,-6],[8,-6],[10,-10],[13,-19],[3,-4],[9,-21],[5,-2],[9,0],[7,-12],[3,-20],[6,-24],[6,-14],[18,-13],[13,-11],[3,-14],[7,-12],[9,-19],[7,-12],[9,-3],[4,-1],[10,-2],[18,2],[15,-10],[12,-1],[12,-6],[12,2],[8,-9],[7,-20],[18,-23],[14,-6],[7,-4],[6,-12],[12,-15],[17,-11],[13,-11],[0,-11],[-1,-12],[-1,-15],[0,-11],[-2,-9],[1,-4],[1,-5],[7,-4],[6,-4],[2,-8],[6,-7],[10,2],[3,0],[5,1],[7,-8],[7,-11],[5,-5],[2,-9],[-1,-8],[0,-8],[5,-7],[1,-9],[-2,-8],[2,-7],[7,-5],[10,-10],[8,-17],[0,-3],[1,-8],[0,-6],[1,-5],[-4,-28],[-9,-22],[-1,-10],[10,-11],[13,0],[16,2],[14,-10],[9,-11],[6,-11],[3,-7],[9,-23],[4,-14],[-2,-12],[-4,-10],[3,-19],[6,-17],[17,-46],[2,-15],[-5,-10],[-7,-12],[-3,-10],[-1,-21],[1,-20],[-1,-11],[6,-18],[3,-19],[0,-24],[16,-32],[10,-2],[8,-5],[3,-4],[8,-24],[14,-18],[7,-22],[10,-33],[6,-12],[11,1],[15,-3],[5,0],[10,-7],[14,2],[8,2],[9,-7],[8,-9],[15,-16],[14,-13],[9,-17],[2,-20],[10,-10],[8,-5],[4,-3],[2,-9],[-6,-12],[-4,-13],[-2,-27],[-4,-15],[-5,-16],[3,-6],[4,1],[5,2],[9,4],[9,-10],[1,-23],[-8,-21],[-2,-17],[1,-24],[3,-16],[8,-13],[13,-4],[14,-7],[7,-8],[14,-7],[9,-9],[3,-6],[-8,-19],[-6,-15],[-4,-17],[-8,-13],[-5,-10],[1,-9],[3,-7],[7,-4],[9,-18],[6,-4],[7,-8],[2,-8],[-3,-12],[3,-7],[3,-6],[7,-16],[2,-20],[-1,-13],[-3,-15],[0,-13],[-5,-3],[2,-11],[9,-12],[11,-25],[9,-19],[8,-13],[8,-3],[1,-18],[0,-13],[-1,-1],[-7,-11],[-10,-16],[-6,-23],[1,-12],[10,-4],[18,-7],[9,-4],[11,-2],[8,-7],[15,-9],[18,-6],[10,-7],[2,-11],[3,-12],[2,-13],[-4,-11],[-5,-9],[0,-7],[2,-5],[2,-3],[5,-9],[2,-7],[4,-18],[0,-13],[2,-18],[4,-18],[7,-21],[1,-2],[3,-2],[5,-1],[2,-3],[3,-19],[4,-20],[1,-8],[-1,-5],[6,-2],[6,-7],[2,-2],[5,-7],[5,-2],[2,-5],[0,-9],[-2,-10],[-2,-9],[-1,-6],[3,-6],[4,-6],[6,-3],[2,-5],[2,-2],[4,1],[8,1],[2,-1],[2,-3],[13,-27],[2,-3],[6,-2],[4,-1],[3,-3],[1,-9],[4,-12],[1,-4],[8,-6],[7,-3],[9,-9],[4,-3],[10,-12],[30,-37],[10,-12],[4,0],[13,-1],[1,0],[4,-2],[5,0],[15,-10],[18,-16],[1,-1],[12,-17],[9,-8],[4,-9],[1,-16],[16,-31],[19,-24],[7,-15],[2,-11],[7,-8],[4,-10],[0,-12],[-6,-16],[1,-31],[6,-13],[5,-5],[12,-14],[3,-4],[4,-7],[3,-9],[0,-3],[2,-21],[1,-4],[5,-5],[0,-5],[-5,-12],[-11,-24],[-8,-18],[-5,-18],[2,-19],[3,-20],[2,-15],[0,-29],[-2,-25],[4,-32],[6,-37],[-1,-22],[5,-18],[17,-24],[22,-25],[22,-14],[15,0],[14,-9],[10,-16],[2,-4],[3,-27],[12,-24],[16,-14],[18,-9],[15,-7],[8,-14],[1,-3],[4,-20],[8,-28],[11,-26],[10,-29],[9,-29],[1,-3],[12,-23],[6,-21],[-2,-25],[-6,-26],[-3,-6],[-5,-15],[-6,-19],[-3,-25],[5,-22],[9,-16],[15,-24],[12,-13],[9,-9],[6,-13],[1,-21],[-3,-17],[-8,-11],[-6,-6],[-6,-14],[-4,-17],[0,-24],[6,-27],[11,-22],[10,-29],[8,-24],[12,-12],[11,-5],[9,-15],[7,-19],[2,-24],[1,-32],[8,-29],[11,-22],[0,-11],[-2,-11],[1,-29],[0,-4],[2,-25],[6,-12],[11,-8],[22,-20],[2,-4],[1,-3],[3,-7],[1,-1],[0,-1],[1,-1],[0,-2],[17,-33],[14,-24],[13,-13],[6,-29],[5,-25],[14,-26],[12,-17],[3,-7],[-1,-10],[-3,-19],[-5,-26],[-3,-42],[2,-27],[8,-32],[6,-19],[4,-14],[7,-26],[2,-12],[0,-42],[3,-15],[7,-10],[1,-2],[11,-8],[15,-10],[14,-9],[1,-2],[5,-12],[1,-11],[0,-6],[-4,-11],[-2,-5],[-1,-4],[-1,-9],[4,-5],[11,-5],[13,-8],[10,-11],[2,-15],[1,-21],[0,-38],[1,-28],[1,-31],[1,-25],[-1,-24],[-5,-16],[-2,-18],[0,-32],[-1,-34],[0,-21],[-4,-22],[-2,-15],[-4,-15],[2,-19],[6,-18],[9,-25],[5,-16],[8,-26],[1,-4],[11,-15],[13,-10],[7,-22],[-1,-17],[-5,-20],[-5,-18],[-2,-9],[-1,-5],[-3,-6],[-4,-13],[-3,-6],[-4,-18],[0,-17],[6,-17],[8,-14],[4,-8],[7,-12],[3,-3],[4,-7],[0,-26],[3,-28],[7,-20],[9,-19],[11,-23],[8,-13],[9,-3],[21,-6],[11,3],[7,-1],[14,-12],[10,-9],[15,-19],[8,-10],[10,-9],[4,0],[21,-1],[24,-7],[2,-1],[13,3],[4,-9],[1,-2],[4,-26],[6,-15],[3,-8],[0,-3],[1,-10],[1,-24],[-2,-6],[-1,-7],[0,-14],[1,-1],[5,-7],[4,-13],[3,-8],[-1,-14],[-1,-30],[4,-28],[1,-5],[1,-3],[1,-11],[1,-5],[1,-17],[-1,-15],[-6,-19],[1,-12],[1,-4],[-1,-12],[3,-21],[2,-12],[11,-20],[5,-8],[0,-13],[-1,-22],[1,-2],[2,-6],[0,-2],[4,-12],[2,-7],[3,-8],[1,-12],[1,-14],[2,-14],[2,-12],[1,-7],[6,-28],[3,-12],[2,-12],[1,-2],[1,-25],[-4,-9],[-2,-7],[-2,-15],[1,-4],[4,-13],[1,-1],[1,-5],[5,-15],[0,-2],[3,-28],[5,-20],[2,-9],[2,-6],[3,-7],[4,-9],[5,-13],[2,-8],[-1,-13],[1,-12],[0,-2],[15,-41],[12,-18],[8,-11],[4,-4],[12,-10],[4,-4],[23,-3],[12,1],[3,0],[10,3],[5,-2],[11,-33],[5,-13],[5,-12],[12,-6],[13,-21],[8,-20],[2,-17],[2,-26],[8,-22],[4,-42],[-4,-38],[2,-45],[-5,-21],[-8,-32],[-2,-27],[-3,-16],[-1,-10],[-9,-24],[1,-23],[7,-29],[3,-12],[7,-27],[3,-10],[3,-12],[3,-10],[4,-10],[3,-8],[0,-19],[-1,-11],[5,-14],[0,-18],[-5,-12],[3,-3],[8,-9],[14,-20],[8,-14],[3,-6],[0,-9],[-1,-20],[-1,-2],[1,-27],[5,-19],[1,-8],[4,-19],[5,-16],[8,-26],[4,-24],[1,-2],[1,-16],[0,-2],[-4,-28],[-4,-33],[-4,-58],[0,-1],[-7,-28],[-10,-37],[-1,-5],[-10,-36],[-13,-30],[-8,-23],[-6,-16],[-6,-9],[-3,-4],[-11,-18],[-1,-14],[0,-5],[6,-27],[1,-4],[8,-26],[10,-26],[11,-29],[6,-22],[3,-8],[3,-6],[6,-4],[7,-5],[17,-13],[8,-6],[6,-4],[4,-2],[5,8],[26,34],[46,60],[55,42],[10,7],[28,12],[1,0],[3,1],[2,1],[15,6],[48,6],[23,5],[32,8],[14,7],[6,9],[8,11],[26,11],[15,-3],[14,-17],[19,-2],[17,-4],[8,-8],[6,-1],[12,-1],[16,0],[11,-2],[19,-12],[20,-13],[3,-4],[19,-22],[10,-24],[4,-23],[3,-14],[6,-5],[9,-6],[7,-8],[7,-13],[8,-7],[9,-4],[8,-14],[9,-13],[8,-23],[8,-25],[2,-24],[9,-13],[12,-16],[14,-19],[8,-19],[3,-15],[5,-11],[8,-1],[10,1],[15,-1],[17,-10],[13,-10],[5,-11],[0,-15],[-1,-28],[1,-32],[4,-34],[2,-30],[2,-13],[-2,-12],[-1,-12],[2,-25],[-3,-23],[-9,-22],[-12,-18],[-18,-21],[-6,-19],[-9,-42],[-1,-24],[-3,-32],[1,-40],[3,-27],[12,-36],[0,-1],[1,0]],[[45664,87105],[-6,-11],[-11,-24],[-15,-39],[-20,-18],[-29,-13],[-27,-45],[-13,6],[-20,15],[-11,7],[-14,-6],[-37,-3],[-20,-11],[-8,-12],[-2,-5],[-14,-39],[-27,3],[-21,-11],[-27,-8],[-11,-12],[-13,-2],[-26,-22],[-8,-9],[-24,11],[-1,5],[-38,21],[-10,-1],[-7,-5],[-11,-11],[-10,-6],[-14,0],[-20,4],[-6,4],[-4,-2],[-10,-33],[3,-30],[-29,-115],[-5,-2],[-2,-1],[-9,2],[-8,2],[-11,-7],[-7,-2],[-28,-86],[-2,-3],[6,-38],[8,-15],[-3,-12],[0,-8],[2,-20],[-1,-7],[3,-32],[-2,-9],[-2,-33],[3,-32],[-21,-72],[10,-49],[1,-5],[-1,-30],[3,-22],[26,-36],[0,-7],[-24,-58],[-3,-26],[-7,-51],[-4,-25],[-1,-33],[-12,-44],[0,-18],[-11,-10],[-11,-56],[5,-21],[-12,-28],[-8,-23],[-1,-26],[9,-34],[20,-36],[12,-21],[13,-14],[14,-17],[-3,-8],[2,-37],[2,-18],[9,-18],[0,-7],[1,-9],[-3,-16],[4,-33],[-5,-34],[0,-15],[6,-32],[-4,-15],[-16,-47],[-7,-10],[-36,-48],[-4,-66],[6,-31],[-1,-21],[5,-42],[-18,-76],[0,-3],[-4,-16],[0,-4],[-2,-44],[-12,-24],[-9,-20],[-1,0],[-3,-4],[-13,21],[-6,2],[-20,18],[-19,7],[-24,-6],[-24,16],[-15,12],[-31,2],[-12,4],[-37,-13],[-15,3],[-4,8],[-3,-5],[-2,-18],[-14,-53],[-3,-15],[-20,-41],[-9,-39],[-4,-44],[-18,-20],[-12,-11],[-15,-22],[-29,-16],[-18,-4],[-4,-15],[-9,-14],[-30,-14],[-18,-21],[-6,-13],[-11,-24],[-15,-9],[-21,-17],[-12,-5],[-11,-10],[-30,10],[-19,-10],[-39,13],[2,-13],[3,-15],[3,-20],[0,-23],[2,-19],[-12,-65],[-6,-19],[7,-21],[21,-22],[31,-34],[5,-7],[6,-7],[9,-7],[12,-9],[3,-1],[7,-4],[5,-6],[4,-7],[8,-9],[6,-5],[8,-8],[2,-3],[7,-3],[-4,-11],[-3,-14],[-1,-16],[-2,-12],[-4,-14],[-6,-14],[-3,-32],[0,-12],[6,-12],[0,-5],[-3,-5],[-6,0],[-5,-1],[-10,-5],[-11,-9],[-13,-15],[-10,-13],[-11,-4],[-18,-3],[-8,-2],[-13,-5],[-16,-7],[-19,-7],[-14,-5],[-4,-1],[-12,-16],[-8,-14],[-18,-14],[-13,-11],[-9,-6],[-5,-5],[-2,-27],[-3,-17],[-3,-9],[0,-8],[1,-5],[0,-18],[-3,-11],[-3,-8],[-2,-18],[-1,-7],[1,-9],[-8,-9],[-7,-12],[-7,-13],[-6,-11],[1,-10],[-2,-14],[0,-2],[-2,-7],[-5,-3],[-6,-8],[-6,-14],[-13,-32],[0,-9],[3,-4],[3,-5],[-1,-5],[-4,-8],[-10,-2],[-7,-3],[-8,2],[-15,0],[-10,7],[-9,4],[-7,5],[-11,8],[-9,7],[-7,6],[-3,1],[-4,1],[-9,0],[-12,1],[-18,-2],[-7,3],[-11,11],[-5,9],[-9,11],[-10,16],[-2,10],[-4,22],[-3,27],[-3,19],[-14,34],[-10,23],[-7,16],[-9,15],[-6,2],[-8,-5],[-9,-4],[-11,2],[-8,8],[-6,12],[-12,7],[-15,13],[-6,18],[-9,24],[-7,17],[-15,28],[-12,15],[-16,15],[-12,6],[-20,1],[-15,-2],[-10,-8],[-34,0],[-26,8],[-5,1],[-15,-5],[-18,-14],[-8,-11],[-9,-14],[-7,-8],[-8,1],[-13,5],[-10,-5],[-62,1],[-16,-10],[-16,5],[-9,3],[-19,-6],[-25,-8],[-5,8],[1,43],[-20,38],[-7,59],[0,3],[13,21],[1,3],[3,10],[2,4],[1,5],[0,14],[-32,8],[8,13],[-2,26],[-16,18],[-28,-1],[-27,11],[-2,1],[-12,-6],[-21,-11],[0,-1],[-23,-9],[-17,-8],[-12,-3],[-21,-23],[-19,0],[-10,-26],[-25,-35],[-19,-4],[-7,3],[-29,13],[-33,5],[-53,-61],[-16,-47],[-12,-4],[-24,-43],[-16,-11],[-36,-14],[-21,-30],[-29,-30],[-18,-4],[-14,-20],[-26,-22],[-20,1],[-27,-16],[-46,10],[-30,-4],[-10,-10],[-7,-6],[-8,-24],[-11,-32],[-60,-42],[-25,-9],[-35,-30],[-33,-29],[-15,-4],[-1,0],[-55,-36],[-19,-5],[-41,-24],[-6,14],[-9,25],[-1,15],[-2,14],[-7,11],[-27,-8],[-7,0],[-24,1],[-15,8],[-16,8],[-18,10],[-15,16],[-25,27],[-13,31],[-10,9],[-8,-4],[-24,-11],[-36,-72],[-13,-20],[-101,-71],[-3,-3],[-35,-22],[-12,-5],[-15,-6],[-21,-21],[-2,-1],[-30,-30],[-9,-12],[-2,-7],[0,-12],[-13,-17],[-49,-59],[-6,-3],[-5,-3],[-7,-6],[-6,-3],[-4,-10],[-5,-11],[-22,-20],[-12,-8],[-16,-7],[-14,-1],[-11,-2],[-7,-4],[-9,-9],[-3,-6],[-3,-8],[-2,-18],[-4,-18],[-1,-9],[-4,-11],[-5,-19],[1,-10],[-4,-16],[-1,-6],[-1,-9],[-2,-7],[-1,-5],[-6,-4],[-9,0],[-13,2],[-7,0],[-9,-2],[-1,0],[-11,-1],[-1,0],[-4,-1],[-11,0],[-17,3],[-16,7],[-6,5],[-11,10],[-10,3],[-4,2],[-12,3],[-6,9],[-5,8],[-26,-3],[-10,18],[-9,13],[-7,14],[-4,15],[-2,12],[-9,13],[-18,16],[-16,12],[-16,9],[-9,5],[-3,15],[-5,6],[-3,12],[-5,12],[-2,3],[-9,13],[-20,25],[-3,0],[-6,-1],[-5,1],[-5,7],[-5,22],[-3,9],[-6,15],[-10,9],[-10,5],[-1,0],[-12,4],[-14,1],[-14,-1],[-15,2],[-22,3],[-10,8],[-13,4],[-11,-4],[-1,-1],[-14,-10],[-10,3],[-12,-3],[-12,-6],[-8,-28],[-7,-14],[-10,-10],[-14,-13],[-5,-14],[-3,-11],[-8,-15],[-9,-18],[-6,-17],[-2,-17],[-3,-11],[-2,-11],[2,-10],[-1,-15],[-1,-7],[4,-7],[0,-11],[-7,-5],[-1,0],[-9,-9],[-8,-15],[-8,-11],[-11,-13],[-12,-8],[-9,-12],[-46,-59],[-20,-26],[-4,-8],[0,-5],[2,-10],[0,-5],[-10,-2],[-15,-4],[-11,-5],[-15,-6],[-13,3],[-7,4],[-5,5],[-4,3],[-3,0],[-5,-3],[-6,-10],[-11,-8],[-6,0],[-2,2],[-2,6],[-12,14],[-5,2],[-4,8],[-2,5],[-4,1],[-13,-6],[-8,-1],[-8,-3],[-4,-4],[-4,-3],[-7,4],[-1,0],[-5,8],[-10,5],[-10,3],[-8,1],[-13,7],[-3,3],[-7,5],[-11,0],[-10,-1],[-8,0],[-6,-1],[-15,-2],[-14,-2],[-11,0],[-6,6],[-8,4],[-12,-2],[-15,0],[-10,10],[-13,10],[-16,7],[-5,-1],[-18,-6],[-10,-9],[-11,-9],[-8,-7],[-4,-5],[0,-7],[-2,-8],[-1,-5],[-2,-11],[-5,-14],[-11,-1],[-15,-6],[-19,-6],[-11,-2],[-13,-9],[-20,-13],[-12,-9],[-5,-2],[-5,-7],[-8,-5],[-5,1],[-1,0],[-5,3],[2,16],[0,8],[-11,8],[-18,2],[-3,0],[-6,3],[-3,0],[-20,9],[-1,0],[-16,9],[-9,14],[-7,13],[-12,14],[-6,8],[-6,6],[-4,12],[0,11],[1,8],[4,16],[-3,7],[-13,18],[-17,21],[-3,12],[-6,17],[-11,21],[-5,22],[-3,16],[-3,12],[-9,22],[-10,19],[-18,11],[-9,12],[-3,6],[-3,7],[-4,10],[-8,7],[-14,11],[-11,6],[-8,4],[-5,0],[-7,6],[-2,6],[1,7],[3,11],[0,7],[-1,6],[-2,9],[-1,8],[-3,5],[-2,3],[-1,16],[-9,13],[-5,12],[-1,32],[-1,4],[-2,4],[-10,9],[-1,14],[4,14],[1,17],[0,13],[-2,24],[-2,10],[-5,2],[-10,6],[-13,7],[-8,9],[-4,13],[-5,15],[-4,34],[-2,5],[-3,12],[-4,18],[-8,10],[-6,12],[-2,10],[-2,11],[-8,10],[-3,11],[-9,11],[-4,0],[-12,-2],[-4,3],[-6,6],[-5,6],[-10,11],[-11,16],[-16,17],[-8,12],[-5,-1],[-8,-13],[-12,-9],[-25,-18],[-1,-12],[-4,-18],[-1,-14],[-3,-8],[-5,-3],[-1,0],[-3,1],[-5,1],[-6,2],[-6,-2],[-6,-8],[-7,-8],[-8,-2],[-3,-5],[-2,-5],[-2,-2],[-3,-1],[-5,-2],[-5,-5],[-2,-1],[-5,-4],[-2,-4],[-4,-2],[-9,-1],[-10,-6],[-4,-6],[-1,-3],[-2,-8],[-10,-13],[-11,0],[-6,3],[-3,11],[-3,3],[-6,8],[-8,5],[-11,3],[-9,-1],[-7,4],[-9,8],[-8,2],[-8,5],[-2,11],[-4,9],[-5,9],[-8,12],[-4,19],[-1,10],[-3,5],[-3,3],[-5,-1],[-7,-8],[-8,-6],[-10,-7],[-6,3],[-10,2],[-7,2],[-6,2],[-9,-5],[-3,-5],[-2,-8],[-7,-6],[-3,-3],[-8,-9],[-1,-10],[-26,-40],[-9,-11],[-4,-6],[0,-4],[-2,-8],[-2,-23],[4,-18],[-4,-15],[-9,-4],[-4,-7],[0,-7],[-5,-6],[0,-1],[-14,-7],[-8,-7],[-2,-13],[5,-8],[5,-6],[3,-6],[-1,-12],[2,-16],[8,-15],[-4,-11],[-1,-9],[-6,-10],[-8,-12],[-2,-10],[2,-16],[2,-13],[-4,-9],[-3,-11],[4,-17],[1,-22],[7,-23],[4,-6],[9,-14],[10,-14],[14,-9],[7,-6],[6,-1],[5,-3],[3,-4],[1,-7],[0,-5],[-3,-5],[-3,-4],[-7,-7],[-5,-6],[-3,-3],[-4,-6],[0,-3],[-1,-8],[-3,-4],[-5,-6],[-3,-6],[3,-6],[2,-11],[2,-15],[1,-16],[-1,-7],[-6,-5],[-4,-3],[-10,-3],[-7,0],[-6,-6],[-2,-4],[-4,-11],[-2,-14],[-5,-17],[-5,-6],[-6,-2],[-8,4],[-3,2],[-12,-2],[-17,-3],[-11,6],[-14,7],[-1,2],[-1,1],[-1,0],[-4,1],[-2,-1],[-1,0],[-1,-2],[-1,-11],[3,-7],[1,-12],[-1,-13],[-3,-5],[-2,-5],[-3,-6],[-6,1],[-8,6],[-8,7],[-11,7],[-14,6],[-17,3],[-12,4],[-4,1],[-12,8],[-10,12],[-3,4],[-1,2],[-2,6],[-4,6],[-3,4],[-5,7],[-7,8],[-9,11],[-4,8],[-4,9],[-3,5],[-2,2],[-5,3],[-5,1],[-18,14],[-9,9],[-6,5],[-7,9],[-4,9],[-3,10],[-7,17],[-5,9],[-2,8],[-5,0],[-9,5],[-3,4],[-6,4],[-9,1],[-21,7],[-9,6],[-11,4],[-11,3],[-12,6],[-9,2],[-4,1],[-9,2],[-13,2],[-10,1],[-11,-4],[-12,1],[-9,-1],[-7,-1],[-10,-3],[-9,2],[-2,1],[-6,2],[-7,5],[-6,5],[-5,3],[-2,2],[0,8],[2,6],[0,5],[-3,16],[-2,12],[-2,8],[1,9],[0,9],[-3,6],[-5,5],[-5,4],[-4,6],[-2,5],[-4,5],[-6,4],[-12,16],[-3,3],[-4,5],[-10,12],[-6,5],[-8,7],[-1,0],[-8,4],[-7,6],[-4,3],[-3,6],[-1,5],[0,4],[-1,13],[-1,15],[-2,11],[0,2],[-2,11],[-4,11],[-5,10],[-5,7],[-6,7],[-8,7],[-6,6],[-7,5],[-7,4],[-5,4],[-4,12],[-5,7],[-5,2],[-16,16],[-5,27],[-8,31],[-2,9],[-10,9],[-7,11],[-11,7],[-3,2],[-2,14],[-6,-1],[-9,1],[-7,2],[-10,4],[-7,7],[-8,-2],[-7,1],[-6,1],[-14,3],[-16,4],[-8,0],[-3,-1],[-10,-4],[-9,-3],[-11,-5],[-10,-7],[-5,-10],[-1,-7],[-2,-10],[-5,-4],[-25,-9],[-10,0],[-8,4],[-9,7],[-8,12],[-10,11],[-7,4],[-8,-3],[-8,-5],[-11,-3],[-8,0],[-8,-7],[-10,-13],[-8,-12],[-9,-9],[-10,-3],[-15,-1],[-11,-3],[-9,-4],[-6,-5],[-3,-5],[-4,-3],[-5,-5],[-7,-4],[-7,-10],[-8,-12],[-5,-9],[-9,-2],[-18,4],[-10,-3],[-8,-4],[-13,-6],[-6,-5],[-3,-10],[1,-3],[2,-4],[0,-16],[-9,-18],[-2,-13],[-8,-11],[-9,-11],[-7,-10],[-5,-14],[-1,-14],[-3,-13],[-4,-14],[-9,-10],[-11,-1],[-6,-1],[-11,4],[-3,1],[-22,0],[-12,5],[-8,9],[-4,5],[-4,3],[-6,7],[-6,1],[-2,0],[-2,-1],[-8,-3],[-10,-8],[0,-1],[-33,-21],[-18,-9],[-13,-3],[-4,-2],[-5,-2],[-5,-3],[-11,1],[-2,2],[-5,3],[-3,8],[-6,8],[-2,1],[-4,3],[-6,0],[-6,-1],[-7,-1],[-7,7],[-4,7],[-1,3],[-4,11],[-5,12],[-4,10],[-4,13],[-3,11],[-1,3],[-4,9],[-2,3],[-10,18],[-5,1],[-21,6],[-10,8],[-17,5],[-11,-7],[-2,-2],[-12,-6],[-5,-2],[-13,-5],[-10,0],[-10,1],[-1,0],[-11,8],[-5,10],[-5,23],[0,11],[-13,10],[-12,5],[-13,-2],[-13,-5],[-6,-5],[-20,-20],[-10,-6],[-5,-5],[-14,-7],[-2,1],[-6,1],[-7,7],[-5,2],[-3,2],[-2,1],[-3,2],[-7,-1],[-9,-3],[-1,0],[-9,-7],[-9,-6],[-5,-6],[-1,-2],[-1,-6],[-4,-10],[-5,-6],[-12,3],[-3,1],[-6,3],[-11,3],[-5,5],[-7,5],[-12,1],[-12,2],[-10,-4],[-4,-1],[-4,-3],[-1,-5],[0,-2],[-1,-5],[-1,-13],[-4,-9],[-5,-3],[-7,-1],[-5,-3],[-4,-5],[0,-5],[-3,-6],[-12,-11],[-7,-10],[-5,-9],[-5,-5],[-2,2],[-7,14],[-2,6],[-4,8],[-6,5],[-8,0],[-8,6],[-10,15],[-5,11],[-3,5],[-3,6],[-5,7],[-7,11],[-8,5],[-3,2],[-9,3],[-7,6],[-10,12],[-2,2],[-18,36],[-12,13],[-18,20],[-15,6],[-13,0],[-7,-1],[-4,0],[-5,15],[-4,19],[-2,6],[8,10],[9,10],[12,16],[3,11],[-1,21],[-3,22],[-7,23],[-1,31],[1,22],[2,14],[-9,21],[-11,28],[-4,22],[-7,9],[-15,4],[-27,-3],[-19,4],[-8,7],[0,20],[3,22],[-2,16],[-2,10],[-5,14],[0,2],[-2,13],[-5,24],[-2,33],[0,16],[1,29],[-3,23],[-21,48],[-3,6],[-15,28],[-49,-4],[-36,9],[1,14],[11,28],[15,27],[1,3],[-1,29],[-21,34],[0,3],[-1,5],[-10,42],[-15,29],[-28,19],[-19,13],[-31,-1],[-19,5],[5,24],[9,19],[9,20],[3,41],[-7,30],[7,26],[20,42],[14,54],[-11,33],[10,38],[-2,30],[-13,26],[-24,35],[-37,56],[-41,42],[-41,28],[-23,8],[-15,-17],[-13,-21],[-10,-26],[-3,-26],[-17,-12],[-14,-15],[-2,-16],[-1,-11],[-2,-29],[-7,-26],[-18,-4],[-9,6],[-17,-2],[-15,-15],[-10,-6],[-5,-4],[-3,-10],[-4,-15],[-7,-8],[-8,-22],[2,-12],[-3,-14],[-5,-1],[-10,0],[-8,-15],[-12,-20],[-19,-24],[-11,-18],[-6,-13],[-7,-15],[-2,-4],[-12,-20],[-21,-18],[1,-19],[1,-26],[3,-41],[-2,-17],[-8,-19],[-14,-33],[-6,-11],[-14,12],[-15,22],[-6,6],[-15,1],[-18,27],[-17,30],[-9,9],[-6,-12],[-13,-21],[-1,-5],[0,-3],[-2,-23],[-14,-6],[-6,-19],[-15,-5],[-9,-5],[-17,-21],[-8,-10],[-15,-30],[-6,-13],[-4,-21],[4,-25],[-6,-27],[10,-15],[0,-6],[-5,-26],[-1,-7],[-4,-7],[-5,-13],[0,-18],[1,0],[9,-7],[-10,-44],[-3,-11],[1,-11],[-1,-1],[-14,-19],[-8,-24],[-4,-25],[2,-19],[-5,-39],[0,-9],[-3,-7],[-5,-19],[-9,-10],[-1,-12],[-5,-14],[-12,-6],[-8,-3],[-20,-10],[-5,-9],[-3,-7],[-3,-3],[-9,19],[-5,10],[-7,10],[-10,12],[-6,13],[0,1],[-6,12],[-5,12],[-1,15],[1,15],[-3,14],[-7,13],[-13,10],[-13,3],[-8,4],[-9,1],[-11,6],[-9,3],[-4,1],[-10,-1],[-4,-4],[-9,-18],[-4,-9],[-6,-5],[-1,-1],[-8,-6],[-9,-2],[-5,-1],[-2,0],[-12,4],[-13,3],[-6,0],[-10,-1],[-15,-6],[-9,-5],[-8,-3],[-8,0],[-6,11],[-8,14],[-3,17],[-3,5],[-6,7],[-4,16],[-2,19],[4,19],[1,1],[-2,6],[-5,13],[-2,7],[-3,7],[0,2],[-1,4],[-1,3],[0,20],[-2,5],[0,1],[-3,8],[-37,20],[-1,0],[-45,8],[-22,-14],[-9,-8],[-7,9],[-19,4],[-27,9],[-14,4],[-31,1],[-1,0],[-22,-1],[-14,-1],[-34,1],[-19,7],[-6,2],[-13,11],[-2,1],[-15,10],[-16,22],[-29,8],[-19,23],[-1,5],[-6,3],[-11,-4],[-6,-5],[-16,-11],[-9,-1],[-5,4],[-10,6],[-13,-12],[-9,-15],[-1,-4],[-9,5],[-13,9],[-13,26],[-8,17],[-8,8],[-3,-6],[-1,-17],[6,-8],[-1,-13],[-7,-8],[-7,1],[-12,1],[-4,-4],[-1,-16],[1,-12],[2,-26],[-19,-23],[-21,-27],[-17,-17],[-7,-8],[-1,-1],[-21,7],[0,2],[-4,13],[0,25],[-3,7],[-1,1],[-9,8],[-51,28],[-13,7],[-10,-20],[-7,-16],[-9,5],[-7,4],[-6,6],[-6,3],[-5,4],[-2,1],[-6,4],[0,1],[1,12],[5,23],[1,5],[-1,7],[0,2],[-1,7],[-1,2],[1,2],[1,9],[0,2],[1,9],[2,16],[-1,4],[-1,7],[0,9],[-1,1],[-2,25],[0,43],[-2,8],[-14,39],[-13,29],[-16,28],[-35,55],[-5,30],[-4,22],[3,34],[0,57],[-1,8],[0,4],[-1,7],[0,1],[-1,7],[-3,24],[-1,7],[0,1],[-2,13],[-2,14],[-3,23],[-2,13],[-1,10],[-4,25],[-2,6],[-19,63],[-21,40],[-2,3],[-18,29],[-1,0],[0,3],[-2,10],[-2,14],[-4,20],[-1,6],[-1,5],[-1,3],[0,17],[-7,25],[-6,9],[-2,4],[-8,23],[-11,21],[-9,6],[-9,2],[-11,32],[1,22],[-1,31],[4,28],[14,46],[8,32],[11,42],[13,21],[6,12],[4,5],[9,13],[2,4],[7,10],[12,5],[9,0],[-19,49],[-4,-3],[-12,-12],[-8,-1],[-6,-1],[-11,-3],[-25,4],[-21,13],[-12,7],[-8,6],[-14,8],[-7,2],[-2,0],[-26,-7],[-24,-6],[-23,3],[-12,2],[-7,17],[-28,37],[-16,20],[-16,21],[-38,32],[-37,30],[-25,31],[-9,29],[-7,16],[-6,14],[2,25],[-5,35],[0,17]],[[58175,75802],[52,0],[0,-80],[-94,0],[1,77],[3,2],[4,4],[10,7],[2,1],[3,-1],[1,-1],[3,-8],[0,-2],[3,1],[12,0]],[[78150,99956],[2,-9],[5,-26],[2,-8],[1,-26],[3,-76],[1,-25],[0,-11],[1,-33],[1,-11],[0,-10],[-1,-29],[0,-53],[1,-131],[1,-44],[0,-86],[-1,-45],[-3,-172],[-1,-57],[-1,-10],[0,-30],[-1,-2],[0,-19],[-1,-34],[0,-123],[1,-112],[0,-63],[1,-37],[0,-91],[1,-75],[0,-95],[1,-83],[0,-30],[-1,-9],[0,-30],[1,-11],[1,-151],[0,-51],[-1,-10],[-2,-32],[-1,-11],[1,-1],[0,-76],[1,-42],[1,-27],[0,-90],[-1,-64],[0,-228],[2,-53],[1,-29],[0,-24],[-1,-17],[-3,-151],[0,-49],[-1,-37],[0,-88],[-3,-61],[0,-42],[-2,-10],[0,-69],[1,-41],[0,-9],[3,-151],[1,-51],[0,-114],[1,-44],[0,-201],[1,-306],[0,-164],[1,-54],[0,-150],[1,-397],[0,-133],[1,-146],[1,-437],[0,-145],[1,-43],[0,-7],[-2,-127],[0,-74],[-1,-21],[0,-89],[-1,-44],[-1,-248],[-3,-55],[0,-6],[-1,-5],[0,-5],[2,-363],[-2,-315],[0,-161],[-2,-185],[0,-65],[-16,1],[-53,1],[-18,0],[0,-124],[-1,-31],[0,-411],[-5,-260],[0,-73],[-3,-287],[-2,-9],[0,-296],[-1,-35],[0,-12],[-1,-72],[-4,-218],[-1,-73],[0,-18],[1,-25],[0,-6],[-1,-5],[1,-40],[0,-119],[1,-31],[-1,-6],[0,-3],[-2,-39],[0,-6],[2,-76],[-2,-25],[0,-87],[1,-2],[0,-9],[-2,-6],[0,-6],[1,-16],[1,-4],[0,-3],[-1,-5],[0,-11],[1,-2],[0,-5],[-1,-3],[0,-176],[-3,-3],[2,0],[2,-2],[0,-106],[-1,-73],[0,-61],[-1,-11],[0,-113],[2,-167],[0,-39],[-1,-152],[0,-2],[-2,-186],[1,-180],[-1,-363],[0,-67],[-1,-114],[0,-179]],[[78047,88030],[-1,1],[-274,-7],[-52,-2],[-31,-1],[-51,-3],[-19,-1],[-33,-1],[-4,0],[-16,-1],[-50,0],[-13,-1],[-3,0],[-29,1],[-47,0],[-193,-4],[-219,-6],[-1,0],[-43,-1],[-10,0],[-11,-1],[-10,0],[-10,-1],[-13,-1],[-51,0],[-22,-1],[-8,0],[-5,2],[-3,0],[-5,-2],[-1,0],[-5,-1],[-53,0],[-16,1],[-7,-2],[-9,0],[-14,-1],[-68,0],[-21,1],[-79,0],[-8,-1],[-24,1],[-37,-1],[-52,0],[-4,-4],[-5,1],[-1,0],[-8,1],[-16,1],[-35,1],[-24,0],[-90,4],[-17,0],[-13,1],[-29,1],[-31,1],[-3,-3],[-2,0],[-73,3],[-20,0],[-38,1],[-374,24],[-32,-1],[-2,0],[-497,10],[-42,1],[-180,4],[-136,3],[-135,1],[-30,0],[-112,-1],[-130,-1],[-270,-2],[-269,-2],[-48,0],[-173,-1],[-55,0],[-136,-1],[-263,0],[-46,1],[-51,0],[-66,1],[-185,0],[-103,4],[-186,2],[-51,1],[-153,2],[-210,4],[-29,2],[-76,-1],[-470,0],[-118,-1],[-33,0],[-273,-1],[-114,0],[-100,1],[-416,0],[-44,1],[-427,0],[0,-52],[1,-115],[0,-14],[1,-50],[1,-126],[2,-164],[0,-81],[1,-6],[0,-86],[1,-23],[0,-107],[2,-107],[0,-31],[1,-112],[0,-4],[1,-127],[2,-131],[1,-98],[0,-64],[3,-231],[1,-66],[1,-43],[1,-114],[0,-52],[2,-152],[0,-1],[-3,-217],[-1,-145],[-1,-72],[-3,-279],[-3,-171],[0,-42],[-4,-516],[0,-13],[2,-136],[0,-3],[-1,-101],[-1,-81],[0,-48],[-2,-338],[0,-22],[-42,0],[-1,-69],[2,-151],[0,-160],[-1,-9],[1,0],[0,-26],[1,-5],[0,-118],[1,-45],[0,-220],[1,-119],[0,-286],[1,-45],[0,-383],[1,-101],[0,-14],[1,-565],[1,-184],[-3,0],[0,-67],[-2,-68],[2,-122],[-2,-172],[-1,-11],[0,-10],[2,-46],[0,-802],[1,-4],[0,-11],[4,-381],[0,-5],[1,-3],[0,-21],[-1,-2],[0,-155],[-1,-171],[0,-33],[-2,-236],[1,-129],[0,-36],[-1,-117],[0,-7],[-2,-507],[2,0],[0,-37],[-1,-169],[0,-195],[-1,-521],[0,-897],[-1,-194],[0,-723],[-1,-245],[0,-114]],[[69947,75003],[-3,0],[-16,1],[-2,0],[-249,-2],[-444,0],[-93,1],[-258,0],[-221,1],[-83,0],[-298,1],[-110,-1],[-96,0],[-158,-1],[-122,-2],[-261,2],[-21,0],[-104,1],[-97,1],[-67,0],[-192,-3],[-2,0],[-57,-1],[-172,0],[-72,-1],[-9,0],[-14,1],[-5,0],[-6,-1],[-59,-1],[-162,3],[-4,0],[-34,1],[-274,-5],[-114,0],[-5,-1],[-6,0],[-15,1],[-11,0],[-44,2],[-168,0],[-63,-1],[-32,0],[-75,-1],[-387,0],[-41,-1],[-174,0],[-88,1],[-116,3],[-4,0],[-32,1],[-266,0],[-51,-1],[-104,1],[-79,2],[-2,0],[-207,-2],[-62,-1],[-5,0],[-97,-1],[-46,-1],[-63,0],[-75,-1],[-52,-1],[-183,-2],[-7,1],[-24,0],[-9,1],[-13,0],[-50,-1],[-290,0],[-30,-1],[-60,1],[-90,0],[-92,1],[-45,0],[-104,-1],[-1,0],[-41,-1],[-1150,0],[-26,-1],[-289,0],[-38,-1],[-250,0],[-6,-1],[-76,0],[-10,1],[-238,0],[-5,-1],[-108,0],[-6,1],[-24,0],[-20,-1],[-423,0],[-99,-1],[-652,0],[-19,-1],[-561,0],[-5,1],[-101,0],[-15,-1],[-145,0]],[[57090,74989],[-21,-1],[-16,0],[0,222],[-1,4],[0,15],[1,31],[0,107],[1,57],[0,380],[-1,69],[0,90],[-1,105],[0,11],[1,26],[0,59],[-1,4],[0,47],[1,37],[-1,5],[0,1],[1,3],[0,43],[-1,15],[1,13],[-1,6],[0,38],[1,10],[0,31],[-1,21],[0,2],[1,15],[0,913],[1,23],[0,1],[-1,9],[0,151],[1,100],[0,2],[-1,14],[0,250],[1,12],[0,783],[1,15],[0,62],[-1,3],[0,36],[1,27],[0,219],[1,32],[-1,19],[0,62],[1,17],[0,1],[-1,30],[0,21],[1,13],[0,157],[1,41],[0,142],[-1,45],[0,81],[1,5],[0,887],[1,71],[0,87],[2,82],[0,37],[1,20],[1,33],[-1,12],[-2,106],[0,25],[-1,43],[0,365]],[[57058,81509],[0,394],[-1,29],[0,661],[1,37],[0,85],[-1,15],[0,105],[-1,20],[-2,21],[0,80],[1,1],[0,1],[1,4],[0,158],[1,21],[0,198],[-5,82],[-2,22],[-2,14],[-1,30],[0,4],[-1,16],[0,3],[-1,7],[0,8],[-1,9],[-4,72],[0,5],[-1,13],[0,1],[-4,57],[0,8],[156,0],[20,-1],[20,1],[5,0],[25,-1],[45,0],[59,1],[34,-1],[5,1],[37,0],[20,-1],[318,0],[29,-1],[112,0],[63,-1],[24,0],[63,1],[18,0],[16,-1],[161,0],[33,-1],[20,1],[31,0],[25,-1],[146,0],[99,-1],[0,79],[1,102],[0,45],[1,22],[0,103],[1,5],[0,98],[1,86],[1,54],[0,52],[1,44],[0,36],[1,75],[0,33],[1,22],[0,110],[1,55],[1,49],[0,45],[1,74],[0,85],[1,20],[0,42],[1,43],[0,53],[1,5],[0,84],[1,67],[1,35],[0,76],[1,9],[0,332],[1,88],[1,36],[0,2],[-1,37],[0,354],[1,75],[0,111],[1,24],[0,658],[1,53],[0,44],[-1,87],[0,338],[-1,19],[0,285],[-1,18],[0,326],[1,66],[0,259],[1,56],[0,440],[1,2],[-1,5],[0,574],[1,52],[-1,33],[0,126],[1,44],[0,252],[1,21],[-1,12],[1,52],[0,538],[1,7],[0,8],[1,3],[0,86],[1,56],[1,59],[0,21],[1,36],[0,46],[1,21],[0,59],[1,37],[0,199],[1,74],[0,130],[1,43],[0,138],[1,67],[0,77],[1,12],[0,108],[1,65],[0,29],[1,30],[0,70],[-1,10],[1,20],[-1,6],[0,17],[-6,1],[1,190],[0,178],[1,204],[0,364],[1,123],[0,195],[-1,79],[-1,124],[0,1427],[-1,461],[0,4],[-1,326],[0,382],[2,189],[0,84],[1,119],[2,16],[0,96],[1,29],[0,41],[2,65],[0,66],[-1,167],[0,242],[1,140],[0,371],[-1,348],[0,152],[-1,215],[0,260],[-1,128],[0,336],[-1,198],[0,203]],[[58650,99869],[71,0],[24,-1],[424,0],[6,1],[26,0],[76,-1],[241,0],[35,1],[63,1],[43,1],[38,0],[7,-1],[21,0],[17,-1],[3,0],[47,-1],[16,-1],[16,0],[60,-2],[21,-1],[206,18],[30,3],[40,1],[10,0],[5,1],[66,2],[84,2],[85,2],[29,3],[20,0],[74,1],[169,3],[271,7],[69,2],[38,0],[4,1],[29,0],[100,2],[11,0],[22,1],[130,0],[40,1],[119,3],[40,2],[282,6],[140,3],[46,1],[28,0],[81,2],[27,0],[40,1],[121,3],[40,1],[12,0],[34,1],[12,0],[33,1],[100,1],[33,1],[110,1],[81,2],[251,4],[111,2],[0,-1],[44,0],[56,1],[197,1],[73,0],[63,1],[115,0],[72,1],[161,0],[291,-1],[2,0],[93,1],[49,0],[107,1],[70,0],[39,1],[82,0],[32,1],[424,0],[195,-3],[84,-2],[593,0],[78,-1],[13,0],[415,1],[0,1],[213,0],[0,-1],[283,0],[34,1],[102,0],[35,1],[19,0],[57,2],[18,1],[1,0],[318,-1],[1,0],[271,2],[3,0],[264,-1],[276,0],[99,1],[0,-2],[248,0],[140,-1],[96,1],[58,0],[1,-1],[3,-1],[2,0],[9,1],[58,0],[145,2],[86,0],[27,1],[81,0],[27,1],[117,0],[155,-5],[55,1],[167,1],[106,0],[150,1],[50,1],[0,-3],[5,0],[14,1],[5,0],[55,-1],[164,-1],[500,0],[45,1],[8,-1],[25,-1],[12,0],[-3,-1],[6,-2],[10,-1],[24,-1],[120,1],[36,1],[3,0],[25,3],[26,0],[76,-1],[47,1],[26,0],[226,9],[72,-6],[1,-1],[103,2],[150,3],[107,-1],[72,-1],[218,-1],[6,0],[4,-1],[5,-1],[1,-1],[0,-1],[4,0],[252,4],[4,0],[7,-1],[5,0],[0,-1],[1,0],[1,2],[205,0],[15,1],[28,-1],[24,0],[4,1],[3,1],[10,1],[17,0],[26,-1],[63,0],[62,-1],[52,-1],[24,1],[9,0],[4,-1],[27,-1],[51,0],[16,1],[152,0],[4,4],[1,2],[2,-2],[0,-1],[1,0],[4,-2],[308,0],[211,1],[14,0],[223,-2],[445,1],[220,1],[109,-3],[59,-1],[15,-1],[1,0],[183,-2],[100,0],[53,1],[145,1],[102,1],[229,0],[46,1],[108,1],[76,0],[48,1],[82,0],[34,1],[134,0],[16,1],[4,0],[27,-1],[34,-2],[52,-1],[47,-2],[38,-1],[20,-1],[33,0],[15,-1],[40,1],[61,0],[60,1],[7,0],[83,1],[70,0],[5,1],[14,0],[63,1],[64,0],[153,-2],[76,4],[650,0]],[[22481,19344],[0,0],[0,1],[1,-278],[0,-59],[1,-48],[0,-73],[-2,-152],[0,-2366],[1,-25],[-1,-123],[0,-89]],[[22481,16132],[-242,0],[-20,3],[-518,0],[-114,1],[-670,0],[-125,-1],[-989,0],[-144,-1],[-750,0],[-146,-1],[-44,9],[-62,11],[-118,0],[-87,-1],[-20,0],[-207,-1],[-36,0],[-87,-1],[-34,0],[-51,-1],[-125,0],[-19,-1],[-73,0],[-192,-1],[-64,-1],[-82,0],[-110,-1],[-275,0],[-146,-2],[-94,-1],[-70,1],[-42,1],[-171,-1],[-41,0],[-30,-1],[-100,0],[-157,-2],[-18,0],[-46,-1],[-5,0],[-101,-1],[-88,0],[-90,-1],[-127,-1],[-131,0],[-10,1],[-3,0],[-4,-1],[-12,-1],[-4,0],[-56,-1]],[[15531,16134],[16,17],[12,5],[1,0],[11,14],[11,5],[19,8],[25,-5],[18,3],[8,10],[2,2],[20,18],[8,25],[0,2],[7,37],[5,47],[1,4],[11,17],[5,7],[5,16],[-5,34],[-13,21],[-38,148],[-7,18],[-3,9],[3,16],[3,22],[-1,33],[-3,20],[-8,15],[-20,33],[-13,17],[-3,25],[3,12],[-1,23],[2,22],[-15,31],[-6,15],[0,9],[5,19],[-4,23],[-9,19],[-9,29],[-17,37],[-9,15],[-8,40],[1,38],[-1,14],[-30,45],[-6,20],[-15,18],[-23,19],[-6,8],[16,27],[1,1],[21,35],[9,19],[21,18],[-6,21],[4,16],[-5,12],[-2,8],[8,31],[15,33],[4,25],[-1,17],[2,33],[1,24],[17,16],[8,14],[16,12],[6,5],[17,22],[10,32],[14,14],[26,11],[12,16],[8,13],[19,12],[1,14],[7,23],[8,16],[20,10],[18,19],[24,8],[29,-10],[5,0],[9,1],[6,10],[9,-4],[16,-8],[15,-2],[16,4],[20,-10],[7,-22],[1,-12],[13,-13],[7,-11],[1,-13],[6,-11],[5,1],[17,3],[16,-7],[22,-2],[13,13],[6,20],[9,12],[7,22],[24,17],[9,8],[8,22],[9,23],[20,28],[14,11],[11,9],[23,10],[36,1],[14,1],[17,-7],[8,3],[10,2],[37,12],[13,5],[6,12],[6,4],[7,4],[11,10],[20,4],[22,0],[14,4],[6,14],[1,15],[3,19],[-5,17],[-1,20],[5,11],[3,-5],[9,-2],[8,2],[9,13],[18,23],[19,5],[21,9],[11,4],[6,9],[24,6],[14,-12],[13,7],[6,11],[3,-1],[30,0],[21,-14],[4,-19],[10,-8],[3,1],[19,6],[25,7],[22,8],[10,-9],[22,1],[24,-6],[20,4],[19,9],[16,1],[17,-22],[20,-14],[15,-24],[11,7],[22,46],[6,13],[8,18],[14,17],[2,15],[2,10],[5,17],[1,16],[-11,22],[-27,63],[0,33],[3,10],[7,17],[6,17],[0,3],[-1,20],[0,26],[-8,33],[1,15],[2,38],[0,42],[-3,26],[-6,13],[-1,1],[0,31],[11,20],[10,22],[18,28],[8,25],[9,22],[21,24],[5,19],[3,10],[23,15],[10,7],[18,8],[3,10],[-2,19],[9,29],[4,20],[8,14],[-2,10],[-2,8],[3,33],[5,19],[8,13],[1,11],[6,5],[19,37],[-2,4],[-8,1],[-3,8],[-4,7],[5,15],[-1,7],[-6,31],[-1,7],[3,20],[-2,4],[-35,38],[-20,5],[-48,21],[0,18],[10,39],[16,47],[6,6],[0,4],[5,4],[7,5],[11,7],[1,0],[6,1],[17,27],[-3,15],[-4,34],[0,11],[3,5],[16,14],[5,4],[5,2],[3,4],[0,8],[7,11],[6,7],[4,12],[10,20],[6,13]],[[17087,19523],[1,1],[18,0],[34,6],[2,0],[23,8],[47,2],[14,2],[4,0],[6,-6],[9,-3],[8,-8],[39,-16],[4,-4],[4,-3],[19,-25],[14,-3],[11,2],[1,1],[13,6],[5,2],[9,4],[4,10],[2,15],[6,21],[4,18],[3,14],[2,8],[4,21],[1,2],[5,23],[7,21],[15,17],[7,17],[10,30],[2,1],[5,3],[19,18],[19,15],[9,21],[6,7],[7,22],[6,5],[10,13],[11,15],[19,36],[7,9],[6,7],[35,12],[8,30],[5,37],[1,9],[20,57],[1,5],[-3,2],[-11,5],[-16,16],[-19,29],[-14,11],[-13,13],[-4,10],[-8,5],[-2,5],[8,37],[7,13],[18,26],[15,30],[0,1],[6,24],[-21,13],[-33,62],[-7,19],[-4,30],[1,21],[9,29],[14,12],[17,18],[32,23],[33,14],[6,8],[5,5],[7,13],[7,10],[7,14],[8,12],[9,13],[9,23],[4,17],[3,5],[18,6],[12,10],[23,15],[6,1],[10,5],[17,5],[8,8],[6,16],[3,6],[4,29],[15,18],[21,10],[35,10],[5,5],[1,-4],[7,-13],[4,-4],[32,-13],[25,-18],[12,-6],[18,-2],[14,0],[3,22],[8,25],[9,23],[0,2],[-1,16],[1,4],[3,18],[0,9],[4,14],[0,17],[1,9],[18,30],[7,8],[4,23],[29,90],[-2,14],[5,19],[4,13],[-1,3],[-2,3],[-1,3],[17,19],[17,3],[14,21],[26,26],[23,6],[5,6],[2,8],[-1,21],[7,37],[0,9],[-2,5],[-2,3],[-6,4],[-10,14],[-5,22],[-6,10],[-6,16],[9,14],[5,9],[6,11],[8,14],[2,6],[4,6],[16,0],[12,-4],[10,-4],[6,4],[8,24],[-2,4],[-2,10],[0,10],[2,24],[1,24],[-3,5],[-13,5],[0,7],[3,11],[2,5],[-1,14],[1,5],[1,4],[3,68],[1,13],[-3,13],[-12,22],[-1,9],[3,34],[5,24],[-2,11],[-29,64],[-1,3],[-6,13],[-1,11],[4,18],[-2,11],[1,4],[3,2],[4,-1],[10,-3],[9,4],[57,3],[27,17],[14,15],[15,38],[6,11],[7,8],[4,4],[12,11],[6,12],[19,22],[19,39],[6,25],[1,5],[17,32],[3,2],[48,-8],[12,2],[7,2],[4,4],[5,14],[33,58],[29,62],[2,7],[-2,12],[-5,36],[0,14],[5,28],[-2,22],[3,9],[0,7],[-2,17],[0,19],[1,6],[29,18],[4,3],[10,3],[7,6],[5,8],[24,22],[18,27],[8,17],[9,17],[1,5],[-2,9],[-13,56],[2,7],[6,0],[42,8],[18,7],[9,8],[10,11],[1,2],[8,13],[16,27],[4,8],[3,15],[4,21],[3,7],[16,24],[3,7],[3,14],[0,1],[7,13]],[[18833,22762],[7,-10],[7,-6],[9,-5],[35,-5],[23,-4],[7,-5],[7,-8],[21,-21],[8,-5],[20,-32],[11,-6],[12,-13],[2,-7],[7,-13],[14,-7],[3,-4],[1,-7],[4,-7],[10,-1],[6,1],[0,1],[4,-6],[7,-12],[23,-17],[4,2],[11,9],[5,0],[3,-4],[3,-10],[4,-3],[8,4],[1,0],[16,-5],[5,-2],[4,4],[9,13],[11,1],[12,7],[6,3],[4,5],[2,2],[6,11],[9,-1],[4,0],[5,-1],[6,-5],[7,2],[16,17],[4,1],[3,-5],[2,-7],[2,-1],[15,-2],[2,-6],[0,-11],[-1,-2],[-7,-29],[0,-7],[8,-28],[4,-41],[2,-6],[26,9],[4,-1],[22,-16],[7,-4],[19,-5],[5,-18],[4,-4],[6,-1],[22,12],[4,-1],[9,-3],[12,11],[2,1],[7,-2],[15,-8],[23,27],[1,5],[-1,14],[10,7],[3,6],[1,27],[8,17],[2,13],[0,12],[2,4],[4,3],[16,5],[5,5],[8,18],[5,21],[1,22],[0,13],[6,9],[7,5],[7,1],[28,-12],[19,-12],[7,-2],[14,4],[23,48],[16,30],[3,2],[17,2],[2,1],[8,6],[34,-21],[14,-6],[7,0],[13,3],[11,-6],[19,-10],[20,-1],[32,4],[1,0],[23,-1],[12,12],[8,1],[16,1],[1,7],[11,35],[1,6],[17,21],[1,3],[0,1],[1,1],[0,1],[-1,8],[-2,2],[-2,0],[-6,6],[0,7],[1,7],[8,20],[5,22],[2,2],[5,-3],[43,-33],[15,-2],[9,3],[28,14],[9,3],[11,2],[4,5],[8,13],[4,3],[9,-3],[5,1],[12,24],[4,9],[3,14],[3,15],[2,8],[1,5],[1,9],[2,2],[10,2],[7,2],[3,4],[12,48],[-2,4],[-4,21],[0,8],[8,11],[5,8],[4,3],[26,9],[21,12],[14,10],[4,5],[6,11],[5,5],[19,15],[8,8],[7,8],[6,67],[-5,20],[-5,17],[-13,15],[-2,6],[-5,40],[-3,13],[-2,19],[-1,19],[-4,9],[-5,7],[-5,9],[-10,12],[-3,9],[-1,31],[-8,15],[-4,85],[10,22],[3,11],[18,28],[2,8],[-3,26],[0,7],[-5,23],[-1,8],[0,10],[-1,7],[-9,17],[-2,10],[3,13],[1,10],[7,16],[4,16],[0,3],[-2,11],[1,5],[2,11],[-1,5],[-25,55],[-1,5],[4,37],[-1,17],[-5,31],[8,28],[2,8],[1,15],[1,4],[8,12],[2,5],[6,21],[1,4],[2,4],[9,7],[1,2],[1,7],[-14,35],[-1,9],[1,14],[4,14],[2,8],[1,24],[-2,7],[-10,22],[0,5],[1,14],[-1,7],[-6,13],[0,4],[2,3],[44,0],[171,-1],[619,0],[81,1],[120,0]],[[21246,24248],[-1,-29],[0,-19],[10,-29],[15,-15],[1,0],[16,-1],[16,-2],[5,-11],[2,-26],[7,-40],[4,-22],[0,-15],[4,-18],[10,-12],[40,-35],[10,-8],[19,-7],[18,-13],[23,-20],[30,-26],[19,-20],[6,-14],[17,-6],[34,-11],[46,-8],[18,-5],[17,-5],[12,2],[13,-12],[23,-3],[16,-4],[8,-11],[13,-21],[22,-35],[24,-26],[0,-76],[3,-5],[-16,-37],[-11,-25],[2,-25],[-14,-18],[-36,-44],[-4,-23],[-3,-23],[2,-21],[-4,-8],[0,-1],[2,-21],[-3,-24],[2,-21],[3,-16],[5,-21],[4,-33],[12,-10],[1,-1],[18,-15],[9,-11],[-18,-30],[-10,-26],[-2,-33],[11,-24],[29,-29],[25,-29],[14,-18],[6,-7],[14,-33],[8,-20],[4,-25],[-12,-48],[2,-18],[6,-32],[9,-24],[-1,-28],[2,-14],[14,-23],[33,-18],[5,-3],[-1,-13],[4,-19],[17,-17],[16,-20],[10,-12],[19,-14],[1,-5],[-21,-23],[-2,-25],[0,-16],[-7,-17],[-11,-14],[-30,-18],[-15,-6],[-3,-9],[3,-33],[2,-31],[-1,-6],[-2,-8],[-12,-42],[-10,-17],[-17,-17],[-15,-7],[-17,-14],[-14,1],[-12,4],[-5,-8],[0,-24],[3,-24],[5,-35],[7,-29],[-1,-13],[-18,-32],[-11,-24],[-20,-34],[-8,-8],[0,-14],[3,-24],[5,-19],[5,-11],[3,-7],[5,-37],[0,-16],[-5,-12],[-2,-8],[-1,-3],[-7,-4],[50,-26],[36,-31],[32,-31],[25,-35],[19,-37],[8,-22],[0,-14],[-4,-22],[15,-22],[9,-1],[3,-4],[2,-6],[0,-10],[11,-21],[7,-18],[5,-23],[-1,-35],[9,-22],[15,-10],[7,-4],[11,-28],[-1,-17],[-3,-9],[-3,-45],[3,-5],[-2,-18],[-1,-7],[-2,-15],[2,-13],[-3,-65],[-3,-11],[-4,-12],[-5,-2],[-13,4],[-6,-3],[-2,-5],[-2,-17],[1,-25],[-1,-11],[1,-25],[-1,-2],[-3,-2],[-8,-2],[-1,-6],[-2,-19],[0,-10],[3,-17],[0,-5],[-1,-2],[-7,-3],[0,-2],[5,-13],[1,-3],[15,11],[17,-17],[0,-13],[-3,-6],[-4,-10],[-1,-6],[-5,-5],[0,-3],[24,-9],[5,-1],[3,-2],[9,-31],[3,-6],[3,-4],[-2,-18],[4,-11],[2,-7],[12,-34],[-9,-27],[0,-7],[1,-2],[4,-4],[5,-25],[-3,-10],[-3,-44],[-2,-4],[-9,-6],[0,-6],[1,-15],[0,-1],[1,-6],[4,-14],[1,-25],[2,-4],[2,-2],[17,3],[12,-10],[8,-9],[6,-2],[6,-7],[3,-3],[17,-6],[7,-2],[2,-2],[1,0],[3,-1],[3,-2],[2,0],[2,-1],[4,-1],[6,-2],[4,0],[4,-1],[5,-2],[3,0],[2,-1],[5,0],[2,1],[4,-1],[1,-1],[3,-1],[1,0],[5,-1],[2,0],[3,-1],[4,-2],[3,-1],[6,-1],[5,-1],[3,-2],[4,-1],[6,-2],[4,-2],[7,-3],[9,-3],[8,0],[6,-1],[7,-1],[5,-2],[7,-1],[4,1],[10,-2],[3,-1],[3,-2],[2,-1],[3,-3],[3,-2],[7,-2],[6,0],[6,1],[4,0],[2,1],[7,2],[4,3],[5,4],[3,3],[4,8],[1,3],[4,4],[5,0],[3,-1],[4,0],[2,1],[3,2],[8,0],[3,-1],[8,2],[3,1],[6,4],[3,1],[4,0],[8,-2],[6,-2],[11,-7],[5,-4],[8,-6],[4,-2],[4,-1],[3,-2],[5,-4],[6,-7],[3,-2],[4,-3],[1,-1],[3,-1],[3,0],[2,-2],[4,-1],[3,-3],[2,-4],[2,-3],[4,-4],[1,-3],[2,-4],[2,-3],[1,-3],[2,-3],[1,-2],[3,-2],[0,-2],[2,-4],[2,-1],[2,-2],[2,-5],[3,-9],[3,-6],[3,-2],[3,-1],[3,0],[2,-1],[1,-1],[0,-7],[-1,-2],[0,-6],[1,-4],[1,-3],[3,-3],[3,-1],[4,-4],[2,-1],[6,-9],[3,-5],[4,-6],[1,-2],[3,-5],[5,-6],[4,-4],[5,-6],[9,-9],[3,-1],[3,-2],[3,-3],[2,-1],[2,0],[3,2],[2,0],[1,1],[2,-2],[1,-2],[2,-2],[3,0],[3,1],[2,0],[6,-3],[3,-8],[1,-2],[2,-1],[1,0],[4,2],[1,1],[1,0],[2,-2],[2,-4],[1,-3],[0,-5],[1,-7],[2,-5],[3,-4],[3,-3],[3,-2],[2,-2],[1,-3],[2,-5],[0,-6],[2,-5],[1,-4],[4,-4],[4,-6],[1,-4],[2,-7],[1,-3],[1,0],[6,-2],[2,-1],[2,-3],[8,-8],[3,-7],[2,-2],[8,-16],[1,-4],[4,-7],[6,-9],[6,-6],[3,-6],[1,-5],[1,-6],[1,-5],[0,-7],[-1,-3],[-2,-3],[-3,-5],[-1,-2],[0,-2],[2,-4],[2,-1],[3,-3],[1,-2],[2,-1],[3,-6],[0,-16],[1,-7],[4,-12],[1,-4],[1,-3],[0,-1],[2,-3],[6,-3],[1,-2],[1,-4],[0,-3],[1,-4],[0,-4],[-1,-3],[-1,-2],[-2,-3],[0,-4],[1,-3],[1,-4],[0,-9],[1,-1],[2,0],[1,1],[2,1],[1,1],[2,0],[0,-2],[1,-5],[1,-6],[2,-7],[1,-9],[2,-7],[1,-4],[0,-4],[-1,-6],[0,-1],[1,-4],[2,-12],[-1,-6],[-1,-5],[0,-1],[-2,-3],[-1,-3],[0,-3],[1,-2],[3,0],[2,1],[2,0],[2,-1],[0,-1],[2,0],[3,2],[2,2],[2,0],[0,-1],[2,-5],[1,-3],[4,-4],[3,-2],[4,-2],[1,-2],[3,-2],[2,0],[3,1],[4,2],[2,-1],[2,-2],[3,-4],[3,-8],[0,-5],[1,-5],[0,-4],[-1,-6],[-1,-5],[0,-4],[-1,-4],[0,-5],[1,-2],[2,-1],[1,-1],[7,0],[2,-1],[4,-4],[1,-4],[1,-5],[2,-13],[1,-4],[2,-3],[0,-2],[3,-4],[1,-2],[0,-3],[-1,-4],[-1,-1],[1,-3],[0,-1],[2,-1],[5,-2],[3,-2],[2,-2],[1,-2],[1,-3],[1,-4],[0,-5],[-1,-5],[0,-1],[-1,-5],[-2,-5],[-1,-5],[1,-3],[0,-6],[1,-6],[0,-1],[-1,-1],[-1,-2],[-1,-1],[0,-10],[2,-8],[1,-9],[1,-6],[-1,-7],[-1,-8],[0,-6],[-1,-4],[1,-5],[1,-4],[0,-4],[-1,-4],[-1,-3],[-2,-4],[0,-3],[-2,-13],[-1,-6],[-1,-5],[-3,-11],[-2,-5],[-3,-5],[-1,-4],[-2,-1],[0,-7],[2,-3],[4,-4],[10,-6],[1,-2],[0,-5],[1,-5],[0,-4],[2,-4],[1,-5],[0,-13],[-1,-3],[0,-6],[1,-3],[1,-4],[6,-9],[1,-3],[2,-5],[0,-15],[1,-3],[4,-8],[1,0],[0,-9],[-1,-2],[-2,-2],[-6,-2],[-5,-2],[-2,-2],[-2,-1],[-3,-2],[-3,0],[-2,1],[-3,2],[-3,0],[-2,-3],[-1,-4],[-1,-6],[-2,-16],[1,-7],[0,-7],[-1,-3],[-2,-3],[-3,-1],[-4,-3],[-2,-1],[-1,-2],[0,-1],[-1,-1],[0,-14],[-3,-3],[-3,-1],[-3,-4],[-1,-3],[0,-3],[-3,-6],[-3,-2],[-4,-3],[0,-1],[-3,-1],[-4,-4],[-2,-5],[-2,-4],[-2,-14],[0,-5],[-2,-12],[-2,-8],[-3,-6],[-2,-6],[-2,-5],[-3,-4],[-2,-7],[-1,-5],[1,-4],[2,-4],[1,-3],[1,-2],[0,-4],[-1,-4],[-1,-5],[-2,-6],[-1,-2],[-1,-1],[-1,-2],[-1,-5],[0,-4],[-2,-4],[-2,-3],[-3,-2],[-4,-4],[-1,-4],[-1,-6],[0,-4],[-1,-9],[-1,-3],[-2,-2],[-3,-2],[-4,-4],[-1,-2],[-1,-3],[-2,-4],[-2,-17],[0,-3],[4,-8],[3,-4],[1,-5],[1,-3],[-1,-4],[-1,-3],[-3,-4],[-1,-2],[-1,-3],[1,-3],[2,-4],[4,-4],[3,-6],[-1,-5],[0,-10],[-1,-2],[0,-2],[-1,-2],[0,-1],[-1,-1],[0,-1],[-1,-1],[-1,-2],[-1,-1],[-2,-1],[-1,-1],[-1,0],[-4,-4],[0,-1],[-2,-2],[-1,-2],[-1,0],[-4,-4],[-1,0],[0,-1],[-3,-1],[-1,0],[-1,-1],[-1,0],[-2,-2],[-1,-2],[0,2],[-1,2],[0,6],[1,4],[1,3],[0,5],[-1,2],[0,2],[-1,1],[-1,2],[-2,2],[-1,3],[-2,1],[-1,1],[-2,1],[-2,-1],[-1,0],[-1,-1],[-13,0],[-1,1],[-1,2],[-2,2],[-2,3],[-2,4],[-3,2],[-4,1],[-9,0],[-3,1],[-1,2],[-2,2],[-1,3],[-3,4],[-9,0],[-5,-1],[-7,2],[-3,2],[-3,5],[-1,2],[-7,3],[-2,3],[-2,4],[-3,3],[-2,1],[-2,2],[-3,0],[-7,3],[-2,0],[-1,1],[-3,1],[-3,4],[-3,2],[-2,2],[-3,2],[-3,0],[-3,-1],[-2,0],[-1,-2],[-2,-3],[-1,-3],[-1,-2],[-3,-3],[-4,-1],[-2,0],[-2,-1],[-1,-1],[-5,-6],[-3,-4],[-2,-3],[-2,-1],[-1,0],[-2,1],[-3,1],[-3,2],[-2,1],[-4,0],[0,1],[-1,1],[-1,0]],[[9710,41776],[34,1],[613,3],[82,0],[342,2],[163,0],[309,2],[272,0],[123,1],[920,0],[315,1],[13,0],[70,1],[112,-2],[5,0],[127,-1],[95,0],[47,1],[3,0],[108,2],[230,0],[8,-1],[7,0],[31,1],[67,-1],[197,0],[126,-1],[27,0],[71,-1],[427,0],[70,1],[59,0],[7,-1],[5,-1],[2,0],[52,1],[207,0],[30,1],[22,1],[12,0],[114,-1],[342,-1],[75,-1],[127,0],[168,-1],[4,0],[155,-1],[225,-1],[2,0],[188,-2],[99,0],[15,-1],[267,0],[140,1],[157,0],[63,-1],[1,0],[210,-1],[241,0],[484,-2],[8,0],[3,-1],[3,1],[55,-1],[44,1],[164,0],[53,1],[122,0],[29,5],[38,0],[130,1],[277,0],[329,1],[36,0],[116,1],[333,0],[194,1],[181,0],[39,1],[415,0],[13,1],[555,0],[100,1],[372,0],[103,1],[309,0]],[[22218,41788],[0,-17],[1,-51],[0,-5800],[3,-14],[0,-843],[1,-44],[0,-404],[1,-15],[0,-58],[1,-1],[0,-6],[-1,-60],[0,-8],[1,-170],[1,-29],[0,-686],[1,-86],[0,-849],[-8,2],[-10,0],[-21,-1],[-97,0],[-20,-1],[-738,0],[-87,1],[-245,0],[-51,-1],[-499,0],[-13,-1],[-99,0],[-4,1],[-31,0]],[[20304,32647],[-2,9],[-1,15],[0,5],[2,9],[1,14],[6,18],[12,43],[1,0],[4,29],[4,22],[2,26],[-4,10],[-10,14],[-11,16],[-8,25],[-4,22],[-2,37],[-1,5],[-5,20],[-5,16],[0,4],[3,12],[2,10],[6,27],[6,15],[11,19],[3,5],[8,16],[1,41],[2,8],[5,6],[14,26],[18,48],[-4,6],[-5,5],[-6,7],[-5,12],[-15,63],[-3,12],[-5,9],[-5,1],[-6,2],[-6,5],[-4,9],[-2,15],[-2,16],[-317,0],[-27,1],[-88,0],[-9,-1],[-721,0],[-6,-1],[-26,0],[-23,1],[-70,3],[-23,1],[-17,0],[-51,-2],[-25,0],[-24,-1],[-12,0],[-81,1],[-1517,0],[-24,-1],[-228,0],[-3,1],[-11,1],[-3,1],[-21,2],[-15,1],[-75,8],[-153,0],[-114,-1],[-126,0],[-64,-1],[-178,0],[-39,-1],[-197,0],[-89,-1],[-150,0],[-35,-1],[-182,0],[-47,-1],[-114,0],[-181,-1],[-112,0],[-116,-9],[-42,-4],[-329,0],[-59,-1],[-332,0],[-114,2],[-200,0],[-26,-1],[-54,1],[-165,1],[-55,1],[-12,-1],[-2,-1],[-16,0],[-50,-2],[-16,-1],[-26,0],[-40,-1],[-119,-4],[-8,-1],[-32,0],[-30,-1],[-34,-1],[3,-95],[2,-52],[0,-14],[1,-42],[1,-14],[0,-1],[2,-51],[35,1],[29,1],[23,1],[28,1],[5,-182],[10,0],[65,1],[37,0],[114,1],[37,0],[1,-39],[1,-117],[1,-39],[0,-10],[1,-83],[3,-250],[1,-83],[1,-63],[1,-52],[78,1],[36,1],[41,0],[31,1],[56,0],[11,1],[-1,-43],[-2,-129],[-1,-42],[-2,-87],[-3,-131],[-3,-107],[0,-4],[9,-184],[448,1],[346,0],[107,1],[168,0],[0,-176],[52,1],[104,1],[87,0],[22,1],[7,0],[60,1],[59,0],[0,-179],[-1,-77],[0,-104],[46,1],[78,0],[83,1],[60,0],[0,-187],[139,0],[33,-1],[89,0],[0,-78],[1,-44],[0,-65],[113,0],[13,1],[9,0],[0,-11],[-1,-85],[0,-38],[-1,-114],[-2,-316],[0,-26],[-1,-46],[0,-68],[-1,-81],[-1,-172],[0,-71],[-1,-81],[0,-15],[-23,0],[-70,-3],[-27,0],[-13,-1],[-4,0],[0,-20],[1,-30],[2,-90],[1,-30],[0,-1],[1,-64],[4,-195],[1,-65],[1,-8],[0,-27],[-26,-1],[-25,0],[-40,-1],[-37,0],[-28,-1],[-84,-1],[-28,0]],[[15592,28918],[-11,-1],[-85,0],[-20,1],[-104,1],[-41,1],[-30,0],[-17,1],[-3,-1],[-13,0],[-19,1],[-26,1],[-4,0],[-18,-1],[-2,1],[0,-2],[-50,1],[-53,0],[-96,4],[-5,0],[-52,2],[-2,0],[-1,-1],[-27,0],[-81,-1],[-157,0],[-93,1],[-44,0],[-39,-1],[-13,-1],[-49,0],[-200,-4],[-1,0],[-1,1],[-70,0],[-181,-2],[-60,0],[-94,-1],[-167,-2],[-118,0],[-51,-1],[-44,1],[-30,0],[-19,2],[-67,7],[-19,2],[-32,0],[-85,-1],[-43,0],[-45,-1],[-15,0],[-30,-1],[-88,-2],[-30,-1],[-53,-1],[-160,-3],[-53,-1],[-2,0],[0,1],[-4,0],[-10,-1],[-20,0],[-47,1],[-50,0],[-103,1],[-175,0],[-80,1],[-2,0],[-245,1],[-82,0],[-28,1],[-83,0],[-25,1],[-88,0],[-65,1],[-26,0],[-12,6],[-4,0],[-50,-1],[-32,0],[-61,-2],[-119,0],[-137,-2],[-26,0],[-59,-1],[-53,0],[-67,-1],[-270,0],[-5,-1],[-35,0],[-4,1],[-16,0],[-3,1],[-120,0],[-2,-1],[-5,0],[-116,1],[-61,1],[-68,1],[-339,4],[-123,1],[-6,1],[-170,4],[-7,0],[-19,-1],[-7,0],[-26,1],[-81,2],[-27,1],[-31,0],[-42,1],[-50,1],[-44,0],[-29,1],[-85,0],[-56,-1],[-153,0],[-29,-1],[-19,0],[-54,1],[-4,0],[-23,1],[-34,1],[-42,0],[-78,-1],[-28,0],[-17,-1],[-30,0],[-27,1],[-100,0],[-86,-1],[-286,0],[-62,-1],[-61,0],[-16,1],[-145,0],[-2,1],[-38,0],[-71,1],[-50,-3],[-41,-3],[-7,0],[-22,-1],[-7,-1],[-9,0],[-25,-2],[-96,-6],[-102,0],[-52,1],[-42,0],[-40,1],[-93,0],[-71,1],[-26,0],[-33,1],[-25,0],[-77,1],[-26,0],[-70,1],[-74,0],[-136,2],[-70,0],[-7,1],[-56,1],[-95,2],[-94,3],[-37,1],[-26,-2],[-6,0],[-12,-1],[-4,0],[-9,-1],[-27,-1],[-261,0],[-33,-1],[-14,0],[-40,1],[-175,0],[-164,-1],[-134,0],[-48,1],[-18,0],[-6,1],[-40,0],[-113,2],[-59,0],[-186,-2],[-280,0],[-47,3],[-56,3],[-22,1],[-73,-1],[-50,0],[-27,-1],[-80,0],[-27,-1],[-70,0],[-45,-1],[-22,0],[-35,1],[-109,2],[-56,1],[-43,1],[-20,0],[-60,1],[-68,0],[-225,3],[-76,2],[-123,4],[-20,0],[-35,-1],[-49,0],[-47,1],[-139,1],[-45,-1],[-2,0],[-29,1],[-18,0],[-141,5],[-47,1],[0,-2],[-71,0],[0,-1],[-3,0],[-53,4],[-168,11],[-55,4],[-24,1],[-69,3],[0,-41],[-26,0],[-26,1],[-27,0],[-12,-1],[-52,0],[-36,1],[-62,3],[-46,2],[-23,0],[-13,1],[-23,0],[-71,2],[-37,0],[-38,1],[-12,0],[-20,-1],[-61,-3],[-20,-1],[-48,0],[-67,1],[-76,-1],[-48,-1],[-176,4],[-18,1],[-26,-1],[-43,-2],[-58,-2],[-173,0],[-7,-1],[-16,0],[-220,-5],[-7,0],[-62,-1],[-94,-1],[-110,-2],[-68,-1]],[[265,28935],[-6,61],[1,27],[0,25],[2,74],[0,41],[1,47],[0,16],[-3,43],[-5,46],[-7,84],[-4,43],[-6,65],[-18,196],[-6,65],[-2,17],[-5,51],[-1,17],[-4,44],[-12,131],[-4,43],[-6,62],[-9,102],[-8,83],[-4,42],[-1,20],[-5,55],[-1,7],[-2,22],[-1,7],[0,2],[-1,7],[-7,82],[-3,32],[-1,13],[-35,380],[-3,28],[-12,136],[-2,16],[-4,47],[-1,16],[-3,32],[-8,90],[0,6],[-1,13],[-1,7],[-2,12],[-1,11],[-4,32],[-1,11],[-10,101],[-32,300],[-10,101],[-4,42],[0,524],[-1,111],[0,1835],[-1,11],[0,407],[1,137],[0,10],[-1,99],[0,1207],[-1,118],[0,970],[4,168]],[[4,37585],[9699,0],[2,11],[4,33],[1,11],[0,1920],[1,157],[-1,64],[0,114],[-1,29],[0,1362],[1,66],[0,424]],[[56492,73938],[1,-1],[4,-1],[7,-1],[29,0],[3,1],[21,0],[0,-11],[-4,0],[-4,1],[-16,0],[-29,1],[-47,1],[-36,0],[-42,1],[-15,-4],[-18,-6],[-16,-8],[-18,-10],[-17,-11],[-6,-3],[0,22],[7,4],[24,13],[11,7],[-14,0],[0,14],[10,0],[6,4],[12,5],[19,5],[28,2],[19,-1],[0,-24],[10,0],[5,1],[32,-1],[34,0]],[[57090,74989],[434,0],[66,1],[25,0],[12,-1],[89,0],[0,99],[-1,38],[0,41],[6,1],[1,0],[1,-42],[0,-137],[7,0],[0,137],[-1,42],[127,5],[101,0],[31,1],[2,0],[0,7],[1,172],[-45,1],[-63,-1],[-27,0],[0,26],[1,2],[3,3],[3,7],[2,3],[6,7],[2,3],[0,5],[1,5],[1,9],[2,4],[3,3],[6,8],[2,3],[2,6],[4,8],[3,5],[1,5],[2,5],[1,5],[2,4],[1,3],[1,4],[-1,6],[-2,3],[-2,1],[-4,1],[-5,-2],[-8,1],[-27,0],[0,10],[5,0],[2,-3],[17,1],[9,0],[0,64],[-33,0],[0,45],[-1,15],[62,1],[7,0],[39,1],[72,0],[0,64],[1,0],[-1,21],[92,0],[0,306],[1,8],[0,4],[1,5],[7,33],[1,7],[35,1],[7,0],[36,1],[14,0],[25,1],[43,0],[11,1],[12,0],[34,1],[42,2],[0,-86],[-1,-30],[0,-12],[-1,-37],[0,-46],[-1,-27],[0,-485],[1,-2],[0,-28],[1,-8],[-1,-1],[0,-2],[-1,-2],[0,-147],[-1,-29],[0,-117],[1,-21],[0,-15]],[[58393,74990],[-279,0],[0,-2],[-3,-18],[-6,-21],[-2,-6],[0,-2],[-10,-31],[-13,-41],[-12,-40],[-7,-24],[-6,-16],[-3,-12],[-9,-28],[-2,-6],[-3,-11],[-7,-21],[-1,-5],[-3,-10],[-6,-27],[-1,-8],[0,-1],[-2,-12],[-3,-19],[0,-7],[-2,-12],[-1,-23],[0,-203],[-5,0],[-20,-1],[-6,0],[-53,-1],[-9,0],[0,-49],[-35,0],[0,-45],[3,0],[10,-1],[54,0],[29,-3],[32,0],[0,-97],[-126,2],[-3,0],[0,26],[1,12],[0,10],[-1,41],[0,100],[-17,1],[1,12],[-1,32],[-16,0],[0,21],[32,0],[0,73],[-50,-1],[-78,-1],[-111,-2],[-26,0],[1,-33],[0,-122],[1,-43],[0,-24],[39,0],[0,-49],[-3,0],[-36,-1],[1,-25],[0,-314],[-1,-3],[0,-2],[1,-20],[-1,-4],[-2,-7],[-4,-10],[-3,-6],[-3,-7],[-1,-5],[-2,-7],[-2,-5],[-1,-8],[0,-13],[1,-6],[2,-10],[1,-6],[4,-12],[22,-12],[36,-15],[1,0],[4,5],[1,1],[0,1],[1,0],[1,1],[12,14],[0,-14],[1,-22],[55,0],[0,-95],[94,1],[33,0],[14,-1],[0,-68],[-32,-1],[-31,0],[-22,-1],[-98,0],[0,3],[-7,0],[0,-3],[-24,0],[-13,-1],[-37,0],[0,-55],[1,-51],[0,-40],[1,-5],[0,-35],[1,-18],[0,-38],[1,-6],[1,-29],[0,-55],[1,-21],[0,-191],[-84,0],[0,-58],[-28,0],[0,57],[-122,0],[-11,1],[-28,0],[0,-146],[1,-31],[-173,0],[-18,1],[-9,-1],[-6,0],[-59,1],[0,-4],[1,-7]],[[57090,72833],[-36,0],[-1,-22],[-30,-1],[-3,1],[0,34],[-19,-1],[0,-33],[-4,0],[-16,1],[-1,29],[0,3],[-24,1],[0,-32],[1,-30],[0,-1],[1,-4],[1,-107],[0,-7],[-3,0],[-46,1],[-8,0],[-76,-1],[-6,0],[1,-9],[0,-61],[1,-10],[0,-99],[-9,0],[-7,-1],[-16,0],[-7,-1],[-37,1],[-7,0],[-19,1],[-20,-1],[-3,0],[-9,1],[-43,0],[0,-21],[1,-1],[-21,0],[-28,-1],[-43,0],[0,23],[-80,0],[-1,10],[0,10],[-1,1],[-57,25],[5,98],[0,31],[1,42],[-13,2],[-9,6],[-30,26],[-31,28],[-17,15],[1,0],[0,2],[2,4],[1,0],[0,1],[10,20],[-9,8],[-1,2],[-11,-20],[0,-1],[-4,4],[-9,8],[1,1],[0,1],[2,3],[0,1],[5,10],[-6,9],[-12,16],[-4,-1],[-13,0],[-26,-2],[-24,-1],[-13,-1],[-14,-1],[-1,0],[-10,-1],[-71,0],[-35,1],[-26,-1],[-34,-1],[-5,0],[-66,3],[-36,-2],[-39,-1],[-25,-1],[-32,-1],[-57,-2],[-2,0],[-12,-1],[0,-10],[-2,0],[0,-161],[1,-82],[2,-80],[0,-11],[33,0],[5,-1],[5,1],[2,1],[3,-1],[36,1],[39,0],[3,-1],[4,0],[54,1],[1,0],[38,-1],[1,0],[0,1],[3,0],[11,2],[13,1],[2,0],[2,1],[3,0],[1,-1],[0,-187],[1,-4],[0,-2],[1,-55],[0,-10],[-16,2],[-1,0],[-3,8],[-15,53],[-1,0],[0,1],[-1,4],[-1,1],[0,2],[-1,2],[-8,0],[0,-5],[-1,1],[-8,-1],[-9,-9],[-5,-3],[-46,0],[-4,1],[-2,0],[-7,1],[-1,-9],[0,-20],[-3,-2],[-1,0],[-2,1],[-3,1],[40,-37],[6,-7],[-1,0],[-168,-6],[-6,2],[-128,25],[-111,15],[0,7],[-17,3],[0,236],[-1,10],[0,236],[14,9],[9,5],[18,8],[7,1],[4,1],[25,0],[12,2],[10,0],[5,1],[5,2],[6,3],[9,6],[13,7],[19,10],[9,6],[6,2],[2,1],[3,1],[5,1],[2,0],[5,1],[7,1],[21,2],[4,1],[12,6],[13,6],[1,0],[8,1],[4,1]],[[55741,72835],[3,0]],[[55744,72835],[0,3],[2,219],[0,60],[1,36],[0,57],[136,0],[-1,23],[1,181],[0,69],[10,0],[128,-1],[6,0],[1,4],[0,23],[-2,53],[0,111],[-1,34],[0,142],[76,0],[2,-10],[10,-46],[3,2],[2,2],[7,6],[27,21],[11,7],[1,1],[36,26],[10,6],[18,11],[22,11],[13,8],[17,10],[5,2],[0,-22],[-24,-14],[-33,-21],[-38,-22],[-23,-14],[-3,-2],[-21,-17],[-2,-1],[-1,-1],[-1,0],[0,-1],[-1,0],[-1,-1],[-12,-11],[-2,-3],[-2,-2],[-3,-4],[0,-3],[1,0],[3,-18],[4,1],[31,0],[19,-1],[23,0],[85,-1],[2,0],[0,-42],[-1,-23],[0,-71],[1,0],[0,-1],[3,-21],[0,-24],[-138,0],[0,-2],[1,-1],[0,-144],[-1,-12],[0,-24],[1,-1],[0,-4],[1,0],[0,-4],[1,-1],[0,-1],[1,-4],[0,-1],[1,-3],[0,-1],[-1,-2],[0,-3],[-3,-10],[-2,-3],[0,-3],[-1,-3],[0,-4],[-1,-2],[0,-2],[2,2],[26,-38],[3,-4],[0,-1],[3,-4],[31,-45],[5,-19],[0,-11],[1,-3],[2,-5],[0,-3],[1,-1],[0,-3],[1,-4],[0,-2],[1,-3],[1,-8],[0,-5],[1,0],[0,-4],[1,-3],[2,-2],[0,-2],[1,-2],[1,-1],[1,-3],[3,-3],[1,-2],[1,-1],[1,-3],[4,-6],[1,-2],[1,0],[5,-7],[1,-1],[0,-1],[2,-2],[0,-1],[1,0],[2,-2],[1,-2],[7,-7],[0,-1],[1,-1],[1,0],[0,-1],[4,-4],[4,-3],[2,-2],[0,-1],[1,-1],[1,0],[1,-1],[3,-2],[2,-1],[1,-1],[4,-2],[0,6],[1,26],[1,3],[0,3],[-4,4],[-18,20],[-5,6],[-4,4],[-4,6],[-1,2],[-4,6],[-4,10],[-1,2],[-3,9],[-13,40],[-2,7],[-2,8],[0,4],[-1,4],[0,16],[1,3],[0,5],[1,4],[2,5],[2,6],[1,2],[2,6],[2,2],[1,2],[4,5],[2,3],[1,1],[33,37],[9,10],[5,5],[0,21],[3,-1],[2,0],[9,-1],[2,0],[5,-1],[238,0],[0,61],[1,26],[0,2],[-1,0],[0,40],[-1,1],[0,38],[8,0],[65,2],[138,0],[0,184],[62,0],[-1,173],[0,7],[-79,0],[-26,1],[-12,0],[-4,-1],[-4,1],[-6,0],[-21,2],[-11,0],[0,9],[-10,1],[-13,-3],[-7,-3],[-2,0],[-1,-1],[-2,0],[0,-1],[-1,-1],[0,-1],[-1,-1],[-14,-1],[-23,0],[-2,1],[0,4],[-1,4],[13,0],[0,34],[6,0],[4,-1],[1,5],[2,6],[11,2],[3,0],[1,1],[3,1],[22,8],[27,13],[2,1],[20,9],[8,6],[2,1],[18,13],[42,61],[13,28],[24,39],[17,31],[20,29],[12,13],[31,26],[12,16],[44,38],[36,28],[8,5],[27,18],[10,7],[3,2],[42,26],[27,17],[0,220],[-1,346]],[[58180,75802],[-17,0],[-3,-1],[0,2],[-3,8],[-1,1],[-3,1],[-2,-1],[-10,-7],[-4,-4],[-3,-2],[-1,-77],[94,0],[0,80],[-47,0]],[[57009,74346],[-22,-15],[-16,-14],[-18,-16],[-15,-13],[-1,4],[0,2],[-7,-6],[-22,-19],[-2,-1],[-15,-23],[-17,-25],[-19,-30],[0,-1],[-12,-24],[-5,-8],[-20,-35],[-5,-8],[0,-1],[-1,-2],[-28,-46],[-30,-30],[-11,-12],[-9,-10],[-1,-1],[-18,-14],[-17,-13],[-6,-3],[-1,-1],[-1,0],[-1,-1],[-20,-10],[3,-8],[4,-4],[0,-1],[1,-1],[1,-2],[3,-2],[6,-5],[3,-3],[2,-1],[8,-7],[4,-2],[3,-1],[0,-1],[12,0],[36,1],[67,0],[0,-3],[96,0],[21,-1],[60,0],[0,24],[20,0],[0,-24],[3,0],[4,-1],[30,0],[28,-1],[8,0],[1,47],[-2,61],[-1,12],[0,46],[-21,-6],[-4,6],[-5,6],[-6,8],[-44,58],[-3,122],[2,43],[0,16]],[[76270,68497],[0,163],[-1,196],[0,281],[1,87],[0,407],[2,267],[0,50],[2,760],[0,47],[-1,89],[1,225],[0,173],[-1,13],[0,960],[2,283],[0,102],[1,7],[0,268],[-1,95],[0,865],[-1,122],[1,153],[2,208],[3,167],[0,13],[1,47],[1,66],[0,302],[-2,69],[2,34]],[[76282,75016],[109,-1],[269,-3],[228,-1],[68,-1],[407,0],[0,5],[2,2],[97,0],[30,-1],[187,0],[164,-1],[26,1],[38,0],[1,1],[81,0],[3,1],[2,1],[1,-1],[3,-1],[6,0],[8,-1],[25,1],[11,3],[56,0],[1,1],[0,1],[19,-1],[32,-2],[20,-2],[78,-5],[4,0],[4,4],[4,1],[193,0],[243,1],[4,0],[27,-1],[797,0],[81,3],[0,45],[-1,118],[0,159],[-1,176],[0,139],[-1,89],[0,1],[1,22],[0,235],[1,49],[-1,59],[0,129],[-1,155],[-1,72],[0,61],[1,115],[0,204],[2,340],[0,13],[-1,55],[0,11],[-1,87],[0,3],[-1,124],[0,1],[-1,46],[0,33],[-1,117],[0,8],[-1,57],[-1,70],[0,38],[-1,116],[0,6],[-1,1],[0,50],[-1,72],[0,2],[-2,165],[0,59],[-4,318],[0,1],[-3,19],[-1,106],[2,66],[0,1],[1,58],[-3,246],[0,22],[1,291],[0,76],[3,289],[5,332],[0,5],[2,151],[1,93],[4,245],[0,25],[-1,52],[-1,13],[0,15],[-1,49],[0,136],[4,93],[1,46],[-2,22],[0,3],[8,119],[1,155],[5,887],[4,718],[0,3],[-1,1],[0,2],[1,15],[0,187],[1,95],[0,7],[-2,8],[-1,2],[0,24],[1,1],[0,20],[1,171],[0,23],[1,3],[0,160],[1,3],[0,3],[33,2],[1,0],[56,2],[-3,110],[0,7],[1,8],[0,228],[1,272],[1,89],[0,154],[1,11],[-1,15],[0,17],[1,53],[0,202],[1,64],[1,120],[-1,39],[0,15],[-1,15],[-1,33],[-1,6],[0,36],[1,16],[0,21],[-1,59],[-1,39],[0,17],[-1,79],[-7,413],[-1,17]],[[79705,85861],[831,0],[14,-1],[40,-3],[14,-1],[164,-12],[40,-2],[1,0],[2,-1],[2,0],[3,-2],[5,-1],[96,0],[26,1],[43,0],[5,-3],[4,-2],[1,0],[4,1],[14,0],[90,-1],[32,1],[34,0],[61,1],[46,0],[47,1],[138,1],[47,1],[49,0],[22,1],[50,0],[125,2],[8,0],[286,3],[125,1],[163,2],[430,5],[57,0],[163,1],[121,0],[1,2],[1,0],[1,1],[54,0],[76,1],[3,0],[36,1],[21,0],[39,1],[30,0],[38,1],[28,0],[52,1],[120,1],[1,0],[16,1],[30,0],[127,1],[80,1],[26,1],[61,0],[52,1],[35,1],[82,0],[65,1],[8,0],[2,2],[120,-1],[98,0],[7,-1],[22,-1],[7,-1],[6,-1],[72,2],[22,1],[66,-1],[51,0],[95,1],[90,0],[37,1],[42,0],[89,2],[35,0],[8,-1],[40,0],[10,-1],[4,-1],[3,1],[6,1],[5,0],[4,-1],[6,0],[8,-1],[0,2],[4,0],[142,2],[24,0],[94,1],[38,0],[35,1],[36,1],[53,0],[46,1],[22,0],[46,1],[128,2],[120,2],[19,1],[10,0],[251,4],[12,0],[206,2],[94,0],[185,3],[62,0],[44,1],[55,1],[43,0],[72,1],[49,0],[11,1],[1,0],[6,1],[8,1],[72,0],[24,1],[66,2],[27,0],[31,1],[2,1],[2,0],[6,-1],[28,-1],[89,1],[40,1],[145,1],[263,4],[69,0],[48,1],[152,0],[234,-1],[34,1],[92,-1],[82,0],[96,2],[158,1],[110,1],[46,-1],[35,1],[32,0],[53,1],[87,0],[12,1],[4,-1],[70,1],[44,-1],[154,0],[1,-1]],[[89470,85913],[0,-42],[-1,-110],[0,-53],[-1,-58],[-1,-6],[-1,-2],[0,-6],[-1,-2],[0,-2],[2,-10],[0,-92],[1,-33],[0,-1461],[-1,-11],[0,-289],[-11,0],[-169,4],[-11,0],[0,-75],[1,-308],[0,-370],[1,-41],[-1,-44],[1,-33],[0,-301],[1,-63],[0,-112],[1,-98],[0,-1000],[1,-68],[0,-156],[-1,-22],[0,-74],[1,-27],[0,-180],[-2,-297],[0,-150],[-1,-34],[-1,-189],[0,-72],[-1,-37],[0,-3],[-1,-129],[0,-45],[-1,-34],[0,-35],[-1,-8],[0,-78],[-1,-72],[-2,-95],[0,-35],[-1,-63],[0,-18],[-1,-16],[0,-174],[-1,-19],[0,-19],[1,-21],[-1,-59],[0,-553],[1,-206],[0,-209],[-1,-79],[0,-89],[1,-401],[0,-163],[1,-74],[0,-153],[1,-75],[1,-142],[0,-75],[1,-27],[0,-85],[1,-54],[0,-32],[1,-109],[1,-53],[3,-239],[-1,-119],[0,-100],[1,-83],[0,-245],[1,-290],[0,-1],[1,-366],[-31,0],[-34,1],[-37,0],[-36,1],[-11,0],[0,-64],[1,-57],[1,-54],[0,-23],[1,-34],[0,-34],[1,-61],[1,-62],[0,-150],[1,-47],[0,-8],[1,-3],[-1,-8],[0,-31],[1,-14],[0,-22],[2,-76],[2,-183],[0,-131],[3,-175],[0,-63],[1,-45],[0,-77],[1,-60],[0,-65],[1,-44],[0,-31],[1,-100],[1,-29],[0,-74],[1,-12],[0,-66],[1,-24],[0,-25],[1,-81],[0,-24],[1,-52],[0,-53],[1,-26],[2,-253],[0,-5],[1,-40],[0,-24],[1,-24],[0,-52],[1,-54],[0,-50],[1,-82],[0,-25],[1,-26],[0,-59],[1,-30],[0,-28],[1,-55],[0,-53],[2,-132],[0,-51],[2,-154],[0,-36],[1,-15],[0,-53],[1,-15],[0,-94],[1,-41],[0,-16],[1,-40],[0,-57],[1,-55],[0,-11],[1,-113],[5,-350],[0,-25],[-1,-52],[0,-13],[-1,-198],[0,-80],[-1,-21],[0,-68],[-1,-38],[0,-124],[-1,-26],[0,-87],[-3,-369],[-2,-915],[-3,-183],[-9,-552],[3,-4],[3,-25],[-1,-48],[1,-27],[0,-65],[5,-5],[-5,-368],[0,-3],[-1,-322],[-3,-88],[0,-14],[-1,-5],[0,-5],[-1,-6],[0,-73],[1,-28],[0,-10],[-1,-19],[-1,-100],[0,-61],[-1,-108],[-1,-142],[0,-64],[-1,-31],[0,-39],[-1,-165],[0,-119],[-1,-31],[0,-247],[-1,-30],[0,-99],[-1,-10],[0,-6],[1,-14],[-1,-25],[0,-18],[-1,-38],[0,-112],[-1,-42],[0,-96],[1,-18],[-1,-22],[0,-33],[-1,-87],[1,-1],[0,-81],[-1,-26],[0,-242],[-3,-584]],[[89143,64208],[-25,0],[-138,3],[-26,0],[-80,1],[-97,1],[-33,1],[-5,-1],[-1,0],[-403,10],[-20,0],[-54,1],[-83,-2],[-8,-1],[-61,-2],[-45,-1],[-15,0],[-2,1],[-7,1],[-11,0],[-122,2],[-3,0],[-108,1],[-153,1],[-21,0],[-96,1],[-183,1],[-85,0],[-154,-3],[-97,-2],[-10,0],[-2,-1],[-2,0],[-5,-2],[-134,-1],[-59,-1],[-76,-2],[-269,-3],[-122,-2],[-21,1],[-29,0],[-37,-1],[-41,-1],[-18,0],[-18,-1],[-48,-2],[-38,0],[-16,-3],[-58,0],[-2,-1],[-3,-1],[-1,2],[-65,0],[-81,3],[-107,-3],[-29,-1],[-351,-7],[-1,0],[-122,-6],[-27,-1],[-10,-2],[-5,0],[-9,1],[-11,0],[-49,-2],[-17,0],[-4,-1],[-3,0],[-35,3],[-23,-1],[-1,0],[-150,-5],[-3,0],[-83,-2],[-4,-1],[-10,0],[-231,-8],[-1,-1],[-2,-1],[-5,1],[-4,0],[-7,-1],[-184,-5],[-73,-2],[-21,0],[-129,1],[-2,-1],[-1,-1],[-2,-6]],[[84136,64153],[0,1],[-3,4],[-2,2],[-3,1],[-94,1],[-170,2],[-32,0],[-91,2],[-426,0],[-76,1],[-2,0],[-27,1],[-33,0],[-125,1],[-38,0],[-151,2],[-15,0],[-141,1],[-14,0],[-113,1],[-18,-1],[-20,0],[-116,2],[-287,0],[-129,1],[-7,0],[-3,-1],[-17,1],[-7,1],[-18,0],[-5,-1],[-36,1],[-114,0],[-16,-3],[-1,0],[-1,-1],[-3,0],[-49,1],[-85,-1],[-273,0],[-23,-1],[-1,0],[0,-1],[-1,0],[-58,-1],[-79,0],[-18,-1],[-2,0],[-1,-1],[0,1],[-3,1],[-25,0],[-74,-1],[-2,1],[-2,2],[-4,-3],[-5,0],[-128,-1],[-132,-1],[-2,0],[-3,-1],[-161,0],[-47,-1],[-188,-1],[-5,0],[-1,1],[-2,0],[-117,-2],[-4,0],[-5,1],[-5,0],[-5,1],[-10,0],[-25,-2],[-252,0],[-27,-2],[-65,-1],[-19,0],[-133,1],[-122,0],[-4,1],[-4,0],[-1,-1],[0,-1],[-1,-3],[-60,3],[-32,2],[-35,1],[-77,-4],[-1,0],[-44,-2],[-16,1],[-5,0],[-2,-3],[-2,4],[-2,2],[-6,2],[-157,0],[-107,1],[-1,0],[-179,1],[-66,0],[-26,1],[-1,0],[-106,-1],[-429,0],[-158,1],[-289,0],[-25,1],[-182,0],[-231,2],[-5,-1],[-4,-1],[-6,-2],[-5,-2],[-1,-1],[-9,-4],[-6,-1],[-16,0],[-4,-1],[-16,0],[-11,1],[-6,2],[-12,5],[-2,0],[-3,1],[-2,1],[-6,2],[-7,1],[-182,0],[-108,1],[-3,0],[-1,-1],[0,-1],[-1,-1],[-1,-3],[0,-3],[-4,6],[-3,1],[-6,3],[-6,1],[-88,0],[-5,-1],[-59,0],[-189,1],[-1,0],[-1,-1],[-1,0],[-184,-1],[-3,0],[-27,-1],[-114,1]],[[34671,73107],[0,-153],[-140,12],[-30,3],[-5,0],[-43,4],[-74,6],[-8,1],[-77,7],[-4,0],[-5,-1],[-41,1],[-152,3],[-50,1],[-11,0],[-35,1],[-1,0],[-43,1],[-3,1],[-58,0],[-41,1],[-91,1],[-2,0],[-76,2],[-103,2],[-48,1],[-80,2],[-186,0],[-96,-4],[-7,0],[-3,-1],[-42,-1],[-12,0],[-2,-1],[-169,-5],[-22,-2],[-7,-1],[-37,-1],[-187,-4],[-2,0],[-21,1],[-67,1],[-13,1],[-10,0],[-161,-3],[-56,1],[-32,1],[-9,3],[-10,-1],[-79,-4],[-23,0],[-105,-2],[-4,0],[-97,-2],[-6,-1],[-49,-1],[-80,-1],[-129,-3],[-3,0],[-51,-5],[-47,-1],[-41,0],[-207,-1],[-4,2],[-33,-1],[-225,-9],[-168,0],[-69,1],[-238,0],[-37,1],[-43,0],[-183,-2],[-100,-1],[0,-1],[-18,0],[-127,1],[-48,0],[-108,1],[-61,0],[-68,-1],[-118,1],[-146,1],[-116,-1],[-26,0],[-98,6],[-372,-3],[-74,0],[-11,-1],[-20,0]],[[28867,72960],[5,104],[15,310],[5,104],[0,22],[-1,65],[0,64],[-2,129],[0,61],[-2,157],[-1,102],[12,0],[-2,346],[-1,157],[0,110],[-1,291],[0,73],[-45,2],[-15,1],[-16,1],[1,49],[0,524],[1,482],[0,254],[-1,18],[0,704],[-1,174]],[[28818,77264],[0,486],[-1,102],[-2,247],[0,60],[-1,103],[0,849],[-10,1],[1,91],[1,99],[0,136],[1,196],[2,229],[0,176],[2,112],[1,61],[0,16],[-1,162],[-1,196],[0,15],[-2,-1],[-5,1],[-4,1],[-3,0],[-3,1],[-3,-1],[-8,0],[-3,-1],[-2,0],[-2,2],[-5,0],[-29,-2],[-6,0],[-5,-1],[-18,-1],[-2,0],[-31,-2],[-12,0],[-115,-1],[-11,2],[-16,0],[-3,1],[-47,0],[-141,1],[-74,0],[-167,11],[-6,0],[-105,7],[0,-23],[-307,0],[-70,1],[-49,0],[-77,-2],[-48,0],[-25,-1],[-143,-1],[-48,0],[-47,-1],[-17,0],[-127,-2],[-48,0],[-17,-1],[-51,0],[-17,-1],[-212,-2],[-631,-8],[-6,0],[-212,-3],[-3,0],[-47,-2],[-184,-2],[-127,0],[-67,-1],[-200,-2],[-67,0],[-26,-1],[-23,0],[-120,-1],[-26,0],[-49,-1],[-6,0],[-59,-1],[-177,-4],[-59,-1],[-52,-1],[-101,-2],[-56,-1],[-53,-1],[-37,0],[-53,-1],[-58,-1],[-48,0],[-33,-1],[-11,0],[-29,1],[-299,0],[-19,1],[-107,0],[-49,2],[-16,0],[-25,1],[-78,2],[-26,1],[-63,-2],[-7,0],[-209,-4],[-70,-1]],[[23091,80551],[0,198],[-1,89],[0,223],[-1,65],[0,22],[-4,34],[-3,27],[-1,5],[-2,71],[-1,31],[0,13],[-1,28],[0,40],[-1,8],[0,31],[-1,31],[-2,92],[-1,30],[0,13],[-1,29],[-2,86],[-1,29],[-1,34],[-2,86],[0,15],[-1,34],[-1,43],[-2,104],[-1,25],[0,4],[-1,39],[0,25],[-2,76],[-2,98],[-3,131],[-2,71],[0,6],[-1,23],[-1,68],[-1,23],[0,294],[-1,6],[0,216],[-1,161],[92,2],[58,1],[0,4],[1,26],[1,78],[0,26],[1,14],[0,54],[1,3],[0,29],[1,86],[1,29],[0,29],[1,28],[0,29],[1,58],[0,26],[1,95],[5,303],[0,21],[1,61],[-3,19],[0,2],[1,36],[2,116],[0,38],[1,9],[0,40],[3,159],[0,10],[8,505],[2,110],[1,59],[0,7],[1,65],[4,196],[1,64],[0,14],[1,38],[2,115],[0,39],[1,19],[2,56],[0,7],[1,12],[0,24],[1,72],[0,24],[1,44],[2,132],[0,46],[1,56],[1,51],[1,122],[1,58],[0,41],[1,88],[0,52],[1,59],[0,31],[-1,20],[-1,62],[0,400],[-2,301],[-1,136],[0,268],[-1,108],[0,240],[41,0],[124,1],[87,0],[0,1],[144,0],[12,1],[93,0],[65,1],[132,0],[60,1],[61,0],[0,188],[-1,58],[0,1032],[-1,49],[0,46],[-1,8],[0,48],[1,6],[-1,2],[0,6],[245,0],[50,-1],[48,0],[49,1],[425,0],[0,64],[-1,99],[0,275],[-1,119],[0,58],[1,99],[1,55],[1,104],[0,76],[1,66],[0,32],[4,432],[0,1],[1,109],[0,25],[1,101],[2,321],[1,107],[0,38],[-2,76],[0,35],[-1,25],[0,19],[1,2],[-3,293],[-2,151],[0,2],[-7,734],[-2,214],[-1,82],[-1,74],[-2,223],[0,75],[-1,41],[-1,126],[0,59],[-1,53],[0,76],[-1,77],[0,26],[-1,57],[-2,171],[0,62],[-1,17],[0,82],[-1,49],[-1,148],[-1,50],[0,25],[-1,75],[0,26],[-1,138],[-1,90],[0,8],[-3,317],[0,40],[-1,10],[0,88],[-1,73],[-2,219],[0,73],[-1,99],[-3,287],[0,125],[-1,2],[0,146],[-1,14],[0,137],[-1,38],[0,136],[-2,226],[-4,676],[-1,226],[0,47],[-1,124],[0,41],[-1,117],[-2,316],[0,36],[-1,64],[0,69],[-1,108],[-2,324],[0,111],[-1,19],[0,14],[1,52],[0,22]],[[24823,99986],[141,0],[5,1],[16,0],[38,-1],[168,0],[48,-1],[146,-1],[344,0],[51,1],[71,-1],[16,0],[44,-1],[128,0],[26,1],[227,0],[69,1],[48,0],[94,1],[178,0],[124,1],[206,0],[197,1],[91,0],[49,1],[213,0],[46,1],[116,0],[79,1],[92,0],[43,1],[37,1],[1,0],[62,1],[3,0],[185,1],[227,0],[184,1],[85,0],[42,1],[233,0],[229,1],[81,0],[36,1],[44,0],[98,-1],[170,0],[64,-1],[108,0],[56,-1],[72,0],[286,-2],[28,0],[271,-2],[125,-1],[80,-1],[13,0],[123,-1],[67,0],[176,-1],[130,-4],[124,-4]],[[31377,99980],[-6,-8],[-12,-14],[-7,-10],[-6,-9],[-4,-5],[-13,-16],[-5,-6],[0,-40],[-1,-13],[-1,-11],[0,-15],[5,-14],[10,-8],[10,-15],[5,-3],[8,-6],[8,-5],[10,-12],[9,-10],[9,-3],[10,-9],[11,-7],[9,-7],[12,-7],[18,-18],[8,-5],[6,-6],[5,-2],[4,-6],[1,-10],[-3,-10],[-6,-8],[-12,-11],[-10,-7],[-10,-11],[-12,-10],[-5,-12],[-12,-20],[-2,-15],[0,-18],[-1,-13],[-1,-17],[-1,-15],[-5,-16],[-4,-15],[-5,-10],[-2,-9],[0,-13],[-2,-4],[-5,0],[-6,11],[-5,12],[-6,8],[-1,8],[-5,5],[-5,4],[-8,-1],[-21,14],[-13,0],[-17,-7],[-8,-3],[-11,-3],[-13,-7],[-18,-7],[-13,-8],[-9,-8],[-13,-5],[-16,-14],[-4,-14],[-1,-16],[-2,-16],[-2,-18],[-2,-14],[-5,-19],[-7,-14],[-3,-11],[-6,-11],[-3,-18],[-2,-19],[0,-34],[2,-19],[5,-15],[4,-15],[-1,-10],[-2,-15],[-1,-17],[0,-21],[1,-16],[0,-17],[3,-17],[5,-15],[6,-20],[8,-19],[7,-20],[7,-24],[2,-18],[2,-17],[1,-17],[3,-18],[0,-20],[-2,-22],[-1,-18],[-2,-17],[2,-12],[1,-4],[3,-7],[10,-11],[7,-6],[7,-5],[8,-2],[7,-2],[13,-7],[9,-3],[8,-4],[4,-7],[5,-5],[4,-15],[4,-17],[1,-17],[5,-22],[2,-13],[1,-16],[2,-17],[2,-11],[3,-9],[1,-9],[1,-14],[-1,-16],[0,-13],[-1,-15],[0,-16],[2,-11],[1,-3],[-2,-9],[0,-15],[-1,-11],[-1,-12],[-1,-13],[0,-11],[5,-14],[9,-15],[6,-7],[2,-4],[3,-5],[1,-4],[7,-9],[3,-5],[3,-8],[5,-5],[9,-6],[13,-9],[11,-3],[9,-3],[6,-6],[2,-9],[-2,-6],[-1,-4],[-2,-11],[0,-16],[1,-13],[8,-8],[5,0],[7,-4],[7,0],[11,-8],[12,-7],[6,-2],[5,-7],[1,-9],[0,-8],[-4,-14],[0,-12],[-1,-12],[-2,-6],[-1,-12],[0,-22],[5,-13],[17,-17],[7,-11],[3,-9],[6,-10],[6,-7],[5,-1],[3,-7],[-1,-10],[-8,-10],[-9,-11],[-9,-4],[-8,-1],[-5,1],[-4,3],[-5,2],[-3,-1],[0,-7],[7,-8],[8,-7],[8,-4],[11,-6],[10,1],[12,2],[13,6],[15,6],[2,1],[10,6],[13,1],[12,-5],[9,-2],[22,0],[16,-2],[15,-6],[11,-3],[8,-3],[6,-4],[3,-5],[5,-6],[6,0],[10,3],[8,4],[7,6],[8,0],[9,1],[7,-4],[5,-4],[25,0],[27,9],[11,10],[8,12],[0,1],[6,11],[8,16],[5,12],[4,8],[4,16],[0,7],[3,5],[8,8],[4,8],[3,11],[0,10],[1,16],[0,11],[-1,10],[-3,11],[-1,6],[0,4],[1,3],[4,-3],[4,-7],[4,-10],[6,-17],[4,-9],[3,-13],[0,-2],[1,-11],[5,-15],[2,-13],[5,-13],[6,-12],[8,-12],[14,-18],[3,-8],[3,-7],[2,-14],[1,-18],[8,-24],[3,-8],[4,-5],[2,-10],[0,-15],[3,-15],[2,-17],[-4,-22],[-3,-6],[-2,-7],[-2,-5],[4,-8],[6,-5],[7,0],[9,-5],[1,-1],[7,-5],[10,-4],[9,-5],[12,-3],[11,-6],[10,-4],[8,-5],[7,-4],[9,-12],[6,-24],[4,-21],[2,-23],[5,-26],[0,-1],[4,-19],[4,-15],[7,-20],[5,-15],[1,-10],[2,-11],[5,-7],[7,-8],[6,-14],[6,-9],[7,-9],[4,-17],[1,-19],[0,-33],[-1,-10],[1,-11],[5,-8],[3,-10],[1,-9],[-4,-5],[-7,-2],[-5,-9],[-6,-9],[-9,-10],[-10,-6],[-4,2],[-6,-4],[-1,-1],[-6,-2],[-4,-5],[-1,-4],[5,-4],[6,-1],[10,-1],[6,-2],[8,-8],[5,-10],[7,-11],[6,-7],[5,-5],[4,-3],[7,-9],[3,-2],[6,-3],[9,-3],[7,0],[8,2],[7,-4],[8,-10],[7,-9],[6,-6],[11,3],[4,3],[4,2],[8,0],[13,6],[10,11],[25,25],[7,12],[1,8],[-1,8],[4,14],[3,14],[2,10],[2,4],[5,3],[5,-1],[7,-8],[13,-13],[9,1],[8,4],[3,6],[5,6],[11,3],[9,-1],[8,-2],[5,-2],[4,1],[2,4],[-2,5],[-1,4],[-12,16],[-3,8],[-1,11],[3,8],[8,2],[8,-1],[7,1],[7,6],[3,6],[3,3],[3,1],[1,1],[4,9],[5,12],[4,9],[11,16],[14,17],[15,15],[14,7],[3,1],[7,-3],[8,-5],[7,-2],[10,-6],[5,-11],[3,-10],[4,-3],[6,1],[6,3],[9,3],[13,-3],[9,-3],[14,-2],[9,-3],[9,-7],[7,-7],[7,-8],[6,-3],[16,2],[10,-3],[4,-3],[5,-13],[2,-11],[4,-11],[5,-7],[2,-7],[1,-61],[0,-8],[2,-7],[0,-12],[-5,-11],[-11,-13],[-9,-8],[-7,-6],[-4,-3],[-2,-3],[-1,-6],[3,-3],[16,-3],[12,0],[10,-3],[10,-2],[7,0],[10,4],[8,0],[10,-5],[9,-7],[5,-4],[2,-10],[4,-4],[6,-2],[5,-6],[2,-10],[4,-6],[8,-3],[12,-1],[3,0],[7,1],[7,0],[10,1],[15,-4],[12,-2],[31,0],[14,1],[11,1],[15,2],[8,-2],[5,-4],[8,0],[18,-12],[16,-4],[12,-4],[9,-5],[10,-8],[14,-6],[13,-6],[4,-6],[7,-8],[11,-8],[6,-11],[7,-16],[4,-5],[0,-6],[-3,-5],[-9,-22],[-8,-18],[-11,-18],[-8,-22],[-10,-23],[-5,-17],[-10,-18],[-7,-14],[-5,-12],[-3,-4],[-3,-3],[-3,-4],[0,-6],[3,-8],[-1,-8],[1,-14],[10,-28],[6,-7],[6,-9],[6,-1],[6,0],[4,-10],[4,-8],[2,-8],[3,-3],[8,-6],[5,-8],[2,-7],[-1,-17],[-1,-12],[-1,-13],[-1,-2],[-1,-7],[-1,-2],[10,-21],[11,-22],[3,-23],[13,-21],[10,-16],[0,5],[3,25],[2,16],[10,10],[24,0],[19,-15],[20,-1],[23,-9],[27,-12],[12,-3],[4,-2],[4,-1],[9,-3],[8,1],[13,2],[71,40],[31,9],[87,17],[57,24],[9,6],[16,5],[15,7],[15,8],[8,8],[9,8],[3,15],[1,13],[4,9],[6,14],[0,31],[1,12],[5,7],[11,8],[13,11],[7,11],[7,9],[4,9],[-1,14],[-1,15],[-1,10],[6,15],[10,14],[13,12],[12,9],[10,10],[16,17],[6,5],[5,4],[11,9],[11,4],[12,2],[12,-1],[6,-8],[12,-9],[10,-9],[13,-7],[9,-6],[8,-8],[12,-2],[6,-7],[7,-3],[2,-7],[4,-13],[2,-11],[-2,-11],[-5,-17],[-3,-14],[0,-20],[-1,-13],[-1,-15],[0,-9],[6,-17],[5,-19],[8,-13],[12,-8],[10,-9],[1,0],[7,-9],[5,-17],[1,-16],[1,-13],[12,-20],[13,-12],[2,-5],[-1,-7],[-2,-8],[1,-10],[0,-15],[-1,-10],[1,-7],[5,-21],[2,-7],[1,-15],[6,-18],[10,-20],[7,-12],[4,-10],[8,1],[6,0],[8,-9],[14,-14],[7,5],[5,2],[16,-5],[16,-12],[12,-6],[1,-1],[6,-5],[10,-7],[9,0],[13,-8],[9,-9],[4,-24],[-1,-35],[2,-12],[4,-16],[6,-17],[0,-11],[-4,-6],[0,-12],[8,-16],[4,-4],[5,-10],[3,-9],[5,1],[2,0],[4,7],[1,6],[3,4],[2,0],[3,6],[2,-3],[-1,-6],[1,-11],[0,-22],[-1,-11],[0,-8],[4,1],[3,1],[3,-3],[10,-11],[10,-8],[5,-2],[7,-4],[5,-8],[6,-6],[6,-10],[6,-9],[6,-6],[10,-4],[10,-7],[8,-12],[8,-20],[8,-23],[10,-21],[4,-13],[0,-2],[6,-12],[7,-12],[1,-10],[-2,-22],[0,-15],[5,-19],[3,-11],[-6,-12],[-13,-5],[-6,-7],[-14,-5],[-5,0],[-11,-7],[-14,-15],[-4,-2],[-9,-5],[-13,0],[-8,-4],[-6,-1],[-6,1],[-4,-1],[-3,-4],[4,-12],[9,-17],[4,-20],[2,-11],[-3,-14],[-3,-10],[-4,-8],[-3,-7],[-1,-13],[-3,-12],[-3,-10],[-5,-6],[-7,-12],[-1,-11],[1,-11],[1,-9],[-3,-9],[-3,-8],[-2,-8],[3,-16],[2,-18],[0,-11],[1,-2],[3,-7],[3,-1],[4,-11],[0,-15],[-3,-8],[-4,-11],[0,-8],[-1,-6],[-3,-5],[2,-5],[0,-10],[-7,-8],[2,-12],[-1,-8],[-1,-7],[5,-6],[4,-7],[4,-4],[7,2],[8,-4],[0,-7],[1,-5],[3,1],[2,4],[1,1],[2,1],[4,-4],[1,-4],[8,-5],[7,-2],[7,-12],[4,-8],[2,-8],[0,-8],[-4,-4],[-3,-1],[0,-1],[7,-7],[2,-6],[-1,-8],[-1,-5],[0,-4],[3,3],[6,1],[15,-3],[6,-8],[4,-1],[9,0],[6,-4],[4,-1],[5,-3],[5,0],[5,3],[1,2],[5,-2],[2,0],[3,1],[5,2],[4,1],[6,-4],[8,-2],[9,-2],[16,-13],[14,-9],[12,-15],[18,-7],[14,-1],[11,-4],[9,0],[5,10],[9,2],[5,-3],[3,-13],[2,-14],[16,-24],[8,-4],[5,-14],[14,-18],[15,-16],[8,-8],[-1,-5],[-7,-3],[-5,-21],[1,-33],[5,-15],[11,-15],[8,0],[12,-11],[14,-24],[4,-14],[-8,-12],[-8,-18],[-8,-23],[2,-57],[2,-19],[2,-14],[8,-13],[9,-9],[-11,-11],[-2,-8],[-1,-6],[0,-7],[5,-13],[5,-8],[-2,-15],[-3,-20],[-3,-11],[-3,-10],[-1,-11],[-3,-8],[2,-8],[2,-7],[-2,-15],[3,-43],[-1,-31],[-4,-32],[4,-21],[7,-21],[2,-13],[-7,-16],[-4,-15],[-2,-11],[0,-1],[-1,-18],[-8,-11],[-25,-22],[-3,-9],[-7,-19],[-15,-14],[-8,-8],[-10,-11],[-4,-6],[-2,-15],[-7,-7],[-10,-6],[-12,-5],[-7,-6],[-12,-15],[-9,-5],[-6,-8],[-6,-4],[-4,-10],[-7,-10],[-4,-9],[-3,-11],[-4,-11],[-3,-12],[0,-13],[2,-19],[-3,-9],[-4,-8],[-2,-14],[0,-7],[3,-5],[1,-16],[0,-1],[2,-12],[2,-7],[1,-7],[-4,-3],[-7,7],[-7,3],[-15,0],[-13,-1],[-32,-27],[-14,-7],[-5,-5],[-11,-9],[-18,-9],[-18,-12],[-10,-14],[-2,-3],[-8,-8],[-3,-12],[-1,-2],[-1,-1],[0,-1],[-4,-6],[-11,-10],[-9,-18],[-11,-37],[-1,-10],[2,-15],[1,-9],[-12,-21],[-9,-15],[-21,-17],[-24,-27],[-14,-22],[-11,-30],[-4,-35],[7,-16],[4,-3],[10,-9],[9,-3],[8,-7],[18,-12],[12,-15],[8,-14],[6,-17],[3,-23],[3,-21],[5,-15],[15,-1],[8,1],[5,-5],[3,-13],[-10,-24],[-5,-6],[-7,-9],[-6,-7],[-8,-5],[-5,-9],[-3,-9],[-6,-15],[-3,-13],[-3,-15],[13,-19],[7,-22],[5,-25],[7,-11],[2,-15],[4,-10],[-1,-19],[-5,-25],[-15,-9],[-14,-13],[-47,-75],[-24,-7],[-16,-4],[-9,-17],[-14,-6],[-11,-15],[-18,-12],[-15,-1],[-12,0],[0,-12],[3,-15],[6,-6],[10,6],[12,-8],[9,-3],[12,-13],[11,-21],[8,-15],[9,-8],[7,-16],[2,-14],[1,-8],[3,-35],[9,-27],[-2,-14],[-8,-14],[-25,-33],[-7,-4],[-1,-24],[-12,-13],[-6,-17],[7,-27],[19,-3],[11,-18],[12,-18],[5,-17],[3,-23],[-10,-48],[-6,-21],[-4,-16],[8,-33],[2,-23],[9,-27],[8,-17],[6,-16],[0,-2],[2,-15],[-3,-19],[-12,-11],[-20,-16],[-18,-18],[-1,-12],[0,-27],[6,-15],[2,-21],[2,-14],[-1,-10],[13,-36],[2,-27],[1,-23],[8,-17],[11,-13],[12,-31],[3,-25],[2,-19],[4,-13],[-4,-17],[-5,-13],[1,-12],[-11,-13],[-2,-11],[-9,-9],[-2,-12],[-20,-40],[-10,-13],[-4,-14],[0,-1],[1,-13],[2,-14],[-7,-17],[-15,-12],[-18,-16],[-12,-6],[-16,-3],[-18,-8],[-15,-15],[-3,-13],[0,-30],[-8,-13],[-17,-11],[-16,-6],[-12,-5],[-16,-3],[-11,6],[-10,-5],[-13,9],[-6,-10],[-3,-23],[0,-7],[7,-22],[10,-10],[14,-4],[10,-10],[3,-11],[7,-14],[6,-10],[9,-5],[7,-3],[5,-13],[4,-16],[6,-19],[4,-20],[-18,-13],[-33,-9],[-20,-15],[-12,-24],[-5,-20],[2,-34],[7,-43],[8,-54],[5,-56],[2,-39],[-3,-13],[-13,-9],[-26,-20],[-23,-24],[-5,-8],[-6,1],[-13,1],[-3,-13],[0,-12],[1,-14],[-2,-17],[12,-57],[37,-116],[13,-23],[10,-3],[9,-3],[18,-5],[13,1],[15,4],[16,1],[20,-10],[6,-14],[1,-17],[-2,-1],[-15,-7],[-21,-21],[-6,-23],[-3,-28],[-16,-28],[-2,-6],[-10,-31],[-8,-19],[-21,-19],[-17,-26],[-3,-22],[7,-26],[9,-25],[9,-23],[5,-27],[-15,-4],[-17,13],[-31,-16],[-20,-20],[-23,-18],[-12,-24],[-5,-9],[-15,-24],[-10,-17],[3,-18],[-5,-20],[-6,-16],[-8,-7],[-10,3],[-3,0],[-12,3],[-6,1],[-18,-1],[-16,0],[-11,1],[5,-10],[10,-6],[10,-7],[7,-11],[5,-11],[-1,-11],[-8,-14],[-5,-12],[-12,-22],[-8,-19],[-1,-4],[-7,-21],[-1,-18],[4,-24],[-10,-31],[-13,-27],[-11,-31],[-1,-24],[3,-30],[14,-38],[11,-32],[7,-26],[3,-31],[-2,-17],[-7,-14],[-4,-7],[-1,-5],[3,-5],[22,-22],[4,-7],[2,-6],[2,-21],[5,-19],[9,-14],[9,-13],[20,-21],[7,-10],[6,-18],[0,-48],[8,-11],[13,-4],[10,-6],[7,-6],[5,-3],[3,-5],[0,-1],[2,-18],[5,-23],[4,-15],[2,-12],[-1,-10],[3,-10],[-1,-22],[-8,-30],[-2,-9],[-16,-28],[-11,-18],[-5,-9],[-14,-25],[-12,-30],[-8,-19],[-4,-20],[0,-2],[1,-12],[2,-13],[5,-11],[4,-10],[0,-1],[3,-14],[-3,-15],[-4,-7],[-1,0],[-5,-10],[-5,-6],[-1,-4],[-3,-17],[0,-21],[-3,-6],[-7,-11],[-7,-12],[-9,-10],[-5,-9],[0,-8],[6,-9],[8,-9],[4,-6],[5,-13],[11,-20],[15,-15],[10,-20],[7,-22],[5,-12],[3,-8],[3,-14],[0,-1],[-1,-18],[2,-20],[10,-21],[1,-12],[15,-34],[12,-23],[12,-29],[4,-13],[13,-42],[5,-59],[-6,-36],[-9,-29],[0,-48],[21,-36],[20,-23],[14,-22],[3,-4],[16,-28],[13,-11],[8,-9],[12,-27],[6,-19],[2,-9],[1,-5],[0,-12],[3,-21],[4,-14],[4,-12],[0,-16],[1,-9],[0,-13],[3,-6],[4,-6],[13,0],[2,1],[4,1],[4,0],[10,-1],[17,0],[11,-2],[4,-3],[6,-4],[3,-4],[1,-10],[3,-13],[5,-9],[3,-8],[0,-12],[1,-25],[0,-2],[-1,-29],[4,-25],[6,-17],[11,-14],[17,-14],[20,-10],[23,-17],[17,-16],[1,-3],[8,-16],[4,-22],[1,-27],[-3,-11],[-1,-5],[-2,-6],[-4,-6],[-2,-4],[-14,-26],[-8,-18],[-10,-35],[-10,-27],[-5,-27],[-2,-27],[1,-27],[8,-30],[15,-32],[9,-8],[9,-9],[19,-9],[16,-1],[18,1],[13,-7],[8,-11],[14,-28],[20,-32],[21,-26],[19,-19],[12,-5],[8,-11],[1,-7],[-3,-8],[-3,-5],[-12,-11],[-8,-9],[-3,-9],[-1,-9],[0,-8],[4,-6],[6,-10],[9,-8],[7,-10],[14,-11],[14,-4],[10,-5],[7,-8],[4,-7],[1,-9],[2,-7],[2,-35],[-1,-55],[-1,-37],[-2,-13],[-8,-28],[-1,-21],[2,-12],[3,-12],[8,-15],[9,-9],[-3,-24],[2,-7],[4,-17],[0,-16],[14,-14],[7,-29],[-2,-18],[-5,-24],[-4,-15],[-14,-13],[-21,-13],[-18,-5],[-15,-12],[-7,-9],[-2,-4],[1,-1],[3,-9],[16,-15],[1,-1],[6,-20],[2,-33],[4,-13],[9,-12],[3,-10],[-1,-22],[0,-8],[-13,-24],[-4,-7],[-23,-17],[-15,-17],[-8,-9],[-24,-21],[-13,-8],[-6,-27],[-3,-26],[-13,-26],[-14,-9],[-18,-17],[-2,-15],[-2,-14],[-1,-29],[2,-27],[5,-11],[5,-10],[3,-15],[13,-16],[2,-1],[26,1],[21,15],[34,14],[8,9],[4,-3],[13,-10],[-2,-34],[-2,-26],[-5,-64],[2,-14],[1,-13],[0,-4],[1,-9],[2,-21],[5,-23],[4,-20],[-4,-12],[-10,-25],[-7,-18],[-1,-21],[13,-35],[17,-28],[5,-20],[-1,-61],[2,-53],[2,-4],[7,-28],[10,-13],[7,-2],[11,-2],[23,7],[7,0],[3,-10],[-1,-28],[-3,-15],[-5,-35],[0,-10],[1,-16]],[[34307,86082],[-1,0],[-1,-102],[-2,-304],[0,-155],[-1,-44],[0,-48],[-1,-101],[0,-100],[-1,-198],[-1,-66],[0,-57],[-1,-171],[0,-94],[-1,-113],[-1,-198],[-1,-143],[0,-229],[1,-346],[0,-115],[6,0],[18,1],[69,0],[150,-1],[51,0],[-1,-63],[-1,-187],[0,-73],[1,-1],[1,-8],[0,-127],[-1,-20],[-1,-177],[-1,-58],[0,-12],[-1,-33],[1,-4],[0,-12],[1,-3],[0,-13],[1,-2],[0,-33],[-1,-20],[0,-276],[-1,-36],[0,-256],[-1,-33],[0,-482],[-1,-209],[0,-146],[-1,-38],[0,-258],[-1,-85],[0,-118],[-1,-127],[-1,-234],[-1,-138],[0,-19],[-1,-129],[0,-3],[-1,-247],[0,-27],[-1,-346],[-55,-1],[0,-431],[-1,-93],[0,-767],[-1,-55],[2,-29],[0,-2000],[-1,-135],[0,-540],[1,-232],[0,-127],[149,-6],[6,-47],[-1,-149],[-3,-639],[-2,-409],[0,-678]],[[22488,189],[0,296],[1,317],[0,181],[1,99],[0,495],[2,670],[0,282],[-9,739],[0,2380],[-1,137],[0,84],[-2,553],[0,9],[1,250],[0,379],[1,164],[0,174],[1,225],[0,243],[-1,243],[0,102],[-2,32],[-1,28],[-1,6],[1,79],[1,28],[2,148],[1,63],[0,621],[1,111],[0,118],[-3,93],[0,633],[1,101],[0,455]],[[22482,10727],[58,0],[232,4],[142,2],[44,1],[744,12],[55,0],[164,3],[54,1],[25,0],[36,-2],[182,-8],[60,-3],[41,0],[121,-1],[188,0],[334,-1],[395,0],[117,-1],[1213,0],[166,-1],[664,0]],[[27517,10733],[0,-761],[44,2],[178,0],[34,-1],[205,0],[74,-1],[27,1],[82,0],[85,-1],[79,-1],[104,0],[30,-1],[170,0],[18,-1],[23,0],[6,1],[5,-1],[25,0],[63,2],[55,2],[139,4],[65,2],[3,0],[131,5],[180,6],[222,3],[134,2],[42,0],[125,2],[32,1],[72,0],[188,3],[62,0],[455,6],[105,1],[29,0],[315,4],[61,-8],[2,-1],[80,3],[191,6],[166,5],[47,2],[4,0],[206,7],[303,10],[31,1],[92,4],[7,0],[23,1],[50,1],[147,5],[5,1],[45,1],[283,10],[29,1],[11,0],[300,2],[120,2],[145,3],[0,199]],[[33471,10267],[5,0],[13,-1],[36,0],[8,-1],[8,0],[64,-2],[8,0],[320,-12]],[[33933,10251],[0,-175],[1,0],[0,-562],[2,-199],[0,-261],[-1,-165],[0,-253],[-1,-52],[0,-272],[-1,-199],[0,-67],[-1,-120],[0,-180],[-1,-178],[0,-196],[-1,-232],[0,-77],[-1,-260],[0,-77],[-1,-304],[4,-398],[1,-137],[65,-47],[9,-6],[27,-20],[8,-6],[57,-41],[7,-5],[24,-18],[64,-46],[67,-49],[36,-26],[64,-46],[97,-70],[69,-51],[158,-114],[62,-45],[97,-68],[31,-24],[94,-71],[31,-24],[1,0],[55,-39],[30,-21],[22,-256],[9,-104],[8,-92],[24,-275],[7,-92],[4,-37],[9,-110],[2,-25],[1,-12],[0,-3],[1,-1],[1,-19],[29,-340],[163,-356],[0,-1],[1,-1],[1,-2],[9,-19],[1,-1],[29,-65],[10,-21],[61,-135],[185,-403],[61,-134],[1,-3],[4,-7],[1,-3],[4,-8],[11,-25],[4,-8],[20,-45],[24,-53],[95,-207],[39,-86],[45,-98],[158,-346],[40,-88],[295,-646],[97,-210],[25,-56],[17,-36],[26,-56],[109,-317],[5,-15],[15,-44],[3,-16],[3,-9],[10,-26],[3,-9],[7,-19],[2,-5],[19,-53],[6,-19]],[[36812,33],[-130,0],[-57,-1],[-148,0],[-9,1],[-126,-1],[-71,-1],[-27,-1],[-80,-1],[-27,0],[-159,-3],[-41,0],[-24,-1],[-30,0],[-38,-1],[-15,0],[0,-1],[-55,0],[-44,-1],[-32,0],[-54,-2],[-50,0],[-7,-1],[-33,0],[-57,-1],[-20,-1],[-56,0],[-75,-2],[-39,0],[-41,-1],[-14,0],[-15,-1],[-47,0],[-16,-1],[-360,0],[-7,1],[-3,0],[-1,1],[-3,0],[0,1],[-23,0],[-70,2],[-23,0],[0,1],[-11,0],[-30,1],[-11,0],[0,-1],[-12,0],[-35,1],[-185,0],[-67,1],[-50,0],[-81,-1],[-34,0],[-4,-1],[-35,0],[-20,-1],[-11,0],[-7,-1],[-8,0],[-3,2],[-3,0],[-3,1],[-5,-1],[-15,0],[-3,-1],[-1,0],[-5,-2],[-7,0],[-13,-1],[-23,-1],[-46,0],[-59,1],[-88,0],[-17,1],[-14,0],[-71,-1],[-57,-1],[-197,-4],[-80,-1],[-7,0],[-68,-1],[-12,0],[-36,-1],[-46,0],[-27,-1],[-26,0],[-48,-1],[-16,0],[-27,-1],[-79,-1],[-35,0],[-27,-1],[-132,0],[-24,1],[-167,0],[-39,1],[-33,0],[-6,-1],[-388,0],[-47,-1],[-371,0],[-21,-1],[-486,0],[-10,16],[-10,20],[-33,57],[-11,20],[-8,14],[-11,20],[-13,26],[-7,16],[-4,3],[-977,0],[-29,-1],[-87,0],[-29,1],[-626,0],[-5,1],[-4,0],[0,-4],[-6854,0]],[[52175,72810],[0,-109],[1,-4],[1,-9],[0,-97],[-1,-94],[0,-9],[-1,-2],[0,-47],[-1,-18],[1,-46],[0,-2],[3,-303],[-1,-18],[-1,0],[0,-2],[-1,-5],[0,-13],[-1,-13],[0,-118],[-2,-63],[0,-42],[1,-17],[0,-2],[2,-115],[1,-6],[3,-6],[0,-7],[-5,-112],[0,-30],[5,-137],[1,-14],[1,-15],[0,-5],[-2,-91],[-3,-141],[-1,-21],[-1,-56],[0,-191],[-1,-187],[0,-201],[-1,-45],[0,-2],[2,-28],[0,-971],[-1,-177],[1,-96],[0,-446]],[[52174,68677],[-2,0],[-3,2],[-12,5],[-14,14],[-10,8],[-11,7],[-8,9],[-12,24],[0,6],[-4,3],[-7,2],[-6,2],[-8,7],[-17,15],[-9,3],[-5,0],[-9,-3],[-9,-6],[-10,-10],[-6,-8],[-5,-10],[-25,-5],[-2,1],[-14,1],[-11,0],[-13,-3],[-11,-4],[-16,-17],[-8,-12],[-8,-11],[-10,-11],[-5,-6],[-9,-6],[-16,-14],[-12,-11],[-7,-4],[-4,2],[-9,19],[-14,39],[-4,42],[8,8],[2,5],[6,11],[2,11],[1,5],[1,16],[-4,16],[-2,15],[3,23],[2,9],[3,8],[-25,7],[-11,2],[-10,6],[-17,3],[-13,2],[-6,-5],[-10,-13],[-7,-7],[-5,-4],[-7,-1],[-6,1],[-9,4],[-15,8],[-9,4],[-10,-1],[-7,-2],[-12,2],[-17,5],[-8,5],[-11,4],[-13,1],[-13,-4],[-4,-3],[-8,-2],[-12,4],[-6,-1],[-5,-2],[-16,-13],[-4,-3],[-8,-4],[-11,-4],[-11,-7],[-1,-1],[-15,-5],[-1,-1],[-5,-3],[-12,-9],[-1,-1],[-10,-7],[-5,-1],[-24,-7],[-3,0],[-5,11],[-6,12],[-4,6],[-4,5],[-3,1],[-1,3],[-3,1],[-4,0],[-15,18],[-11,11],[-6,5],[-77,-4],[-11,-2],[-7,1],[-4,5],[-5,11],[-6,16],[-4,3],[-18,-6],[-7,-2],[-9,0],[-5,-3],[-4,-5],[-12,-1],[-6,0],[-10,3],[-10,1],[-3,0],[-5,3],[-3,3],[-5,-2],[-5,-3],[-13,5],[-16,8],[-3,5],[-5,7],[-19,6],[-19,9],[-17,6],[-18,6],[-12,7],[-8,5],[-11,-3],[-14,-1],[-7,1],[-16,6],[-11,2],[-14,-2],[-17,-10],[-16,-10],[-8,1],[-13,1],[-11,-3],[-13,-5],[-10,-15],[-7,-9],[-15,-5],[-17,-3],[-18,10],[-5,5],[-1,0],[-10,5],[-12,1],[-10,2],[-1,2],[1,0],[1,2],[7,7],[2,3],[3,3],[-7,18],[-3,11],[0,17],[4,16],[7,10],[14,14],[6,7],[9,12],[-1,15],[-1,2],[-1,6],[-2,4],[-5,4],[-6,0],[-8,-4],[-9,-5],[-16,-4],[-1,0],[-2,2],[-1,-1],[-3,-1],[-3,0],[-5,-3],[-7,-2],[-15,-3],[-8,0],[-10,-2],[-3,0],[-5,2],[-13,0],[-5,3],[-2,1],[-4,0],[-5,-2],[-4,0],[-9,4],[-6,3],[-5,4],[-3,3],[-6,4],[-8,4],[-7,3],[-3,1],[-13,-3],[0,2],[-1,1],[-1,6],[-14,18],[-11,16],[-14,2],[-15,2],[-5,-2],[-15,-4],[-2,-1],[-7,-1],[-10,-6],[-22,-11],[-29,3],[-3,3],[-20,18],[-16,4],[-8,22],[-16,7],[-13,13],[-25,22],[-33,9],[-32,1],[-14,15],[-39,12],[-30,17],[-10,5],[-17,9],[-5,3],[-1,0],[-4,2],[-13,20],[-3,4],[-10,14],[-3,3],[-2,3],[-8,11],[-10,0],[-12,-2],[-8,1],[-3,1],[-1,0],[-12,-6],[-7,2],[1,16],[8,27],[0,1],[2,24],[0,13],[-2,10],[-1,6],[-3,11],[-7,10],[-3,6],[-3,5],[-1,2],[-9,15],[-1,2],[-12,20],[-9,17],[-3,11],[-2,7],[-6,25],[-1,18],[0,5],[-1,21],[0,2],[10,13],[11,15],[9,14],[10,16],[-4,5],[-4,7],[-38,36],[-16,10],[-5,11],[-7,12],[-24,19],[-21,26],[-3,17],[-10,38],[-20,15],[-24,12],[-19,-5],[-11,-6],[-4,5],[-12,20],[-1,4],[-3,15],[-1,3],[-7,14],[-5,9],[-3,11],[-3,12],[-3,15],[-10,29],[-14,1],[-19,-2],[-37,10],[-2,1],[0,1],[-1,0],[-11,5],[-1,1],[-19,5],[-6,16],[-2,12],[0,1],[-1,0],[0,1],[-2,2],[-2,1],[-4,0],[-4,4],[-13,14],[-22,22],[-31,21],[-8,14],[-1,20],[0,22],[1,19],[-2,18],[-7,14],[1,10],[1,24],[0,8],[-6,17],[-7,11],[-1,7],[-3,11],[13,22],[21,9],[4,2],[14,4],[2,24],[5,15],[0,2],[7,16],[8,21],[-1,11],[-2,13],[8,15],[-5,11],[0,2],[-7,11],[-7,10],[-2,5],[-1,3],[-11,8],[-2,9],[-12,7],[-8,15],[-18,7],[-15,0],[-10,-1],[-15,4],[-13,4],[-14,-2],[-7,-6],[-2,-1],[-1,-2],[-5,-3],[-14,-8],[-11,2],[-6,8],[-13,11],[-7,6],[-12,2],[-2,0],[-9,-1],[-4,-1],[-6,0],[-15,-8],[-12,-17],[-9,-23],[-2,-4],[-15,-20],[-39,-33],[-38,-12],[-27,-10],[-6,3],[-4,16],[-4,21],[1,6],[3,16],[-4,7],[-7,2],[-17,30],[-20,21],[-24,5],[-10,8],[-23,18],[-21,17],[-6,-10],[-17,-34],[-7,-7],[-10,19],[-14,18],[-14,34],[-9,7],[-9,8],[-1,1],[-4,5],[-14,20],[-5,7],[-3,4],[-3,3],[-23,30],[-1,1],[-15,8],[-9,-5],[-7,19],[-22,26],[-7,7],[-5,2],[-5,4],[-6,8],[-7,5],[-5,3],[-7,13],[-1,21],[-8,22],[-12,31],[-11,24],[-12,12],[-5,16],[3,19],[1,23],[-3,12],[-8,20],[-8,23],[-3,24],[-5,20],[-8,11],[-13,8],[-12,4],[-11,8],[-22,2],[-18,3],[-16,4],[-15,7],[-8,10],[-15,14],[-16,7],[-9,2],[-14,-1],[-16,-4],[-20,0],[-14,3],[-13,8],[-14,23],[-7,8],[-5,6],[-18,9],[-3,2],[-20,13],[-18,7],[-12,6],[-2,0],[-22,8],[-14,7],[-15,6],[-13,-3],[-16,-5],[-12,-6],[-32,-30],[-7,-9],[-1,-1],[-7,-8],[-11,-13],[-11,2],[-13,3],[-11,1],[-12,1],[-14,3],[-1,0],[-13,9],[-11,10],[-8,11],[-6,10],[-6,5],[-7,0],[-10,-7],[-8,-13],[-3,-14],[-3,-17],[-5,-8],[-20,-5],[-22,6],[-5,1],[-11,0],[-11,12],[-11,10],[-17,7],[-13,4],[-19,10],[-11,13],[-9,15],[-8,15],[-6,11],[-6,7],[-8,7],[-8,1]],[[48008,71292],[-5,9],[-6,6],[-5,14],[-6,17],[-7,16],[-4,13],[-2,12],[-1,3],[-3,12],[-6,17],[-2,12],[2,11],[-1,14],[-5,16],[-10,17],[-12,26],[-9,23],[-3,27],[-3,24],[4,18],[1,8],[-3,10],[-8,12],[-1,13],[-3,17],[-5,15],[0,1],[-3,16],[2,15],[3,12],[3,19],[4,16],[1,18],[1,11],[0,1],[-7,16],[-5,9],[-4,7],[-3,5],[-9,12],[-5,12],[-2,13],[1,8],[-5,21],[-2,18],[-7,18],[0,2],[-1,3],[-1,6],[1,8],[-1,4],[-6,12],[0,5],[-1,1],[1,0],[0,6],[12,19],[12,14],[10,12],[1,5],[0,4],[-1,19],[-1,12],[1,7],[1,8],[8,22],[1,7],[-2,3],[-9,6],[-4,4],[-8,15],[-1,4],[-1,7],[0,7],[3,8],[0,16],[2,19],[-4,12],[-3,12],[-2,15],[0,7],[2,17],[0,11],[-2,16],[5,11],[9,24],[5,9],[6,18],[3,5],[7,9],[24,17],[7,9],[1,2],[2,2],[4,3],[1,1],[8,10],[18,8],[12,12],[9,3],[1,1],[-1,3],[-8,16],[-1,3],[0,6],[1,3],[9,17],[2,13],[2,19],[6,16],[2,19],[6,9],[11,22],[13,9],[13,11],[1,7],[-5,22],[-5,11],[-1,14],[-8,26],[-1,9],[1,14],[3,10],[1,16],[4,16],[0,37],[2,12],[4,11],[4,5],[11,12],[3,13],[1,45],[1,6],[2,6],[4,5],[25,20],[14,15],[7,2],[4,2],[0,5],[-6,5],[-1,2],[-1,9],[-1,34],[2,7],[-1,14],[1,3],[5,9],[0,16],[1,8],[3,8],[3,4],[4,17],[6,10],[3,9],[2,13],[9,23],[0,24],[1,7],[7,12],[11,16],[19,19],[4,2],[9,2],[0,5],[-9,11],[-4,7],[-5,14],[-2,7],[0,5],[2,5],[11,16],[3,6],[15,21]],[[48215,73298],[83,-2],[90,0],[37,-1],[2,0],[6,1],[62,0],[43,-2],[99,0],[123,-3],[125,-2],[45,7],[476,0],[223,-2],[250,0],[136,1],[110,1],[309,0],[11,-2],[4,0],[3,1],[4,0],[4,1],[88,0],[11,-1],[4,-1],[1,0],[3,2],[188,0],[414,-2],[11,0],[146,-3],[1,0],[14,2],[6,1],[5,0],[3,2],[1,4],[4,9],[3,7],[6,11],[4,6],[7,7],[6,2],[9,2],[7,2],[9,4],[10,5],[11,8],[8,4],[2,5],[4,2],[4,4],[2,3],[2,4],[0,4],[1,2],[0,1],[2,2],[3,4],[1,1],[10,8],[3,2],[7,4],[8,2],[6,-1],[5,0],[2,1],[2,0],[3,2],[4,4],[2,1],[8,10],[3,2],[6,3],[2,0],[2,1],[5,0],[1,1],[2,0],[2,2],[1,0],[1,1],[2,1],[3,1],[3,-1],[6,0],[5,1],[4,2],[5,0],[2,-1],[1,-1],[1,0],[2,-3],[2,-1],[3,-3],[6,-7],[5,-5],[1,-2],[0,-3],[1,-5],[1,-4],[2,-6],[2,-4],[3,-2],[3,-4],[4,-6],[3,-2],[4,-2],[7,-3],[3,-2],[2,-2],[1,-5],[3,-8],[2,-3],[2,-2],[4,-3],[5,-1],[2,-2],[3,-4],[6,-7],[7,-7],[4,-3],[6,-6],[2,-3],[2,-2],[0,-1],[1,-2],[1,-5],[2,-4],[0,-1],[1,-1],[1,-2],[1,-1],[1,-2],[4,-5],[1,-1],[3,-4],[8,-12],[2,-2],[3,-2],[4,-2],[3,0],[4,-4],[6,-4],[3,-1],[5,-1],[3,0],[2,-1],[3,0],[9,-1],[2,0],[7,1],[3,0],[2,1],[3,0],[3,-1],[4,0],[2,1],[5,4],[2,1],[4,1],[3,2],[4,1],[5,1],[3,1],[4,1],[5,1],[14,0],[3,-1],[2,-1],[2,-3],[4,-4],[4,-3],[1,-1],[3,-2],[2,-4],[2,-5],[3,-8],[2,-6],[1,-4],[5,-8],[3,-5],[1,-1],[3,-4],[1,-5],[4,-8],[2,-1],[1,0],[3,2],[1,3],[1,4],[1,6],[2,5],[3,2],[2,2],[0,1],[2,6],[0,1],[2,6],[1,1],[1,2],[1,5],[2,4],[3,3],[4,0],[3,2],[2,1],[1,2],[3,4],[3,5],[3,2],[1,2],[3,1],[4,8],[2,7],[1,5],[-1,4],[0,18],[2,3],[2,4],[3,3],[2,9],[0,1],[1,2],[3,4],[2,3],[4,2],[3,1],[1,0],[1,-1],[3,0],[2,-2],[2,-3],[0,-2],[1,-1],[-1,-3],[0,-2],[1,-4],[2,-4],[1,-3],[3,-4],[3,-3],[2,-3],[4,-8],[3,-3],[9,-6],[7,-3],[1,-1],[6,-2],[5,0],[4,1],[3,0],[10,-6],[3,-3],[3,-1],[10,0],[4,-1],[4,-2],[3,-1],[1,0],[2,1],[3,0],[3,3],[3,2],[6,7],[2,1],[6,4],[2,4],[7,9],[3,3],[6,8],[4,4],[6,8],[2,4],[8,10],[5,6],[2,1],[7,6],[2,2],[3,1],[1,1],[2,1],[1,-1],[3,0],[6,-3],[3,-2],[5,-2],[12,0],[1,1],[4,0],[0,-26],[1,-16],[0,-5],[-3,-85],[1,-60],[0,-19],[-1,-8],[0,-12],[1,-23],[0,-90],[2,-39],[0,-3],[-1,0],[0,-4],[-1,-1],[0,-30],[2,-18],[1,-4],[0,-105]],[[57084,69773],[59,0],[17,1],[107,0],[17,1],[66,0],[0,12],[-1,6],[3,1],[3,0],[27,1],[9,0],[25,-2],[-1,-19],[19,-3],[30,0],[19,-1],[1,0],[0,4],[1,6],[0,66],[1,1],[3,1],[5,0],[4,-2],[4,-4],[1,-3],[2,-3],[2,-2],[2,-1],[1,-1],[1,0],[2,-1],[3,0],[3,1],[5,5],[1,2],[2,2],[1,3],[1,2],[10,0],[-7,-25],[16,4],[-2,-9],[1,-42],[13,0],[8,-1],[184,0],[18,-1],[73,0],[10,2],[2,0],[0,1],[6,0],[1,1],[4,0],[2,-1],[1,0],[2,-1],[4,0],[4,2],[8,-2],[2,0],[20,2],[27,0],[1,3],[1,19],[2,1],[18,0],[16,1],[5,-12],[0,-14],[29,0],[12,-2],[17,0],[0,23],[8,0],[0,-8],[9,0],[0,-15],[9,0],[0,1],[10,0],[0,-1],[14,0],[3,2],[44,0],[18,-1],[1,18],[3,0],[0,-5],[-2,-12],[0,-1],[15,0],[17,-1],[0,2],[-2,30],[8,1],[19,1],[3,0],[10,2],[0,42],[-23,2],[0,34],[28,0],[10,-1],[0,17],[-10,2],[-5,0],[1,24],[1,25],[23,0],[40,3],[0,-34],[-1,-20],[0,-60],[31,0],[-17,-53],[-1,-1],[-2,-4],[-1,-1],[-3,-4],[-8,-8],[117,0],[5,5],[12,15],[3,5],[21,27],[10,13],[1,2],[8,10],[11,15],[38,0],[6,1],[40,-1],[33,0],[33,-2],[15,-1],[17,0],[0,1],[2,0],[14,7],[1,0],[16,-2],[-2,-36],[-1,-11],[0,-15],[-1,-8],[0,-3],[1,-6],[3,-13],[0,-1],[1,0],[6,-1],[1,0],[1,-1],[39,0],[79,2],[30,-1],[16,1],[19,0],[-1,-19],[0,-3],[2,-77],[0,-83],[54,1],[13,-1],[35,0],[8,1],[110,0],[21,1],[22,-1],[25,1],[14,0],[37,-6],[-6,12],[-1,6],[0,9],[-2,15],[0,17],[1,22],[0,1],[-1,8],[0,4],[2,4],[2,6],[2,10],[0,134],[-1,7],[0,22],[-1,24],[1,13],[-1,14],[0,41],[31,0],[13,-1],[0,15],[1,54],[27,0],[22,1],[0,-55],[1,-15],[10,0],[3,-1],[160,0],[0,13],[1,46],[0,62],[1,71],[0,173],[19,-1],[19,1],[217,0],[9,1],[0,-364],[27,0],[19,-1],[192,0],[15,-1],[16,-2],[1,0],[23,-1],[39,-1],[6,0],[47,-1],[50,0],[60,-1],[8,0],[21,-1],[2,0],[15,4],[13,0],[47,1],[55,0],[1,1],[85,0],[19,1],[113,0],[68,-1],[95,0],[34,-1],[0,33],[-1,34],[0,123],[-1,17],[0,153],[1,4],[1,171],[1,96],[1,37],[0,35],[1,19],[-1,101],[-1,151],[-1,111],[0,6],[212,-2],[58,0],[67,-1],[72,0],[0,51],[1,36],[0,2],[22,0],[21,-1],[23,1],[32,0],[31,-1],[3,1],[33,0],[45,-2],[9,0],[156,-5],[23,-1],[20,-1],[9,0],[1,61],[0,9],[3,198],[0,17],[-1,469],[2,218],[1,138],[1,45],[0,82],[1,97],[2,0],[104,-1],[132,-1],[75,0],[57,-1],[1,33],[2,118],[0,47],[72,3],[13,0],[39,1],[35,2],[23,-1],[-4,186],[-1,3],[181,1],[0,-5],[1,-186],[30,0],[136,-2],[134,-2],[236,-4],[32,0],[89,-2],[3,0],[0,-35],[-2,-137],[116,0],[266,3],[6,0],[90,1],[2,-369],[0,-59],[-58,-1],[-21,0],[0,-5],[1,-167],[0,-38],[-41,0],[-159,-1],[0,-469],[2,-280],[0,-28],[-3,-395],[0,-3],[-23,1],[-84,5],[-7,0],[-33,-2],[-111,3],[-14,0],[-9,-1],[-1,-86],[0,-22],[-11,0],[-74,-1],[-54,0],[-86,-1],[0,-210],[-52,0],[-91,-1],[-10,0],[0,153],[-1,68],[-195,0],[-438,7],[-76,1],[-15,1],[-70,-1],[-9,0],[-164,-1],[-18,-1],[-74,0],[-54,-1],[-14,1],[-4,0],[-16,-1],[-52,0],[-42,-1],[-29,0],[-82,-1],[-18,0],[0,-1],[-4,-160],[0,-13],[-2,-74],[0,-42],[2,-137],[1,-6],[-1,-34],[0,-9],[1,-3],[0,-1],[1,-2],[0,-1],[-1,0],[0,-68],[-2,-15],[0,-18],[2,-16],[1,-5],[0,-7],[64,0],[36,1],[28,0],[4,-1],[29,1],[50,-1],[11,1],[15,1],[20,0],[10,-1],[22,0],[23,-1],[90,0],[0,-67],[-1,-16],[0,-100],[1,-16],[-1,-19],[0,-14],[-1,-94],[0,-43],[-2,-18],[2,-4],[0,-26],[-1,-41],[1,-10],[-1,-22],[0,-239],[-2,0],[-15,5],[-71,0],[-122,2],[-197,0],[0,32],[-1,13],[0,5],[-63,5],[-64,-6],[0,131],[-138,-5],[0,-8],[1,-70],[-117,-1],[-30,0],[-56,-1],[-37,-1],[-43,0],[-79,-2],[-300,0],[0,-3],[1,-12],[0,-5],[2,-22],[-1,-13],[-1,-17],[0,-8],[-1,-4],[0,-4],[-1,-3],[0,-9],[-67,0],[0,-54],[1,-17],[0,-3],[-66,27],[-33,4],[-7,1],[-3,0],[-2,1],[-24,3],[-7,1],[-3,0],[-20,3],[-3,0],[-31,4],[-2,0],[-22,3],[-9,1],[-25,4],[-11,1],[-30,4],[-1,0],[-35,5],[-3,-6],[0,-3],[1,-8],[0,-4],[-2,-188],[1,-11],[0,-5],[2,-32],[20,-10],[17,-8],[3,-1],[8,-4],[3,-1],[1,0],[3,-2],[1,0],[4,-2],[11,-5],[3,-2],[4,-1],[14,-4],[16,-4],[9,-3],[1,-17],[18,-10],[0,-13],[-66,2],[-4,1],[-69,0],[-29,-1],[-84,-1],[-19,-1],[-106,0],[-13,-2],[-13,1],[-38,0],[-34,-1],[0,-4],[3,-94],[1,-12],[0,-34],[-2,-26],[0,-14],[-47,0],[-10,1],[-8,0],[0,-182]],[[57082,65797],[0,11],[1,54],[1,16],[0,2],[-2,2],[3,17],[-3,-8],[1,33],[0,1],[1,6],[0,1],[-1,44],[0,3],[-80,0],[-7,-2],[2,-12],[4,-4],[-2,-19],[0,-7],[-1,-6],[-1,-5],[-2,-17],[-1,-13],[0,-16],[3,-12],[4,-8],[4,-9],[18,-37],[5,-10],[2,-3],[21,-24],[29,-29]],[[57083,65707],[-1,-2],[-5,-7],[-2,-2],[-1,-2],[-5,-6],[-2,-3],[-3,-4],[-8,-12],[-3,-4],[-1,-1],[-2,-3],[-1,-1],[-1,-2],[-1,-19],[0,-26],[22,3],[13,2]],[[57082,65544],[-37,0],[-4,-2],[-12,6],[-7,-17],[18,-26],[-1,-1],[-4,-7],[0,-1],[-6,-8],[-7,-14],[-6,-11],[-7,-7],[0,-4],[-2,-13],[0,-11],[-1,-10],[-3,-36],[1,-8],[-6,-7],[-44,3],[-15,1],[-6,1],[-5,1],[-16,-1],[-49,-2],[-16,-1],[-43,3],[-82,-1],[-55,0],[-92,-1],[-52,0],[-61,-1],[0,98],[19,0],[25,-1],[12,1],[27,0],[14,-1],[41,0],[3,1],[3,2],[2,1],[2,3],[3,6],[3,4],[3,-8],[9,-10],[6,4],[4,3],[5,1],[23,0],[2,-2],[44,-1],[26,1],[43,0],[17,1],[9,0],[0,1],[2,0],[1,-1],[47,1],[58,0],[0,21],[1,4],[0,6],[1,10],[-11,9],[-5,3],[-140,86],[-9,5],[7,2],[14,2],[-12,19],[-4,8],[-57,120],[-1,2],[-16,34],[-30,0],[0,-43],[26,0],[0,-56],[-1,-5],[0,-3],[-30,0],[0,6],[1,14],[-1,13],[-1,10],[-15,-1],[-7,-1],[0,-69],[-2,0],[-10,1],[-2,0],[-5,-1],[-12,0],[0,22],[-3,-1],[-47,0],[0,-35],[-1,-22],[0,-20],[-100,0],[-4,1],[-86,0],[-12,-1],[-45,0],[0,69],[-9,0],[-2,1],[-8,-1],[0,9],[1,60],[0,4],[-1,38],[0,76],[1,15],[0,3],[128,0],[4,-1],[1,0],[8,-3],[3,0],[1,-1],[9,1],[7,1],[21,1],[23,0],[33,1],[22,1],[0,88],[37,0],[7,-1],[23,0],[10,1],[11,-1],[14,0],[8,1],[24,1],[7,0],[2,-2],[0,-5],[-1,-25],[-1,-8],[0,-7],[1,-14],[2,2],[12,10],[37,-4],[12,-1],[46,6],[0,47],[-5,1],[-8,0],[-20,-1],[-7,0],[0,16],[1,5],[1,4],[1,5],[7,20],[1,5],[2,6],[0,5],[1,8],[0,7],[1,2],[1,4],[4,11],[0,1],[7,19],[3,7],[2,5],[1,4],[3,4],[2,4],[2,2],[2,3],[3,2],[10,8],[6,5],[3,3],[2,4],[0,2],[1,2],[0,3],[1,1],[0,7],[44,0],[77,-3],[0,31],[1,37],[0,23],[1,11],[27,0],[59,-2],[1,43],[25,1],[14,0],[-2,1],[-3,2],[-4,6],[-30,-1],[-1,0],[0,3],[1,14],[1,5],[-16,0],[-1,1],[-2,-1],[0,-4],[1,-20],[0,-8],[-7,0],[2,-7],[-47,0],[0,10],[-7,3],[0,-33],[-19,-3],[0,-23],[-101,1],[0,7],[1,13],[0,2],[9,-2],[3,0],[18,30],[10,19],[3,2],[0,1],[4,3],[3,1],[2,3],[0,1],[2,5],[1,0],[0,3],[1,3],[0,2],[1,4],[0,14],[-1,63],[-22,1],[-31,0],[0,40],[-1,24],[-1,0],[-6,2],[-2,1],[0,3],[-2,11],[0,3],[-23,-5],[-17,-7],[-15,-5],[-11,-5],[-20,-8],[2,22],[2,18],[-7,16],[-17,12],[-1,0],[0,1],[-6,7],[-3,6],[0,2],[-1,0],[-23,-2],[0,189],[1,11],[2,0],[10,-5],[5,-2],[4,-1],[3,0],[5,-1],[2,0],[0,-9],[24,-1],[8,0],[0,9],[13,-2],[-2,10],[17,17],[23,-17],[1,0],[0,-1],[3,-1],[0,-1],[3,-2],[7,-5],[2,-2],[0,-12],[1,-19],[0,-13],[120,0],[8,1],[9,0],[18,-1],[35,0],[9,1],[70,0],[0,157],[1,5],[0,3],[-1,11],[0,3],[-11,0],[-34,-2],[-51,0],[-22,1],[-7,1],[-12,0],[0,31],[2,35],[-2,40],[-1,1],[0,2],[-3,8],[6,-6],[4,-6],[5,-3],[20,-20],[31,9],[5,1],[2,49],[0,41],[22,0],[13,-1],[34,1],[0,127],[-1,7],[0,56],[1,27],[0,202],[-1,21],[0,773],[1,9],[0,45],[-17,0],[0,15],[-3,0],[0,5],[-5,0],[0,-20],[-8,0],[0,15],[-1,20],[0,12],[34,-1],[0,579],[-1,8],[0,162],[1,13],[0,5],[-1,23],[0,293],[1,9],[0,66],[-1,7],[0,13],[1,10],[0,30],[-34,0],[-16,1],[-85,0],[0,84],[2,5],[1,5],[-6,10],[-1,2],[-30,0],[-1,18],[0,22],[8,0],[0,34],[18,0],[0,-24],[20,0],[3,12],[1,9],[2,3],[117,0]],[[56925,66339],[6,0],[0,4],[-7,0],[0,-4],[1,0]],[[59275,65619],[0,2],[-9,0],[0,-10],[9,0],[0,8]],[[56952,66330],[0,1],[-14,0],[0,-15],[14,0],[0,14]],[[56681,65875],[11,0],[0,9],[-2,0],[0,13],[-10,1],[1,-2],[-1,-2],[-2,-3],[-1,-2],[-2,-3],[3,-1],[3,-10]],[[59151,67056],[-41,0],[0,-55],[19,1],[20,0],[0,5],[2,5],[-2,0],[2,43],[0,1]],[[58765,67781],[-18,0],[-59,2],[0,-3],[-1,-45],[1,0],[-1,-47],[0,-36],[1,-27],[0,-31],[-1,-13],[0,-32],[1,-40],[0,-2],[-1,-40],[0,-15],[7,0],[0,6],[22,-1],[1,-22],[0,-17],[-15,-1],[-13,0],[0,-45],[3,0],[-2,23],[13,-2],[1,-23],[28,2],[3,1],[1,1],[7,-1],[9,0],[0,1],[-1,44],[-2,0],[0,46],[36,0],[-1,-13],[0,-3],[-1,-30],[59,0],[1,1],[28,0],[-1,24],[0,21],[-9,0],[-1,44],[-43,0],[0,2],[-17,0],[-1,25],[0,1],[-15,1],[0,41],[-1,22],[1,8],[2,0],[10,1],[4,0],[0,-21],[-1,-31],[18,0],[0,29],[3,11],[17,1],[9,0],[6,1],[3,0],[29,-6],[0,38],[-1,3],[0,32],[-10,0],[-1,1],[1,-36],[-26,-2],[-1,38],[0,22],[1,1],[0,25],[2,-1],[34,-11],[0,2],[-7,2],[-21,7],[-7,2],[-1,0],[0,4],[-29,9],[-1,50],[-52,2]],[[40876,51449],[0,14],[1,21],[-7,20],[-5,23],[2,17],[7,23],[6,28],[3,29],[0,22],[-9,50],[-2,19],[-5,19],[1,12],[4,11],[40,40],[28,40],[0,14],[-4,23],[3,26],[6,21],[16,21],[20,16],[17,2],[11,3],[13,7],[6,7],[19,44],[10,20],[16,29],[11,25],[10,24],[7,6],[16,7],[13,6],[5,6],[4,14],[7,21],[6,13],[7,6],[12,2],[9,5],[3,10],[2,25],[-2,13],[-6,10],[0,50],[-5,22],[-5,25],[-7,19],[-4,17],[-3,28],[-6,21],[-8,21],[-6,10],[-13,15],[-9,7],[-13,16],[-11,21],[-8,18],[-9,24],[-7,23],[-4,18],[-6,8],[-9,4],[-11,-1],[-47,0],[-40,5],[-14,1],[-11,2],[-8,-1],[-18,-16],[-11,-7],[-8,3],[-5,6],[-23,-2],[-6,10],[-11,14],[-11,8],[-12,4],[-42,-5],[-7,1],[-10,1],[-17,-13],[-15,-15],[-18,-13],[-15,2],[-10,11],[-14,3],[-12,2],[-12,-1],[-12,-6],[-12,-2],[-4,7],[-5,14],[29,88],[6,15],[3,17],[0,11],[2,9],[6,11],[9,11],[21,11],[13,11],[7,16],[0,16],[-5,13],[-1,11],[5,13],[7,5],[15,7],[16,7],[19,17],[114,133],[5,6],[7,2],[11,-10],[8,-5],[9,11],[6,10],[4,23],[1,9],[4,47],[7,10],[18,46],[-3,21],[1,29],[3,10],[20,2],[30,24],[4,23],[1,7],[11,19],[10,17],[29,46],[33,30],[32,27],[11,26],[2,17],[-7,13],[-11,27],[-9,26],[7,30],[12,24],[1,30],[-11,45],[-9,35],[8,34],[-5,33],[-10,29],[-3,26],[5,26],[0,34],[-2,25],[-17,39],[-3,31],[-2,30],[-12,31],[-16,44],[-9,43],[13,23],[5,39],[1,33],[-4,39],[0,103],[-11,36],[-15,35],[-18,32],[-19,43],[-7,51],[-16,49],[-15,54],[13,26],[4,18],[3,-2],[27,35],[10,29],[22,41],[9,25],[-6,35],[1,22],[1,17],[2,36],[0,52],[-11,63],[-15,56],[-9,15],[-22,34],[-14,40],[-4,24],[15,4],[23,12],[22,34],[18,25],[12,17],[6,53],[2,31],[10,45],[-15,24],[22,19],[34,21],[30,27],[29,29],[7,66],[-4,62],[14,16],[9,49],[-7,32],[-10,44],[-24,44],[-25,32],[-55,43],[-44,23],[-41,4],[-17,21],[-9,29],[-7,27],[10,18],[13,24],[6,20],[14,31],[2,7],[5,9],[1,1],[10,20],[-4,6],[-4,22],[-4,24],[-1,16],[4,22],[4,15],[3,8],[-3,14],[-6,14],[3,16],[-1,27],[-2,20],[0,22],[6,21],[7,21],[4,31],[-1,29],[-9,30],[-8,25],[-1,21],[2,16],[2,15],[-5,16],[-20,46],[-6,15],[-7,10],[-11,56],[-11,54],[0,39],[-1,24],[-4,23],[-7,29],[-3,31],[-1,18],[7,20],[3,9],[9,30],[7,29],[-2,24],[-3,14],[-2,21],[6,22],[19,32],[12,26],[9,17],[5,8],[0,7],[-9,35],[-1,35],[12,74],[8,47],[4,22],[-2,14],[-19,18],[-10,26],[-1,23],[1,31],[-6,61],[-1,37],[-4,30],[-2,24],[4,23],[10,15],[16,8],[15,-1],[11,0],[28,12],[11,4],[12,6],[4,15],[11,25],[5,19],[3,39],[1,28],[8,29],[16,28],[17,18],[16,27],[18,26],[7,-4],[17,-11],[25,-1],[16,0],[9,1],[8,-8],[12,-1],[8,9],[20,-6],[17,-4],[11,0],[21,-8],[19,-6],[14,-3],[9,1],[14,-5],[19,1],[14,6],[5,48],[6,43],[7,27],[15,26],[16,16],[9,13],[0,22],[8,25],[1,6],[0,5],[10,15],[24,68],[5,15],[9,14],[7,36],[7,25],[9,17],[11,19],[7,12],[5,18],[-16,29],[-9,23],[-24,37],[-14,42],[-3,29],[0,22],[-12,18],[-13,18],[-9,24],[-3,16],[1,26],[-1,25],[1,26],[-1,16],[-6,40],[-9,41],[-2,24],[-1,20],[-32,28],[-19,37],[-9,21],[-4,10],[0,7],[10,21],[13,29],[10,30],[11,26],[9,22],[6,11],[30,-9],[17,3],[16,1],[14,10],[12,20],[9,10],[4,6],[1,11],[4,12],[8,2],[11,6],[12,14],[5,6],[4,5],[0,37],[1,32],[5,14],[3,19],[1,13],[4,14],[9,19],[2,9],[2,8],[7,9],[8,8]],[[41666,59513],[6,-2],[17,-1],[21,3],[14,0],[7,-11],[6,-4],[2,-1],[13,-3],[16,0],[13,3],[27,-12],[13,-6],[10,-4],[6,-5],[8,-7],[13,-10],[12,-7],[13,-6],[14,1],[12,-3],[8,1],[11,1],[26,0],[7,-3],[7,3],[7,2],[10,2],[17,7],[17,3],[8,1],[5,1],[15,1],[5,2],[10,1],[6,1],[9,7],[9,5],[11,-2],[19,0],[19,3],[10,2],[7,-1],[16,-4],[13,-3],[20,3],[11,4],[6,-3],[11,-15],[11,-11],[7,-2],[6,-6],[29,-38],[20,-26],[24,-33],[11,-16],[16,-29],[1,-1],[23,-26],[17,-11],[26,1],[19,-5],[3,6],[1,1],[3,20],[8,5],[3,-4],[4,-4],[20,-15],[17,-7],[13,-4],[8,-3],[12,-4],[9,-4],[17,-16],[2,-1],[16,-24],[19,-25],[14,-21],[13,-17],[16,-16],[14,-8],[17,-9],[16,-11],[22,-22],[5,-4],[33,-23],[22,-17],[14,-25],[18,-15],[23,-6],[24,-2],[26,-1],[26,-6],[19,-5],[21,-5],[34,-1],[56,14],[36,13],[9,-1],[12,-2],[18,1],[25,9],[11,5],[36,23],[15,9],[13,19],[14,8],[17,-4],[17,0],[34,14],[2,3],[7,10],[3,3],[2,4],[17,23],[13,23],[12,20],[6,8],[3,16],[0,35],[-4,21],[1,10],[2,17],[0,28],[1,29],[0,17],[-1,24],[10,40],[-2,34],[-1,20],[-3,9],[-3,12],[-1,22],[0,8],[-3,7],[-4,4],[-2,8],[-4,19],[0,17],[3,10],[6,10],[6,7],[5,10],[3,19],[6,18],[11,25],[13,21],[11,17],[9,1],[8,-1],[11,5],[20,5],[3,-1],[7,-2],[6,-3],[7,2],[7,5],[18,20],[14,18],[6,7],[5,0],[6,3],[6,13],[0,10],[6,19],[2,3],[9,17],[7,5],[6,5],[8,7],[4,8],[8,6],[7,6],[8,9],[7,5],[7,3],[1,0],[9,2],[7,0],[5,2],[5,3],[7,5],[10,15],[15,38],[5,17],[5,15],[10,36],[3,15],[3,42],[3,8],[4,3],[13,2],[8,1],[8,2],[5,0],[5,-1],[6,-5],[15,-7],[20,-4],[27,4],[5,3],[3,2],[8,6],[4,8],[2,16],[7,34],[9,24],[6,14],[7,9],[7,5],[4,4],[12,3],[16,5],[7,2],[4,5],[2,5],[5,17],[3,5],[5,5],[6,2],[47,14],[24,11],[6,3],[23,12],[10,11],[3,0],[4,2],[1,0],[10,3],[31,14],[9,3],[27,10],[18,5],[19,3],[13,4],[23,11],[6,4],[20,6],[22,9],[1,1],[27,10],[7,6],[2,7],[-2,6],[-2,10],[-20,67],[-4,11],[-2,16],[0,27],[-1,9],[-3,6],[-8,11],[-6,10],[-4,11],[-1,21],[2,15],[1,7],[5,31],[1,20],[-1,11],[-6,12],[-8,11],[-7,18],[-4,4],[-8,4],[-28,7],[-10,4],[-6,3],[-7,7],[-29,55],[-24,39],[-8,16],[-14,61],[-9,40],[-2,14],[3,6],[8,12],[10,10],[13,9],[25,11],[13,3],[19,-3],[12,0],[11,-3],[8,-4],[10,-11],[10,-15],[5,-6],[8,-3],[7,0],[12,2],[14,4],[8,8],[11,5],[8,4],[3,1],[9,4],[3,1],[35,19],[12,8],[10,2],[15,1],[11,1],[7,3],[2,2],[1,8],[1,37],[0,60],[5,27],[7,16],[16,23],[3,12],[-1,11],[-8,45],[5,57],[7,37],[3,12],[8,33],[4,12],[9,12],[4,7],[2,15],[5,7],[8,8],[1,0],[9,2],[4,-1],[10,-2],[13,-6],[12,-6],[8,-2],[13,5],[39,21],[17,10],[2,0],[30,2],[12,0],[18,-7],[32,-10],[18,-7],[11,-2],[24,-4],[5,-1],[26,-1],[3,-4],[8,3],[12,4],[7,3],[5,0],[7,-5],[18,-18],[13,-14],[5,-3],[3,-1],[3,7],[3,17],[4,8],[6,9],[13,11],[13,13],[4,2],[4,0],[17,-3],[6,1],[8,8],[20,39],[9,24],[6,11],[12,17],[6,9],[5,14],[3,20],[2,27],[2,12],[2,15],[-3,21],[0,1],[-2,21],[-1,17],[2,10],[6,10],[8,12],[6,5],[3,2],[8,5],[3,3],[2,6],[1,14],[2,13],[4,15],[19,37],[2,4],[2,3],[2,12],[-2,8],[-6,21],[0,8],[3,4],[5,1],[7,-3],[14,1],[8,6],[7,22],[3,8],[9,15],[10,17],[7,26],[-1,24],[-1,10],[1,29],[-2,8],[2,3],[4,4],[4,-4],[9,-8],[9,-5],[17,-4],[43,10],[13,7],[9,3],[11,-1],[8,0],[50,-8],[7,-1],[3,1],[5,8],[0,8],[-1,7],[-4,45],[-1,8],[0,2],[4,23],[6,38],[2,7],[20,24],[3,6],[5,15],[4,10],[8,16],[12,26],[13,16],[17,14],[2,2],[19,5],[17,-1],[18,-15],[16,-5],[8,0],[5,5],[-2,25],[3,32],[9,36],[12,22],[12,25],[-4,10],[1,15],[4,16],[8,17],[10,14],[11,14],[14,18],[11,14],[13,1],[8,2],[10,9],[12,2],[14,-4],[13,-6],[11,-4],[8,-5],[3,0],[1,3],[-4,5],[0,1],[-6,10],[-2,12],[1,9],[-2,7],[-7,5],[-6,0],[-10,6],[-9,6],[-8,10],[-11,18],[-7,17],[-9,9],[-5,12],[-2,13],[1,18],[2,20],[-3,9],[-9,7],[-18,16],[-5,7],[-1,1],[-1,2],[-1,1],[-15,20],[-11,12],[-6,7],[-5,5],[-9,12],[-7,9],[-11,15],[-3,14],[1,9],[-2,8],[-5,9],[-1,3],[-5,13],[-2,13],[1,10],[6,8],[13,13],[0,1],[10,9],[9,12],[9,13],[6,13],[4,16],[7,17],[3,15],[-1,13],[0,10],[2,20],[4,16],[1,9],[0,1],[2,1],[1,0],[1,1],[1,3],[1,1],[1,3],[1,2],[3,8],[2,3],[1,2],[0,2],[3,4],[8,16],[3,13],[6,20],[8,13],[6,13],[6,7],[7,2],[8,4],[5,0],[3,-8],[5,-16],[15,-31],[13,-26],[9,-24],[10,-11],[15,-17],[21,-15],[21,-11],[10,-4],[10,-5],[17,-12],[13,-12],[14,-15],[1,2],[1,6],[4,17],[4,19],[5,12],[7,5],[12,9],[14,4],[16,5],[16,8],[17,14],[16,21],[7,8],[12,8],[10,7],[1,0],[9,8],[13,11],[17,14],[16,16],[20,12],[12,0],[17,-4],[1,-2],[11,-10],[18,-8],[16,-6],[12,-7],[6,-7],[4,-8],[2,-2],[2,2],[0,6],[2,15],[6,13],[8,12],[9,17],[3,21],[4,17],[6,17],[1,20],[4,22],[4,14],[6,16],[7,6],[2,2],[10,4],[4,7],[-2,13],[-3,15],[-1,27],[-8,32],[-4,28],[-3,28],[1,28],[1,16],[8,16],[8,9],[7,14],[3,7],[4,6],[8,6],[2,10],[1,9],[-2,15],[1,18],[4,16],[0,16],[1,11],[-2,3],[-6,2],[-16,-1],[-18,-1],[-22,8],[-14,6],[-15,9],[-21,27],[-13,21],[-15,19],[-1,13],[0,16],[-3,15],[-10,22],[-10,20],[-4,9],[-9,26],[-8,25],[0,11],[3,16],[3,11],[0,9],[-5,10],[-8,14],[-4,12]],[[46023,64134],[292,0],[255,1],[241,0],[11,-1],[328,0],[6,1],[372,11],[9,0],[5,-1],[16,-1],[5,0],[214,5],[12,0],[10,1],[141,3],[3,0],[114,4],[26,1],[11,0],[15,1],[301,10],[60,2],[7,0],[54,1],[10,0],[70,2],[14,1],[61,2],[98,3],[85,3],[62,3],[24,2],[511,29],[19,-1],[108,-5],[6,0],[253,-11],[1,0],[129,-5],[2,0],[5,-1],[2,0],[48,-2],[34,-1],[98,-4],[74,-3],[1,-1],[22,0],[3,-1],[18,0],[224,-10],[1,0],[94,-4],[108,-3],[4,0],[26,1],[184,1],[2,0],[234,-3],[10,0],[17,-2],[84,0],[24,-1],[40,0],[29,1],[135,0],[238,-2],[1,0],[12,2],[374,0],[29,1]],[[52159,64163],[2,-161],[0,-45],[1,-414],[0,-42],[-1,-97],[4,-217],[1,-53],[2,-273],[1,-6],[0,-70],[-1,-139],[0,-10],[1,-18],[0,-144],[2,-182],[1,-48],[0,-124],[-1,-69],[0,-38],[1,-18],[0,-129],[-1,-22],[0,-117],[1,-2],[0,-28],[2,-2],[0,-11],[-1,-5],[0,-4],[-1,-4],[0,-17],[-1,-15],[-2,-13],[-1,-3],[-2,-9],[0,-5],[-1,-3],[0,-67],[1,-16],[0,-20],[1,-19],[0,-10],[1,-11],[0,-18],[4,-119],[0,-45],[1,-82],[0,-24],[1,-20],[0,-12],[-1,-8],[-1,-15],[0,-902],[-1,-46],[0,-174],[3,-182],[0,-72],[-2,-41],[-7,-226],[1,-82],[1,-209],[0,-83],[1,-105],[3,-204],[-2,-95],[-2,-164],[-1,-7],[-2,-65],[0,-61],[3,-135],[0,-7],[1,-37],[1,-15],[-5,-25],[0,-7],[3,-89],[0,-31],[3,-92],[1,-40],[1,-30],[0,-62],[-1,-110],[0,-60],[3,-124],[-2,-47],[19,-836],[0,-10],[-17,-361],[0,-29],[1,-141],[0,-695],[-1,-49],[1,-55],[0,-341],[1,-76],[-1,-329],[1,-22],[0,-66],[1,-403],[-1,-68],[0,-4],[-1,-562],[0,-163],[318,0],[122,1],[62,0],[429,2],[29,0]],[[53135,53284],[0,-120],[-1,-60],[-1,-24],[0,-78],[1,-46],[0,-167],[1,-85],[0,-104],[1,-46],[0,-175],[1,-33],[0,-128],[1,-76],[3,-628],[0,-14],[1,-206],[0,-85],[2,-227],[0,-150],[1,-47],[0,-188],[1,-34],[0,-166],[1,-88],[0,-55],[1,-81],[0,-122],[-1,-31],[1,-62],[0,-85],[1,-54],[3,-495],[0,-124],[1,-48],[0,-170],[1,-112],[1,-61],[1,-200],[0,-5],[1,-158],[1,-34],[0,-120],[1,-22],[0,-126],[1,-93],[0,-59],[1,-176],[0,-12],[1,-148],[0,-19],[1,-14],[0,-110],[1,-97],[0,-41],[-1,-21],[0,-10],[-3,-49],[3,-90],[0,-2],[3,-159],[0,-3],[2,-106],[-13,-149],[2,-34],[0,-443],[1,-93],[0,-472],[1,-281],[0,-11],[-3,-108],[0,-132],[-1,-42],[0,-127],[-1,-42],[0,-129],[-1,-209],[0,-4],[1,-97],[0,-527],[1,-6],[0,-213],[4,-133],[-1,-220],[0,-112],[-1,-100],[0,-172],[-1,-109],[0,-9],[-1,-220],[0,-28],[-1,-211]],[[53154,42502],[-41,0],[-2,1],[-62,0],[-123,2],[-41,0],[-57,1],[-171,2],[-57,1],[-76,0],[-21,1],[-569,0],[-278,1],[-215,0],[-62,-1],[-28,0],[-95,-2],[-30,0],[-90,-2],[-38,0],[-26,-1],[-18,0],[-29,-1],[-9,0],[-70,-1],[-63,-1],[-5,0],[-133,-2],[-3,-1],[-5,-2],[-25,-9],[-38,-1],[-46,-1],[-13,-1],[-39,-1],[-5,0],[-8,1],[-15,0],[-34,2],[-9,-1],[-15,-1],[-129,-9],[-91,-6],[-296,-1],[-152,0],[-68,-1],[-69,0],[-78,1],[-64,0],[-25,-1],[-26,-1],[-61,-2],[-37,-1],[-264,-8],[-28,0],[-37,1],[-1,0],[-41,-1],[-90,-2],[-35,-1],[-41,-1],[-22,0],[-27,-1],[-37,0],[-22,-1],[-55,0],[-14,-1],[-73,0],[-16,-1],[0,-1],[-4,0],[-9,1],[-1,0],[-23,-1],[-27,0],[-57,-1],[-18,-1],[-16,0],[-48,-1],[-16,-1],[-37,0],[-30,-1],[-115,0],[-56,-1],[-104,0],[-89,-1],[-131,0],[-61,-1],[-98,0],[-129,-2],[-34,-1],[-139,0],[-14,1],[-135,0],[-43,2],[-26,0],[-36,-1],[-22,0],[-30,-1],[-408,0],[-99,-1],[-111,0],[-129,-1],[-54,0],[-12,-1],[-24,0],[-12,-1],[-12,0],[-113,-3],[-21,-1],[-117,-3],[-93,-3],[-23,0],[-59,-2],[-20,0],[-15,-1],[-12,0],[-83,1],[-28,1],[-44,1],[-10,1],[-122,4],[-44,1],[-8,1],[-26,-2],[-14,0],[-18,-1],[-6,-1],[-22,-1],[-4,1],[-77,19],[-1,0],[-23,6],[-2,-1],[-15,-4],[-47,-12],[-15,-4],[-23,-5],[-33,-9],[-37,-1],[-23,0],[-52,-1],[-157,-4],[-50,-1],[-2,0],[-39,-1],[-118,-3],[-40,-2],[-19,0],[-58,-2],[-22,0],[-31,-1],[-8,-1],[-83,3],[-31,2],[-12,0],[-39,1],[-13,1],[-2,0],[-180,5]],[[44028,42411],[-2,21],[-2,13],[15,57],[18,-2],[7,9],[26,37],[25,59],[26,118],[30,29],[34,44],[27,42],[34,74],[41,18],[8,16],[48,43],[-11,48],[0,2],[-5,20],[-3,16],[21,36],[23,3],[14,35],[-3,8],[-34,99],[18,23],[7,54],[12,7],[3,38],[4,55],[-25,30],[7,33],[-53,115],[5,33],[-3,20],[82,24],[8,16],[3,5],[-1,14],[0,5],[1,36],[-2,22],[11,32],[1,3],[1,7],[1,2],[0,2],[1,1],[10,27],[13,32],[7,18],[2,16],[1,7],[0,17],[1,8],[0,11],[-6,74],[-5,100],[-7,26],[-6,17],[-16,23],[-53,61],[5,16],[24,-6],[6,7],[9,11],[18,27],[4,9],[2,22],[0,9],[2,2],[5,-1],[28,3],[8,-5],[6,-7],[7,1],[23,5],[2,1],[2,0],[0,1],[1,0],[17,7],[2,1],[0,1],[2,0],[5,3],[9,8],[15,26],[1,1],[0,1],[1,2],[11,12],[2,3],[1,9],[0,16],[-1,2],[0,7],[-4,21],[-1,5],[0,9],[-1,2],[0,1],[-5,15],[-2,2],[-3,4],[-2,7],[1,3],[3,4],[8,12],[3,10],[-1,11],[0,2],[-2,10],[0,3],[1,7],[1,5],[0,4],[1,0],[1,1],[3,1],[10,3],[5,4],[3,8],[4,4],[5,1],[7,0],[15,3],[9,7],[2,11],[-4,17],[-15,32],[-5,8],[0,2],[4,1],[11,4],[13,1],[15,13],[5,14],[9,15],[7,4],[5,5],[3,8],[4,23],[4,9],[4,4],[6,3],[13,2],[8,6],[6,5],[6,2],[42,4],[3,5],[7,14],[10,31],[0,1],[-1,8],[-8,12],[-2,12],[5,9],[12,23],[6,12],[2,14],[-1,21],[2,11],[5,17],[7,17],[0,10],[-2,10],[2,9],[10,14],[2,5],[0,12],[5,12],[1,9],[-11,11],[-2,6],[0,7],[6,20],[3,9],[2,11],[4,8],[10,9],[17,19],[9,9],[16,12],[3,1],[0,2],[-5,5],[-5,4],[-8,14],[-5,11],[-6,10],[-18,26],[-7,9],[-5,9],[-1,11],[1,26],[0,10],[-3,11],[-5,8],[-11,12],[-8,7],[-7,18],[-9,27],[-4,9],[-12,14],[-12,12],[-13,7],[-9,4],[-6,8],[-3,6],[-9,16],[-7,17],[-13,27],[-7,20],[-4,8],[-11,13],[-15,18],[-15,19],[-10,14],[-8,18],[-10,25],[-7,14],[-10,13],[-6,10],[-13,18],[-10,16],[-8,18],[-4,10],[-9,14],[-18,31],[-6,15],[-5,11],[-12,11],[-28,28],[-9,15],[-6,13],[-1,14],[-3,15],[-11,13],[-28,35],[-8,15],[-18,18],[-10,8],[-3,6],[0,22],[3,14],[6,16],[15,26],[13,42],[2,21],[-2,22],[-2,10],[-4,19],[-4,14],[-9,14],[-17,21],[-16,11],[-2,9],[-2,11],[0,25],[6,12],[11,24],[15,29],[20,42],[12,20],[13,16],[10,9],[17,11],[13,6],[10,13],[10,16],[8,20],[1,2],[9,34],[2,7],[2,11],[-5,18],[-2,14],[2,10],[1,6],[5,10],[2,12],[5,12],[5,3],[6,2],[9,-6],[2,-2],[1,0],[10,-11],[4,-1],[4,1],[2,10],[0,34],[2,1],[1,2],[1,3],[5,22],[-2,8],[-4,8],[-2,7],[2,9],[17,34],[8,6],[17,2],[3,4],[0,5],[-20,45],[-5,7],[-4,1],[-7,-2],[-14,0],[-16,3],[-5,4],[-9,1],[-6,4],[-2,7],[-10,39],[-14,42],[-15,25],[-16,26],[-13,29],[-4,7],[-7,5],[-8,11],[-2,3],[-8,13],[-6,3],[-5,5],[-14,23],[-5,10],[-6,11],[-9,13],[-10,1],[-12,-3],[-2,-2],[-20,-13],[-19,-16],[-1,0],[-2,-2],[-11,-10],[-1,0],[-2,-2],[-5,-4],[-11,-7],[-17,-4],[-12,2],[-26,9],[-15,8],[-13,8],[-11,0],[-15,-13],[-13,4],[-13,8],[-21,4],[-2,0],[-13,2],[-6,5],[-15,14],[-2,1],[-14,10],[-14,6],[-20,3],[-21,-17],[-2,-1],[-18,-16],[-40,-35],[-52,-18],[-12,32],[-18,19],[-11,16],[-4,16],[-7,32],[-4,20],[-14,25],[-3,37],[-5,34],[0,31],[1,19],[4,20],[22,13],[32,20],[11,8],[11,12],[7,16],[5,25],[12,23],[11,13],[8,6],[2,2],[16,4],[16,12],[5,13],[2,5],[4,37],[-2,21],[2,16],[7,13],[2,2],[9,6],[13,4],[-1,11],[-17,8],[-11,13],[-3,18],[-3,10],[-10,11],[-8,8],[-12,6],[-11,0],[-5,1],[-7,1],[-7,5],[-5,11],[-5,5],[-8,2],[-8,-3],[-6,1],[-4,7],[-1,1],[-1,0],[-3,2],[-6,3],[-13,9],[-4,7],[-1,7],[1,2],[4,7],[8,7],[-1,7],[-5,12],[-6,9],[-1,7],[2,10],[4,10],[0,9],[-5,3],[-6,0],[-7,2],[-9,1],[-11,-3],[-5,-4],[-5,-5],[-2,3],[-2,11],[-2,14],[-4,6],[-10,5],[-22,19],[-6,-1],[-2,-1],[-3,2],[-3,1],[-5,9],[-16,23],[-5,5],[-6,2],[-19,-13],[-11,-13],[-20,-8],[-33,-24],[-36,-23],[-11,-3],[-10,3],[-7,9],[-6,3],[-12,-3],[-7,-1],[-17,29],[-1,8],[6,26],[-3,18],[-7,12],[-12,12],[-27,43],[-31,35],[-25,39],[-26,60],[-32,33],[-31,46],[-4,21],[-30,55],[-44,44],[-35,4],[-58,105],[-23,56],[-27,44],[-38,-8],[-21,-23],[-65,-24],[-13,6],[-16,-2],[-62,25],[-8,3],[-6,-2],[-5,-2],[-4,-4],[-9,0],[-4,-1],[-7,7],[-9,8],[-25,17],[-10,4],[-10,5],[-8,3],[-16,3],[-93,-41],[-3,-17],[1,-33],[-1,-16],[-24,-50],[-2,-1],[-20,-11],[-26,-25],[-18,-31],[-3,-43],[-3,-14],[-10,-6],[-27,24],[-38,-19],[-15,42],[-35,24],[-32,-5],[-16,15],[-18,3],[-71,67],[-18,37],[-7,1],[-35,-34],[-41,-39],[-41,35],[-1,-22],[-6,-8],[-12,1],[-10,10],[-5,21],[-7,5],[-26,-1],[-25,13],[-14,0],[-36,27],[-18,2],[-14,12],[-46,-4],[-28,-2],[-24,31],[-2,38],[-5,53],[5,42],[6,58],[5,47],[-20,47],[-1,38],[-4,25],[1,8],[5,9],[33,42],[-2,10],[-10,17],[-5,20],[0,15],[11,26],[12,20],[33,36],[8,17],[5,28],[7,35],[19,69],[8,15],[1,21],[4,20],[-2,8],[6,34],[0,19],[-17,48],[-13,11],[-10,46],[-6,35],[-27,47],[-3,15],[6,40],[-3,52],[8,36],[-42,-10],[-19,21],[-51,7],[-27,21],[-13,17],[-41,30],[-7,16],[-37,28],[-14,19],[-14,17],[-29,13],[-17,3],[-14,6],[-12,15],[-19,-5],[-28,-13],[-27,-4],[-49,9],[-21,11],[-18,32],[-21,30],[-31,-9],[-28,-13],[-16,2],[-32,-13],[-16,-11],[-32,-34],[-21,-13],[-26,-1],[-7,10],[-6,5],[-5,-2],[-36,-21],[-32,-36],[-41,-30],[-9,1],[-3,6],[-6,25],[-4,52],[-44,69],[-25,55],[-14,1],[-1,9],[-2,11],[-4,15],[-5,11],[-3,12],[-2,23],[1,61],[-3,16],[-6,19],[-5,24],[1,21],[0,14],[-6,22],[-7,19],[-9,12],[-41,12],[-10,3],[-5,-1],[-2,7],[-8,7],[-12,6],[3,13],[-3,10],[-10,18],[-6,9],[0,25],[-4,1],[-10,-7],[-9,1],[-8,-1],[-10,9],[-10,8],[-12,6],[-13,7],[-9,12],[-8,8],[-5,9],[-2,10],[-1,13],[-1,11],[2,15],[8,6],[15,5],[24,18],[5,11],[-4,13],[-2,16],[1,16],[-21,68],[-2,17],[-2,13],[-4,17],[-2,20],[-2,19],[8,15],[10,12],[7,5],[7,14],[7,16],[2,15],[3,14],[4,8],[7,0],[9,-2],[10,1],[9,9],[6,12],[3,18],[2,18],[8,18],[3,1],[6,12],[11,7],[8,13],[5,12],[2,13],[-1,21],[-3,18],[-4,12],[-6,14],[-4,16],[-5,12],[-6,16],[-9,15],[-3,12],[-1,19],[-4,50],[3,13],[2,20],[6,25],[2,13],[1,17],[-1,13],[-9,16],[-13,18],[-22,22],[-14,16],[-17,20],[-9,20],[-2,7],[-2,12]],[[62645,53280],[333,0],[13,-1],[11,1],[6,-1],[13,0],[3,1],[3,0],[10,1],[3,1],[0,-1],[2,-1],[1,0],[9,-1],[65,0],[17,-1],[28,0],[4,1],[30,0],[2,1],[1,0],[18,5],[7,2],[15,0],[11,-1],[6,-1],[19,-2],[10,0],[5,-1],[60,-4],[107,0],[21,-1],[13,0],[10,1],[27,0],[69,-1],[2,0],[21,1],[11,0],[28,-1],[77,0],[53,2],[39,-1],[406,0],[17,-1],[45,0],[83,1],[18,0],[182,1],[169,0],[122,1],[48,0],[39,1],[2,0],[8,-1],[12,0],[20,1],[25,0],[5,1],[28,0],[77,2],[8,0],[53,2],[38,0],[50,-1],[4,0],[9,-1],[18,0],[22,1],[15,-1],[48,0],[28,-1],[19,0],[24,1],[4,0],[5,2],[7,1],[5,0],[6,-1],[4,-1],[15,-3],[2,-1],[7,0],[23,-1],[87,-2],[29,-1],[29,0],[72,-1],[73,0],[97,-1],[75,0],[216,-3],[36,0],[61,-1],[54,0],[46,-1],[91,0],[23,-1],[73,0],[10,-1],[78,0],[24,-1],[83,0],[26,-1],[112,-1],[104,-1],[227,0],[68,1],[105,0],[63,1],[48,0],[38,1],[40,0],[26,1],[0,-1],[13,0],[41,-2],[22,0],[22,-1],[7,0],[16,-1],[1,0],[50,-2],[90,0],[6,-1],[18,0],[7,1],[8,0],[39,-1],[182,0],[28,-1],[139,0],[55,1],[187,0],[45,2],[16,1],[13,-1],[41,-3],[13,-1],[61,0],[34,1],[170,0],[33,-1],[73,1],[15,0],[22,-1],[20,0],[26,-1],[77,0],[41,1],[12,0],[86,1],[18,1],[9,-1],[18,1],[27,0],[19,1],[36,0],[12,-2],[3,0],[47,-4],[16,-2],[8,0],[4,-1],[19,0],[8,1],[18,0],[47,2],[9,1],[87,3],[60,0],[75,-1],[370,0],[2,2],[6,4],[49,-1],[42,-2],[124,-5],[30,-1],[26,-1],[56,0],[39,-1],[79,-2],[35,0],[38,-1],[13,0],[14,1],[14,0],[85,2],[56,0],[7,1],[39,0],[44,-1],[71,0],[10,-1],[73,0],[25,-1],[60,1],[3,0],[12,-1],[1,0],[0,-30],[-1,-31],[0,-9],[-3,-169],[0,-28],[-1,-16],[-1,-70],[-1,-95],[0,-82],[-1,-52],[1,-39],[0,-24],[-1,-22],[0,-28],[-1,-29],[0,-9],[-1,-52],[0,-42],[-1,-24],[0,-16],[-1,-80],[-1,-75],[-1,-49],[-3,-236],[-1,-120],[0,-17],[-1,-50],[0,-18],[-1,-118],[0,-14],[-1,-76],[-1,-43],[0,-48],[-1,-47],[-1,-41],[0,-16],[-1,-66],[0,-52],[-1,-34],[-1,-40],[0,-140],[1,-27],[-1,-48],[0,-100],[1,-20],[0,-547],[1,-31],[0,-215],[1,-172],[0,-241],[2,-181],[0,-92],[1,-257],[0,-145],[-1,-23],[0,-37],[-1,-3],[0,-47],[-1,-58],[-1,-24],[0,-85],[-1,-41],[0,-28],[-1,-49],[0,-20],[-1,-20],[0,-6],[-3,-240],[-1,-63],[-3,-180],[-1,-25],[0,-15],[-3,-123],[0,-44],[-1,-38],[-1,-48],[-2,-120],[0,-44],[-1,-55],[-4,-281],[-1,-48],[0,-17],[-1,-5],[0,-41],[-1,-40],[-1,-31],[0,-21],[-1,-46],[0,-27],[-2,-70],[0,-18],[-1,-51],[0,-14]],[[71298,46782],[0,-5],[1,-111],[1,-122],[0,-35],[1,-39],[0,-66],[1,-25],[0,-107],[1,-53],[0,-58],[1,-97],[0,-100],[1,-82],[0,-2],[1,-138],[0,-61],[2,-338],[1,-145],[1,-156],[0,-116],[1,-96],[0,-19],[1,-131],[1,-45],[0,-2],[-1,-3],[0,-11],[2,-21],[1,-18],[1,-2],[0,-8],[-1,-5],[0,-2],[1,-11],[0,-4],[1,-4],[1,-7],[-2,-8],[0,-51],[4,-414],[3,-175],[2,-85],[0,-4],[2,-84],[3,-189],[0,-54],[2,-126],[0,-8],[10,-537],[7,-371],[-15,0],[0,-1],[-2,-163],[-1,-153],[-2,0],[0,-45],[-1,-40],[0,-73],[-2,-180],[1,-19],[0,-37],[-1,-31],[0,-47],[-1,-53],[-1,-173],[0,-18],[-5,-355],[-1,-342],[0,-33],[-2,-211],[0,-257],[-2,-238],[2,-68],[1,-107],[0,-4],[1,-13],[0,-2],[-2,-2],[2,-6],[0,-30],[1,-109],[0,-36],[-3,-137],[0,-494],[1,-52],[0,-36],[-1,-25],[0,-108],[-1,-22],[0,-4],[1,-9],[0,-41],[-1,-4],[1,-46],[0,-181],[1,-55],[0,-164],[1,-46],[1,-8],[1,-2],[1,-5],[0,-2]],[[71321,38144],[-265,0],[-14,1],[-142,0],[-96,-11],[-163,-3],[-111,0],[-22,-1],[-190,-2],[-17,1],[-46,1],[-76,-1],[-121,0],[-63,-1],[-12,0],[-33,-1],[-33,5],[-30,1],[-21,1],[-48,3],[-84,4],[-4,0],[-56,-1],[-71,-1],[-98,-3],[-33,-2],[-107,-3],[-10,-1],[-23,0],[-812,-13],[-15,-1],[-59,0],[-13,-1],[-151,-1],[-106,-2],[-71,0],[-158,-2],[-111,-1],[-143,-1],[-84,0],[-65,-1],[-70,0],[-36,-1],[-12,0],[-149,-1],[-119,0],[-115,-1],[-109,-2],[-73,0],[-81,-2],[-41,-1],[-89,3],[-73,0],[-24,-1],[-57,0],[-50,1],[-26,-1],[-33,-2],[-50,1],[-39,-1],[-33,-1],[-2,0],[-25,1],[-1,0],[-33,-3],[-32,-1],[-54,-1],[-12,0],[-41,-1],[-81,-1],[-31,1],[-53,1],[-29,1],[-78,0],[-25,-1],[-79,0],[-103,-2],[-104,1],[-92,-1],[-34,0],[-63,-1],[-42,0],[-68,-1],[-4,0],[-19,-1],[-131,-4],[-70,-3],[-134,-1],[-74,0],[-178,-1],[-72,0],[-491,4],[-91,-1],[-3,0],[-246,1],[-4,0],[-181,8],[-2,0],[-14,-1],[-3,0],[-98,-2],[-4,0],[-66,1],[-103,-2],[-19,-1],[-56,0],[-5,1],[-30,0],[-75,-2],[-247,-6],[-82,-2],[-15,0],[-48,-2],[-27,0],[-36,-1],[-13,0],[-59,-1],[-6,-1],[-66,-1],[1,0],[-72,-2],[-42,0],[-7,1],[-79,0],[-166,2],[-262,0],[-19,1],[-134,1],[-54,0],[-20,1],[-24,-1],[-5,0],[-131,6],[-223,0],[-21,-1],[-45,0],[-71,2],[-163,5],[-126,1],[-29,-4],[-127,0],[-86,1],[-41,0],[-57,-2],[-7,-1],[-39,-3],[-39,0],[-2,-1],[-144,6],[-3,0],[-12,-1],[-37,0],[-3,-1],[-192,0],[-132,-1],[-48,0],[-8,4],[-42,-1],[-24,0],[-60,2],[-92,0],[-79,-4],[-11,0],[-92,8],[-1,0],[-12,2],[-137,-1],[-394,0],[-16,-2],[-2,0],[-57,-9],[-2,0],[-12,-2],[-33,-5]],[[58676,38073],[0,69],[-1,211],[-1,93],[0,122],[-1,238],[-1,90],[0,115],[-1,19],[0,167],[-1,59],[0,147],[-1,112],[0,49],[-1,34],[0,86],[-1,60],[0,137],[-2,309],[-1,65],[0,133],[-1,80],[-1,175],[0,348],[1,175],[0,156]],[[58663,41322],[0,156],[1,94],[0,349],[1,365],[1,56],[0,135],[7,0],[21,-1],[7,0],[0,7],[1,21],[0,41],[1,37],[1,81],[6,131],[2,40],[0,39],[-1,85],[-2,277],[0,117],[-1,68],[0,100],[-1,78],[0,80],[-1,54],[0,86],[1,0],[0,34],[1,103],[0,157],[1,108],[0,417],[1,92],[0,36],[1,15],[1,64],[0,143],[-43,1],[-51,2],[-40,1],[-27,1],[-79,2],[-27,1],[-82,2],[-197,5],[-47,2],[-73,2],[-9,0],[-42,-2],[-128,-3],[-24,0],[-8,-1],[-8,-2],[-7,0],[-29,1],[-24,1],[-4,-1],[-56,-7],[-21,-2],[-7,0],[-23,-1],[-69,0],[-19,1],[-26,0],[-57,1],[-8,0],[-22,1],[-19,0],[-29,1],[-111,17],[-211,33],[-210,5],[-60,1],[-4,141],[-1,43],[0,41],[2,67],[1,21],[2,43],[1,21],[3,64],[2,22],[0,17],[1,8],[0,12],[6,99],[18,315],[6,104],[0,2],[1,5],[0,6],[1,12],[0,4],[3,49],[5,91],[3,55],[3,49],[8,142],[3,54],[-3,5],[0,4],[-1,8],[0,12],[4,19],[3,22],[1,8],[-1,4],[0,5],[-2,4],[3,46],[1,20],[8,94],[1,11],[6,0],[82,-3],[282,-8],[19,0],[9,-1],[1,0],[65,-1],[22,-1],[52,-1],[1,25],[2,29],[0,40],[-1,57],[0,34],[1,30],[0,49],[1,146],[0,18],[1,31],[0,31],[1,91],[0,31],[1,71],[0,103],[1,64],[0,45],[1,36],[0,58],[1,69],[0,80],[1,10],[0,87],[1,2],[0,117],[1,25],[0,27],[1,118],[0,12],[1,56],[4,37],[1,16],[4,19],[1,8],[0,2],[1,3],[0,7],[-1,4],[0,10],[-1,10],[-2,26],[-1,12],[-1,38],[-1,12],[-1,48],[-2,71],[1,72],[0,47],[1,44],[0,82],[1,5],[0,113],[1,14],[0,86],[1,56],[0,100],[1,55],[0,24],[1,65],[0,82],[1,43],[0,99],[-5,53],[-1,8],[-3,26],[-6,58],[-14,135],[-4,39],[-4,32],[3,15],[1,10],[1,11],[1,24],[3,34],[1,9],[2,14],[-2,37],[5,36],[2,17],[1,20],[1,29],[4,47],[2,13],[2,26],[1,31],[1,24],[0,4],[1,70],[1,13],[0,46],[4,44],[1,16],[2,82],[0,7],[3,80],[-1,32],[-3,47],[0,41],[1,24],[0,22],[-6,94],[-1,6],[0,33],[-2,56],[-4,61],[0,109],[-1,10],[-5,105],[-2,78],[-1,53],[-7,84],[-1,10],[-1,90],[0,8],[-3,61],[0,1],[-2,32],[-4,44],[-1,13],[-1,51],[-1,36],[-5,58],[0,3],[2,59],[-3,42],[-1,19],[0,5],[2,23],[-6,55],[0,9],[-7,73],[0,1],[1,28],[0,22],[2,99],[-4,57],[-2,18],[-1,20],[-2,52],[0,5],[1,6],[-2,23],[-4,45],[-2,26],[-1,21],[-2,30],[0,92],[-1,29],[-2,30],[0,11],[-1,45],[-1,3],[0,15],[1,55],[1,44],[-5,48],[-4,87],[-2,34]],[[57365,53288],[179,0],[55,1],[134,0],[35,1],[168,0],[19,-1],[280,0],[143,-1],[714,0],[1,-1],[1,0],[11,1],[81,0],[16,-1],[30,0],[19,1],[43,0],[14,1],[17,0],[3,-1],[69,0],[17,1],[25,-1],[50,0],[16,1],[17,-1],[10,0],[9,1],[5,0],[10,-1],[6,0],[3,-1],[22,0],[2,1],[7,-1],[19,0],[5,1],[19,0],[9,-1],[14,0],[8,1],[13,-1],[13,0],[14,1],[22,0],[12,-1],[69,0],[6,1],[50,0],[26,1],[12,-1],[23,1],[7,-1],[63,0],[13,1],[105,0],[18,-1],[23,0],[13,-1],[15,0],[9,2],[4,-1],[6,-1],[40,0],[10,-1],[24,0],[10,-1],[6,1],[2,0],[7,-1],[49,0],[18,1],[14,0],[8,-1],[28,0],[6,1],[10,-1],[15,1],[44,0],[10,-1],[10,0],[25,1],[6,0],[9,-1],[10,0],[10,1],[14,0],[9,-1],[29,0],[1,-1],[29,0],[28,1],[140,0],[18,-1],[19,0],[35,1],[19,0],[6,-1],[70,0],[6,-1],[7,1],[7,-1],[47,0],[3,1],[7,-1],[10,1],[11,0],[4,-1],[7,1],[6,0],[7,-1],[5,1],[49,0],[13,-1],[20,0],[4,1],[230,0],[18,-1],[27,0],[28,1],[10,0],[6,-1],[76,0],[8,1],[5,-1],[11,0],[2,1],[10,-1],[13,0],[0,-1],[14,1],[29,0],[9,-1],[12,1],[28,0],[7,-1],[3,0],[7,1],[10,0],[3,-1],[3,1],[1,0],[7,-1],[12,1],[12,0],[4,-1],[61,0],[9,-1],[8,1],[22,0],[7,-1],[10,1],[8,0],[2,-1],[17,0],[7,1],[23,-1],[42,0],[8,1],[12,0],[7,-1],[9,1],[10,0],[17,-1],[59,0],[74,-1],[21,1],[21,0],[13,-1],[26,1],[5,0],[105,-1],[38,0],[14,-1],[72,0],[9,1],[33,0],[6,1],[21,0],[7,1],[24,-2],[6,0]],[[59280,65611],[0,10],[3,-1],[3,1],[0,-10],[-6,0]],[[59266,65611],[0,10],[9,0],[0,-10],[-9,0]],[[58867,67535],[-20,0],[0,17],[3,-2],[2,-2],[12,-10],[3,-3]],[[59210,65611],[0,49],[4,15],[9,-21],[0,-1],[5,-42],[-18,0]],[[59293,67092],[1,-11],[0,-7],[-6,8],[-45,61],[48,0],[0,-5],[2,-46]],[[59129,67056],[22,0],[0,-1],[-2,-43],[2,0],[-2,-5],[0,-5],[-20,0],[-19,-1],[0,55],[19,0]],[[58817,66694],[-1,46],[1,20],[-1,9],[-17,0],[0,13],[-18,0],[0,5],[-1,52],[37,0],[0,-9],[18,-1],[1,-13],[4,0],[8,-2],[19,-45],[3,-6],[8,-21],[2,-5],[2,-7],[-14,2],[-7,7],[-14,0],[1,-22],[-15,0],[1,-23],[0,-2],[-17,0],[0,2]],[[58957,66567],[-4,21],[-1,6],[0,9],[-1,17],[1,22],[0,4],[-1,23],[0,11],[28,2],[7,0],[-4,10],[1,2],[0,1],[1,5],[0,4],[-5,4],[-4,-10],[-2,-4],[-28,0],[0,12],[-4,5],[-4,0],[-10,4],[-8,4],[-6,7],[-5,4],[2,9],[-8,1],[-11,-1],[-1,3],[-29,79],[-8,17],[-15,35],[-1,2],[34,0],[0,3],[19,1],[11,-1],[0,43],[6,0],[0,-9],[11,0],[1,-5],[6,1],[0,12],[2,-1],[7,1],[4,0],[0,-24],[1,1],[4,2],[4,-1],[3,-3],[0,-1],[1,-19],[11,-3],[5,0],[5,4],[1,-2],[13,-20],[9,-2],[5,-3],[17,-17],[0,-16],[1,-25],[0,-1],[-1,-32],[0,-64],[14,1],[1,-33],[1,-35],[1,-7],[-2,-12],[2,-14],[2,-7],[5,-9],[8,-3],[12,1],[4,2],[20,-1],[0,-23],[-2,-20],[0,-40],[2,-20],[-2,-19],[2,-36],[-15,-13],[-13,-4],[-1,1],[-14,13],[0,-7],[-1,0],[0,9],[2,0],[1,4],[0,2],[1,2],[0,14],[-4,3],[0,1],[-5,4],[3,11],[-8,6],[-3,2],[2,8],[-4,3],[1,2],[-6,4],[-1,1],[-4,-2],[-6,14],[-1,4],[0,2],[1,5],[-4,-2],[1,-3],[-11,0],[0,10],[-5,1],[-18,0],[-8,4],[-8,49]],[[58750,67781],[15,0],[52,-2],[1,-50],[29,-9],[0,-4],[1,0],[7,-2],[21,-7],[7,-2],[0,-2],[-34,11],[-2,1],[0,-25],[-1,-1],[0,-22],[1,-38],[26,2],[-1,36],[1,-1],[10,0],[0,-32],[1,-3],[0,-38],[-29,6],[-3,0],[-6,-1],[-9,0],[-17,-1],[-3,-11],[0,-29],[-18,0],[1,31],[0,21],[-4,0],[-10,-1],[-2,0],[-1,-8],[1,-22],[0,-41],[15,-1],[0,-1],[1,-25],[17,0],[0,-2],[43,0],[1,-44],[9,0],[0,-21],[1,-24],[-28,0],[-1,-1],[-59,0],[1,30],[0,3],[1,13],[-36,0],[0,-46],[2,0],[1,-44],[0,-1],[-9,0],[-7,1],[-1,-1],[-3,-1],[-28,-2],[-1,23],[-13,2],[2,-23],[-3,0],[0,45],[13,0],[15,1],[0,17],[-1,22],[-22,1],[0,-6],[-7,0],[0,15],[1,40],[0,2],[-1,40],[0,32],[1,13],[0,31],[-1,27],[0,36],[1,47],[-1,0],[1,45],[0,3],[59,-2],[3,0]],[[58781,67507],[0,-1],[1,-5],[0,-7],[2,-25],[0,-1],[1,-2],[0,-1],[14,-2],[2,0],[2,1],[14,-1],[-1,19],[0,26],[-17,0],[-18,-1]],[[57149,64164],[-77,0],[0,26],[-1,9],[0,6],[-1,51],[1,38],[0,34],[1,6],[0,22],[1,7],[0,3],[1,15],[1,5],[-1,8],[-1,9],[0,69],[1,54],[0,30],[1,10],[0,135],[1,7],[0,114],[1,10],[0,4],[1,54],[0,65],[-1,20],[0,54],[-1,1],[0,14],[1,38],[0,42],[1,27],[0,72],[1,13],[0,122],[-1,2],[1,21],[0,54],[-2,4],[0,7],[2,3],[1,3],[0,1],[2,80],[0,11]],[[57082,65544],[0,74]],[[57082,65618],[0,14],[1,8],[0,47],[1,2],[-1,18]],[[57083,65707],[-2,39]],[[57081,65746],[1,23],[0,28]],[[57082,65797],[129,0],[3,-10],[2,-7],[0,-68],[-1,-4],[2,0],[3,-2],[3,-1],[4,-3],[3,-2],[2,-2],[7,13],[1,2],[7,-8],[6,7],[2,4],[2,-3],[3,-3],[3,2],[1,3],[7,-5],[0,1],[1,-2],[6,-3],[1,-2],[7,-7],[2,-3],[2,-1],[8,-10],[4,-4],[8,15],[2,2],[5,13],[2,2],[1,0],[2,-3],[6,-3],[3,-1],[2,0],[14,-1],[0,7],[11,1],[11,-1],[8,-2],[6,0],[7,-2],[4,-2],[7,-1],[8,0],[9,-1],[3,1],[7,1],[7,2],[9,5],[8,4],[6,2],[7,2],[5,2],[9,0],[3,2],[0,8],[-1,0],[0,1],[1,14],[-1,0],[0,7],[1,14],[-1,0],[0,7],[1,20],[-17,1],[-9,3],[-3,2],[-8,5],[-6,5],[-8,6],[-1,1],[-2,0],[-6,-1],[-1,0],[-1,1],[0,1],[-1,3],[0,2],[-1,3],[-2,3],[-1,2],[0,14],[-16,0],[-17,1],[-17,0],[-17,1],[0,44],[1,17],[-1,12],[0,5],[1,46],[0,1],[67,-1],[1,40],[0,8],[-1,44],[3,20],[-12,1],[-10,0],[1,22],[-49,0],[0,104],[1,21],[0,64],[2,35],[4,8],[2,5],[28,-5],[-1,22],[0,22],[1,17],[0,4],[1,20],[0,10],[17,2],[14,-2],[54,-6],[3,0],[7,-1],[2,0],[15,1],[16,-1],[0,67],[1,26],[0,-1],[102,0],[0,45],[1,24],[-1,11],[0,12],[1,29],[0,332],[34,0],[33,-1],[34,0],[0,-46],[29,0],[2,-13],[-1,-9],[-2,-20],[0,-2],[3,-46],[0,-48],[-2,-63],[-1,-10],[0,-8],[-1,-7],[-1,-2],[5,-18],[-6,-25],[-11,-37],[-1,-5],[-42,-93],[13,0],[69,-1],[5,7],[1,1],[-5,92],[1,3],[3,6],[2,3],[-1,12],[0,7],[1,12],[1,3],[1,0],[0,1],[5,3],[57,35],[53,-2],[2,-1],[3,1],[6,0],[36,-2],[4,0],[5,-1],[268,0],[0,-46],[10,0],[3,1],[6,0],[3,-1],[28,0],[16,6],[1,-7],[0,-44],[-1,-12],[0,-2],[1,-36],[0,-40],[25,0],[8,-1],[46,0],[1,18],[0,11],[53,0],[0,-5],[-1,-6],[1,-18],[0,-1],[-1,-18],[1,-60],[0,-3],[-1,-8],[0,-2],[81,0],[4,-18],[-5,-1],[-6,-1],[-5,-1],[-4,-1],[-14,-70],[26,-1],[68,0],[30,1],[11,0],[15,-1],[67,1],[7,0],[0,1],[4,1],[16,-1],[3,0],[9,1],[5,0],[2,-1],[82,0],[0,-45],[-3,0],[2,-22],[-2,-1],[1,-7],[0,-3],[1,-12],[-1,-52],[0,-33],[63,-1],[68,0],[3,-3],[18,-26],[4,-6],[5,-5],[2,-3],[9,-12],[7,-10],[4,-5],[3,-5],[5,-7],[3,-3],[6,-8],[25,-35],[2,-3],[21,-29],[2,-3],[10,-13],[1,-1],[3,-4],[1,-1],[-1,-46],[0,-315],[20,4],[3,0],[40,-1],[4,-1],[24,0],[7,-1],[13,-2],[21,-4],[23,-2],[21,0],[23,4],[10,0],[22,1],[35,1],[2,0],[26,-1],[13,0],[28,2],[2,0],[9,-1],[10,0],[8,-1],[35,0],[0,75],[1,49],[0,56],[1,53],[0,115],[1,5],[-1,4],[0,9],[1,4],[0,7],[2,3],[3,2],[15,12],[11,9],[1,1],[27,22],[9,7],[0,13],[-1,5],[0,10],[1,33],[0,49],[1,2],[0,50],[2,69],[-1,57],[38,0],[4,-4],[13,-15],[0,-20],[1,-34],[1,-38],[0,-39],[1,-13],[-2,-55],[10,8],[261,215],[6,4],[1,1],[10,18],[18,18],[4,3],[22,17],[31,15],[19,5],[7,1],[12,3],[6,1],[1,1],[7,1],[-9,0],[0,25],[-3,1],[-1,1],[-4,1],[0,32],[-12,3],[-50,14],[-6,1],[-4,2],[-5,2],[-10,6],[-4,3],[-5,4],[-6,6],[-1,-3],[-2,-2],[-1,-2],[-2,-1],[-2,-2],[-4,-2],[-38,0],[-29,-1],[-19,-1],[-29,0],[-28,1],[2,36],[0,144],[2,57],[0,26],[-13,18],[-16,24],[-2,2],[-9,14],[-29,40],[-14,-1],[-15,0],[-15,1],[-22,0],[1,-20],[2,-29],[0,-1],[-41,0],[34,-74],[-6,-145],[-43,-2],[-2,-1],[-32,43],[-35,47],[-15,0],[-7,1],[-26,0],[-21,-1],[-17,3],[-30,15],[29,-32],[8,-8],[23,-20],[-31,-35],[0,3],[-5,7],[-3,4],[-1,-1],[-5,7],[-3,5],[-2,4],[-9,12],[-1,0],[-2,3],[-6,8],[-7,11],[-9,14],[0,3],[-31,0],[-13,-1],[-16,0],[-8,1],[-2,1],[-1,0],[-19,-2],[-13,0],[-6,1],[-27,1],[0,23],[-1,20],[0,182],[-9,14],[-2,4],[-7,12],[-3,3],[-4,6],[-1,1],[-3,2],[-2,1],[-1,1],[-3,1],[-1,0],[-3,-1],[-7,7],[-1,27],[-3,1],[-10,2],[-3,-5],[0,16],[6,0],[5,-1],[47,0],[0,89],[-8,-1],[-9,0],[9,9],[0,18],[-4,14],[-4,10],[6,-7],[3,-5],[14,-14],[0,-69],[-1,0],[0,-43],[1,-44],[15,1],[46,1],[40,0],[22,3],[2,0],[14,-3],[1,18],[2,67],[32,0],[29,-2],[3,13],[0,76],[-35,0],[-28,3],[-4,0],[1,4],[1,1],[0,170],[-9,0],[-20,-1],[-1,0],[-39,-2],[-3,-32],[4,-7],[3,-5],[3,-6],[4,-7],[13,-25],[-30,1],[-67,0],[-1,61],[1,20],[48,4],[2,2],[-2,4],[-24,44],[-8,14],[-3,6],[-13,25],[-1,2],[0,47],[21,-14],[3,-1],[28,-18],[3,-2],[2,-1],[4,-3],[-15,-18],[13,-12],[6,-11],[0,-2],[3,-4],[15,22],[5,8],[1,2],[4,4],[2,1],[1,1],[37,0],[-2,-22],[14,-1],[1,23],[23,0]],[[59386,67418],[-1,0]],[[59385,67418],[13,-1],[63,0],[9,-1],[18,-1],[32,0],[0,2],[3,0],[64,-1],[-2,37],[34,0],[0,-37],[16,-1],[32,0],[18,1],[1,0],[21,1],[45,0],[0,63],[-20,-2],[-1,18],[0,7],[-4,-1],[-8,0],[0,-36],[-16,0],[-17,-1],[0,51],[8,4],[10,10],[-2,20],[8,25],[0,2],[4,3],[2,1],[6,4],[30,25],[0,168],[-66,-22],[-3,192],[0,8],[-48,0],[-2,1],[-2,0],[-1,1],[-2,1],[-4,4],[-3,6],[-2,6],[0,165],[-42,1],[-21,1],[-3,-1],[-4,-1],[-3,-1],[-1,0],[-4,-2],[-5,-2],[-4,-3],[-7,-7],[-9,18],[-16,27],[-15,28],[-4,6],[-19,23],[-4,4],[9,9],[4,5],[5,5],[2,3],[1,3],[2,2],[1,4],[2,4],[1,5],[0,11],[-1,14],[1,8],[0,18],[1,33],[0,149]],[[59486,68504],[7,1],[530,0],[19,2],[14,0],[20,1],[108,0],[25,-1],[174,0],[13,1],[7,-1],[13,0],[26,-2],[20,0],[10,-1],[125,0],[11,1],[8,0],[21,1],[17,1],[262,0],[20,-1],[39,0],[21,1],[58,-1],[555,0],[4,1],[3,0],[3,1],[2,0],[4,1],[7,2],[6,3],[7,3],[1,0],[8,2],[6,1],[2,0],[8,1],[4,0],[6,-1],[2,0],[12,-3],[6,-2],[5,-2],[1,0],[10,-3],[6,-1],[3,0],[4,-1],[7,-1],[209,0],[2,-1],[18,0],[0,-3],[69,0],[90,-1],[103,0],[24,-1],[86,0],[45,-1],[44,0],[0,5],[1,0],[18,-1],[8,0],[25,1],[65,0],[31,1],[6,0],[35,2],[10,0],[16,1],[5,1],[9,0],[12,1],[1,0],[7,1],[16,0],[6,-1],[12,0],[6,-1],[3,-1],[2,0],[2,-1],[15,-3],[16,-3],[10,-2],[4,-1],[22,-5],[89,0],[34,-1],[5,0],[1,1],[12,1],[4,0],[27,2],[44,-4],[7,0],[10,-1],[9,-1],[7,0],[11,-1],[2,0],[15,-1],[1,0],[11,-1],[30,0],[5,2],[13,4],[6,1],[6,2],[4,0],[1,1],[12,2],[10,1],[5,1],[20,0],[38,-1],[27,0],[51,-1],[45,0],[14,-1],[34,0],[10,-1],[53,0],[11,-1],[47,0],[22,-1],[16,0],[58,-1],[29,-1],[31,0],[36,-1],[29,-1],[26,0],[2,-1],[24,0],[79,-2],[38,-1],[3,0],[48,-1],[2,0],[55,-1],[3,0],[17,-1],[35,0],[54,-2],[69,-2],[116,-4],[2,0],[21,-1],[113,-4],[70,-3],[3,0],[30,-1],[15,-1],[16,0],[58,-3],[2,0],[37,-1],[4,0],[133,-5],[43,-2],[391,0],[110,-1],[156,0],[3,-1],[29,1],[18,-1],[146,0],[64,-1],[201,0],[33,-1],[36,0],[6,1],[20,-1],[139,0],[11,-1],[16,1],[15,1],[67,-3],[2,1],[185,0],[47,1],[53,0],[14,1],[94,0],[62,1],[173,1],[28,0],[262,1],[4,0],[52,1],[21,0],[18,1],[65,0],[20,1],[90,0],[12,1],[57,0],[10,1],[23,0],[33,1],[42,0],[35,1],[42,0],[11,-1],[3,0],[10,2],[6,0],[3,1],[9,0],[14,1],[5,0],[18,1],[1,0],[62,1],[111,0],[29,1],[37,0],[68,1],[7,0],[87,1],[1,0],[45,1],[164,0],[61,1],[114,0],[76,1],[107,0],[25,1],[69,0],[197,1],[3,0],[72,1],[58,0],[80,1],[55,2],[1,0],[225,3],[43,1],[136,2],[131,1],[78,1],[26,1],[66,0],[97,1],[1,0],[86,1],[19,1],[1,0],[149,2],[28,0],[22,1],[115,0],[10,1],[149,0],[26,1],[65,0],[74,1],[161,0],[38,1],[244,0],[146,1],[93,0],[42,1],[86,0],[48,1],[13,0],[116,1],[52,0],[75,1],[29,0],[195,1],[9,1],[73,0],[60,1],[8,0],[7,-1],[8,0],[5,-1],[5,0],[15,-3],[0,-1],[5,-1],[2,0],[12,5],[17,5],[96,3],[423,0],[71,2],[8,0],[157,2],[168,-1],[109,-2],[4,0],[149,-3],[178,-3],[16,-1],[121,0],[13,-1],[778,0],[68,-1],[92,0],[26,-2],[8,0],[2,-1],[26,0],[27,-1],[46,0],[256,-2],[16,0],[169,-1],[52,0],[195,-2],[74,0],[131,-1],[64,0],[88,1],[153,1],[2,0]],[[76270,68497],[0,-2],[-2,-130],[0,-471],[1,-446],[0,-1815],[-1,-82],[-1,-126],[0,-108],[-1,-212],[-1,-160],[0,-62],[-1,-108],[0,-246],[-1,-154],[-1,-206]],[[76262,64169],[-11,0],[-16,1],[-77,0]],[[76158,64170],[-18,0],[-57,1],[-41,0],[-66,1],[-22,0],[-51,1],[-154,1],[-51,1],[-15,0],[-40,1],[-574,0],[-207,1],[-307,0],[-19,-1],[-251,0],[-147,1],[-250,0],[-25,1],[-25,-1],[-15,-1],[-60,0],[-22,-1],[-65,0],[-21,-1],[-56,0],[-47,-1],[-15,0],[-28,-1],[-83,-1],[-98,0],[-22,-1],[-169,0],[-114,-1],[-57,0],[-57,-1],[-144,0],[-75,1],[-55,0],[-87,1],[-94,0],[-46,1],[-15,0],[-9,-1],[-28,-1],[-18,0],[-28,1],[-9,0],[-5,-1],[-16,-2],[-5,-1],[-77,-1],[-101,-1],[-131,-1],[-41,-1],[-108,0],[-31,-1],[-503,0],[-17,-1],[-50,-1],[-40,0],[-13,-1],[-59,0],[-43,1],[-22,-1],[-29,0],[-25,-1],[-14,0],[-9,-1],[-37,0],[-20,-1],[-211,0],[-26,-1],[-49,0],[-34,-1],[-11,0],[-25,-1],[-45,-1],[-60,0],[-16,-1],[-39,0],[-88,-1],[-63,0],[-40,-1],[-87,0],[-18,-1],[-86,0],[-21,-1],[-93,0],[-7,-1],[-170,0],[-19,-1],[-173,0],[-10,1],[-35,0],[-30,-1],[-91,-1],[-42,0],[-35,-1],[-118,0],[-26,-1],[-188,0],[-33,-1],[-76,0],[-42,-1],[-52,0],[-13,-1],[-122,0],[-14,-1],[-55,0],[-28,-1],[-46,0],[-114,-5],[-5,0],[-19,-1],[-373,0],[-3,-1],[-83,0],[-3,-1],[-60,0],[-3,-1],[-10,0],[-40,-1],[-26,0],[-78,-2],[-59,0],[-75,-2],[-223,0],[-87,1],[-58,0],[-8,-1],[-3,0],[-202,-2],[-30,-1],[-10,0],[-16,-1],[-1,0],[-10,-1],[-33,-1],[-27,-2],[-15,0],[-30,-1],[-13,-1],[-10,-1],[-18,0],[-12,1],[-4,0],[-6,1],[-9,0],[-18,1],[-10,0],[-5,1],[-4,-1],[-52,0],[-32,-1],[-50,0],[-66,-1],[-18,-1],[-29,0],[-28,-1],[-42,0],[-33,-1],[-10,0],[-29,-1],[-26,0],[-77,-1],[-21,-1],[-23,0],[-3,-1],[-30,0],[-3,-1],[-16,0],[-67,-2],[-98,1],[-75,0],[-21,1],[-3,1],[-18,1],[-74,0],[-23,1],[-1,1],[-24,0],[-69,3],[-21,1],[-41,0],[-38,-1],[-92,0],[-11,1],[-40,3],[-36,0],[-39,-1],[-73,0],[-14,1],[-51,0],[-33,-1],[-36,1],[-59,0],[-12,1],[-8,0],[-14,1],[-24,0],[-17,1],[-31,0],[-13,1],[-45,0],[-9,1],[-36,0],[-10,1],[-34,0],[-8,1],[-20,0],[-16,1],[-22,0],[-12,1],[-17,0],[-12,1],[-4,0],[-8,1],[-18,0],[-14,1],[-18,0],[-55,2],[-28,0],[-24,1],[-14,0],[-6,1],[-22,0],[-13,1],[-23,0],[-15,1],[-29,0],[-6,1],[-40,0],[-4,1],[-17,0],[-53,1],[-18,0],[-39,1],[-5,1],[-25,1],[-40,2],[-35,0],[-31,1],[-44,1],[-4,0],[-13,1],[-4,0],[-17,1],[-42,1],[-8,0],[-17,1],[-24,1],[-72,2],[-8,0],[-16,1],[-12,0],[-36,1],[-12,0],[-28,1],[-83,3],[-28,1],[-10,0],[-29,1],[-10,0],[-51,2],[-423,0],[-10,-1],[-154,0],[-59,1],[-154,0]],[[62678,64160],[-222,0],[-9,1],[-27,0],[-11,1],[-590,0],[-13,-1],[-39,-1],[-12,-1],[-197,0],[-2,1],[-1,0],[-1,1],[-3,0],[-2,1],[-84,0],[-3,1],[-4,0],[-43,1],[-631,0],[-8,-2],[-6,0],[-13,-1],[-26,0],[-16,-1],[-25,0],[-7,-1],[-15,0],[-13,1],[-41,1],[-13,1],[-18,0],[-9,1],[-14,1],[-22,0],[-24,-2],[-630,0],[-7,1],[-65,0],[-44,-1],[-25,0],[-8,-1],[-26,1],[-68,0],[-3,3],[-1,0],[-11,-1],[-5,-1],[-5,0],[-2,-1],[-16,0],[-11,-1],[-4,0],[-3,-1],[-13,0],[-3,1],[-129,0],[-9,1],[-82,0],[-8,-1],[-2,2],[-11,0],[-32,-2],[-19,0],[-6,1],[-6,-1],[-24,1],[-85,0],[-10,1],[-16,-1],[-27,1],[-132,0],[-22,1],[-1,0],[-3,-1],[-152,0],[-20,1],[-3,-1],[-14,1],[-78,-1],[-48,0],[-11,1],[-107,0],[-24,1],[-77,0],[-7,1],[-40,-1],[-57,-1],[-197,0],[-8,1],[-157,0],[0,-1],[-2,0],[-40,1],[-59,0],[-15,2],[-11,1],[-2,0],[-9,-1],[-33,0],[-9,-1],[-28,-1],[-21,0],[-5,-1],[-41,0],[-21,1],[-35,-1],[-10,1],[-4,0],[-35,1],[-90,0],[-31,1],[-171,0],[-2,-1],[-5,0],[0,-1],[-1,0],[0,-1],[-111,0]],[[67087,20570],[-14,-20],[-43,-59],[-14,-19],[-44,-60],[-131,-181],[-44,-60],[-20,-27],[-27,-32],[-11,-13],[-135,-149],[-49,-53],[-1,-2],[-6,-6],[-24,-26],[-70,-77],[-24,-26],[-66,-73],[-200,-218],[-66,-73],[-8,-9],[-23,-25],[-7,-8],[-60,-66],[-180,-197],[-47,-51],[-13,-15],[-47,-51],[-19,-20],[-60,-67],[-51,-53],[2,-18],[14,-93],[9,-64],[-24,-59],[-4,-10],[-133,-327],[-46,-112],[-1,-3],[-14,-37],[-48,-118],[-16,-39],[-3,-5],[-6,-17],[-2,-5],[-26,-64],[-79,-193],[-26,-64],[-32,-78],[-95,-234],[-31,-78],[-5,-12],[-15,-35],[-5,-12],[-3,-8],[-4,-11],[-24,-58],[-8,-19],[-31,-77],[-96,-232],[-32,-77],[0,-1],[-6,-14],[-19,-43],[-6,-14],[-5,-12],[-19,-47],[-71,-177],[-24,-59],[-21,-53],[-64,-160],[-21,-53],[-20,-50],[-60,-149],[-20,-50],[-8,-22],[-10,-24],[-56,-137],[-19,-46],[-15,-37],[-46,-113],[-13,-32],[0,-171],[-1,-41],[0,-173],[-2,-416],[0,-64],[-19,-21],[-8,-8],[-1,-2],[-2,-2],[-58,-64],[-30,-32],[-44,-48],[-15,-16],[-88,-96],[-265,-289],[-88,-96],[-23,-25],[-70,-76],[-23,-26],[-27,-29],[-81,-88],[-27,-29],[-52,-57],[-100,-109],[-24,-112],[-22,-99],[0,-2],[-10,-48],[-18,-87],[-13,-55],[-11,-47],[-7,-28],[-3,-4],[-72,-88],[-94,-121],[-45,-58],[-93,-117],[-180,-10],[-66,-3],[-49,4],[-3,0],[-3,1],[-1,0],[-4,1],[-12,2],[-4,1],[-25,4],[-76,12],[-25,5],[-13,0],[-26,1],[-13,0],[-15,-1],[-5,-1],[-7,-4],[-35,-25],[-15,-10],[-12,-20],[0,-1],[-5,-17],[2,-22],[-6,-4],[-10,-8],[-3,-7],[16,-29],[1,-21],[-15,-37],[0,-14],[1,-9],[1,-5],[-9,-4],[-13,-3],[-4,-2],[-12,-7],[-1,-1],[-16,-2],[-6,-11],[0,-27],[2,-4],[5,-9],[1,0],[0,-2],[1,-3],[0,-2],[2,-5],[2,-6],[2,-4],[0,-16],[4,-4],[4,-2],[5,-1],[2,-1],[8,-3],[3,-5],[1,-12],[3,-6],[6,-4],[4,-9],[2,-14],[1,-10],[4,-10],[-6,-24],[-9,-16],[-11,-28],[-6,-13],[-6,-5],[-2,-1],[-14,-2],[-3,-1],[-1,0],[0,-16],[-3,-13],[-2,-9],[0,-10],[-2,-3],[-1,-4],[-2,-4],[-6,-16],[-4,-15],[-31,-36],[-7,-14],[9,-27],[6,-20],[-4,-19],[-7,-31],[1,-2],[1,-4],[4,-11],[0,-1],[4,-11],[-15,-26],[9,-23],[0,-50],[14,-46],[-2,-31],[-14,-11],[1,-18],[0,-4],[-1,-20],[0,-24],[-1,-4],[-2,-3],[-4,-4],[-3,-4],[0,-1],[-4,-11],[0,-34],[-3,-7],[2,-12],[4,-16],[-7,-15],[12,-10],[5,-4],[3,0],[6,-12],[1,-1],[2,-10],[1,-3],[0,-1],[1,-1],[1,-2],[3,-8],[-4,-18],[2,-22],[1,-14],[0,-12],[10,-9],[6,-6],[3,-16],[11,-19],[6,-16],[3,-15],[-3,-19],[2,-4],[2,-7],[5,-12],[2,-15],[-12,-2],[-7,-10],[-7,-12],[-12,2],[-8,22],[-12,5],[-6,1],[-5,-22],[-7,-7],[-11,1],[-10,-5],[-7,-16],[-18,0],[-14,-13],[-13,1],[-3,1],[-7,-8],[-11,-7],[-11,-8],[-10,-5],[-7,1],[-13,12],[-5,6],[-3,3],[-8,1],[-5,-1],[0,-2],[-1,-3],[-1,-7],[0,-7],[-1,-5],[-10,2],[-4,1],[-10,-10],[-2,-1],[-3,-3],[-3,-5],[-4,-6],[-3,-4],[-2,-4],[-4,-6],[-3,-3],[-2,-1],[-4,-1],[-2,-2],[-2,0],[0,-1],[-2,-1],[-1,-2],[-2,-5],[-1,-2],[-1,-6],[-28,-57],[-33,-17],[-11,-43],[-4,-2],[-17,5],[-5,-3],[-11,1],[-6,6],[-7,4],[-3,2],[-3,1],[-4,-5],[-1,-12],[-2,-9],[0,-4],[1,-12],[2,-21],[-4,-8],[-3,-5],[-13,-10],[-11,-1],[-4,0],[-12,11],[-9,1],[-3,0],[-9,1],[-6,5],[-1,0],[-4,-2],[-1,-1],[-4,-3],[-9,-9],[-1,0],[-2,1],[-1,0],[-6,-18],[-1,-2],[-10,-12],[-21,-3],[-3,-1],[-2,0],[-7,-2],[-6,-2],[-1,0],[-8,-3],[-5,-11],[-1,-6],[0,-21],[1,-10],[-5,-7],[-3,0],[-5,2],[-3,-6],[0,-2],[-1,-2],[-2,-2],[-6,-7],[0,-1],[-2,-2],[-2,-1],[-1,0],[-11,-5],[-1,-2],[-4,-6],[-2,-4],[-3,-4],[-2,-6],[-1,-1],[-7,-8],[-15,-16],[2,-28],[-12,-20],[-9,-5],[-27,-22],[-9,-11],[-13,-16],[-12,-26],[-15,-17],[-6,-18],[7,-70],[-5,-18],[4,-18],[10,-39],[-7,-10],[-23,-4],[-16,-1],[-7,0],[-10,-4],[-4,-4],[-7,-5],[-11,1],[-9,7],[-5,9],[-13,5],[-16,-2],[-15,-3],[-13,-17],[-4,-7],[-5,-9],[-11,-6],[-24,0],[-17,2],[-19,-1],[-13,4],[-24,-6],[-8,-5],[-12,-9],[-14,2],[-12,14],[-8,16],[-7,9],[-13,-1],[-10,-10],[-1,-10],[0,-6],[-4,-8],[-5,-13],[-6,-17],[-5,-5],[-8,8],[-19,2],[-15,-2],[-20,-5],[-11,-7],[-9,-12],[-9,-21],[-10,-22],[-4,-8],[-10,-12],[-8,8],[-12,1],[-15,-4],[-9,-5],[-8,-4],[-11,-6],[-12,2],[-15,2],[-20,6],[-12,19],[-4,3],[-18,3],[-4,-5],[-2,-3],[-14,1],[-9,5],[-14,0],[-9,-4],[-11,-2],[-6,-6],[-8,-7],[-8,-11],[-13,-5],[-9,6],[-17,22],[-15,19],[-12,25],[-6,-2],[-12,-9],[-20,-3],[-11,-3],[-5,-7],[-2,-10],[0,-4],[-2,-14],[-4,-16],[-1,-3],[-5,-10],[-9,-7],[-8,-6],[-7,-4],[-12,-9],[-7,5],[-4,13],[-5,12],[-5,11],[-10,5],[-12,-10],[-14,2],[-6,6],[-7,-3],[-5,-3],[-8,-16],[0,-6],[-6,-44],[-11,-10],[-23,2],[-21,17],[-13,8],[-16,-3],[-15,-12],[-7,-19],[-8,-19],[-20,-10],[-21,-3],[-26,-3],[-21,0],[-12,4],[-7,6],[-14,-12],[-9,-2],[-5,0],[-3,19],[-2,27],[-2,19],[-14,13],[-11,5],[-18,2],[-13,-8],[-10,-7],[-20,0],[-9,-3],[-10,-11],[-13,-15],[-12,-9],[-17,-11],[-1,0],[-22,-10],[-23,-1],[-17,1],[-14,-5],[-18,-10],[-22,-13],[-15,-7],[-22,-8],[-24,-5],[-11,-3],[-7,-10],[-8,-19],[-11,-10],[-14,-1],[-9,0],[-7,-9],[-14,-8],[-3,-11],[-14,-3],[-20,14],[-16,6],[-19,1],[-20,-6],[-7,1],[-13,-5],[-12,-11],[-7,-10],[-3,-7],[-5,-12],[-2,-10],[-4,-14],[-4,-7],[-8,-7],[-7,-1],[-4,6],[-7,-7],[-8,-4],[-9,-3],[-4,3],[-8,0],[-2,-1],[-2,1],[-16,-9],[-14,-7],[-13,-10],[-14,-10],[-10,-9],[-6,-6],[-11,0],[-3,6],[-5,11],[-4,8],[-9,8],[-7,7],[-10,11],[-13,3],[-11,6],[-2,1],[-9,3],[-11,5],[-5,2],[-4,2],[-11,7],[-20,10],[-14,2],[-9,0],[-17,-3],[-17,0],[-9,-1],[-16,-4],[-17,7],[-16,-1],[-14,7],[-13,12],[-7,-2],[-4,-1],[-11,2],[-9,0],[-14,-1],[-6,6],[-7,16],[-6,12],[-7,21],[-11,13],[-8,12],[-12,9],[-15,6],[-12,-5],[-1,1],[-8,-3],[-10,-3],[-16,3],[-22,-3],[-16,9],[-8,2],[-4,0],[-7,-1],[-11,-6],[-6,2],[-9,2],[-14,8],[-13,4],[-16,21],[-11,12],[-13,14],[-1,1],[-2,3],[-5,10],[-1,5],[0,2],[-2,0],[-10,-1],[-10,-3],[-10,-5],[-15,-5],[-14,-4],[-10,-4],[-13,-7],[-15,-12],[-11,-19],[-16,-28],[-12,-26],[-5,-13],[-5,-19],[-10,-20],[-7,-11],[-12,-13],[-12,-6],[-16,2],[-9,-1],[-11,8],[-16,5],[-20,14],[-14,4],[-15,14],[-11,10],[-10,-1],[-7,-7],[-6,-11],[-13,-4],[-5,-3],[-12,-6],[-12,-4],[-19,-7],[-18,-12],[-12,-11],[-16,-22],[-13,-14],[-19,-38],[-11,-21],[-20,-29],[-17,-28],[-14,-20],[-21,-26],[-15,-17],[-17,-18],[-12,-18],[-32,-24],[-11,-11],[-8,-12],[-9,-15],[-11,-2],[-14,3],[-13,7],[-13,3],[-14,2],[-16,-8],[-14,-16],[-11,-20],[-8,-3],[-12,-16],[-22,-13],[-14,-4],[-13,-4],[-29,11],[-18,12],[-12,17],[-7,10],[-3,4],[-9,5],[-13,5],[-22,0],[-21,-1],[-26,-2],[-11,-7],[-14,-31],[-44,-92],[-14,-31],[-2,-6],[-8,-15],[-8,-11],[-1,-12],[-6,-19],[-1,-2],[-7,-10],[-8,-9],[-4,-5],[-2,-13],[-5,-12],[-3,-9],[1,-17],[-1,-7],[-5,-8],[-11,-6],[-16,-6],[-9,-9],[-10,-14],[-10,-11],[-8,-11],[-8,-12],[-11,-23],[-8,-10],[-7,-8],[-17,-9],[-7,-1],[-24,-1],[-12,1],[-4,0],[-8,-13],[-14,-20],[-19,-10],[-18,-7],[-17,-3],[-11,5],[-11,6],[-5,6],[-2,1],[-1,-3],[-1,-4],[0,-10],[1,-22],[0,-20],[-3,-23],[-4,-17],[-1,-8],[-5,-24],[-2,-20],[-2,-23],[1,-11],[1,-7],[1,-10],[0,-11],[-1,-11],[0,-5],[1,-14],[3,-13],[0,-3],[1,-5],[2,-13],[2,-12],[4,-22],[6,-48],[-2,-22],[-8,-21],[-5,-6],[-4,-7],[-10,-6],[-12,-6],[-17,-9],[-4,-1],[-2,0],[-8,2],[-2,0],[-2,-1],[-23,0],[-13,4],[-12,4],[-26,15],[-13,12],[-14,13],[-1,1],[-9,6],[-3,-1],[-3,-4],[-7,-16],[-8,-14],[-12,-11],[-11,-9],[-2,0],[-8,-18],[-6,-17],[-13,-14],[-17,-19],[-13,-12],[-8,-5],[-14,-7],[-10,-10],[-1,-6],[-1,-11],[-6,-18],[-7,-13],[-16,-20],[-12,-10],[-1,-1],[-7,-8],[-10,-13],[-6,-8],[-8,-5],[-13,-2],[-11,-4],[-2,-1],[-12,-2],[-9,-5],[-7,-8],[-5,-5],[-6,-5],[-8,-4],[-6,-1],[-12,-3],[-9,-6],[-10,-5],[-7,-4],[-4,0],[-3,-2],[-9,-4],[-2,-1],[-2,0],[0,-1],[-3,0],[0,-1],[-1,0],[-3,-2],[-1,0],[-4,-2],[-4,-3],[-2,-1],[-17,-8],[-13,-9],[-7,-4],[-19,-11],[-22,-10],[-7,-5],[-3,-8],[-7,-13],[-17,-34],[-10,-23],[-12,-24],[-13,-22],[-10,-12],[-4,-7],[-3,-5],[-2,-9],[-1,-16],[0,-20],[-3,-19],[-2,-6],[-2,-5],[-5,-7],[-2,-1],[-5,-3],[-6,-1],[-9,0],[-6,-1],[-15,-1],[-16,-5],[-18,-8],[-15,-4],[-7,-2],[-12,-6],[-13,-10],[-12,-5],[-13,4],[-7,4],[-10,1],[-8,-3],[-22,-2],[-17,2],[-1,0],[-14,2],[-10,2],[-12,0],[-10,-4],[-9,-4],[-11,-8],[-1,-2],[-7,-17],[-13,-26],[-6,-27],[3,-14],[10,-20],[6,-24],[1,-20],[-1,-12],[-15,-24],[-16,-35],[-9,-26],[-5,-16],[-4,-10],[-4,-4],[-6,0],[-7,-3],[-10,-8],[-2,-1],[-19,-15],[-18,-17],[-15,-13],[-16,-10],[-14,-8],[-18,-7],[-16,-9],[-11,-6],[-19,-5],[-11,-8],[-8,-8],[-10,-11],[-15,-20],[-10,-13],[-15,-20],[-5,-2],[-7,0],[-14,-1],[-14,-2],[-24,-3],[-18,2],[-17,5],[-15,3],[-13,1],[-9,2],[-9,-5],[-5,1],[-12,4],[-19,8],[-15,12],[-15,15],[-11,29],[-3,15],[-6,36],[-1,1],[-2,-1],[-2,-5],[-8,-14],[-14,-15],[-13,-14],[-18,-10],[-15,-7],[-16,-7],[-14,-15],[-15,-14],[-10,-7],[-11,-8],[-24,-13],[-24,-3],[-17,0],[-15,6],[-11,4],[-4,4],[-4,-3],[-8,-16],[-13,-23],[-8,-10],[-2,-13],[-15,-11],[-7,-8],[-4,-2],[-9,1],[-13,4],[-4,0]],[[55647,7497],[-11,0],[-24,-3],[-7,1],[-12,-4],[-11,-10],[-4,-3],[-10,-17],[-7,-14],[-11,-10],[-16,-16],[-13,-9],[-9,-7],[-12,-7],[-1,-1],[-1,8],[-6,24],[-3,7],[0,1],[-3,11],[0,19],[2,6],[2,11],[0,13],[-1,6],[-1,17],[-1,9],[1,20],[4,23],[7,29],[0,2],[5,20],[3,24],[8,20],[0,12],[-5,34],[-8,31],[-6,35],[0,70],[-3,32],[-7,32],[-1,7],[-5,23],[-8,40],[-7,29],[0,12],[5,20],[1,6],[8,16],[7,21],[0,18],[-2,15],[-4,22],[-7,37],[-5,18],[-3,37],[3,26],[5,14],[4,18],[5,11],[6,13],[9,14],[16,21],[6,17],[0,21],[-4,25],[-8,26],[-11,23],[-6,15],[-6,26],[-7,9],[-10,9],[-7,15],[-6,24],[-4,30],[1,8],[5,11],[11,34],[8,32],[8,27],[11,21],[10,11],[2,6],[-2,10],[-1,18],[1,12],[0,5],[1,9],[-2,6],[-6,9],[-7,13],[-10,25],[-3,19],[-4,22],[-1,23],[2,14],[3,18],[1,12],[0,21],[-5,14],[-8,11],[-13,13],[-3,17],[3,14],[2,12],[2,14],[1,16],[4,17],[3,13],[-3,10],[-1,2],[-5,7],[-3,10],[-6,10],[-6,13],[-3,18],[0,14],[2,15],[3,10],[6,15],[5,12],[8,16],[4,10],[7,24],[1,16],[3,35],[3,27],[3,17],[0,10],[-3,10],[-6,22],[-6,29],[-8,13],[-8,9],[-7,13],[-4,14],[-1,11],[-3,8],[1,16],[7,22],[7,19],[6,21],[8,21],[6,12],[5,12],[7,14],[3,8],[2,9],[-3,15],[-7,37],[-10,37],[-7,27],[0,16],[1,5],[0,2],[1,7],[0,6],[1,11],[0,5],[2,5],[0,2],[1,5],[5,9],[8,7],[7,5],[16,14],[15,8],[8,5],[3,6],[-1,6],[-1,5],[2,12],[5,13],[9,30],[18,42],[4,7],[20,48],[17,33],[16,20],[14,10],[30,6],[25,8],[14,2],[24,3],[31,1],[2,0],[19,-5],[18,8],[18,10],[18,0],[20,-4],[18,-2],[13,9],[24,23],[23,20],[15,11],[9,9],[5,20],[6,28],[9,32],[11,28],[9,22],[2,11],[-4,14],[-5,21],[-3,15],[0,10],[-4,0],[-7,-4],[-7,0],[-12,1],[-9,3],[-19,8],[-19,12],[-17,16],[-17,28],[-7,16],[-8,18],[-10,33],[-6,30],[-2,34],[1,30],[-1,28],[-8,27],[-4,19],[2,21],[4,59],[2,26],[-1,18],[-7,11],[-10,3],[-23,-3],[-15,-3],[-3,1],[1,10],[7,22],[6,20],[2,17],[-2,18],[-6,26],[-10,26],[-9,19],[-9,17],[0,13],[2,22],[4,18],[2,11],[-4,23],[-4,16],[-2,12],[-3,12],[-6,12],[-17,16],[-16,24],[-7,22],[-3,20],[-2,10],[-7,40],[-1,5],[-4,39],[-3,22],[-1,8],[-5,25],[-4,18],[-10,13],[-12,16],[-10,20],[-6,23],[-4,30],[-6,17],[-1,5],[-8,14],[-8,5],[-14,4],[-2,-1],[-10,-3],[-9,-5],[-1,-3],[-5,-7],[-8,-11],[-9,-12],[-10,-9],[-7,-7],[-7,-9],[-10,-5],[-10,-1],[-9,2],[-17,8],[-18,12],[-15,15],[-2,1],[-9,4],[-11,-2],[-11,-7],[-8,-8],[-7,-4],[-8,1],[-18,8],[-15,4],[-15,10],[-3,6],[2,15],[6,21],[7,16],[5,18],[6,22],[4,21],[-1,21],[-6,29],[-6,23],[0,4],[-3,12],[0,1],[-1,3],[-5,12],[-3,17],[-1,21],[-1,6],[-1,8],[-8,72],[-10,59],[0,25],[1,11],[2,19],[-3,19],[-10,12],[-9,10],[-13,19],[-11,21],[-1,1],[-10,14],[-9,5],[-8,1],[-5,2],[-3,5],[3,12],[11,22],[16,25],[18,16],[18,13],[17,17],[13,23],[9,19],[1,3],[0,1],[1,3],[0,1],[3,16],[0,23],[-3,10],[-3,8],[-6,24],[-5,21],[-10,16],[-9,10],[-6,7],[-2,8],[-1,6],[3,7],[6,13],[11,23],[2,6],[3,8],[0,5],[1,5],[2,6],[2,5],[6,11],[6,12],[6,9],[0,13],[4,10],[16,36],[4,15],[2,11],[-5,10],[-6,14],[-1,21],[0,10],[-5,12],[-7,10],[-2,5],[1,11],[3,14],[2,9],[7,48],[-2,13],[-9,74],[3,12],[10,18],[4,5],[6,24],[4,11],[7,11],[3,8],[2,5],[0,2],[1,1],[0,5],[-1,8],[-1,9],[-1,14],[-5,5],[-6,10],[-3,10],[1,11],[4,13],[3,9],[1,1],[1,3],[3,7],[1,3],[0,15],[-8,23],[-5,4],[-3,2],[-4,2],[-4,1],[-2,0],[-4,2],[-10,10],[0,2],[1,6],[1,3],[1,4],[2,14],[3,29],[2,20],[-5,31],[-9,23],[-11,6],[-3,1],[-11,17],[-5,20],[0,16],[-9,35],[-2,19],[5,13],[1,1],[1,6],[-2,14],[-2,10],[0,7],[-1,10],[0,18],[-5,30],[-30,50],[-17,21],[-16,14],[-12,17],[-6,18],[-4,18],[0,18],[-1,13],[5,13],[11,9],[8,20],[-2,20],[-3,15],[-7,17],[-2,20],[2,24],[4,9],[20,-6],[15,-4],[17,-2],[5,1],[4,-1],[-4,13],[-3,14],[-3,10],[-2,15],[-2,7],[-4,8],[-3,4],[-5,8],[-2,10],[-10,19],[-23,37],[-11,9],[-7,4],[2,7],[3,8],[2,15],[-4,29],[-5,21],[-7,9],[-23,31],[-39,50],[-11,25],[-12,21],[-9,11],[-11,15],[-16,38],[-8,9],[-17,10],[2,9],[6,4],[7,9],[6,21],[-3,14],[-8,12],[-15,17],[-2,14],[-2,13],[-9,17],[-9,11],[-23,38],[-35,45],[-12,10],[-19,1],[-9,6],[-12,3],[-13,-4],[-33,24],[-11,21],[-12,5],[-12,7],[-10,14],[-13,14],[-14,4],[-17,1],[-4,13],[-2,17],[1,16],[-9,13],[-17,23],[-19,12],[-13,20],[-2,26],[12,18],[6,16],[25,9],[8,3],[26,10],[16,9],[14,17],[15,22],[17,23],[2,3],[22,20],[4,8],[9,16],[5,8],[16,47],[6,19],[6,25],[21,9],[20,-11],[8,-6],[23,-1],[14,-12],[6,-9],[9,-12],[13,0],[12,-2],[5,-2],[9,-9],[6,-3],[4,1],[1,12],[2,16],[-2,26],[-2,17],[0,54],[-1,22],[-3,18],[-8,21],[0,24],[1,11],[-17,0],[1,10],[-16,32],[0,12],[5,16],[8,21],[8,67],[-4,22],[-7,17],[2,6],[2,7],[13,9],[12,8],[10,9],[2,11],[2,23],[11,17],[7,5],[6,7],[7,19],[6,8],[4,9],[17,17],[5,3],[23,12],[18,5],[12,1],[-23,50],[-20,41],[-1,1],[-7,-3],[-18,-6],[-25,-1],[-16,0],[-5,2],[-13,3],[-15,5],[-8,-1],[-17,-2],[-10,-1],[-18,-1],[-22,-4],[-15,-3],[-10,0],[-32,21],[-25,15],[-19,17],[-22,17],[-19,9],[-21,16],[-13,13],[-10,21],[-6,16],[-10,19],[-4,14],[-4,2],[-18,-1],[-1,0],[-27,-27],[-6,-7],[-11,-13],[-8,-6],[-4,-12],[-4,-9],[-2,-21],[2,-16],[-4,-11],[-13,-8],[-17,-4],[-20,-5],[-3,-2],[-17,-6],[-13,-3],[-8,1],[-25,3],[-6,0],[-2,1],[-3,0],[-7,-4],[-12,3],[-4,0],[-19,2],[-30,1],[-24,3],[-2,6],[-7,17],[-10,6],[-3,2],[-8,4],[-11,9],[-11,12],[-18,10],[-9,8],[-5,14],[-3,18],[-7,26],[-4,28],[-5,30],[-1,8],[-1,13],[-14,3],[-6,5],[-15,10],[-19,-5],[-15,-2],[-8,-2],[-9,4],[-17,2],[-12,5],[-11,6],[-6,9],[-10,14],[-7,13],[-6,15],[-3,24],[0,25],[1,24],[7,23],[4,14],[-1,10],[-3,6],[-5,7],[-3,10],[-2,21],[-3,16],[-2,8],[-5,10],[-24,3],[-7,2],[-6,4],[-4,-2],[-7,-11],[-8,-13],[-13,-9],[-19,-5],[-17,0],[-12,3],[-11,-7],[-12,-7],[-12,-8],[-14,3],[-6,10],[0,13],[2,8],[2,7],[-4,8],[-8,7],[-5,3],[-13,0],[-11,2],[-3,2],[-9,7],[-6,-2],[-9,-5],[-11,1],[-5,5],[-6,15],[-9,23],[-13,26],[-5,19],[-10,22],[-7,3],[-12,9],[-19,16],[-11,4],[-7,-3],[-6,-7],[-2,-2],[-8,-10],[-7,-6],[-8,-2],[-13,2],[-5,-3],[-10,8],[-12,8],[-3,4],[-2,7],[-4,13],[-4,20],[-5,20],[-3,19],[-3,24],[-6,19],[-3,4],[-5,2],[-3,-4],[-2,-4],[-9,-9],[-7,-4],[-9,2],[-4,5],[-4,12],[-8,11],[-6,5],[-10,8],[-12,7],[-13,7],[-6,5],[-15,17],[-6,22],[3,19],[0,41],[-12,26],[-9,11],[-6,0],[-5,-4],[-5,-10],[-10,-27],[-13,-22],[-12,-23],[-14,-22],[-6,-9],[-19,-13],[-24,2],[-21,3],[-13,4],[-17,9],[-10,-9],[-4,-17],[-4,-19],[-2,-18],[0,-19],[-3,-2],[-4,2],[-7,2],[-5,-3],[-8,-9],[-8,-6],[-15,-4],[-8,-8],[-2,-3],[-5,-12],[-13,-12],[-7,-4],[-11,7],[-8,5],[-10,6],[-7,-2],[-5,-6],[-20,-25],[-4,-3],[-11,-11],[-4,-3],[-3,-4],[-9,-13],[-19,-12],[-10,-10],[-13,-8],[-16,-5],[-17,-11],[-5,-6],[-6,-7],[-10,-13],[-8,-8],[-15,-3],[-14,4],[-34,3],[-14,3],[-6,-2],[-12,-8],[-13,-5],[-11,-3],[-32,-2],[-20,-1],[-22,-3],[-33,-7],[-12,-7],[-10,-14],[-4,-21],[-3,-16],[-1,-6],[-6,-25],[-4,-11],[-5,-6],[-10,-1],[-8,4],[-7,6],[-14,4],[-10,-2],[-6,-5],[-11,-5],[-18,-14],[-4,-13],[2,-13],[-2,-2],[-4,1],[-9,8],[-16,6],[-12,0],[-15,-3],[-14,-5],[-12,1],[-9,6],[-25,27],[-16,17],[-7,3],[-6,-4],[-13,-4],[-20,2],[-14,6],[-15,9],[-8,9],[-6,3],[-1,-8],[-2,-13],[-5,-8],[-14,-19],[-2,-2],[-13,-16],[-7,-12],[-6,-12],[-14,-12],[-11,-4],[-7,-3],[-6,-6],[-6,-9],[-4,-12],[-6,-16],[-4,-14],[-3,-12],[-5,-14],[-6,-14],[-5,-12],[-7,-9],[-5,-9],[-7,-15],[-3,-11],[0,-21],[-1,-3],[-5,-1],[-9,0],[-12,-2],[-12,-1],[-16,-4],[-7,-7],[-11,-10],[-10,-12],[-3,-10],[-3,-7],[-4,-6],[-2,-6],[-1,-7],[0,-4],[-20,-41],[-14,-35],[3,-16],[-24,-70],[-30,-31],[-13,9],[-26,-17],[-26,-37],[-26,-27],[-7,-20],[-11,23],[-31,33],[-73,58],[-35,-25],[-24,-13],[-34,-15],[-30,39],[-55,-18],[-30,2],[-7,0],[-25,-26],[-16,-16],[-12,-15],[-19,-15],[-29,-4],[-14,-9],[-45,1],[-19,4],[-22,-3],[-8,-3],[-3,-1],[-6,-7],[-11,-14],[-6,-7],[-16,1],[-7,-3],[-10,-6],[-6,-10],[-6,-9],[-11,-31],[-16,-49],[-10,-48],[0,-1],[-2,-25],[0,-16],[-1,0],[0,-1],[-22,-24],[-10,-21],[5,-39],[0,-15],[-49,-45],[-4,-23],[-7,-19],[-6,-14],[-39,-57],[10,-17],[-8,-13],[8,-17],[-5,-13],[-1,-10],[6,-16],[-82,-93],[-14,2],[-30,-22],[-16,-33],[-23,2],[-17,-7],[-37,-63],[-22,-16],[-53,-13],[-11,-2],[-14,-5],[-28,-14],[-30,-31],[-65,-18]],[[50926,14597],[-5,30],[-1,4],[-12,19],[-7,7],[-12,15],[-23,27],[-12,15],[-22,2],[-1,0],[-15,38],[-15,20],[-5,13],[2,22],[2,39],[3,27],[-1,50],[-5,32],[-15,2],[-70,85],[-5,6],[-9,19],[-3,18],[1,14],[6,12],[10,5],[77,39],[27,13],[-3,88],[6,21],[-7,22],[-18,58],[-15,82],[5,11],[-8,3],[-27,18],[-9,27],[0,9],[4,30],[14,26],[9,42],[4,19],[9,10],[31,60],[14,27],[16,48],[-7,23],[-3,11],[0,9],[1,14],[1,6],[0,10],[-1,15],[-3,15],[-3,12],[1,8],[2,10],[4,11],[3,15],[0,13],[-2,10],[1,17],[1,10],[0,11],[-3,6],[-3,3],[-2,6],[0,9],[10,28],[4,18],[5,20],[3,11],[4,11],[3,9],[1,12],[0,18],[1,12],[6,14],[11,30],[10,29],[7,30],[5,25],[0,12],[1,10],[3,11],[1,12],[0,11],[1,16],[2,12],[1,20],[-1,35],[0,29],[-1,14],[0,17],[11,16],[12,15],[9,16],[8,14],[8,13],[8,18],[5,9],[8,8],[10,17],[1,17],[-2,10],[-1,12],[1,12],[6,28],[2,6],[4,8],[8,14],[8,12],[8,14],[6,11],[5,12],[0,1],[5,9],[8,14],[1,11],[0,24],[-3,7],[-7,7],[-6,11],[-3,8],[0,17],[-1,45],[-1,15],[-1,13],[1,17],[3,14],[6,17],[5,15],[7,15],[5,16],[1,11],[1,12],[-1,12],[1,8],[2,14],[0,25],[-2,7],[0,12],[-2,13],[-3,9],[-4,10],[-2,13],[-2,22],[-1,17],[1,13],[1,8],[-2,12],[-10,28],[-4,10],[-8,5],[-9,9],[-7,6],[-5,2],[-2,4],[0,8],[1,20],[1,40],[-2,13],[0,39],[-2,13],[-3,17],[-2,14],[4,17],[4,9],[5,14],[3,18],[1,14],[0,9],[-2,17],[-2,10],[4,9],[3,5],[7,17],[6,20],[4,22],[4,14],[4,20],[3,26],[0,5],[1,13],[-1,16],[-1,14],[0,11],[3,18],[2,9],[2,6],[1,10],[3,4],[14,0],[16,-1],[10,-1],[6,2],[8,8],[9,17],[6,11],[5,9],[6,18],[4,15],[4,11],[8,3],[6,-1],[8,-2],[6,-2],[8,-1],[9,3],[10,8],[10,7],[6,13],[10,12],[9,14],[5,5],[5,3],[3,2],[3,16],[3,26],[3,12],[5,13],[7,12],[11,11],[11,6],[10,3],[8,4],[3,6],[4,9],[2,6],[8,2],[9,1],[7,4],[3,5],[1,9],[-2,6],[4,9],[8,19],[15,47],[2,7],[6,6],[3,7],[4,7],[1,25],[-2,10],[-1,8],[0,9],[3,13],[2,10],[0,6],[2,15],[1,21],[3,15],[0,14],[2,10],[4,5],[-1,11],[-2,8],[-1,9],[-2,11],[-4,7],[-5,7],[-5,10],[-1,1],[-2,3],[-5,12],[0,3],[-2,15],[0,21],[2,21],[1,7],[0,8],[6,18],[6,15],[3,7],[1,14],[3,12],[7,16],[3,6],[4,7],[0,22],[-3,8],[-6,11],[-4,8],[-1,12],[1,14],[-3,12],[-6,14],[-7,10],[-6,9],[-10,9],[-7,6],[-4,4],[-5,11],[-3,6],[-1,9],[1,14],[2,9],[1,10],[1,7],[-1,6],[-1,5],[0,6],[1,10],[-1,6],[2,1],[0,2],[2,13],[5,4],[0,3],[-3,7],[-8,8]],[[51329,18924],[-6,6],[-9,7],[-11,6],[-2,3],[-2,5],[-6,5],[-1,14],[4,8],[6,8],[12,12],[5,9],[14,23],[16,19],[1,19],[-7,20],[-6,7],[-17,9],[2,12],[0,24],[11,19],[7,21],[8,17],[6,24],[15,54],[10,43],[19,15],[21,38],[1,2],[9,28],[-8,25],[-3,35],[1,54],[11,48],[10,25],[2,30],[-7,36],[-15,20],[-12,27],[4,53],[-4,53],[-11,35],[-17,33],[-22,30],[-1,27],[7,34],[-1,31],[-1,29],[18,29],[23,10],[19,10],[21,19],[12,22],[14,19],[30,24],[22,15],[17,15],[5,4],[21,3],[32,16],[23,13],[18,17],[6,11],[2,38],[-11,38],[2,45],[2,30],[-2,7],[-3,17],[4,15],[10,16],[4,17],[-9,12],[-4,11],[-1,14],[-2,30],[-1,3],[-3,18],[-2,15],[-5,18],[-3,16],[12,24],[19,43],[7,65],[-2,18],[-7,9],[-5,22],[-7,50],[10,28],[34,85],[1,4],[1,37],[-4,10],[3,10],[6,13],[7,22],[11,24],[-3,18],[-1,5],[4,19],[12,29],[7,40],[2,12],[8,22],[0,28],[-5,11],[-7,21],[-14,19],[-6,13],[2,17],[3,16],[7,22],[8,26],[5,11],[4,17],[-4,16],[-18,29],[-21,33],[0,9],[-9,30],[-6,13],[-7,15],[-15,9],[-32,8],[-2,23],[0,11],[-1,6],[-4,10],[-14,12],[-10,14],[-3,20],[-5,30],[3,29],[1,24],[-1,20],[-3,23],[-16,31],[-1,18],[-1,13],[-22,27],[-14,1],[-10,15],[-6,13],[-4,8],[-37,71],[-16,31],[-1,3],[-29,43],[-30,8],[-21,2],[-36,35],[-10,2],[-40,9],[-63,-34],[-11,13],[-55,-19],[-39,23],[-40,8],[-54,-4],[13,15],[14,37],[6,34],[-10,94],[-2,23],[5,11],[9,69],[9,30],[15,30],[10,23],[7,36]],[[51102,22526],[2,-6],[28,-11],[19,2],[39,4],[47,19],[34,15],[24,-2],[6,9],[98,-37],[162,42],[10,3],[31,-27],[5,-4],[6,-6],[27,-8],[11,-4],[14,-3],[24,-6],[4,-19],[26,-14],[16,-41],[11,-18],[3,-4],[2,2],[2,1],[1,1],[8,4],[21,-20],[17,-16],[26,5],[11,7],[26,-18],[7,-3],[8,-3],[11,7],[15,9],[13,8],[7,4],[26,-7],[10,17],[20,33],[16,16],[9,0],[11,21],[5,10],[19,7],[4,2],[7,4],[6,4],[6,0],[9,1],[24,16],[12,20],[8,13],[2,4],[16,20],[9,11],[3,2],[4,5],[3,2],[17,15],[21,18],[28,29],[2,5],[9,23],[-1,5],[0,6],[3,3],[15,18],[5,3],[1,1],[11,8],[3,3],[16,20],[4,16],[5,17],[3,5],[5,7],[4,7],[3,4],[7,11],[3,5],[8,11],[11,12],[3,4],[5,5],[0,1],[3,4],[1,3],[2,4],[3,4],[6,6],[3,1],[3,2],[8,3],[4,4],[1,5],[2,6],[3,5],[2,4],[11,17],[9,12],[1,3],[15,15],[9,1],[4,0],[9,5],[9,6],[2,3],[6,11],[1,2],[3,10],[0,4],[2,5],[4,17],[1,5],[2,2],[1,0],[4,3],[3,2],[1,0],[19,19],[7,5],[6,4],[4,3],[4,2],[6,4],[12,6],[8,5],[11,8],[6,4],[2,1],[6,4],[2,2],[12,8],[4,3],[7,4],[5,3],[3,2],[4,6],[2,4],[2,3],[3,4],[2,3],[4,5],[2,2],[7,6],[5,6],[6,4],[7,4],[4,3],[7,5],[8,1],[12,8],[17,4],[14,-3],[24,3],[12,7],[23,0],[16,12],[7,3],[8,2],[2,1],[28,28],[13,4],[16,-2],[14,0],[11,-1],[11,0],[7,7],[2,6],[1,5],[2,1],[5,4],[16,13],[2,1],[3,3],[5,7],[8,11],[6,9],[10,17],[6,7],[3,4],[5,5],[9,6],[4,2],[7,6],[4,4],[3,5],[5,10],[4,6],[3,5],[8,14],[1,2],[2,5],[1,3],[4,9],[1,3],[1,1],[0,1],[3,3],[2,4],[4,5],[2,5],[6,6],[0,1],[8,11],[4,4],[8,7],[6,7],[4,5],[5,7],[3,3],[5,4],[6,5],[0,1],[5,5],[9,8],[2,2],[13,10],[26,19],[14,4],[4,2],[10,6],[36,25],[19,1],[37,2],[26,7],[24,3],[20,-4],[16,-9],[9,-33],[2,-6],[13,-8],[25,-15],[12,-60],[52,-31],[2,-10],[1,-8],[0,-8],[1,-7],[1,-3],[3,-6],[4,-10],[3,-6],[4,-6],[3,-7],[8,-20],[2,-6],[1,-4],[1,-5],[3,-14],[1,-7],[2,-6],[0,-3],[1,-1],[0,-4],[1,-7],[1,-4],[10,-18],[31,-55],[2,-5],[2,-18],[1,-19],[-8,-33],[-4,-15],[-7,-38],[11,-42],[4,-14],[-7,-31],[3,-14],[9,-40],[6,-5],[10,-6],[7,-4],[9,-15],[4,-15],[3,-15],[0,-1],[1,-8],[1,-9],[5,-10],[5,-5],[9,-4],[18,-9],[8,5],[7,4],[1,1],[4,2],[3,0],[11,-2],[8,-17],[5,-10],[-1,-24],[0,-4],[11,-26],[-3,-35],[0,-2],[11,-10],[7,-8],[6,-8],[13,-21],[5,-11],[6,-9],[2,-4],[11,-21],[17,-15],[3,-1],[4,-4],[8,3],[18,12],[28,26],[10,4],[7,16],[8,24],[8,21],[3,3],[11,16],[14,-8],[11,44],[34,45],[1,23],[6,21],[-1,32],[19,22],[9,30],[22,21],[5,15],[4,13],[5,37],[0,2],[6,11],[8,16],[-2,22],[10,16],[36,61],[8,37],[12,9],[15,41],[8,19],[-13,37],[-1,3],[-3,8],[-1,3],[-10,28],[-2,81],[8,8],[3,2],[23,117],[10,-1],[47,25],[11,111],[19,9],[50,121],[1,1],[19,45],[7,19],[2,12],[2,16],[16,15],[19,-1],[9,1],[5,13],[9,15],[14,12],[19,0],[22,2],[25,32],[11,20],[17,24],[7,18],[-15,46],[-18,25],[15,54],[4,7],[15,1],[11,-4],[14,2],[10,22],[9,8],[15,1],[5,-8],[3,4],[0,7],[17,17],[8,1],[13,3],[11,5],[11,-14],[11,0],[13,-2],[10,-17],[10,9],[13,19],[-1,41],[7,27],[6,4],[6,14],[3,8],[13,9],[18,8],[4,1],[11,0],[7,3],[19,7],[12,-1],[3,-4],[6,-7],[18,27],[-8,27],[-6,23],[0,2],[2,9],[0,1],[-6,28],[0,10],[1,8],[1,13],[4,8],[3,5],[4,6],[10,9],[1,1],[4,9],[10,6],[12,5],[-2,26],[-4,12],[-8,27],[-2,8],[3,13],[7,4],[5,2],[26,12],[30,18],[9,-6],[13,-8],[14,15],[12,25],[1,133],[-6,20],[2,6],[15,8],[27,4],[17,8],[7,-2],[16,-5],[22,0],[24,56],[-19,101],[-10,48],[-2,11],[-8,29],[-3,21],[16,73],[3,3],[4,5],[12,7],[26,48],[17,31],[25,27],[50,28],[2,2],[20,19],[17,35],[12,8],[5,8],[2,18],[6,8],[13,5],[30,20],[4,16],[7,7],[19,6],[7,13],[4,3],[22,-3],[10,0],[21,12],[13,6],[15,1],[8,7],[13,16],[22,9],[12,3],[10,10],[10,-10],[9,-2],[6,-8],[3,-7],[6,-19],[7,-7],[12,-2],[9,-1],[8,-12],[38,-8],[5,-23],[13,-20],[7,-7],[4,-5],[1,-2],[1,0],[2,-4],[2,-2],[4,-6],[15,-4],[1,-2],[13,-16],[42,-53],[7,-9],[10,-15],[11,-17],[1,-2],[26,-27],[16,-19],[6,-8],[2,-14],[-2,-7],[-5,-6],[-1,-1],[-13,-7],[-15,-7],[-1,0],[-8,-12],[-13,-18],[-3,-24],[-4,-11],[-1,-2],[-7,-11],[-4,-16],[2,-19],[7,-44],[-3,-21],[5,-26],[3,-50],[-1,-10],[-2,-46],[8,-17],[10,-13],[7,-3],[13,-33],[26,-65],[11,-9],[11,3],[20,20],[16,11],[12,-6],[16,-20],[10,1],[10,-19],[2,-3],[11,-20],[0,-1],[3,-7],[-1,-6],[-13,-29],[-12,-24],[-6,-11],[-1,-12],[-1,-7],[-3,-19],[-1,-6],[-1,-12],[23,0],[32,-36],[14,-16],[43,-46],[27,-30],[15,-30],[4,-19],[-2,-11],[2,-14],[-4,-12],[-11,-5],[-16,-14],[-18,-45],[-5,-11],[-11,-22],[-5,-24],[3,-18],[1,-1],[1,-8],[9,-16],[11,-12],[1,0],[4,-21],[6,-7],[64,-4],[11,-5],[4,-2],[4,-35],[6,-3],[1,-1],[10,-7],[0,-29],[3,-44],[-7,-19],[-2,-6],[-4,-9],[1,-10],[1,-13],[1,-5],[0,-5],[5,-3],[8,-8],[6,-2],[3,-11],[1,-11],[2,-3],[2,-9],[-1,-4],[-7,-8],[-3,-5],[-5,-14],[-1,-11],[3,-9],[6,-9],[10,-13],[5,-5],[10,-12],[17,-11],[28,10],[50,-11],[22,-41],[37,-51],[64,-51],[2,1],[75,37],[15,1],[1,0],[41,-1],[75,60],[51,7],[7,6],[25,18],[35,64],[17,106],[4,5],[32,-34],[58,-32],[40,-93],[10,-18],[29,-18],[13,-29],[12,-20],[44,-26],[19,-14],[8,-60],[-10,-64],[-3,-18],[0,-3],[5,-24],[24,-20],[11,-41],[-2,-51],[0,-91],[-6,-23],[-14,-24],[0,-1],[-13,-28],[-4,-30],[18,-45],[-1,-44],[-10,-18],[6,-22],[17,-33],[0,-16],[15,-23],[24,-23],[30,3],[31,-6],[8,6],[9,13],[5,8],[19,12],[29,-23],[18,-15],[1,0],[3,-2],[0,-1],[2,-1],[4,-4],[6,-4]],[[57132,23013],[7,-6],[69,-90],[0,-33],[9,-19],[18,-11],[21,-13],[20,-12],[1,-17],[5,-15],[5,-17],[-1,-14],[6,-28],[18,-8],[20,-1],[25,22],[18,9],[20,-30],[-27,-134],[-6,-24],[-10,-42],[-3,-38],[17,-26],[45,-37],[27,-25],[43,-39],[54,-50],[31,-13],[33,-20],[15,-11],[7,-5],[28,-51],[0,-55],[13,1],[40,5],[13,1],[20,2],[61,7],[21,2],[20,2],[97,10],[85,9],[164,15],[103,10],[101,10],[17,1],[8,1],[24,2],[9,1],[7,0],[23,3],[8,1],[98,10],[2,0],[15,3],[7,0],[12,-2],[11,1],[147,14],[55,5],[137,13],[29,2],[56,5],[126,11],[72,6],[5,0],[57,6],[108,9],[142,13],[56,6],[57,7],[46,5],[41,3],[1,1],[8,0],[9,1],[3,0],[7,1],[44,3],[62,5],[54,4],[86,7],[1,1],[9,0],[8,1],[3,1],[107,9],[90,9],[26,2],[4,1],[3,0],[12,1],[46,4],[5,1],[15,1],[4,1],[41,3],[60,6],[52,5],[61,5],[50,5],[62,6],[24,2],[19,2],[55,5],[18,2],[38,3],[1,0],[71,7],[55,5],[75,7],[61,6],[21,2],[62,5],[20,2],[11,1],[32,3],[20,2],[28,3],[10,1],[14,1],[42,4],[15,1],[12,1],[2,1],[81,7],[56,4],[14,2],[1,0],[135,11],[11,1],[32,3],[22,2],[10,1],[63,5],[22,2],[2,0],[7,1],[3,0],[42,4],[146,13],[2,0],[36,3],[11,1],[3,0],[16,1],[184,17],[193,17],[44,4],[3,1],[10,-3],[2,0],[4,2],[3,0],[6,3],[28,2],[9,1],[4,0],[262,24],[1,0],[14,1],[5,-3],[98,-49],[37,-18],[109,-55],[36,-18],[1,0],[11,-6],[101,-49],[39,-20],[80,-39],[75,-37],[104,-51],[103,-49],[106,-51],[72,-35],[82,-40],[34,-16],[1,-1],[2,0],[0,-1],[3,-1],[7,-4],[20,-9],[16,-8],[31,-15],[10,-5],[115,-56],[80,-39],[8,-4],[69,-34],[2,-1],[3,-1],[28,-14],[31,-15],[25,-12],[49,-24],[5,-3],[16,-8],[66,-31],[21,-11],[2,0],[35,-18],[110,-54],[36,-18],[11,-6],[34,-16],[11,-6],[16,-8],[47,-23],[78,-39],[16,-7],[5,-3],[17,-8],[5,-3],[30,-14],[89,-44],[29,-15],[87,-43],[201,-99],[13,-6],[17,-9],[108,-53],[14,-7],[43,-21],[34,-17],[151,-75],[11,-6],[171,-84],[104,-51],[19,-10],[15,-7],[45,-23],[15,-7],[13,-6],[39,-20],[13,-6],[21,-10],[63,-32],[21,-10],[52,-26],[37,-18],[13,-6],[7,-4],[32,-16],[15,-7],[44,-22],[15,-7],[46,-23],[48,-23],[15,-8],[44,-22],[5,-2],[145,-71],[48,-24],[1,0],[26,-13],[7,-4],[74,-37],[19,-9],[5,-2],[13,-7],[5,-2]]]}