{"type":"Topology","objects":{"tracts":{"geometries":[{"properties":{"name":"08043979000","fips":"08043979000"},"type":"Polygon","arcs":[[-390,-393,-498,-2229,-2227,-1525,-1508,-1497,-1540,-231]],"id":"08043979000"},{"properties":{"name":"08045951600","fips":"08045951600"},"type":"Polygon","arcs":[[-6,-27,-83,-124,-37,-97,-121,-100]],"id":"08045951600"},{"properties":{"name":"08069002803","fips":"08069002803"},"type":"Polygon","arcs":[[-1025,-9,-2,-192,-613,-570]],"id":"08069002803"},{"properties":{"name":"08125963200","fips":"08125963200"},"type":"Polygon","arcs":[[-1039,-949,-591,-1895,-1898,-24]],"id":"08125963200"},{"properties":{"name":"08069002401","fips":"08069002401"},"type":"Polygon","arcs":[[0,-578,-4]],"id":"08069002401"},{"properties":{"name":"08069002402","fips":"08069002402"},"type":"Polygon","arcs":[[1,-8,-21,2,3,-577,-521,-812,-670,-615,-193]],"id":"08069002402"},{"properties":{"name":"08103951200","fips":"08103951200"},"type":"Polygon","arcs":[[-129,4,-14,-7]],"id":"08103951200"},{"properties":{"name":"08103951100","fips":"08103951100"},"type":"Polygon","arcs":[[5,-99,-109,-130,6,-13,-41,-28]],"id":"08103951100"},{"properties":{"name":"08049000201","fips":"08049000201"},"type":"Polygon","arcs":[[7,8,-1024,-1004,-1010,-10,-11,-22]],"id":"08049000201"},{"properties":{"name":"08049000202","fips":"08049000202"},"type":"Polygon","arcs":[[-1009,-1468,-25,-374,-12,9]],"id":"08049000202"},{"properties":{"name":"08049000100","fips":"08049000100"},"type":"Polygon","arcs":[[10,11,-373,-164,-162,-85,-26,-30,-23]],"id":"08049000100"},{"properties":{"name":"08081000600","fips":"08081000600"},"type":"Polygon","arcs":[[-55,-17,-42,12,13,14]],"id":"08081000600"},{"properties":{"name":"08081000500","fips":"08081000500"},"type":"Polygon","arcs":[[-16,-18]],"id":"08081000500"},{"properties":{"name":"08081000400","fips":"08081000400"},"type":"Polygon","arcs":[[15,-19]],"id":"08081000400"},{"properties":{"name":"08081000300","fips":"08081000300"},"type":"Polygon","arcs":[[-43,16,-54],[17,18]],"id":"08081000300"},{"properties":{"name":"08057955600","fips":"08057955600"},"type":"Polygon","arcs":[[19,20,21,22,-29,-38,-57]],"id":"08057955600"},{"properties":{"name":"08001008801","fips":"08001008801"},"type":"Polygon","arcs":[[-653,-158,-448,-415]],"id":"08001008801"},{"properties":{"name":"08009964700","fips":"08009964700"},"type":"Polygon","arcs":[[-1473,-2222]],"id":"08009964700"},{"properties":{"name":"08121924100","fips":"08121924100"},"type":"Polygon","arcs":[[-1614,-1605,-3157,-568,-871,-1288,-1040,23,-1902]],"id":"08121924100"},{"properties":{"name":"08037000702","fips":"08037000702"},"type":"Polygon","arcs":[[-95,-72,-63]],"id":"08037000702"},{"properties":{"name":"08019014700","fips":"08019014700"},"type":"Polygon","arcs":[[24,-1467,-2223,-1466,-919,-1649,-1720,-1709,-1703,-505,-375]],"id":"08019014700"},{"properties":{"name":"08107000800","fips":"08107000800"},"type":"Polygon","arcs":[[-35,-31,25,-84,26,27,-47]],"id":"08107000800"},{"properties":{"name":"08105976800","fips":"08105976800"},"type":"Polygon","arcs":[[281]],"id":"08105976800"},{"properties":{"name":"08107000700","fips":"08107000700"},"type":"Polygon","arcs":[[28,29,30,-34,-39]],"id":"08107000700"},{"properties":{"name":"08051963700","fips":"08051963700"},"type":"Polygon","arcs":[[31]],"id":"08051963700"},{"properties":{"name":"08051963600","fips":"08051963600"},"type":"Polygon","arcs":[[-398,-230,-59,-33,-133,-383],[31]],"id":"08051963600"},{"properties":{"name":"08051963800","fips":"08051963800"},"type":"Polygon","arcs":[[-58,-148,-144,-134,32]],"id":"08051963800"},{"properties":{"name":"08077001706","fips":"08077001706"},"type":"Polygon","arcs":[[-360,-357,-369,-64]],"id":"08077001706"},{"properties":{"name":"08101001700","fips":"08101001700"},"type":"Polygon","arcs":[[-1927,-1947,-1959,-2054,-1914,-1963]],"id":"08101001700"},{"properties":{"name":"08107000500","fips":"08107000500"},"type":"Polygon","arcs":[[33,34,-46,-36,-49,-40]],"id":"08107000500"},{"properties":{"name":"08107000200","fips":"08107000200"},"type":"Polygon","arcs":[[-44,-52]],"id":"08107000200"},{"properties":{"name":"08107000400","fips":"08107000400"},"type":"Polygon","arcs":[[35,-45,-50]],"id":"08107000400"},{"properties":{"name":"08045951702","fips":"08045951702"},"type":"Polygon","arcs":[[-123,-98,36]],"id":"08045951702"},{"properties":{"name":"08013012603","fips":"08013012603"},"type":"Polygon","arcs":[[-989,-115,-1079,-1103,-954,-1000]],"id":"08013012603"},{"properties":{"name":"08107000600","fips":"08107000600"},"type":"Polygon","arcs":[[-48,37,38,39]],"id":"08107000600"},{"properties":{"name":"08107000300","fips":"08107000300"},"type":"Polygon","arcs":[[40,41,42,-53,43,-51,44,45,46]],"id":"08107000300"},{"properties":{"name":"08107000100","fips":"08107000100"},"type":"Polygon","arcs":[[47,48,49,50,51,52,53,54,55,56]],"id":"08107000100"},{"properties":{"name":"08051963900","fips":"08051963900"},"type":"Polygon","arcs":[[-229,-377,-222,-429,-445,-182,-181,-352,-149,57,58]],"id":"08051963900"},{"properties":{"name":"08003960300","fips":"08003960300"},"type":"Polygon","arcs":[[-209,-270]],"id":"08003960300"},{"properties":{"name":"08021974900","fips":"08021974900"},"type":"Polygon","arcs":[[59,-473,-279,-267,-257,-1594,-1590,-62]],"id":"08021974900"},{"properties":{"name":"08113968103","fips":"08113968103"},"type":"Polygon","arcs":[[-453,-224,-213,-210,-211,-404,-227,-215]],"id":"08113968103"},{"properties":{"name":"08021974800","fips":"08021974800"},"type":"Polygon","arcs":[[-1589,60,61]],"id":"08021974800"},{"properties":{"name":"08037000703","fips":"08037000703"},"type":"Polygon","arcs":[[-96,62,-71,-77,-74,-86,-160,-172]],"id":"08037000703"},{"properties":{"name":"08037000301","fips":"08037000301"},"type":"Polygon","arcs":[[-116,-114,-67,-153]],"id":"08037000301"},{"properties":{"name":"08077001707","fips":"08077001707"},"type":"Polygon","arcs":[[-368,-308,-340,-361,63]],"id":"08077001707"},{"properties":{"name":"08005007704","fips":"08005007704"},"type":"Polygon","arcs":[[-3146,-3250,-3422]],"id":"08005007704"},{"properties":{"name":"08037000402","fips":"08037000402"},"type":"Polygon","arcs":[[-76,-65,-91,-69]],"id":"08037000402"},{"properties":{"name":"08037000501","fips":"08037000501"},"type":"Polygon","arcs":[[-75,-80,-66,-92,64]],"id":"08037000501"},{"properties":{"name":"08037000502","fips":"08037000502"},"type":"Polygon","arcs":[[-70,-93,65,-79]],"id":"08037000502"},{"properties":{"name":"08037000302","fips":"08037000302"},"type":"Polygon","arcs":[[-104,-68,-89,-135,-154,66,-113,-126,-82]],"id":"08037000302"},{"properties":{"name":"08037000403","fips":"08037000403"},"type":"Polygon","arcs":[[-90,67,-103,-88,-73,68]],"id":"08037000403"},{"properties":{"name":"08037000701","fips":"08037000701"},"type":"Polygon","arcs":[[69,-78,70,71,-94]],"id":"08037000701"},{"properties":{"name":"08037000401","fips":"08037000401"},"type":"Polygon","arcs":[[72,-87,73,-81,74,75]],"id":"08037000401"},{"properties":{"name":"08077001001","fips":"08077001001"},"type":"Polygon","arcs":[[-292,-331,-302,-261]],"id":"08077001001"},{"properties":{"name":"08037000503","fips":"08037000503"},"type":"Polygon","arcs":[[76,77,78,79,80]],"id":"08037000503"},{"properties":{"name":"08037000100","fips":"08037000100"},"type":"Polygon","arcs":[[81,-125,82,83,84,-161,85,86,87,-105]],"id":"08037000100"},{"properties":{"name":"08037000600","fips":"08037000600"},"type":"Polygon","arcs":[[-171,-197,-136,88,89,90,91,92,93,94,95]],"id":"08037000600"},{"properties":{"name":"08045951701","fips":"08045951701"},"type":"Polygon","arcs":[[96,97,-122]],"id":"08045951701"},{"properties":{"name":"08045951902","fips":"08045951902"},"type":"Polygon","arcs":[[-120,-106,-107,-110,98,99]],"id":"08045951902"},{"properties":{"name":"08077000602","fips":"08077000602"},"type":"Polygon","arcs":[[-314,-101,-259,-300]],"id":"08077000602"},{"properties":{"name":"08077000500","fips":"08077000500"},"type":"Polygon","arcs":[[-102,-293,-260,100,-251]],"id":"08077000500"},{"properties":{"name":"08077000400","fips":"08077000400"},"type":"Polygon","arcs":[[101,-249,-298,-294]],"id":"08077000400"},{"properties":{"name":"08037000200","fips":"08037000200"},"type":"Polygon","arcs":[[102,103,104]],"id":"08037000200"},{"properties":{"name":"08045951901","fips":"08045951901"},"type":"Polygon","arcs":[[-108,105,-119,-150,-350,-112]],"id":"08045951901"},{"properties":{"name":"08001009401","fips":"08001009401"},"type":"Polygon","arcs":[[-528,-798,-901,-216,-511,-753]],"id":"08001009401"},{"properties":{"name":"08001009406","fips":"08001009406"},"type":"Polygon","arcs":[[-899,-413,-255,-793,-217]],"id":"08001009406"},{"properties":{"name":"08045952001","fips":"08045952001"},"type":"Polygon","arcs":[[106,107,-111]],"id":"08045952001"},{"properties":{"name":"08045952002","fips":"08045952002"},"type":"Polygon","arcs":[[108,109,110,111,-349,-131]],"id":"08045952002"},{"properties":{"name":"08045951803","fips":"08045951803"},"type":"Polygon","arcs":[[-127,112,113,-117]],"id":"08045951803"},{"properties":{"name":"08001008542","fips":"08001008542"},"type":"Polygon","arcs":[[-1366,-1242,-1240,-556,-595]],"id":"08001008542"},{"properties":{"name":"08013012511","fips":"08013012511"},"type":"Polygon","arcs":[[-1096,-970,-1062,-1080,114,-988]],"id":"08013012511"},{"properties":{"name":"08045951804","fips":"08045951804"},"type":"Polygon","arcs":[[115,-152,-118,116]],"id":"08045951804"},{"properties":{"name":"08045951802","fips":"08045951802"},"type":"Polygon","arcs":[[117,-151,118,119,120,121,122,123,124,125,126]],"id":"08045951802"},{"properties":{"name":"08045952100","fips":"08045952100"},"type":"Polygon","arcs":[[-348,-335,127,128,129,130]],"id":"08045952100"},{"properties":{"name":"08067970704","fips":"08067970704"},"type":"Polygon","arcs":[[-137,-138,-401,-195]],"id":"08067970704"},{"properties":{"name":"08067940300","fips":"08067940300"},"type":"Polygon","arcs":[[-196,-364,131,-186]],"id":"08067940300"},{"properties":{"name":"08097000500","fips":"08097000500"},"type":"Polygon","arcs":[[-381,132,133,-143,-140,-155,134,135,-199]],"id":"08097000500"},{"properties":{"name":"08067970703","fips":"08067970703"},"type":"Polygon","arcs":[[-141,-179,-174,-139,136,-194,-190]],"id":"08067970703"},{"properties":{"name":"08067970701","fips":"08067970701"},"type":"Polygon","arcs":[[-156,-142,-188,-218,-237,-402,137,138,-176]],"id":"08067970701"},{"properties":{"name":"08097000401","fips":"08097000401"},"type":"Polygon","arcs":[[-145,-146,139]],"id":"08097000401"},{"properties":{"name":"08067971100","fips":"08067971100"},"type":"Polygon","arcs":[[-180,140,-189,141,-157]],"id":"08067971100"},{"properties":{"name":"08069001707","fips":"08069001707"},"type":"Polygon","arcs":[[-724,-253,-274,-680]],"id":"08069001707"},{"properties":{"name":"08097000402","fips":"08097000402"},"type":"Polygon","arcs":[[142,143,-147,144]],"id":"08097000402"},{"properties":{"name":"08097000100","fips":"08097000100"},"type":"Polygon","arcs":[[145,146,147,148,-351,149,150,151,152,153,154]],"id":"08097000100"},{"properties":{"name":"08001009553","fips":"08001009553"},"type":"Polygon","arcs":[[-750,-746,-285,-163,-536,-2411,-2437,-1522]],"id":"08001009553"},{"properties":{"name":"08117000402","fips":"08117000402"},"type":"Polygon","arcs":[[-169,-165,-435,-159]],"id":"08117000402"},{"properties":{"name":"08067971000","fips":"08067971000"},"type":"Polygon","arcs":[[155,-175,-177,156]],"id":"08067971000"},{"properties":{"name":"08001008706","fips":"08001008706"},"type":"Polygon","arcs":[[-1515,-449,157,-652]],"id":"08001008706"},{"properties":{"name":"08117000401","fips":"08117000401"},"type":"Polygon","arcs":[[-434,-507,-170,158]],"id":"08117000401"},{"properties":{"name":"08117000100","fips":"08117000100"},"type":"Polygon","arcs":[[-167,159,160,161,-166]],"id":"08117000100"},{"properties":{"name":"08065961700","fips":"08065961700"},"type":"Polygon","arcs":[[199]],"id":"08065961700"},{"properties":{"name":"08001008536","fips":"08001008536"},"type":"Polygon","arcs":[[-543,-386,-648,-559]],"id":"08001008536"},{"properties":{"name":"08001009307","fips":"08001009307"},"type":"Polygon","arcs":[[162,-284,-424,-426,-464,-288,-173,-537]],"id":"08001009307"},{"properties":{"name":"08117000200","fips":"08117000200"},"type":"Polygon","arcs":[[163,-372,-503,-436,164,-168,165]],"id":"08117000200"},{"properties":{"name":"08001009101","fips":"08001009101"},"type":"Polygon","arcs":[[-286,-531,-563,-388,-661]],"id":"08001009101"},{"properties":{"name":"08117000300","fips":"08117000300"},"type":"Polygon","arcs":[[166,167,168,169,-198,170,171]],"id":"08117000300"},{"properties":{"name":"08001009002","fips":"08001009002"},"type":"Polygon","arcs":[[172,-287,-538]],"id":"08001009002"},{"properties":{"name":"08067970900","fips":"08067970900"},"type":"Polygon","arcs":[[173,-178,174,175]],"id":"08067970900"},{"properties":{"name":"08067970800","fips":"08067970800"},"type":"Polygon","arcs":[[176,177,178,179]],"id":"08067970800"},{"properties":{"name":"08029965100","fips":"08029965100"},"type":"Polygon","arcs":[[-202,-442,-418,-203]],"id":"08029965100"},{"properties":{"name":"08029965200","fips":"08029965200"},"type":"Polygon","arcs":[[-343,-183,-208]],"id":"08029965200"},{"properties":{"name":"08029964600","fips":"08029964600"},"type":"Polygon","arcs":[[180,-184,-353]],"id":"08029964600"},{"properties":{"name":"08029965000","fips":"08029965000"},"type":"Polygon","arcs":[[181,-444,-201,-205,182,-342,183]],"id":"08029965000"},{"properties":{"name":"08069002007","fips":"08069002007"},"type":"Polygon","arcs":[[-191,-185,-263,-254,-719]],"id":"08069002007"},{"properties":{"name":"08069002005","fips":"08069002005"},"type":"Polygon","arcs":[[-483,-264,184]],"id":"08069002005"},{"properties":{"name":"08067940400","fips":"08067940400"},"type":"Polygon","arcs":[[185,186,-220,187,188,189]],"id":"08067940400"},{"properties":{"name":"08069002008","fips":"08069002008"},"type":"Polygon","arcs":[[-484,190,-679]],"id":"08069002008"},{"properties":{"name":"08069001903","fips":"08069001903"},"type":"Polygon","arcs":[[-534,-996,-1021,-571,-614,191,192,-620]],"id":"08069001903"},{"properties":{"name":"08067970600","fips":"08067970600"},"type":"Polygon","arcs":[[193,194,-400,-380,-491,-365,195]],"id":"08067970600"},{"properties":{"name":"08065961900","fips":"08065961900"},"type":"Polygon","arcs":[[196,197,-506,-438,-385,-382,198],[199]],"id":"08065961900"},{"properties":{"name":"08069001806","fips":"08069001806"},"type":"Polygon","arcs":[[-276,-252,-587,-676]],"id":"08069001806"},{"properties":{"name":"08029964900","fips":"08029964900"},"type":"Polygon","arcs":[[-206,200,-443,201,-204]],"id":"08029964900"},{"properties":{"name":"08029964800","fips":"08029964800"},"type":"Polygon","arcs":[[202,-417,-319,-207,203]],"id":"08029964800"},{"properties":{"name":"08029964700","fips":"08029964700"},"type":"Polygon","arcs":[[204,205,206,-344,207]],"id":"08029964700"},{"properties":{"name":"08003960200","fips":"08003960200"},"type":"Polygon","arcs":[[-258,-265,208,-269]],"id":"08003960200"},{"properties":{"name":"08113968102","fips":"08113968102"},"type":"Polygon","arcs":[[209,-212]],"id":"08113968102"},{"properties":{"name":"08113968101","fips":"08113968101"},"type":"Polygon","arcs":[[-223,-405,210,211,212]],"id":"08113968101"},{"properties":{"name":"08113968200","fips":"08113968200"},"type":"Polygon","arcs":[[-226,213,-454,214]],"id":"08113968200"},{"properties":{"name":"08001009407","fips":"08001009407"},"type":"Polygon","arcs":[[-761,-512,215,-900,216]],"id":"08001009407"},{"properties":{"name":"08001009323","fips":"08001009323"},"type":"Polygon","arcs":[[-741,-463,-387,-476,-468,-742]],"id":"08001009323"},{"properties":{"name":"08079973600","fips":"08079973600"},"type":"Polygon","arcs":[[-271,-280,-471,-379,-228]],"id":"08079973600"},{"properties":{"name":"08083969400","fips":"08083969400"},"type":"Polygon","arcs":[[-242,-248]],"id":"08083969400"},{"properties":{"name":"08083969100","fips":"08083969100"},"type":"Polygon","arcs":[[-239,-238,217,-219]],"id":"08083969100"},{"properties":{"name":"08077001302","fips":"08077001302"},"type":"Polygon","arcs":[[-309,-366,-318,-291]],"id":"08077001302"},{"properties":{"name":"08083941100","fips":"08083941100"},"type":"Polygon","arcs":[[-232,-240,218,219,220]],"id":"08083941100"},{"properties":{"name":"08091967600","fips":"08091967600"},"type":"Polygon","arcs":[[-411,-430,221,-376,-406,222,223,-452]],"id":"08091967600"},{"properties":{"name":"08033000100","fips":"08033000100"},"type":"Polygon","arcs":[[-403,-236,-234,224,225,226]],"id":"08033000100"},{"properties":{"name":"08109977600","fips":"08109977600"},"type":"Polygon","arcs":[[-1543,-2905,-256,-272,227,-378,228,229,-397,-391,230]],"id":"08109977600"},{"properties":{"name":"08083969200","fips":"08083969200"},"type":"Polygon","arcs":[[-245,-241,231,232,233,-235]],"id":"08083969200"},{"properties":{"name":"08083969000","fips":"08083969000"},"type":"Polygon","arcs":[[-246,234,235,236,237,-243]],"id":"08083969000"},{"properties":{"name":"08083969600","fips":"08083969600"},"type":"Polygon","arcs":[[238,239,240,-244,241,-247,242]],"id":"08083969600"},{"properties":{"name":"08077001102","fips":"08077001102"},"type":"Polygon","arcs":[[-329,-341,-307,-303]],"id":"08077001102"},{"properties":{"name":"08083969300","fips":"08083969300"},"type":"Polygon","arcs":[[243,244,245,246,247]],"id":"08083969300"},{"properties":{"name":"08105976700","fips":"08105976700"},"type":"Polygon","arcs":[[282]],"id":"08105976700"},{"properties":{"name":"08077000300","fips":"08077000300"},"type":"Polygon","arcs":[[-250,-304,-299,248]],"id":"08077000300"},{"properties":{"name":"08077000200","fips":"08077000200"},"type":"Polygon","arcs":[[-313,-305,249,250]],"id":"08077000200"},{"properties":{"name":"08077001404","fips":"08077001404"},"type":"Polygon","arcs":[[-322,-327,-289]],"id":"08077001404"},{"properties":{"name":"08069001804","fips":"08069001804"},"type":"Polygon","arcs":[[251,-275,252,-723,-720,253,-262,-588]],"id":"08069001804"},{"properties":{"name":"08001009411","fips":"08001009411"},"type":"Polygon","arcs":[[254,-412,-514,-801]],"id":"08001009411"},{"properties":{"name":"08003960000","fips":"08003960000"},"type":"Polygon","arcs":[[-277,-273,255,-2904,-1595,256,-266,257,-268]],"id":"08003960000"},{"properties":{"name":"08077000601","fips":"08077000601"},"type":"Polygon","arcs":[[-301,258,259,260]],"id":"08077000601"},{"properties":{"name":"08069001901","fips":"08069001901"},"type":"Polygon","arcs":[[261,262,263,-482,-617,-589]],"id":"08069001901"},{"properties":{"name":"08069000600","fips":"08069000600"},"type":"Polygon","arcs":[[-698,-700,-710,-808,-791,-783,-732]],"id":"08069000600"},{"properties":{"name":"08003960100","fips":"08003960100"},"type":"Polygon","arcs":[[264,265,266,-278,267,268,269]],"id":"08003960100"},{"properties":{"name":"08109977700","fips":"08109977700"},"type":"Polygon","arcs":[[270,271,272,-281]],"id":"08109977700"},{"properties":{"name":"08069001807","fips":"08069001807"},"type":"Polygon","arcs":[[-675,273,274,275]],"id":"08069001807"},{"properties":{"name":"08105977000","fips":"08105977000"},"type":"Polygon","arcs":[[276,277,278,-472,279,280],[281],[282]],"id":"08105977000"},{"properties":{"name":"08001009308","fips":"08001009308"},"type":"Polygon","arcs":[[-754,-425,283,284]],"id":"08001009308"},{"properties":{"name":"08001009001","fips":"08001009001"},"type":"Polygon","arcs":[[-734,-532,285,-660,-539,286,287]],"id":"08001009001"},{"properties":{"name":"08123000502","fips":"08123000502"},"type":"Polygon","arcs":[[-1208,-1214,-1282,-1225,-1200]],"id":"08123000502"},{"properties":{"name":"08077001501","fips":"08077001501"},"type":"Polygon","arcs":[[-324,-321,-339]],"id":"08077001501"},{"properties":{"name":"08077001403","fips":"08077001403"},"type":"Polygon","arcs":[[-326,-296,-290,-316,288]],"id":"08077001403"},{"properties":{"name":"08077001301","fips":"08077001301"},"type":"Polygon","arcs":[[-317,289,-295,-310,290]],"id":"08077001301"},{"properties":{"name":"08077001002","fips":"08077001002"},"type":"Polygon","arcs":[[291,292,293,-297,-332]],"id":"08077001002"},{"properties":{"name":"08077000900","fips":"08077000900"},"type":"Polygon","arcs":[[294,295,-325,-337,-328,296,297,298,-311]],"id":"08077000900"},{"properties":{"name":"08077001101","fips":"08077001101"},"type":"Polygon","arcs":[[299,300,301,-330,302,-306,-315]],"id":"08077001101"},{"properties":{"name":"08077000800","fips":"08077000800"},"type":"Polygon","arcs":[[303,304,-312,305,306,307,-367,308,309,310]],"id":"08077000800"},{"properties":{"name":"08077000700","fips":"08077000700"},"type":"Polygon","arcs":[[311,312,313,314]],"id":"08077000700"},{"properties":{"name":"08077001900","fips":"08077001900"},"type":"Polygon","arcs":[[315,316,317,-371,-356,-345,318,-416,-456,319,-333,320,-323,321]],"id":"08077001900"},{"properties":{"name":"08077001402","fips":"08077001402"},"type":"Polygon","arcs":[[322,323,-338,324,325,326]],"id":"08077001402"},{"properties":{"name":"08077001600","fips":"08077001600"},"type":"Polygon","arcs":[[327,-336,-346,-354,328,329,330,331]],"id":"08077001600"},{"properties":{"name":"08077001502","fips":"08077001502"},"type":"Polygon","arcs":[[332,333,334,-347,335,336,337,338]],"id":"08077001502"},{"properties":{"name":"08077001703","fips":"08077001703"},"type":"Polygon","arcs":[[-362,339,340,-358]],"id":"08077001703"},{"properties":{"name":"08077001800","fips":"08077001800"},"type":"Polygon","arcs":[[341,342,343,344,-355,345,346,347,348,349,350,351,352]],"id":"08077001800"},{"properties":{"name":"08069002501","fips":"08069002501"},"type":"Polygon","arcs":[[-1272,-1254,-1186,-1163,-1312,-1304,-683,-580,-621,-478,-823,-586,-689,-625]],"id":"08069002501"},{"properties":{"name":"08077001702","fips":"08077001702"},"type":"Polygon","arcs":[[353,354,355,-370,356,-359,357]],"id":"08077001702"},{"properties":{"name":"08077001705","fips":"08077001705"},"type":"Polygon","arcs":[[358,359,360,361]],"id":"08077001705"},{"properties":{"name":"08085966300","fips":"08085966300"},"type":"Polygon","arcs":[[-460,-408,-409,-423]],"id":"08085966300"},{"properties":{"name":"08007940400","fips":"08007940400"},"type":"Polygon","arcs":[[362,363,364,-490]],"id":"08007940400"},{"properties":{"name":"08077001200","fips":"08077001200"},"type":"Polygon","arcs":[[365,366,367,368,369,370]],"id":"08077001200"},{"properties":{"name":"08019014900","fips":"08019014900"},"type":"Polygon","arcs":[[-504,371,372,373,374]],"id":"08019014900"},{"properties":{"name":"08053973100","fips":"08053973100"},"type":"Polygon","arcs":[[375,376,377,378,-470,-492,379,-407]],"id":"08053973100"},{"properties":{"name":"08015000401","fips":"08015000401"},"type":"Polygon","arcs":[[380,381,-384,-399,382]],"id":"08015000401"},{"properties":{"name":"08015000402","fips":"08015000402"},"type":"Polygon","arcs":[[-392,383,384,-437,-500]],"id":"08015000402"},{"properties":{"name":"08015000100","fips":"08015000100"},"type":"Polygon","arcs":[[-395,-389]],"id":"08015000100"},{"properties":{"name":"08001008539","fips":"08001008539"},"type":"Polygon","arcs":[[-655,-414,-644,385,-544]],"id":"08001008539"},{"properties":{"name":"08001009327","fips":"08001009327"},"type":"Polygon","arcs":[[-477,386,-462,-517,-803,-547]],"id":"08001009327"},{"properties":{"name":"08001009207","fips":"08001009207"},"type":"Polygon","arcs":[[387,-562,-549,-662]],"id":"08001009207"},{"properties":{"name":"08001008548","fips":"08001008548"},"type":"Polygon","arcs":[[-635,-575,-609,-553]],"id":"08001008548"},{"properties":{"name":"08015000200","fips":"08015000200"},"type":"Polygon","arcs":[[388,-394,389,390,-396]],"id":"08015000200"},{"properties":{"name":"08015000300","fips":"08015000300"},"type":"Polygon","arcs":[[391,-499,392,393,394,395,396,397,398]],"id":"08015000300"},{"properties":{"name":"08111972600","fips":"08111972600"},"type":"Polygon","arcs":[[399,400,401,402,403,404,405,406]],"id":"08111972600"},{"properties":{"name":"08085966502","fips":"08085966502"},"type":"Polygon","arcs":[[-461,-422,-433]],"id":"08085966502"},{"properties":{"name":"08085966601","fips":"08085966601"},"type":"Polygon","arcs":[[407,-459,-432,-410]],"id":"08085966601"},{"properties":{"name":"08085966602","fips":"08085966602"},"type":"Polygon","arcs":[[-420,408,409,-431,410,-451,-419]],"id":"08085966602"},{"properties":{"name":"08001060100","fips":"08001060100"},"type":"Polygon","arcs":[[-606,-555,-466,-1345,-1251]],"id":"08001060100"},{"properties":{"name":"08001009410","fips":"08001009410"},"type":"Polygon","arcs":[[-515,411,412,-898]],"id":"08001009410"},{"properties":{"name":"08001008802","fips":"08001008802"},"type":"Polygon","arcs":[[-640,-645,413,-654,414,-450,-496,-541,-440]],"id":"08001008802"},{"properties":{"name":"08085966201","fips":"08085966201"},"type":"Polygon","arcs":[[-457,415,416,417,-441,-421,418]],"id":"08085966201"},{"properties":{"name":"08085966503","fips":"08085966503"},"type":"Polygon","arcs":[[419,420,-447,-428,421,422]],"id":"08085966503"},{"properties":{"name":"08007974200","fips":"08007974200"},"type":"Polygon","arcs":[[-469,-494]],"id":"08007974200"},{"properties":{"name":"08001008529","fips":"08001008529"},"type":"Polygon","arcs":[[-565,-743,-467,-554,-602,-551,-594,-481]],"id":"08001008529"},{"properties":{"name":"08001008534","fips":"08001008534"},"type":"Polygon","arcs":[[-573,-439,-488,-485]],"id":"08001008534"},{"properties":{"name":"08001009306","fips":"08001009306"},"type":"Polygon","arcs":[[423,424,-758,-427]],"id":"08001009306"},{"properties":{"name":"08001009318","fips":"08001009318"},"type":"Polygon","arcs":[[-759,-796,-465,425,426,-513]],"id":"08001009318"},{"properties":{"name":"08085966501","fips":"08085966501"},"type":"Polygon","arcs":[[427,-446,428,429,430,431,-458,432]],"id":"08085966501"},{"properties":{"name":"08093000400","fips":"08093000400"},"type":"Polygon","arcs":[[433,434,435,-502,-509,-1739,-501,436,437,-508]],"id":"08093000400"},{"properties":{"name":"08001009103","fips":"08001009103"},"type":"Polygon","arcs":[[-540,-658,-548,438,-572,-641,439]],"id":"08001009103"},{"properties":{"name":"08001008603","fips":"08001008603"},"type":"Polygon","arcs":[[-1362,-667,-716,-649,-633,-1172]],"id":"08001008603"},{"properties":{"name":"08085966202","fips":"08085966202"},"type":"Polygon","arcs":[[440,441,442,443,444,445,446]],"id":"08085966202"},{"properties":{"name":"08001008705","fips":"08001008705"},"type":"Polygon","arcs":[[447,448,-1514,-497,449]],"id":"08001008705"},{"properties":{"name":"08085966100","fips":"08085966100"},"type":"Polygon","arcs":[[450,451,452,453,454,455,456]],"id":"08085966100"},{"properties":{"name":"08085966400","fips":"08085966400"},"type":"Polygon","arcs":[[457,458,459,460]],"id":"08085966400"},{"properties":{"name":"08001009304","fips":"08001009304"},"type":"Polygon","arcs":[[-795,-518,461,462,-735,463,464]],"id":"08001009304"},{"properties":{"name":"08001060200","fips":"08001060200"},"type":"Polygon","arcs":[[465,466,467,-475,-479,-1169,-1269]],"id":"08001060200"},{"properties":{"name":"08007974400","fips":"08007974400"},"type":"Polygon","arcs":[[468,-493,469,470,471,472,473,-495]],"id":"08007974400"},{"properties":{"name":"08001009325","fips":"08001009325"},"type":"Polygon","arcs":[[-546,-480,474,475,476]],"id":"08001009325"},{"properties":{"name":"08069001601","fips":"08069001601"},"type":"Polygon","arcs":[[-693,-694,-805,-824,477,-624]],"id":"08069001601"},{"properties":{"name":"08001009408","fips":"08001009408"},"type":"Polygon","arcs":[[478,479,-516,-891,-1322,-1170]],"id":"08001009408"},{"properties":{"name":"08001008524","fips":"08001008524"},"type":"Polygon","arcs":[[-601,-598,-603,-636,-552]],"id":"08001008524"},{"properties":{"name":"08001008508","fips":"08001008508"},"type":"Polygon","arcs":[[-566,480,-486,-487]],"id":"08001008508"},{"properties":{"name":"08069002011","fips":"08069002011"},"type":"Polygon","arcs":[[-535,-663,-618,481,482,483,-678]],"id":"08069002011"},{"properties":{"name":"08001008550","fips":"08001008550"},"type":"Polygon","arcs":[[484,485,-593,-611,-574]],"id":"08001008550"},{"properties":{"name":"08001008533","fips":"08001008533"},"type":"Polygon","arcs":[[-560,-738,-567,486,487,-550]],"id":"08001008533"},{"properties":{"name":"08007974300","fips":"08007974300"},"type":"Polygon","arcs":[[488,489,490,491,492,493,494]],"id":"08007974300"},{"properties":{"name":"08001008901","fips":"08001008901"},"type":"Polygon","arcs":[[-2413,-542,495,496,-1513,-2377]],"id":"08001008901"},{"properties":{"name":"08001009608","fips":"08001009608"},"type":"Polygon","arcs":[[-1517,-886,-520]],"id":"08001009608"},{"properties":{"name":"08093000500","fips":"08093000500"},"type":"Polygon","arcs":[[-2230,497,498,499,500,-1738,-2237,-2263]],"id":"08093000500"},{"properties":{"name":"08093000100","fips":"08093000100"},"type":"Polygon","arcs":[[501,502,503,504,-1702,-1695,-1741,-510]],"id":"08093000100"},{"properties":{"name":"08093000300","fips":"08093000300"},"type":"Polygon","arcs":[[505,506,507]],"id":"08093000300"},{"properties":{"name":"08093000200","fips":"08093000200"},"type":"Polygon","arcs":[[-1740,508,509]],"id":"08093000200"},{"properties":{"name":"08001009606","fips":"08001009606"},"type":"Polygon","arcs":[[-1519,-519,-529,-748]],"id":"08001009606"},{"properties":{"name":"08001009320","fips":"08001009320"},"type":"Polygon","arcs":[[-757,-751,510,511,-760,512]],"id":"08001009320"},{"properties":{"name":"08001009409","fips":"08001009409"},"type":"Polygon","arcs":[[513,514,-897,515,-545]],"id":"08001009409"},{"properties":{"name":"08001009322","fips":"08001009322"},"type":"Polygon","arcs":[[516,517,-794,-804]],"id":"08001009322"},{"properties":{"name":"08001009607","fips":"08001009607"},"type":"Polygon","arcs":[[-530,518,-1518,519,-881]],"id":"08001009607"},{"properties":{"name":"08069001301","fips":"08069001301"},"type":"Polygon","arcs":[[-626,-691,-789,-527,-813,520,-576]],"id":"08069001301"},{"properties":{"name":"08069001114","fips":"08069001114"},"type":"Polygon","arcs":[[-522,-727,-629,-673]],"id":"08069001114"},{"properties":{"name":"08069001113","fips":"08069001113"},"type":"Polygon","arcs":[[-728,521,-672,-526,-523]],"id":"08069001113"},{"properties":{"name":"08069001107","fips":"08069001107"},"type":"Polygon","arcs":[[-525,-762,-730,522]],"id":"08069001107"},{"properties":{"name":"08069001104","fips":"08069001104"},"type":"Polygon","arcs":[[-763,-524,-818,-697]],"id":"08069001104"},{"properties":{"name":"08069001112","fips":"08069001112"},"type":"Polygon","arcs":[[523,524,525,-671,-819]],"id":"08069001112"},{"properties":{"name":"08069001010","fips":"08069001010"},"type":"Polygon","arcs":[[-766,-582,-685,-628]],"id":"08069001010"},{"properties":{"name":"08069001007","fips":"08069001007"},"type":"Polygon","arcs":[[-630,-726,-771,-769,-767]],"id":"08069001007"},{"properties":{"name":"08069000300","fips":"08069000300"},"type":"Polygon","arcs":[[526,-788,-585,-709,-706,-814]],"id":"08069000300"},{"properties":{"name":"08069002700","fips":"08069002700"},"type":"Polygon","arcs":[[-1182,-533]],"id":"08069002700"},{"properties":{"name":"08001009604","fips":"08001009604"},"type":"Polygon","arcs":[[-799,527,-747,528,529,-832]],"id":"08001009604"},{"properties":{"name":"08001009202","fips":"08001009202"},"type":"Polygon","arcs":[[-733,-564,530,531]],"id":"08001009202"},{"properties":{"name":"08069002600","fips":"08069002600"},"type":"Polygon","arcs":[[532,-1181,-975,-997,533,-619,-664,534,-677,-1183]],"id":"08069002600"},{"properties":{"name":"08001015000","fips":"08001015000"},"type":"Polygon","arcs":[[535,536,537,538,-659,539,540,541,-2412]],"id":"08001015000"},{"properties":{"name":"08001008538","fips":"08001008538"},"type":"Polygon","arcs":[[542,-558,-656,543]],"id":"08001008538"},{"properties":{"name":"08001009326","fips":"08001009326"},"type":"Polygon","arcs":[[-802,544,545,546]],"id":"08001009326"},{"properties":{"name":"08001009206","fips":"08001009206"},"type":"Polygon","arcs":[[547,548,-561,549]],"id":"08001009206"},{"properties":{"name":"08001008546","fips":"08001008546"},"type":"Polygon","arcs":[[-592,550,551,552]],"id":"08001008546"},{"properties":{"name":"08001008526","fips":"08001008526"},"type":"Polygon","arcs":[[-597,-599,553,554,-605]],"id":"08001008526"},{"properties":{"name":"08001008401","fips":"08001008401"},"type":"Polygon","arcs":[[-3005,-1537,-1470,-557,-1238,-569,-3163]],"id":"08001008401"},{"properties":{"name":"08001008523","fips":"08001008523"},"type":"Polygon","arcs":[[-647,-643,-638,-634,-650,-714,-596,555,-1239,556,-1472,-657,557,558]],"id":"08001008523"},{"properties":{"name":"08001009204","fips":"08001009204"},"type":"Polygon","arcs":[[-739,559,560,561,562,563,-736]],"id":"08001009204"},{"properties":{"name":"08001008507","fips":"08001008507"},"type":"Polygon","arcs":[[564,565,566,-737,-744]],"id":"08001008507"},{"properties":{"name":"08001008402","fips":"08001008402"},"type":"Polygon","arcs":[[-860,-853,-868,567,-3156,568,-1237]],"id":"08001008402"},{"properties":{"name":"08069002802","fips":"08069002802"},"type":"Polygon","arcs":[[569,-612,570,-1026]],"id":"08069002802"},{"properties":{"name":"08001008551","fips":"08001008551"},"type":"Polygon","arcs":[[-642,571,572,573,-610,574,-639]],"id":"08001008551"},{"properties":{"name":"08069002503","fips":"08069002503"},"type":"Polygon","arcs":[[575,576,577,578,-1274,-627]],"id":"08069002503"},{"properties":{"name":"08069001608","fips":"08069001608"},"type":"Polygon","arcs":[[-581,-622,579,-682,-584]],"id":"08069001608"},{"properties":{"name":"08069001607","fips":"08069001607"},"type":"Polygon","arcs":[[-583,-777,-623,580]],"id":"08069001607"},{"properties":{"name":"08069001606","fips":"08069001606"},"type":"Polygon","arcs":[[-686,581,-778,582,583]],"id":"08069001606"},{"properties":{"name":"08069000505","fips":"08069000505"},"type":"Polygon","arcs":[[-705,-702,-696,-816]],"id":"08069000505"},{"properties":{"name":"08069000202","fips":"08069000202"},"type":"Polygon","arcs":[[-713,-703,-707,584,-787,-810]],"id":"08069000202"},{"properties":{"name":"08069001307","fips":"08069001307"},"type":"Polygon","arcs":[[-786,-690,585,-827,-830]],"id":"08069001307"},{"properties":{"name":"08069001902","fips":"08069001902"},"type":"Polygon","arcs":[[-668,586,587,588,-616]],"id":"08069001902"},{"properties":{"name":"08125963100","fips":"08125963100"},"type":"Polygon","arcs":[[-946,589,-1903,-1896,590,-952]],"id":"08125963100"},{"properties":{"name":"08001008547","fips":"08001008547"},"type":"Polygon","arcs":[[591,-608,592,593]],"id":"08001008547"},{"properties":{"name":"08001008543","fips":"08001008543"},"type":"Polygon","arcs":[[594,595,-718,-666,-1367]],"id":"08001008543"},{"properties":{"name":"08001008544","fips":"08001008544"},"type":"Polygon","arcs":[[-600,596,-604,597]],"id":"08001008544"},{"properties":{"name":"08001008545","fips":"08001008545"},"type":"Polygon","arcs":[[598,599,600,601]],"id":"08001008545"},{"properties":{"name":"08001060000","fips":"08001060000"},"type":"Polygon","arcs":[[-1341,-607,-631,602,603,604,605,-1334]],"id":"08001060000"},{"properties":{"name":"08001061200","fips":"08001061200"},"type":"Polygon","arcs":[[-1340,-1430,-1291,-632,606]],"id":"08001061200"},{"properties":{"name":"08001008549","fips":"08001008549"},"type":"Polygon","arcs":[[607,608,609,610]],"id":"08001008549"},{"properties":{"name":"08069002801","fips":"08069002801"},"type":"Polygon","arcs":[[611,612,613]],"id":"08069002801"},{"properties":{"name":"08069001808","fips":"08069001808"},"type":"Polygon","arcs":[[614,-669,615,616,617,-665,618,619]],"id":"08069001808"},{"properties":{"name":"08069001605","fips":"08069001605"},"type":"Polygon","arcs":[[620,621,622,-776,-821,-774,623]],"id":"08069001605"},{"properties":{"name":"08069002502","fips":"08069002502"},"type":"Polygon","arcs":[[-1273,624,-692,625,626]],"id":"08069002502"},{"properties":{"name":"08069001009","fips":"08069001009"},"type":"Polygon","arcs":[[627,-684,-674,628,629]],"id":"08069001009"},{"properties":{"name":"08001008541","fips":"08001008541"},"type":"Polygon","arcs":[[630,631,-1290,-1171,632,-651,633,-637]],"id":"08001008541"},{"properties":{"name":"08001008540","fips":"08001008540"},"type":"Polygon","arcs":[[634,635,636,637,638]],"id":"08001008540"},{"properties":{"name":"08001008535","fips":"08001008535"},"type":"Polygon","arcs":[[-646,639,640,641,642]],"id":"08001008535"},{"properties":{"name":"08001008537","fips":"08001008537"},"type":"Polygon","arcs":[[643,644,645,646,647]],"id":"08001008537"},{"properties":{"name":"08001008606","fips":"08001008606"},"type":"Polygon","arcs":[[648,-715,649,650]],"id":"08001008606"},{"properties":{"name":"08001988700","fips":"08001988700"},"type":"Polygon","arcs":[[-1516,651,652,653,654,655,656,-1471,-2497,-2477,-2566,-2568,-2428,-2442,-2491]],"id":"08001988700"},{"properties":{"name":"08001009104","fips":"08001009104"},"type":"Polygon","arcs":[[657,658,659,660,661]],"id":"08001009104"},{"properties":{"name":"08069002010","fips":"08069002010"},"type":"Polygon","arcs":[[662,663,664]],"id":"08069002010"},{"properties":{"name":"08001008604","fips":"08001008604"},"type":"Polygon","arcs":[[665,-717,666,-1361]],"id":"08001008604"},{"properties":{"name":"08069001809","fips":"08069001809"},"type":"Polygon","arcs":[[667,668,669,-811,670,671,672,673,-688,-681,674,675]],"id":"08069001809"},{"properties":{"name":"08069001709","fips":"08069001709"},"type":"Polygon","arcs":[[676,677,678,-721,-725,679,680,-687,681,682,-1303,-1292,-1184]],"id":"08069001709"},{"properties":{"name":"08069001708","fips":"08069001708"},"type":"Polygon","arcs":[[683,684,685,686,687]],"id":"08069001708"},{"properties":{"name":"08069001308","fips":"08069001308"},"type":"Polygon","arcs":[[688,689,-785,690,691]],"id":"08069001308"},{"properties":{"name":"08069000802","fips":"08069000802"},"type":"Polygon","arcs":[[692,-773,-695]],"id":"08069000802"},{"properties":{"name":"08069000801","fips":"08069000801"},"type":"Polygon","arcs":[[-792,-806,693,694,-784]],"id":"08069000801"},{"properties":{"name":"08069000506","fips":"08069000506"},"type":"Polygon","arcs":[[-817,695,-699,696]],"id":"08069000506"},{"properties":{"name":"08069000504","fips":"08069000504"},"type":"Polygon","arcs":[[697,-764,698,-701]],"id":"08069000504"},{"properties":{"name":"08069000503","fips":"08069000503"},"type":"Polygon","arcs":[[-711,699,700,701,-704]],"id":"08069000503"},{"properties":{"name":"08069000402","fips":"08069000402"},"type":"Polygon","arcs":[[702,-712,703,704,-815,705,-708]],"id":"08069000402"},{"properties":{"name":"08069000401","fips":"08069000401"},"type":"Polygon","arcs":[[706,707,708]],"id":"08069000401"},{"properties":{"name":"08069000201","fips":"08069000201"},"type":"Polygon","arcs":[[709,710,711,712,-809]],"id":"08069000201"},{"properties":{"name":"08001008605","fips":"08001008605"},"type":"Polygon","arcs":[[713,714,715,716,717]],"id":"08001008605"},{"properties":{"name":"08069001704","fips":"08069001704"},"type":"Polygon","arcs":[[718,719,-722,720]],"id":"08069001704"},{"properties":{"name":"08069001706","fips":"08069001706"},"type":"Polygon","arcs":[[721,722,723,724]],"id":"08069001706"},{"properties":{"name":"08069001109","fips":"08069001109"},"type":"Polygon","arcs":[[-729,725,726,727]],"id":"08069001109"},{"properties":{"name":"08069001106","fips":"08069001106"},"type":"Polygon","arcs":[[-731,-772,728,729]],"id":"08069001106"},{"properties":{"name":"08069001111","fips":"08069001111"},"type":"Polygon","arcs":[[730,-765,731,-782]],"id":"08069001111"},{"properties":{"name":"08001009203","fips":"08001009203"},"type":"Polygon","arcs":[[732,733,734,-740,735]],"id":"08001009203"},{"properties":{"name":"08001008505","fips":"08001008505"},"type":"Polygon","arcs":[[736,737,738,739,740,-745]],"id":"08001008505"},{"properties":{"name":"08001008506","fips":"08001008506"},"type":"Polygon","arcs":[[741,742,743,744]],"id":"08001008506"},{"properties":{"name":"08001009501","fips":"08001009501"},"type":"Polygon","arcs":[[745,-749,746,-752,-755]],"id":"08001009501"},{"properties":{"name":"08001009502","fips":"08001009502"},"type":"Polygon","arcs":[[-1521,747,748,749]],"id":"08001009502"},{"properties":{"name":"08001009309","fips":"08001009309"},"type":"Polygon","arcs":[[750,-756,751,752]],"id":"08001009309"},{"properties":{"name":"08001009310","fips":"08001009310"},"type":"Polygon","arcs":[[753,754,755,756,757]],"id":"08001009310"},{"properties":{"name":"08001009319","fips":"08001009319"},"type":"Polygon","arcs":[[758,759,760,-797]],"id":"08001009319"},{"properties":{"name":"08069001110","fips":"08069001110"},"type":"Polygon","arcs":[[761,762,763,764]],"id":"08069001110"},{"properties":{"name":"08069001008","fips":"08069001008"},"type":"Polygon","arcs":[[-768,-779,765,766]],"id":"08069001008"},{"properties":{"name":"08069001004","fips":"08069001004"},"type":"Polygon","arcs":[[-820,767,768,-770,-775]],"id":"08069001004"},{"properties":{"name":"08069001003","fips":"08069001003"},"type":"Polygon","arcs":[[-781,769,770,771]],"id":"08069001003"},{"properties":{"name":"08069000902","fips":"08069000902"},"type":"Polygon","arcs":[[-780,772,773,774]],"id":"08069000902"},{"properties":{"name":"08069001603","fips":"08069001603"},"type":"Polygon","arcs":[[-822,775,776,777,778]],"id":"08069001603"},{"properties":{"name":"08069000901","fips":"08069000901"},"type":"Polygon","arcs":[[779,780,781,782,-790,783]],"id":"08069000901"},{"properties":{"name":"08069001304","fips":"08069001304"},"type":"Polygon","arcs":[[784,785,-829,-826,786,787,788]],"id":"08069001304"},{"properties":{"name":"08069000700","fips":"08069000700"},"type":"Polygon","arcs":[[789,790,-807,791]],"id":"08069000700"},{"properties":{"name":"08001009316","fips":"08001009316"},"type":"Polygon","arcs":[[792,-800,793,794,795,796]],"id":"08001009316"},{"properties":{"name":"08001009603","fips":"08001009603"},"type":"Polygon","arcs":[[-833,-839,-902,797,798,-831]],"id":"08001009603"},{"properties":{"name":"08001009321","fips":"08001009321"},"type":"Polygon","arcs":[[799,800,801,802,803]],"id":"08001009321"},{"properties":{"name":"08069000100","fips":"08069000100"},"type":"Polygon","arcs":[[-825,804,805,806,807,808,809]],"id":"08069000100"},{"properties":{"name":"08069002300","fips":"08069002300"},"type":"Polygon","arcs":[[810,811,812,813,814,815,816,817,818]],"id":"08069002300"},{"properties":{"name":"08069001602","fips":"08069001602"},"type":"Polygon","arcs":[[819,820,821]],"id":"08069001602"},{"properties":{"name":"08069001306","fips":"08069001306"},"type":"Polygon","arcs":[[822,823,824,825,-828,826]],"id":"08069001306"},{"properties":{"name":"08069001305","fips":"08069001305"},"type":"Polygon","arcs":[[827,828,829]],"id":"08069001305"},{"properties":{"name":"08059010209","fips":"08059010209"},"type":"Polygon","arcs":[[-836,-834,830,831,-885]],"id":"08059010209"},{"properties":{"name":"08059010305","fips":"08059010305"},"type":"Polygon","arcs":[[-877,-1683,-1875,-890,-852,-841,-932]],"id":"08059010305"},{"properties":{"name":"08059009832","fips":"08059009832"},"type":"Polygon","arcs":[[832,833,-835,-840]],"id":"08059009832"},{"properties":{"name":"08059009833","fips":"08059009833"},"type":"Polygon","arcs":[[-838,834,835,-884,-837]],"id":"08059009833"},{"properties":{"name":"08059009834","fips":"08059009834"},"type":"Polygon","arcs":[[-842,-844,-857,836]],"id":"08059009834"},{"properties":{"name":"08059009831","fips":"08059009831"},"type":"Polygon","arcs":[[837,-856,-847,-910,-903,838,839]],"id":"08059009831"},{"properties":{"name":"08059010210","fips":"08059010210"},"type":"Polygon","arcs":[[-933,840,-851,-849,-843]],"id":"08059010210"},{"properties":{"name":"08059010206","fips":"08059010206"},"type":"Polygon","arcs":[[-848,-845,841,-883,-934,842]],"id":"08059010206"},{"properties":{"name":"08059009835","fips":"08059009835"},"type":"Polygon","arcs":[[-858,843,844,-914,-846]],"id":"08059009835"},{"properties":{"name":"08059009828","fips":"08059009828"},"type":"Polygon","arcs":[[845,-918,-876,-892,-911,846,-859]],"id":"08059009828"},{"properties":{"name":"08059010205","fips":"08059010205"},"type":"Polygon","arcs":[[-850,-927,-915,847,848]],"id":"08059010205"},{"properties":{"name":"08059010303","fips":"08059010303"},"type":"Polygon","arcs":[[-928,849,850,851,-889,-938,-940,-945]],"id":"08059010303"},{"properties":{"name":"08087000600","fips":"08087000600"},"type":"Polygon","arcs":[[-866,-875,-854,-863,-869,852,-862,-855]],"id":"08087000600"},{"properties":{"name":"08087000300","fips":"08087000300"},"type":"Polygon","arcs":[[-861,-864,853,-874,-867,854]],"id":"08087000300"},{"properties":{"name":"08087000700","fips":"08087000700"},"type":"Polygon","arcs":[[871]],"id":"08087000700"},{"properties":{"name":"08059009830","fips":"08059009830"},"type":"Polygon","arcs":[[855,856,857,858]],"id":"08059009830"},{"properties":{"name":"08087000200","fips":"08087000200"},"type":"Polygon","arcs":[[859,-1236,-865,860,861]],"id":"08087000200"},{"properties":{"name":"08087000100","fips":"08087000100"},"type":"Polygon","arcs":[[-1036,-1285,-870,862,863,864,-1235,-1278]],"id":"08087000100"},{"properties":{"name":"08087000500","fips":"08087000500"},"type":"Polygon","arcs":[[865,866,-873]],"id":"08087000500"},{"properties":{"name":"08087000800","fips":"08087000800"},"type":"Polygon","arcs":[[867,868,869,-1284,870],[871]],"id":"08087000800"},{"properties":{"name":"08087000400","fips":"08087000400"},"type":"Polygon","arcs":[[872,873,874]],"id":"08087000400"},{"properties":{"name":"08059009829","fips":"08059009829"},"type":"Polygon","arcs":[[-917,-895,-880,-878,875]],"id":"08059009829"},{"properties":{"name":"08059010212","fips":"08059010212"},"type":"Polygon","arcs":[[-882,-887,-1598,-1684,876,-936]],"id":"08059010212"},{"properties":{"name":"08059009824","fips":"08059009824"},"type":"Polygon","arcs":[[877,-879,-893]],"id":"08059009824"},{"properties":{"name":"08059009823","fips":"08059009823"},"type":"Polygon","arcs":[[878,879,-894]],"id":"08059009823"},{"properties":{"name":"08059010208","fips":"08059010208"},"type":"Polygon","arcs":[[880,-888,881,-935,882,883,884]],"id":"08059010208"},{"properties":{"name":"08059010213","fips":"08059010213"},"type":"Polygon","arcs":[[885,-1599,886,887]],"id":"08059010213"},{"properties":{"name":"08059010304","fips":"08059010304"},"type":"Polygon","arcs":[[888,889,-1874,-937]],"id":"08059010304"},{"properties":{"name":"08059009839","fips":"08059009839"},"type":"Polygon","arcs":[[-930,-922,-905,-907]],"id":"08059009839"},{"properties":{"name":"08059060300","fips":"08059060300"},"type":"Polygon","arcs":[[-1389,-1324,-1387,-1323,890,-896,-1326]],"id":"08059060300"},{"properties":{"name":"08059060500","fips":"08059060500"},"type":"Polygon","arcs":[[-904,-912,891,892,893,894,-916,-925,-906,-920,-1084,-1060,-1333]],"id":"08059060500"},{"properties":{"name":"08059060400","fips":"08059060400"},"type":"Polygon","arcs":[[-1332,-1327,895,896,897,898,899,900,901,902,-913,903]],"id":"08059060400"},{"properties":{"name":"08059009851","fips":"08059009851"},"type":"Polygon","arcs":[[-908,904,-923,-939,-1652,-1731]],"id":"08059009851"},{"properties":{"name":"08013012509","fips":"08013012509"},"type":"Polygon","arcs":[[-972,-1100,-964]],"id":"08013012509"},{"properties":{"name":"08059009837","fips":"08059009837"},"type":"Polygon","arcs":[[-1679,-921,905,-924,-909]],"id":"08059009837"},{"properties":{"name":"08059009838","fips":"08059009838"},"type":"Polygon","arcs":[[906,907,-1735,-1680,908]],"id":"08059009838"},{"properties":{"name":"08059009827","fips":"08059009827"},"type":"Polygon","arcs":[[909,910,911,912]],"id":"08059009827"},{"properties":{"name":"08059009815","fips":"08059009815"},"type":"Polygon","arcs":[[913,914,-926,915,916,917]],"id":"08059009815"},{"properties":{"name":"08059009808","fips":"08059009808"},"type":"Polygon","arcs":[[-1650,918,-1465,-1015,-963,919,920,-1678,-1604,-1621]],"id":"08059009808"},{"properties":{"name":"08059009840","fips":"08059009840"},"type":"Polygon","arcs":[[921,-929,-943,922]],"id":"08059009840"},{"properties":{"name":"08059009836","fips":"08059009836"},"type":"Polygon","arcs":[[923,924,925,926,927,-944,928,929]],"id":"08059009836"},{"properties":{"name":"08115968300","fips":"08115968300"},"type":"Polygon","arcs":[[-1037,-1046,930,-947,-950]],"id":"08115968300"},{"properties":{"name":"08059010211","fips":"08059010211"},"type":"Polygon","arcs":[[931,932,933,934,935]],"id":"08059010211"},{"properties":{"name":"08059010307","fips":"08059010307"},"type":"Polygon","arcs":[[936,-1873,-941,937]],"id":"08059010307"},{"properties":{"name":"08059010306","fips":"08059010306"},"type":"Polygon","arcs":[[938,-942,939,940,-1872]],"id":"08059010306"},{"properties":{"name":"08059009841","fips":"08059009841"},"type":"Polygon","arcs":[[941,942,943,944]],"id":"08059009841"},{"properties":{"name":"08095967600","fips":"08095967600"},"type":"Polygon","arcs":[[945,-951,946,947]],"id":"08095967600"},{"properties":{"name":"08095967700","fips":"08095967700"},"type":"Polygon","arcs":[[948,-1038,949,950,951]],"id":"08095967700"},{"properties":{"name":"08013013003","fips":"08013013003"},"type":"Polygon","arcs":[[-1133,-1093,-1106,-1001,-1143,-968]],"id":"08013013003"},{"properties":{"name":"08013013401","fips":"08013013401"},"type":"Polygon","arcs":[[-976,-956,-953,-955]],"id":"08013013401"},{"properties":{"name":"08013013503","fips":"08013013503"},"type":"Polygon","arcs":[[-1053,-1069,-1052,952,-962]],"id":"08013013503"},{"properties":{"name":"08013013208","fips":"08013013208"},"type":"Polygon","arcs":[[-1076,-980,-958,-1056]],"id":"08013013208"},{"properties":{"name":"08013013006","fips":"08013013006"},"type":"Polygon","arcs":[[-1089,-1002,-1108,-1095,-966]],"id":"08013013006"},{"properties":{"name":"08013012203","fips":"08013012203"},"type":"Polygon","arcs":[[953,-1102,-1119,-1121,-969,-1145]],"id":"08013012203"},{"properties":{"name":"08013013402","fips":"08013013402"},"type":"Polygon","arcs":[[-977,954,-1051,-1063,-1178]],"id":"08013013402"},{"properties":{"name":"08013013210","fips":"08013013210"},"type":"Polygon","arcs":[[-982,-1058,-957,-978]],"id":"08013013210"},{"properties":{"name":"08013013302","fips":"08013013302"},"type":"Polygon","arcs":[[-959,-960,955,956,-1057]],"id":"08013013302"},{"properties":{"name":"08013013307","fips":"08013013307"},"type":"Polygon","arcs":[[957,-965,-961,958]],"id":"08013013307"},{"properties":{"name":"08013013308","fips":"08013013308"},"type":"Polygon","arcs":[[959,960,-985,961]],"id":"08013013308"},{"properties":{"name":"08013012510","fips":"08013012510"},"type":"Polygon","arcs":[[-1099,-1085,962,-1014,-973,963]],"id":"08013012510"},{"properties":{"name":"08013012907","fips":"08013012907"},"type":"Polygon","arcs":[[-967,-1153,-1425,-1050,-1149]],"id":"08013012907"},{"properties":{"name":"08013013305","fips":"08013013305"},"type":"Polygon","arcs":[[-986,964,-979,-974]],"id":"08013013305"},{"properties":{"name":"08013060900","fips":"08013060900"},"type":"Polygon","arcs":[[-1090,965,-1094,-1132,-1147,-1049,-1138]],"id":"08013060900"},{"properties":{"name":"08013012903","fips":"08013012903"},"type":"Polygon","arcs":[[-1154,966,-1134,967]],"id":"08013012903"},{"properties":{"name":"08013012701","fips":"08013012701"},"type":"Polygon","arcs":[[-1016,-1072,-984,-993,-992,-1139,968,-1151,-1125,-1006]],"id":"08013012701"},{"properties":{"name":"08013012507","fips":"08013012507"},"type":"Polygon","arcs":[[-971,-1114,969,-1101]],"id":"08013012507"},{"properties":{"name":"08013012505","fips":"08013012505"},"type":"Polygon","arcs":[[-1013,-991,-1112,970,971,972]],"id":"08013012505"},{"properties":{"name":"08013013201","fips":"08013013201"},"type":"Polygon","arcs":[[-1065,-1066,-1055,-987,973,-981,-998,974,-1180]],"id":"08013013201"},{"properties":{"name":"08013013211","fips":"08013013211"},"type":"Polygon","arcs":[[975,976,-1177,-1174,-1165,-1157,-983,977]],"id":"08013013211"},{"properties":{"name":"08013013207","fips":"08013013207"},"type":"Polygon","arcs":[[978,979,-1075,-999,980]],"id":"08013013207"},{"properties":{"name":"08013012101","fips":"08013012101"},"type":"Polygon","arcs":[[-1127,-1124,-1019,-990,-1007,-1131]],"id":"08013012101"},{"properties":{"name":"08013013205","fips":"08013013205"},"type":"Polygon","arcs":[[981,982,-1028,-994,983,-1071,-1059]],"id":"08013013205"},{"properties":{"name":"08013013306","fips":"08013013306"},"type":"Polygon","arcs":[[-1054,984,985,986]],"id":"08013013306"},{"properties":{"name":"08013012501","fips":"08013012501"},"type":"Polygon","arcs":[[-1086,-1097,987,988,-1003]],"id":"08013012501"},{"properties":{"name":"08013012201","fips":"08013012201"},"type":"Polygon","arcs":[[989,-1020,-1110,990,-1012,-1008]],"id":"08013012201"},{"properties":{"name":"08013012705","fips":"08013012705"},"type":"Polygon","arcs":[[-1140,991,-995]],"id":"08013012705"},{"properties":{"name":"08013012708","fips":"08013012708"},"type":"Polygon","arcs":[[992,993,-1027,-1141,994]],"id":"08013012708"},{"properties":{"name":"08013013601","fips":"08013013601"},"type":"Polygon","arcs":[[995,996,997,998,-1074,-1018,-1005,-1022]],"id":"08013013601"},{"properties":{"name":"08013012710","fips":"08013012710"},"type":"Polygon","arcs":[[999,-1144,1000,-1109,1001,-1088,-1087,1002]],"id":"08013012710"},{"properties":{"name":"08013013701","fips":"08013013701"},"type":"Polygon","arcs":[[1003,-1023,1004,-1017,1005,-1128,-1129,1006,1007,-1011]],"id":"08013013701"},{"properties":{"name":"08013013702","fips":"08013013702"},"type":"Polygon","arcs":[[1008,1009,1010,1011,1012,1013,1014,-1469]],"id":"08013013702"},{"properties":{"name":"08013013202","fips":"08013013202"},"type":"Polygon","arcs":[[1015,1016,1017,-1073]],"id":"08013013202"},{"properties":{"name":"08013012204","fips":"08013012204"},"type":"Polygon","arcs":[[1018,-1123,-1118,-1116,-1111,1019]],"id":"08013012204"},{"properties":{"name":"08013013602","fips":"08013013602"},"type":"Polygon","arcs":[[1020,1021,1022,1023,1024,1025]],"id":"08013013602"},{"properties":{"name":"08013012709","fips":"08013012709"},"type":"Polygon","arcs":[[-1156,-1142,1026,1027]],"id":"08013012709"},{"properties":{"name":"08075966300","fips":"08075966300"},"type":"Polygon","arcs":[[-1042,-1035,-1031,-1029]],"id":"08075966300"},{"properties":{"name":"08075966200","fips":"08075966200"},"type":"Polygon","arcs":[[-1033,-1043,1028,-1032]],"id":"08075966200"},{"properties":{"name":"08123000401","fips":"08123000401"},"type":"Polygon","arcs":[[-1206,-1030,-1211,-1210,-1197,-1201]],"id":"08123000401"},{"properties":{"name":"08123001100","fips":"08123001100"},"type":"Polygon","arcs":[[1029,-1205,-1192,-1458,-1212]],"id":"08123001100"},{"properties":{"name":"08075966100","fips":"08075966100"},"type":"Polygon","arcs":[[1030,-1034,1031]],"id":"08075966100"},{"properties":{"name":"08075966000","fips":"08075966000"},"type":"Polygon","arcs":[[-1048,-1044,1032,1033,1034,-1041,-1286,1035,-1277]],"id":"08075966000"},{"properties":{"name":"08075966400","fips":"08075966400"},"type":"Polygon","arcs":[[1036,1037,1038,1039,-1287,1040,1041,1042,1043,-1047]],"id":"08075966400"},{"properties":{"name":"08075965900","fips":"08075965900"},"type":"Polygon","arcs":[[1044,1045,1046,1047,-1276]],"id":"08075965900"},{"properties":{"name":"08013060800","fips":"08013060800"},"type":"MultiPolygon","arcs":[[[-1336,-1167,-1381]],[[-1319,-1091,-1136,1048,-1146,1049,-1424,-1338,-1337,-1383,-1168,-1265]]],"id":"08013060800"},{"properties":{"name":"08013013507","fips":"08013013507"},"type":"Polygon","arcs":[[-1064,1050,1051,-1068]],"id":"08013013507"},{"properties":{"name":"08013013505","fips":"08013013505"},"type":"Polygon","arcs":[[1052,1053,1054,-1070]],"id":"08013013505"},{"properties":{"name":"08013013212","fips":"08013013212"},"type":"Polygon","arcs":[[-1077,1055,1056,1057,1058]],"id":"08013013212"},{"properties":{"name":"08013061300","fips":"08013061300"},"type":"Polygon","arcs":[[-1061,-1082]],"id":"08013061300"},{"properties":{"name":"08013061400","fips":"08013061400"},"type":"Polygon","arcs":[[-1081,-1328,1059,-1083,1060]],"id":"08013061400"},{"properties":{"name":"08013012607","fips":"08013012607"},"type":"Polygon","arcs":[[-1078,1061,-1113,-1105]],"id":"08013012607"},{"properties":{"name":"08013013508","fips":"08013013508"},"type":"Polygon","arcs":[[1062,1063,-1067,1064,-1179]],"id":"08013013508"},{"properties":{"name":"08013013506","fips":"08013013506"},"type":"Polygon","arcs":[[1065,1066,1067,1068,1069]],"id":"08013013506"},{"properties":{"name":"08013013213","fips":"08013013213"},"type":"Polygon","arcs":[[1070,1071,1072,1073,1074,1075,1076]],"id":"08013013213"},{"properties":{"name":"08013012608","fips":"08013012608"},"type":"Polygon","arcs":[[1077,-1104,1078,1079]],"id":"08013012608"},{"properties":{"name":"08123002013","fips":"08123002013"},"type":"Polygon","arcs":[[-1403,-1351,-1434,-1135,-1409]],"id":"08123002013"},{"properties":{"name":"08013060600","fips":"08013060600"},"type":"Polygon","arcs":[[-1329,1080,1081,1082,1083,1084,-1098,1085,1086,-1092]],"id":"08013060600"},{"properties":{"name":"08013060700","fips":"08013060700"},"type":"Polygon","arcs":[[1087,1088,1089,-1137,1090,-1321,-1267,1091]],"id":"08013060700"},{"properties":{"name":"08013013005","fips":"08013013005"},"type":"Polygon","arcs":[[1092,1093,1094,-1107]],"id":"08013013005"},{"properties":{"name":"08013012508","fips":"08013012508"},"type":"Polygon","arcs":[[1095,1096,1097,1098,1099,1100]],"id":"08013012508"},{"properties":{"name":"08013012605","fips":"08013012605"},"type":"Polygon","arcs":[[1101,1102,1103,1104,-1120]],"id":"08013012605"},{"properties":{"name":"08013013004","fips":"08013013004"},"type":"Polygon","arcs":[[1105,1106,1107,1108]],"id":"08013013004"},{"properties":{"name":"08013012401","fips":"08013012401"},"type":"Polygon","arcs":[[1109,1110,-1115,1111]],"id":"08013012401"},{"properties":{"name":"08013012300","fips":"08013012300"},"type":"Polygon","arcs":[[1112,1113,1114,1115,-1117]],"id":"08013012300"},{"properties":{"name":"08013012202","fips":"08013012202"},"type":"Polygon","arcs":[[1116,1117,-1122,1118,1119]],"id":"08013012202"},{"properties":{"name":"08013012102","fips":"08013012102"},"type":"Polygon","arcs":[[1120,1121,1122,1123,-1126,-1152]],"id":"08013012102"},{"properties":{"name":"08013012105","fips":"08013012105"},"type":"Polygon","arcs":[[1124,-1150,1125,1126,-1130,1127]],"id":"08013012105"},{"properties":{"name":"08013012104","fips":"08013012104"},"type":"Polygon","arcs":[[1128,1129,1130]],"id":"08013012104"},{"properties":{"name":"08013012904","fips":"08013012904"},"type":"Polygon","arcs":[[-1148,1131,1132,1133]],"id":"08013012904"},{"properties":{"name":"08123002012","fips":"08123002012"},"type":"Polygon","arcs":[[-1353,-1411,-1410,1134,-1433,-1166,-1355]],"id":"08123002012"},{"properties":{"name":"08014980100","fips":"08014980100"},"type":"Polygon","arcs":[[1135,1136,1137]],"id":"08014980100"},{"properties":{"name":"08013012707","fips":"08013012707"},"type":"Polygon","arcs":[[1138,1139,1140,1141,-1155,1142,1143,1144]],"id":"08013012707"},{"properties":{"name":"08013012905","fips":"08013012905"},"type":"Polygon","arcs":[[1145,1146,1147,1148]],"id":"08013012905"},{"properties":{"name":"08013012103","fips":"08013012103"},"type":"Polygon","arcs":[[1149,1150,1151]],"id":"08013012103"},{"properties":{"name":"08013012800","fips":"08013012800"},"type":"Polygon","arcs":[[1152,1153,1154,1155,1156,-1164,-1426]],"id":"08013012800"},{"properties":{"name":"08123001412","fips":"08123001412"},"type":"Polygon","arcs":[[-1294,-1189,-1460,-1158]],"id":"08123001412"},{"properties":{"name":"08123001407","fips":"08123001407"},"type":"Polygon","arcs":[[-1159,-1161,-1295,1157]],"id":"08123001407"},{"properties":{"name":"08123001408","fips":"08123001408"},"type":"Polygon","arcs":[[-1162,1158,-1463,-1456]],"id":"08123001408"},{"properties":{"name":"08123001405","fips":"08123001405"},"type":"Polygon","arcs":[[-1160,-1190,-1232]],"id":"08123001405"},{"properties":{"name":"08123001406","fips":"08123001406"},"type":"Polygon","arcs":[[1159,-1231,-1296,1160,1161,-1459,-1191]],"id":"08123001406"},{"properties":{"name":"08123001414","fips":"08123001414"},"type":"Polygon","arcs":[[-1449,-1461,-1188,-1455]],"id":"08123001414"},{"properties":{"name":"08123001003","fips":"08123001003"},"type":"Polygon","arcs":[[-1446,-1193,-1204,-1195]],"id":"08123001003"},{"properties":{"name":"08123002207","fips":"08123002207"},"type":"Polygon","arcs":[[-1346,-1313,1162,-1185]],"id":"08123002207"},{"properties":{"name":"08123002009","fips":"08123002009"},"type":"Polygon","arcs":[[-1421,1163,1164,-1173,-1356,1165,-1432,-1428,-1339,-1420]],"id":"08123002009"},{"properties":{"name":"08014030900","fips":"08014030900"},"type":"Polygon","arcs":[[-1382,1166,-1374,-1398,-1397,-1266,1167]],"id":"08014030900"},{"properties":{"name":"08014030800","fips":"08014030800"},"type":"Polygon","arcs":[[-1385,-1379,-1268,1168,1169]],"id":"08014030800"},{"properties":{"name":"08123001908","fips":"08123001908"},"type":"Polygon","arcs":[[1170,-1289,-1358,-1406,-1175,-1370,-1363,1171]],"id":"08123001908"},{"properties":{"name":"08123002010","fips":"08123002010"},"type":"Polygon","arcs":[[-1176,-1413,-1352,-1357,1172,1173]],"id":"08123002010"},{"properties":{"name":"08123001906","fips":"08123001906"},"type":"Polygon","arcs":[[-1405,-1373,-1221,-1243,-1364,-1368,1174]],"id":"08123001906"},{"properties":{"name":"08123002103","fips":"08123002103"},"type":"Polygon","arcs":[[-1293,-1300,-1222,-1414,1175,1176,1177,1178,1179,1180,1181,1182,1183]],"id":"08123002103"},{"properties":{"name":"08123001410","fips":"08123001410"},"type":"Polygon","arcs":[[-1462,-1452,-1217,-1213,-1457]],"id":"08123001410"},{"properties":{"name":"08123002208","fips":"08123002208"},"type":"Polygon","arcs":[[1184,1185,-1253,-1250,-1309,-1347]],"id":"08123002208"},{"properties":{"name":"08123001417","fips":"08123001417"},"type":"Polygon","arcs":[[-1454,-1187,-1215,-1450]],"id":"08123001417"},{"properties":{"name":"08123001416","fips":"08123001416"},"type":"Polygon","arcs":[[-1249,-1216,1186,-1453,1187,1188,-1311]],"id":"08123001416"},{"properties":{"name":"08123001005","fips":"08123001005"},"type":"Polygon","arcs":[[-1194,-1228,-1233,1189,1190,1191,1192,-1448]],"id":"08123001005"},{"properties":{"name":"08123001004","fips":"08123001004"},"type":"Polygon","arcs":[[-1444,-1441,-1229,1193,-1447,1194,-1196,-1255]],"id":"08123001004"},{"properties":{"name":"08123000705","fips":"08123000705"},"type":"Polygon","arcs":[[-1439,-1442,-1260,-1223,-1246,-1263,-1230]],"id":"08123000705"},{"properties":{"name":"08123000800","fips":"08123000800"},"type":"Polygon","arcs":[[-1203,-1202,-1198,-1256,1195]],"id":"08123000800"},{"properties":{"name":"08123000200","fips":"08123000200"},"type":"Polygon","arcs":[[1196,-1199,-1257,1197]],"id":"08123000200"},{"properties":{"name":"08123000100","fips":"08123000100"},"type":"Polygon","arcs":[[-1258,1198,-1209,1199,-1224]],"id":"08123000100"},{"properties":{"name":"08123000300","fips":"08123000300"},"type":"Polygon","arcs":[[1200,1201,-1207]],"id":"08123000300"},{"properties":{"name":"08123000900","fips":"08123000900"},"type":"Polygon","arcs":[[1202,1203,1204,1205,1206]],"id":"08123000900"},{"properties":{"name":"08123000402","fips":"08123000402"},"type":"Polygon","arcs":[[-1219,1207,1208,1209]],"id":"08123000402"},{"properties":{"name":"08123001202","fips":"08123001202"},"type":"Polygon","arcs":[[1210,1211,1212,-1220]],"id":"08123001202"},{"properties":{"name":"08123001300","fips":"08123001300"},"type":"Polygon","arcs":[[-1248,-1226,-1283,1213,-1218,-1451,1214,1215]],"id":"08123001300"},{"properties":{"name":"08123001201","fips":"08123001201"},"type":"Polygon","arcs":[[1216,1217,1218,1219]],"id":"08123001201"},{"properties":{"name":"08123001800","fips":"08123001800"},"type":"Polygon","arcs":[[-1244,1220,-1372,-1305,-1415,1221,-1299,-1227,-1241]],"id":"08123001800"},{"properties":{"name":"08123000600","fips":"08123000600"},"type":"Polygon","arcs":[[1222,-1259,1223,1224,-1281,1225,-1247]],"id":"08123000600"},{"properties":{"name":"08123001700","fips":"08123001700"},"type":"Polygon","arcs":[[-1262,1226,-1298,-1234,1227,1228,-1440,1229]],"id":"08123001700"},{"properties":{"name":"08123001404","fips":"08123001404"},"type":"Polygon","arcs":[[1230,1231,1232,1233,-1297]],"id":"08123001404"},{"properties":{"name":"08059010801","fips":"08059010801"},"type":"Polygon","arcs":[[-1855,-1618,-1534,-1464]],"id":"08059010801"},{"properties":{"name":"08123002502","fips":"08123002502"},"type":"Polygon","arcs":[[-1261,-1279,1234,1235,1236,1237,1238,1239,-1245,1240]],"id":"08123002502"},{"properties":{"name":"08123001902","fips":"08123001902"},"type":"Polygon","arcs":[[1241,-1365,1242,1243,1244]],"id":"08123001902"},{"properties":{"name":"08123001500","fips":"08123001500"},"type":"Polygon","arcs":[[-1264,1245,1246,1247,1248,-1310,1249,-1252,-1270]],"id":"08123001500"},{"properties":{"name":"08014031000","fips":"08014031000"},"type":"Polygon","arcs":[[-1344,-1376,-1335,1250]],"id":"08014031000"},{"properties":{"name":"08123002300","fips":"08123002300"},"type":"Polygon","arcs":[[1251,1252,1253,-1271]],"id":"08123002300"},{"properties":{"name":"08123000701","fips":"08123000701"},"type":"Polygon","arcs":[[1254,1255,1256,1257,1258,1259,-1445]],"id":"08123000701"},{"properties":{"name":"08123001600","fips":"08123001600"},"type":"Polygon","arcs":[[1260,1261,1262,1263,-1280]],"id":"08123001600"},{"properties":{"name":"08123002204","fips":"08123002204"},"type":"Polygon","arcs":[[-1314,-1317,-1349,-1308]],"id":"08123002204"},{"properties":{"name":"08014031200","fips":"08014031200"},"type":"Polygon","arcs":[[-1320,1264,1265,-1396,-1392,-1325,-1330,1266]],"id":"08014031200"},{"properties":{"name":"08014030700","fips":"08014030700"},"type":"Polygon","arcs":[[1267,-1378,-1343,1268]],"id":"08014030700"},{"properties":{"name":"08123002501","fips":"08123002501"},"type":"Polygon","arcs":[[1269,1270,1271,1272,1273,1274,1275,1276,1277,1278,1279]],"id":"08123002501"},{"properties":{"name":"08123000501","fips":"08123000501"},"type":"Polygon","arcs":[[1280,1281,1282]],"id":"08123000501"},{"properties":{"name":"08121924200","fips":"08121924200"},"type":"Polygon","arcs":[[1283,1284,1285,1286,1287]],"id":"08121924200"},{"properties":{"name":"08123002006","fips":"08123002006"},"type":"Polygon","arcs":[[-1437,-1359,1288,1289,1290,-1429]],"id":"08123002006"},{"properties":{"name":"08123002102","fips":"08123002102"},"type":"Polygon","arcs":[[1291,-1302,-1301,1292]],"id":"08123002102"},{"properties":{"name":"08123002101","fips":"08123002101"},"type":"Polygon","arcs":[[-1306,1293,1294,1295,1296,1297,1298,1299,1300]],"id":"08123002101"},{"properties":{"name":"08123002210","fips":"08123002210"},"type":"Polygon","arcs":[[1301,1302,1303,-1316,-1307]],"id":"08123002210"},{"properties":{"name":"08123002020","fips":"08123002020"},"type":"Polygon","arcs":[[-1416,1304,-1371]],"id":"08123002020"},{"properties":{"name":"08123002209","fips":"08123002209"},"type":"Polygon","arcs":[[1305,1306,-1315,1307,-1348,1308,1309,1310]],"id":"08123002209"},{"properties":{"name":"08123002206","fips":"08123002206"},"type":"Polygon","arcs":[[1311,1312,-1318,1313,1314,1315]],"id":"08123002206"},{"properties":{"name":"08123002205","fips":"08123002205"},"type":"Polygon","arcs":[[1316,1317,-1350]],"id":"08123002205"},{"properties":{"name":"08014980300","fips":"08014980300"},"type":"Polygon","arcs":[[1318,1319,1320]],"id":"08014980300"},{"properties":{"name":"08014030200","fips":"08014030200"},"type":"MultiPolygon","arcs":[[[1321,1322,-1386]],[[-1388,1323]],[[-1331,1324,-1391,-1390,1325,1326]]],"id":"08014030200"},{"properties":{"name":"08014031100","fips":"08014031100"},"type":"Polygon","arcs":[[1327,1328,1329,1330,1331,1332]],"id":"08014031100"},{"properties":{"name":"08014031300","fips":"08014031300"},"type":"Polygon","arcs":[[1333,1334,-1375,1335,-1380,1336,-1342]],"id":"08014031300"},{"properties":{"name":"08014031400","fips":"08014031400"},"type":"Polygon","arcs":[[1337,-1423,-1419,1338,-1431,1339,1340,1341],[1426]],"id":"08014031400"},{"properties":{"name":"08014030600","fips":"08014030600"},"type":"Polygon","arcs":[[1342,-1377,1343,1344]],"id":"08014030600"},{"properties":{"name":"08123002203","fips":"08123002203"},"type":"Polygon","arcs":[[1345,1346,1347,1348,1349]],"id":"08123002203"},{"properties":{"name":"08123002014","fips":"08123002014"},"type":"Polygon","arcs":[[-1402,-1360,-1435,1350]],"id":"08123002014"},{"properties":{"name":"08123002017","fips":"08123002017"},"type":"Polygon","arcs":[[-1354,1351,-1412,1352]],"id":"08123002017"},{"properties":{"name":"08123002011","fips":"08123002011"},"type":"Polygon","arcs":[[1353,1354,1355,1356]],"id":"08123002011"},{"properties":{"name":"08123002015","fips":"08123002015"},"type":"Polygon","arcs":[[1357,1358,-1436,1359,-1401]],"id":"08123002015"},{"properties":{"name":"08123001907","fips":"08123001907"},"type":"Polygon","arcs":[[1360,1361,1362,-1369,1363,1364,1365,1366]],"id":"08123001907"},{"properties":{"name":"08123001905","fips":"08123001905"},"type":"Polygon","arcs":[[1367,1368,1369]],"id":"08123001905"},{"properties":{"name":"08123002021","fips":"08123002021"},"type":"Polygon","arcs":[[-1407,-1417,1370,1371,1372,-1404]],"id":"08123002021"},{"properties":{"name":"08014030500","fips":"08014030500"},"type":"Polygon","arcs":[[-1384,-1399,1373,1374,1375,1376,1377,1378]],"id":"08014030500"},{"properties":{"name":"08014980200","fips":"08014980200"},"type":"Polygon","arcs":[[1379,1380,1381,1382]],"id":"08014980200"},{"properties":{"name":"08014030300","fips":"08014030300"},"type":"Polygon","arcs":[[1383,1384,1385,1386,1387,1388,1389,-1393,-1394,-1400]],"id":"08014030300"},{"properties":{"name":"08014030000","fips":"08014030000"},"type":"Polygon","arcs":[[1390,1391,-1395,1392]],"id":"08014030000"},{"properties":{"name":"08014030100","fips":"08014030100"},"type":"Polygon","arcs":[[1393,1394,1395,1396]],"id":"08014030100"},{"properties":{"name":"08014030400","fips":"08014030400"},"type":"Polygon","arcs":[[1397,1398,1399]],"id":"08014030400"},{"properties":{"name":"08123002016","fips":"08123002016"},"type":"Polygon","arcs":[[1400,1401,1402,-1408,1403,1404,1405]],"id":"08123002016"},{"properties":{"name":"08123002018","fips":"08123002018"},"type":"Polygon","arcs":[[1406,1407,1408,1409,-1418]],"id":"08123002018"},{"properties":{"name":"08123002019","fips":"08123002019"},"type":"Polygon","arcs":[[1410,1411,1412,1413,1414,1415,1416,1417]],"id":"08123002019"},{"properties":{"name":"08123002008","fips":"08123002008"},"type":"Polygon","arcs":[[1418,-1422,1419]],"id":"08123002008"},{"properties":{"name":"08123002007","fips":"08123002007"},"type":"Polygon","arcs":[[1420,1421,1422,1423,1424,1425]],"id":"08123002007"},{"properties":{"name":"08123002005","fips":"08123002005"},"type":"MultiPolygon","arcs":[[[1426]],[[1427,-1438,1428,1429,1430]]],"id":"08123002005"},{"properties":{"name":"08123002004","fips":"08123002004"},"type":"Polygon","arcs":[[1431,1432,1433,1434,1435,1436,1437]],"id":"08123002004"},{"properties":{"name":"08123000704","fips":"08123000704"},"type":"Polygon","arcs":[[-1443,1438,1439,1440]],"id":"08123000704"},{"properties":{"name":"08123000703","fips":"08123000703"},"type":"Polygon","arcs":[[1441,1442,1443,1444]],"id":"08123000703"},{"properties":{"name":"08123001006","fips":"08123001006"},"type":"Polygon","arcs":[[1445,1446,1447]],"id":"08123001006"},{"properties":{"name":"08123001413","fips":"08123001413"},"type":"Polygon","arcs":[[1448,1449,1450,1451]],"id":"08123001413"},{"properties":{"name":"08123001415","fips":"08123001415"},"type":"Polygon","arcs":[[1452,1453,1454]],"id":"08123001415"},{"properties":{"name":"08123001409","fips":"08123001409"},"type":"Polygon","arcs":[[1455,1456,1457,1458]],"id":"08123001409"},{"properties":{"name":"08123001411","fips":"08123001411"},"type":"Polygon","arcs":[[1459,1460,1461,1462]],"id":"08123001411"},{"properties":{"name":"08071000200","fips":"08071000200"},"type":"Polygon","arcs":[[-1475,-1482,-1480,-1477]],"id":"08071000200"},{"properties":{"name":"08039961206","fips":"08039961206"},"type":"Polygon","arcs":[[-1890,-2186,-1580,-1574,-1567]],"id":"08039961206"},{"properties":{"name":"08059010504","fips":"08059010504"},"type":"Polygon","arcs":[[-1533,-1602,-1632,-1849,1463]],"id":"08059010504"},{"properties":{"name":"08047013800","fips":"08047013800"},"type":"Polygon","arcs":[[1464,1465,-2224,1466,1467,1468]],"id":"08047013800"},{"properties":{"name":"08031980000","fips":"08031980000"},"type":"Polygon","arcs":[[1469,-1536,-2476,-2492,1470,1471]],"id":"08031980000"},{"properties":{"name":"08059012057","fips":"08059012057"},"type":"Polygon","arcs":[[-1610,-1550,-1619,-1667,-1666]],"id":"08059012057"},{"properties":{"name":"08099000700","fips":"08099000700"},"type":"Polygon","arcs":[[-1608,-1623,-2253,-1634,-2216,1472,-2221,-1556,-1625,-1607,-1628]],"id":"08099000700"},{"properties":{"name":"08071000800","fips":"08071000800"},"type":"Polygon","arcs":[[-2899,-2020,-1547,-1557,-2219,1473,-1484,-1481,1474,-1476]],"id":"08071000800"},{"properties":{"name":"08071000100","fips":"08071000100"},"type":"Polygon","arcs":[[-1479,-2900,1475,1476]],"id":"08071000100"},{"properties":{"name":"08071000300","fips":"08071000300"},"type":"Polygon","arcs":[[1477,-1591,-2901,1478,1479,-1486]],"id":"08071000300"},{"properties":{"name":"08043978200","fips":"08043978200"},"type":"Polygon","arcs":[[-1495,-1489,-1493,-1527,-1492,-1487]],"id":"08043978200"},{"properties":{"name":"08101000905","fips":"08101000905"},"type":"Polygon","arcs":[[-1999,-1970,-2006]],"id":"08101000905"},{"properties":{"name":"08071000500","fips":"08071000500"},"type":"Polygon","arcs":[[-1483,1480]],"id":"08071000500"},{"properties":{"name":"08071000400","fips":"08071000400"},"type":"Polygon","arcs":[[1481,1482,1483,1484,1485]],"id":"08071000400"},{"properties":{"name":"08059011724","fips":"08059011724"},"type":"Polygon","arcs":[[-1829,-1729,-1749,-1801,-1817]],"id":"08059011724"},{"properties":{"name":"08031003401","fips":"08031003401"},"type":"Polygon","arcs":[[-2299,-1490,-2247,-2360,-2371]],"id":"08031003401"},{"properties":{"name":"08043979400","fips":"08043979400"},"type":"Polygon","arcs":[[-1491,-1955,-2034,-1542,-1496,1486],[1487]],"id":"08043979400"},{"properties":{"name":"08043980200","fips":"08043980200"},"type":"Polygon","arcs":[[1487]],"id":"08043980200"},{"properties":{"name":"08043979100","fips":"08043979100"},"type":"Polygon","arcs":[[-1510,-1494,1488,-1498,-1500]],"id":"08043979100"},{"properties":{"name":"08031002902","fips":"08031002902"},"type":"Polygon","arcs":[[-2589,-2241,-2244,1489,-2298]],"id":"08031002902"},{"properties":{"name":"08043978100","fips":"08043978100"},"type":"Polygon","arcs":[[-2225,-2780,-2759,-1908,-1935,-1956,1490,1491,-1526]],"id":"08043978100"},{"properties":{"name":"08043980300","fips":"08043980300"},"type":"Polygon","arcs":[[-1528,1492,1493,-1509]],"id":"08043980300"},{"properties":{"name":"08043979200","fips":"08043979200"},"type":"Polygon","arcs":[[1494,1495,-1541,1496,-1507,-1501,-1503,-1499,1497]],"id":"08043979200"},{"properties":{"name":"08043978800","fips":"08043978800"},"type":"Polygon","arcs":[[1498,-1502,-1511,1499]],"id":"08043978800"},{"properties":{"name":"08043980100","fips":"08043980100"},"type":"Polygon","arcs":[[1500,-1506,-1504]],"id":"08043980100"},{"properties":{"name":"08043978600","fips":"08043978600"},"type":"Polygon","arcs":[[-1512,1501,1502,1503,-1505,-1530]],"id":"08043978600"},{"properties":{"name":"08043978500","fips":"08043978500"},"type":"Polygon","arcs":[[-1524,1504,1505,1506,1507]],"id":"08043978500"},{"properties":{"name":"08043978400","fips":"08043978400"},"type":"Polygon","arcs":[[1508,1509,1510,1511,-1529]],"id":"08043978400"},{"properties":{"name":"08001008709","fips":"08001008709"},"type":"Polygon","arcs":[[1512,1513,1514,1515,-2490,-2352,-2356]],"id":"08001008709"},{"properties":{"name":"08001009751","fips":"08001009751"},"type":"Polygon","arcs":[[-1600,1516,1517,1518,-1520,-2435,-2454]],"id":"08001009751"},{"properties":{"name":"08001009752","fips":"08001009752"},"type":"Polygon","arcs":[[-2436,1519,1520,1521]],"id":"08001009752"},{"properties":{"name":"08001007801","fips":"08001007801"},"type":"Polygon","arcs":[[-2328,-1538,-1587,-3241]],"id":"08001007801"},{"properties":{"name":"08001008309","fips":"08001008309"},"type":"Polygon","arcs":[[-3165,-2614,-1523,-2495,-2455,-1535,-3215,-3222]],"id":"08001008309"},{"properties":{"name":"08001008308","fips":"08001008308"},"type":"Polygon","arcs":[[-1596,-2444,-2524,1522,-2613,-1531]],"id":"08001008308"},{"properties":{"name":"08043978300","fips":"08043978300"},"type":"Polygon","arcs":[[1523,1524,-2226,1525,1526,1527,1528,1529]],"id":"08043978300"},{"properties":{"name":"08001008100","fips":"08001008100"},"type":"Polygon","arcs":[[1530,-2960,-3243,-1586,-1532,-1597]],"id":"08001008100"},{"properties":{"name":"08001008000","fips":"08001008000"},"type":"Polygon","arcs":[[-2446,1531,-1588,-1539]],"id":"08001008000"},{"properties":{"name":"08059009807","fips":"08059009807"},"type":"Polygon","arcs":[[-1659,-1660,-1603,1532,1533,-1617]],"id":"08059009807"},{"properties":{"name":"08001008353","fips":"08001008353"},"type":"Polygon","arcs":[[1534,-2456,-2458,-2473,1535,1536,-3004,-3216]],"id":"08001008353"},{"properties":{"name":"08001007900","fips":"08001007900"},"type":"Polygon","arcs":[[1537,-2327,-2447,1538]],"id":"08001007900"},{"properties":{"name":"08027970100","fips":"08027970100"},"type":"Polygon","arcs":[[1539,1540,1541,-2033,-2042,-2906,1542]],"id":"08027970100"},{"properties":{"name":"08025969600","fips":"08025969600"},"type":"Polygon","arcs":[[-1892,-1611,-2257,-1564,-1544,-1545,-1548,-1554]],"id":"08025969600"},{"properties":{"name":"08089968100","fips":"08089968100"},"type":"Polygon","arcs":[[1543,-1563,-1546]],"id":"08089968100"},{"properties":{"name":"08089968200","fips":"08089968200"},"type":"Polygon","arcs":[[1544,1545,-1562,-1552,-1549]],"id":"08089968200"},{"properties":{"name":"08089968400","fips":"08089968400"},"type":"Polygon","arcs":[[-1566,-1558,1546,-2019,-1555,1547,1548,-1551]],"id":"08089968400"},{"properties":{"name":"08089968600","fips":"08089968600"},"type":"Polygon","arcs":[[-1560,-1553]],"id":"08089968600"},{"properties":{"name":"08059012060","fips":"08059012060"},"type":"Polygon","arcs":[[-1609,-1630,-1620,1549]],"id":"08059012060"},{"properties":{"name":"08089968300","fips":"08089968300"},"type":"Polygon","arcs":[[-1559,1550,1551,-1561,1552]],"id":"08089968300"},{"properties":{"name":"08031003701","fips":"08031003701"},"type":"Polygon","arcs":[[-2342,-2357,-1577,-1583,-1719,-2340]],"id":"08031003701"},{"properties":{"name":"08089968000","fips":"08089968000"},"type":"Polygon","arcs":[[1553,1554,-2018]],"id":"08089968000"},{"properties":{"name":"08011966700","fips":"08011966700"},"type":"Polygon","arcs":[[-1626,1555,-2220,1556,1557,-1565,-2255]],"id":"08011966700"},{"properties":{"name":"08031003201","fips":"08031003201"},"type":"Polygon","arcs":[[-2362,-2388,-1569,-1575,-2368]],"id":"08031003201"},{"properties":{"name":"08089968500","fips":"08089968500"},"type":"Polygon","arcs":[[1558,1559,1560,1561,1562,1563,-2256,1564,1565]],"id":"08089968500"},{"properties":{"name":"08039961208","fips":"08039961208"},"type":"Polygon","arcs":[[-1881,1566,-1573,-1571]],"id":"08039961208"},{"properties":{"name":"08059011805","fips":"08059011805"},"type":"Polygon","arcs":[[-1642,-1568,-1767]],"id":"08059011805"},{"properties":{"name":"08059011806","fips":"08059011806"},"type":"Polygon","arcs":[[-1755,-1768,1567,-1641,-2575,-2582]],"id":"08059011806"},{"properties":{"name":"08031002703","fips":"08031002703"},"type":"Polygon","arcs":[[-2392,-1704,-1576,1568,-2391]],"id":"08031002703"},{"properties":{"name":"08017960600","fips":"08017960600"},"type":"Polygon","arcs":[[-1615,-1900,-1897,-1905,1569,-2259]],"id":"08017960600"},{"properties":{"name":"08039961209","fips":"08039961209"},"type":"Polygon","arcs":[[-1572,-1579,-3188,-3115,-3174,-1882,1570]],"id":"08039961209"},{"properties":{"name":"08039961207","fips":"08039961207"},"type":"Polygon","arcs":[[-1578,1571,1572,1573,-1582]],"id":"08039961207"},{"properties":{"name":"08031003102","fips":"08031003102"},"type":"Polygon","arcs":[[1574,1575,-1706,-1691,-1584,1576,-2364]],"id":"08031003102"},{"properties":{"name":"08039961205","fips":"08039961205"},"type":"Polygon","arcs":[[1577,-1581,-3160,-1585,-3189,1578]],"id":"08039961205"},{"properties":{"name":"08039961204","fips":"08039961204"},"type":"Polygon","arcs":[[1579,-2185,-1883,-3124,-3231,-3161,1580,1581]],"id":"08039961204"},{"properties":{"name":"08059012050","fips":"08059012050"},"type":"MultiPolygon","arcs":[[[-2303,-2296,-2248,-2940]],[[-2304,-2938]],[[-2936,-1772,-1631,-1750,-2305]],[[-2309,-2307,-1754]]],"id":"08059012050"},{"properties":{"name":"08031003101","fips":"08031003101"},"type":"Polygon","arcs":[[-1690,-2383,1582,1583]],"id":"08031003101"},{"properties":{"name":"08039961100","fips":"08039961100"},"type":"Polygon","arcs":[[-3159,-1606,-1612,-2624,-3190,1584]],"id":"08039961100"},{"properties":{"name":"08001007802","fips":"08001007802"},"type":"Polygon","arcs":[[1585,-3242,1586,1587]],"id":"08001007802"},{"properties":{"name":"08023972700","fips":"08023972700"},"type":"Polygon","arcs":[[1588,1589,-1593,-2902,1590,1591]],"id":"08023972700"},{"properties":{"name":"08023972600","fips":"08023972600"},"type":"Polygon","arcs":[[-2903,1592,1593,1594]],"id":"08023972600"},{"properties":{"name":"08001008200","fips":"08001008200"},"type":"Polygon","arcs":[[-2445,1595,1596]],"id":"08001008200"},{"properties":{"name":"08059010406","fips":"08059010406"},"type":"Polygon","arcs":[[-1854,-1685,1597,1598,1599,-2453]],"id":"08059010406"},{"properties":{"name":"08059011100","fips":"08059011100"},"type":"Polygon","arcs":[[-1858,-1831,-1781,-1863]],"id":"08059011100"},{"properties":{"name":"08059011723","fips":"08059011723"},"type":"Polygon","arcs":[[-1792,-1747,-1647,-1601]],"id":"08059011723"},{"properties":{"name":"08059011733","fips":"08059011733"},"type":"Polygon","arcs":[[-1786,1600,-1646,-1636,-1791]],"id":"08059011733"},{"properties":{"name":"08059009806","fips":"08059009806"},"type":"Polygon","arcs":[[-1633,1601,1602,-1664,-1712,-1651]],"id":"08059009806"},{"properties":{"name":"08059010402","fips":"08059010402"},"type":"Polygon","arcs":[[-1864,-1653,-1877,-1682]],"id":"08059010402"},{"properties":{"name":"08059011729","fips":"08059011729"},"type":"Polygon","arcs":[[-1765,-2324,-1764,-1638,-1774]],"id":"08059011729"},{"properties":{"name":"08059010000","fips":"08059010000"},"type":"Polygon","arcs":[[1603,-1677,-1710,-1663,-1622]],"id":"08059010000"},{"properties":{"name":"08059012041","fips":"08059012041"},"type":"Polygon","arcs":[[-1643,-1640,-1616,-2311,-1753,-1736]],"id":"08059012041"},{"properties":{"name":"08073961700","fips":"08073961700"},"type":"Polygon","arcs":[[-3158,1604,-1613,1605]],"id":"08073961700"},{"properties":{"name":"08099000200","fips":"08099000200"},"type":"Polygon","arcs":[[1606,-1624,1607,-1627]],"id":"08099000200"},{"properties":{"name":"08059012024","fips":"08059012024"},"type":"Polygon","arcs":[[-1756,1608,1609,-1665,-1692]],"id":"08059012024"},{"properties":{"name":"08101003104","fips":"08101003104"},"type":"Polygon","arcs":[[-1894,-1923,-1991]],"id":"08101003104"},{"properties":{"name":"08073961800","fips":"08073961800"},"type":"Polygon","arcs":[[-2258,1610,-2625,1611,1612,1613,-1901,1614]],"id":"08073961800"},{"properties":{"name":"08059980400","fips":"08059980400"},"type":"Polygon","arcs":[[-2312,1615,-1639]],"id":"08059980400"},{"properties":{"name":"08059015800","fips":"08059015800"},"type":"Polygon","arcs":[[-1862,-1656,1616,1617,-1859]],"id":"08059015800"},{"properties":{"name":"08059011401","fips":"08059011401"},"type":"Polygon","arcs":[[-1915,-2422,-1833,-1637,-1834]],"id":"08059011401"},{"properties":{"name":"08059012059","fips":"08059012059"},"type":"Polygon","arcs":[[-1668,1618,1619,-1629]],"id":"08059012059"},{"properties":{"name":"08059009849","fips":"08059009849"},"type":"Polygon","arcs":[[1620,1621,-1662,-1744,-1728,-1648]],"id":"08059009849"},{"properties":{"name":"08099000100","fips":"08099000100"},"type":"Polygon","arcs":[[1622,1623,1624,1625,-2254]],"id":"08099000100"},{"properties":{"name":"08099000300","fips":"08099000300"},"type":"Polygon","arcs":[[1626,1627]],"id":"08099000300"},{"properties":{"name":"08059012023","fips":"08059012023"},"type":"Polygon","arcs":[[-1655,-1672,1628,1629,-1758]],"id":"08059012023"},{"properties":{"name":"08059012048","fips":"08059012048"},"type":"Polygon","arcs":[[-1654,-1689,1630,-1771,-1674]],"id":"08059012048"},{"properties":{"name":"08059010503","fips":"08059010503"},"type":"Polygon","arcs":[[-1867,-1850,1631,1632]],"id":"08059010503"},{"properties":{"name":"08099000600","fips":"08099000600"},"type":"Polygon","arcs":[[-2217,1633,-2252,1634]],"id":"08099000600"},{"properties":{"name":"08059011732","fips":"08059011732"},"type":"Polygon","arcs":[[-1645,-1657,-1788,1635]],"id":"08059011732"},{"properties":{"name":"08059011402","fips":"08059011402"},"type":"Polygon","arcs":[[1636,-1832,-1857,-1840,-1835]],"id":"08059011402"},{"properties":{"name":"08059015900","fips":"08059015900"},"type":"Polygon","arcs":[[-1825,-1775,1637,-1763,-2313,1638,1639,-1644]],"id":"08059015900"},{"properties":{"name":"08059011602","fips":"08059011602"},"type":"Polygon","arcs":[[-1782,-1820,-2559,1640,1641]],"id":"08059011602"},{"properties":{"name":"08059010603","fips":"08059010603"},"type":"Polygon","arcs":[[-1847,-1851,-2462,-1836,-1841]],"id":"08059010603"},{"properties":{"name":"08059012039","fips":"08059012039"},"type":"Polygon","arcs":[[1642,-1842,-1799,-1826,1643]],"id":"08059012039"},{"properties":{"name":"08059011721","fips":"08059011721"},"type":"Polygon","arcs":[[-1658,1644,1645,1646,-1746]],"id":"08059011721"},{"properties":{"name":"08059009850","fips":"08059009850"},"type":"Polygon","arcs":[[1647,-1727,-1715,-1721,1648,1649]],"id":"08059009850"},{"properties":{"name":"08059009852","fips":"08059009852"},"type":"Polygon","arcs":[[1650,-1732,1651,-1878,1652,-1868]],"id":"08059009852"},{"properties":{"name":"08059012047","fips":"08059012047"},"type":"Polygon","arcs":[[-1761,-1688,1653,-1673,1654]],"id":"08059012047"},{"properties":{"name":"08059011712","fips":"08059011712"},"type":"Polygon","arcs":[[-1794,-1809,-1819,-1800,-1748]],"id":"08059011712"},{"properties":{"name":"08059010901","fips":"08059010901"},"type":"Polygon","arcs":[[1655,-1861,1656,1657,-1661,1658]],"id":"08059010901"},{"properties":{"name":"08059010100","fips":"08059010100"},"type":"Polygon","arcs":[[1659,1660,-1745,1661,1662,-1713,1663]],"id":"08059010100"},{"properties":{"name":"08059012036","fips":"08059012036"},"type":"Polygon","arcs":[[-1693,1664,1665,-1669,-1778,-3015,-2130,-2111,-2085,-1886,-1737,-1698,-1675]],"id":"08059012036"},{"properties":{"name":"08059012051","fips":"08059012051"},"type":"Polygon","arcs":[[-2914,-1780,-1670,-1770]],"id":"08059012051"},{"properties":{"name":"08059012055","fips":"08059012055"},"type":"Polygon","arcs":[[1666,1667,-1671,-1779,1668]],"id":"08059012055"},{"properties":{"name":"08059012052","fips":"08059012052"},"type":"Polygon","arcs":[[1669,1670,1671,1672,1673]],"id":"08059012052"},{"properties":{"name":"08059012032","fips":"08059012032"},"type":"Polygon","arcs":[[-1681,-1676,-1696,-1700,-1687]],"id":"08059012032"},{"properties":{"name":"08059012033","fips":"08059012033"},"type":"Polygon","arcs":[[1674,-1697,1675,-1802,-1694]],"id":"08059012033"},{"properties":{"name":"08059009843","fips":"08059009843"},"type":"Polygon","arcs":[[-1734,-1711,1676,1677,1678,1679]],"id":"08059009843"},{"properties":{"name":"08059012027","fips":"08059012027"},"type":"Polygon","arcs":[[-1828,-1803,1680,-1686,-1716,-1730]],"id":"08059012027"},{"properties":{"name":"08059010405","fips":"08059010405"},"type":"Polygon","arcs":[[-1853,-1865,1681,-1876,1682,1683,1684]],"id":"08059010405"},{"properties":{"name":"08059012026","fips":"08059012026"},"type":"Polygon","arcs":[[1685,1686,-1699,-1707,-1717]],"id":"08059012026"},{"properties":{"name":"08059012046","fips":"08059012046"},"type":"Polygon","arcs":[[1687,-1760,-1751,1688]],"id":"08059012046"},{"properties":{"name":"08031002402","fips":"08031002402"},"type":"Polygon","arcs":[[-1705,-2398,-2384,1689,1690]],"id":"08031002402"},{"properties":{"name":"08059012035","fips":"08059012035"},"type":"Polygon","arcs":[[-1805,-1757,1691,1692,1693]],"id":"08059012035"},{"properties":{"name":"08059012037","fips":"08059012037"},"type":"Polygon","arcs":[[1694,-1701,1695,1696,1697,-1742]],"id":"08059012037"},{"properties":{"name":"08059012031","fips":"08059012031"},"type":"Polygon","arcs":[[-1708,1698,1699,1700,1701,1702]],"id":"08059012031"},{"properties":{"name":"08031002602","fips":"08031002602"},"type":"Polygon","arcs":[[1703,-2394,-2399,1704,1705]],"id":"08031002602"},{"properties":{"name":"08059012030","fips":"08059012030"},"type":"Polygon","arcs":[[-1714,1706,1707,1708,-1725]],"id":"08059012030"},{"properties":{"name":"08059009900","fips":"08059009900"},"type":"Polygon","arcs":[[1709,1710,-1733,1711,1712]],"id":"08059009900"},{"properties":{"name":"08059009846","fips":"08059009846"},"type":"Polygon","arcs":[[1713,-1724,-1718,-1722,1714,-1726,1715,1716]],"id":"08059009846"},{"properties":{"name":"08059009847","fips":"08059009847"},"type":"Polygon","arcs":[[-1723,1717]],"id":"08059009847"},{"properties":{"name":"08031003603","fips":"08031003603"},"type":"Polygon","arcs":[[-2347,1718,-2382,-2381]],"id":"08031003603"},{"properties":{"name":"08059009848","fips":"08059009848"},"type":"Polygon","arcs":[[1719,1720,1721,1722,1723,1724]],"id":"08059009848"},{"properties":{"name":"08059009845","fips":"08059009845"},"type":"Polygon","arcs":[[1725,1726,1727,-1743,1728,1729]],"id":"08059009845"},{"properties":{"name":"08059009842","fips":"08059009842"},"type":"Polygon","arcs":[[1730,1731,1732,1733,1734]],"id":"08059009842"},{"properties":{"name":"08059012042","fips":"08059012042"},"type":"Polygon","arcs":[[-1752,-1759,-1843,1735]],"id":"08059012042"},{"properties":{"name":"08059012058","fips":"08059012058"},"type":"Polygon","arcs":[[1736,-1885,-2238,1737,1738,1739,1740,1741]],"id":"08059012058"},{"properties":{"name":"08059011720","fips":"08059011720"},"type":"Polygon","arcs":[[1742,1743,1744,1745,1746,-1795,1747,1748]],"id":"08059011720"},{"properties":{"name":"08059012054","fips":"08059012054"},"type":"Polygon","arcs":[[-2306,1749,1750,1751,1752,-2310,1753]],"id":"08059012054"},{"properties":{"name":"08059011803","fips":"08059011803"},"type":"Polygon","arcs":[[-2291,-1785,-1766,1754]],"id":"08059011803"},{"properties":{"name":"08059012022","fips":"08059012022"},"type":"Polygon","arcs":[[1755,1756,-1844,-1869,-1762,1757]],"id":"08059012022"},{"properties":{"name":"08059012045","fips":"08059012045"},"type":"Polygon","arcs":[[1758,1759,1760,1761,-1871]],"id":"08059012045"},{"properties":{"name":"08059011904","fips":"08059011904"},"type":"MultiPolygon","arcs":[[[2307]],[[2543]],[[1762,1763,-2323,-2543,-2297,-2301]]],"id":"08059011904"},{"properties":{"name":"08059011728","fips":"08059011728"},"type":"Polygon","arcs":[[-2325,1764,-1773,-1823,-1777,-1796]],"id":"08059011728"},{"properties":{"name":"08059011702","fips":"08059011702"},"type":"Polygon","arcs":[[-1807,-1769,1765,-1784,-1776]],"id":"08059011702"},{"properties":{"name":"08059011701","fips":"08059011701"},"type":"Polygon","arcs":[[1766,1767,1768,-1806,-1812,-1787,-1783]],"id":"08059011701"},{"properties":{"name":"08059012049","fips":"08059012049"},"type":"Polygon","arcs":[[-2915,1769,1770,1771]],"id":"08059012049"},{"properties":{"name":"08059011730","fips":"08059011730"},"type":"Polygon","arcs":[[-1824,1772,1773,1774]],"id":"08059011730"},{"properties":{"name":"08059011727","fips":"08059011727"},"type":"Polygon","arcs":[[1775,-1797,1776,-1816,-1808]],"id":"08059011727"},{"properties":{"name":"08059012053","fips":"08059012053"},"type":"Polygon","arcs":[[1777,1778,1779,-2913,-3016]],"id":"08059012053"},{"properties":{"name":"08059011202","fips":"08059011202"},"type":"Polygon","arcs":[[-1789,1780,-1821,1781,1782]],"id":"08059011202"},{"properties":{"name":"08059011804","fips":"08059011804"},"type":"Polygon","arcs":[[-2290,-2318,-1798,1783,1784]],"id":"08059011804"},{"properties":{"name":"08059011708","fips":"08059011708"},"type":"Polygon","arcs":[[-1793,1785,-1790,1786,-1811]],"id":"08059011708"},{"properties":{"name":"08059980000","fips":"08059980000"},"type":"Polygon","arcs":[[1787,-1860,1788,1789,1790]],"id":"08059980000"},{"properties":{"name":"08059011711","fips":"08059011711"},"type":"Polygon","arcs":[[1791,1792,-1810,1793,1794]],"id":"08059011711"},{"properties":{"name":"08059011951","fips":"08059011951"},"type":"Polygon","arcs":[[1795,1796,1797,-2317,-2540,-2326]],"id":"08059011951"},{"properties":{"name":"08059012038","fips":"08059012038"},"type":"Polygon","arcs":[[-1804,-1827,1798,-1846]],"id":"08059012038"},{"properties":{"name":"08059011725","fips":"08059011725"},"type":"Polygon","arcs":[[1799,-1818,1800]],"id":"08059011725"},{"properties":{"name":"08059012034","fips":"08059012034"},"type":"Polygon","arcs":[[1801,1802,1803,-1845,1804]],"id":"08059012034"},{"properties":{"name":"08059011710","fips":"08059011710"},"type":"Polygon","arcs":[[-1813,1805,1806,1807,-1815]],"id":"08059011710"},{"properties":{"name":"08059011709","fips":"08059011709"},"type":"Polygon","arcs":[[1808,1809,1810,1811,1812,-1814]],"id":"08059011709"},{"properties":{"name":"08059011726","fips":"08059011726"},"type":"Polygon","arcs":[[1813,1814,1815,-1822,1816,1817,1818]],"id":"08059011726"},{"properties":{"name":"08059011601","fips":"08059011601"},"type":"Polygon","arcs":[[1819,1820,-1830,-2557]],"id":"08059011601"},{"properties":{"name":"08059011731","fips":"08059011731"},"type":"Polygon","arcs":[[1821,1822,1823,1824,1825,1826,1827,1828]],"id":"08059011731"},{"properties":{"name":"08059011550","fips":"08059011550"},"type":"Polygon","arcs":[[1829,1830,1831,1832,-2421,-2563]],"id":"08059011550"},{"properties":{"name":"08059011300","fips":"08059011300"},"type":"Polygon","arcs":[[-1839,-1837,-1916,1833,1834]],"id":"08059011300"},{"properties":{"name":"08059010702","fips":"08059010702"},"type":"Polygon","arcs":[[1835,-1974,-1917,1836,-1838]],"id":"08059010702"},{"properties":{"name":"08059010701","fips":"08059010701"},"type":"Polygon","arcs":[[1837,1838,1839,-1848,1840]],"id":"08059010701"},{"properties":{"name":"08059012043","fips":"08059012043"},"type":"Polygon","arcs":[[1841,1842,-1870,1843,1844,1845]],"id":"08059012043"},{"properties":{"name":"08059010502","fips":"08059010502"},"type":"Polygon","arcs":[[1846,1847,-1856,1848,1849,-1866,-1852]],"id":"08059010502"},{"properties":{"name":"08059010604","fips":"08059010604"},"type":"Polygon","arcs":[[-2452,-2433,1850,1851,1852,1853]],"id":"08059010604"},{"properties":{"name":"08059011000","fips":"08059011000"},"type":"Polygon","arcs":[[1854,1855,1856,1857,1858]],"id":"08059011000"},{"properties":{"name":"08059010902","fips":"08059010902"},"type":"Polygon","arcs":[[1859,1860,1861,1862]],"id":"08059010902"},{"properties":{"name":"08059010403","fips":"08059010403"},"type":"Polygon","arcs":[[1863,1864,1865,1866,1867]],"id":"08059010403"},{"properties":{"name":"08059012044","fips":"08059012044"},"type":"Polygon","arcs":[[1868,1869,1870]],"id":"08059012044"},{"properties":{"name":"08059010308","fips":"08059010308"},"type":"Polygon","arcs":[[1871,1872,1873,1874,1875,1876,1877]],"id":"08059010308"},{"properties":{"name":"08035014112","fips":"08035014112"},"type":"Polygon","arcs":[[-2070,-2082,-2076,-2213,-2135]],"id":"08035014112"},{"properties":{"name":"08035014110","fips":"08035014110"},"type":"Polygon","arcs":[[-2084,-1879,-1889,-2889]],"id":"08035014110"},{"properties":{"name":"08035014109","fips":"08035014109"},"type":"Polygon","arcs":[[-2069,-2073,-1880,-1887,1878]],"id":"08035014109"},{"properties":{"name":"08035014108","fips":"08035014108"},"type":"Polygon","arcs":[[-2132,-1888,1879,-2072,-2106]],"id":"08035014108"},{"properties":{"name":"08035014602","fips":"08035014602"},"type":"Polygon","arcs":[[-2769,-2154,-2156,-1891,1880,1881,-3184]],"id":"08035014602"},{"properties":{"name":"08035013901","fips":"08035013901"},"type":"Polygon","arcs":[[-3003,-3125,1882,-2184,-2071,-2208,-2182,-2162,-2099,-3295,-3273]],"id":"08035013901"},{"properties":{"name":"08031003002","fips":"08031003002"},"type":"Polygon","arcs":[[-2591,-2288,-2980,-2592]],"id":"08031003002"},{"properties":{"name":"08035014202","fips":"08035014202"},"type":"Polygon","arcs":[[-1884,-2086,-2109,-2125,-2101,-2078,-2090]],"id":"08035014202"},{"properties":{"name":"08035014116","fips":"08035014116"},"type":"Polygon","arcs":[[-2098,-2002,-2114,-2117,-2146,-2933]],"id":"08035014116"},{"properties":{"name":"08035014300","fips":"08035014300"},"type":"Polygon","arcs":[[1883,-2089,-2657,-2239,1884,1885,-2087]],"id":"08035014300"},{"properties":{"name":"08035014107","fips":"08035014107"},"type":"Polygon","arcs":[[1886,1887,-2131,-2893,-2891,1888]],"id":"08035014107"},{"properties":{"name":"08035014122","fips":"08035014122"},"type":"Polygon","arcs":[[-2192,-2122,-2144,-2112,-2149,-2171]],"id":"08035014122"},{"properties":{"name":"08035014503","fips":"08035014503"},"type":"Polygon","arcs":[[-2079,-2103,-2188,-2170,-2165,-2197]],"id":"08035014503"},{"properties":{"name":"08035013909","fips":"08035013909"},"type":"Polygon","arcs":[[-2198,-2187,1889,1890,-2155,-2166]],"id":"08035013909"},{"properties":{"name":"08101003600","fips":"08101003600"},"type":"Polygon","arcs":[[-1997,-2017,-2003,-1967,-1937,-2626,1891,-2024,-1995,-2011]],"id":"08101003600"},{"properties":{"name":"08101003500","fips":"08101003500"},"type":"Polygon","arcs":[[-1934,-1951,-2040,-2051,-1968,-1971,-2046,-1994,-1989,-1926]],"id":"08101003500"},{"properties":{"name":"08101002916","fips":"08101002916"},"type":"Polygon","arcs":[[-1909,-1893,-1919]],"id":"08101002916"},{"properties":{"name":"08101002914","fips":"08101002914"},"type":"Polygon","arcs":[[1892,-1910,-1941,-1907,-1920]],"id":"08101002914"},{"properties":{"name":"08101003105","fips":"08101003105"},"type":"Polygon","arcs":[[-2022,-1924,1893,-1990,-1996]],"id":"08101003105"},{"properties":{"name":"08063962200","fips":"08063962200"},"type":"Polygon","arcs":[[-1899,1894,1895,-1906,1896]],"id":"08063962200"},{"properties":{"name":"08063962300","fips":"08063962300"},"type":"Polygon","arcs":[[1897,1898,1899,1900,1901]],"id":"08063962300"},{"properties":{"name":"08101002300","fips":"08101002300"},"type":"Polygon","arcs":[[-1912,-1911,-2029,-1950,-1931]],"id":"08101002300"},{"properties":{"name":"08063962100","fips":"08063962100"},"type":"Polygon","arcs":[[1902,1903,1904,1905]],"id":"08063962100"},{"properties":{"name":"08101002912","fips":"08101002912"},"type":"Polygon","arcs":[[-1921,1906,-1940,-1939]],"id":"08101002912"},{"properties":{"name":"08101980100","fips":"08101980100"},"type":"Polygon","arcs":[[-1936,1907,-2758]],"id":"08101980100"},{"properties":{"name":"08101002915","fips":"08101002915"},"type":"Polygon","arcs":[[1908,-1918,-1945,-1942,1909]],"id":"08101002915"},{"properties":{"name":"08101002200","fips":"08101002200"},"type":"Polygon","arcs":[[-1986,-2030,1910,-1913]],"id":"08101002200"},{"properties":{"name":"08101002100","fips":"08101002100"},"type":"Polygon","arcs":[[1911,-1930,-1981,-1925,-1987,1912]],"id":"08101002100"},{"properties":{"name":"08101002802","fips":"08101002802"},"type":"Polygon","arcs":[[-1922,-1978,-1964,1913,-2053,-2038]],"id":"08101002802"},{"properties":{"name":"08031000501","fips":"08031000501"},"type":"Polygon","arcs":[[1914,1915,1916,-1973,-2424,-2470,-2423]],"id":"08031000501"},{"properties":{"name":"08101002917","fips":"08101002917"},"type":"Polygon","arcs":[[1917,1918,1919,1920,-1938,-1979,1921,-2037,-1946]],"id":"08101002917"},{"properties":{"name":"08101003106","fips":"08101003106"},"type":"Polygon","arcs":[[1922,1923,-2021,-2032,-1992]],"id":"08101003106"},{"properties":{"name":"08101002000","fips":"08101002000"},"type":"Polygon","arcs":[[-1988,1924,-1980,-1929,-1932,1925]],"id":"08101002000"},{"properties":{"name":"08101001800","fips":"08101001800"},"type":"Polygon","arcs":[[-1948,1926,-1962,-2060,-1928,-1984]],"id":"08101001800"},{"properties":{"name":"08101001900","fips":"08101001900"},"type":"Polygon","arcs":[[-1985,1927,-2063,-1933,1928]],"id":"08101001900"},{"properties":{"name":"08101002400","fips":"08101002400"},"type":"Polygon","arcs":[[-1949,-1982,1929,1930]],"id":"08101002400"},{"properties":{"name":"08101001400","fips":"08101001400"},"type":"Polygon","arcs":[[1931,1932,-2062,-1961,-1952,1933]],"id":"08101001400"},{"properties":{"name":"08101002918","fips":"08101002918"},"type":"Polygon","arcs":[[-1957,1934,1935,-2757,-2621,1936,-1966,-1975,1937,1938,-1943]],"id":"08101002918"},{"properties":{"name":"08101002913","fips":"08101002913"},"type":"Polygon","arcs":[[1939,1940,1941,-1944,-1953,1942]],"id":"08101002913"},{"properties":{"name":"08101002911","fips":"08101002911"},"type":"Polygon","arcs":[[-2036,-1954,1943,1944,1945]],"id":"08101002911"},{"properties":{"name":"08101000903","fips":"08101000903"},"type":"Polygon","arcs":[[-2015,-2004]],"id":"08101000903"},{"properties":{"name":"08101002600","fips":"08101002600"},"type":"Polygon","arcs":[[1946,1947,-1983,1948,1949,-2028,-1960]],"id":"08101002600"},{"properties":{"name":"08101002801","fips":"08101002801"},"type":"Polygon","arcs":[[-2058,-2055,-1958,-2027]],"id":"08101002801"},{"properties":{"name":"08101000200","fips":"08101000200"},"type":"Polygon","arcs":[[1950,1951,-1965,-1976,-2067,-2026,-2041]],"id":"08101000200"},{"properties":{"name":"08101002906","fips":"08101002906"},"type":"Polygon","arcs":[[1952,1953,-2035,1954,1955,1956]],"id":"08101002906"},{"properties":{"name":"08101002700","fips":"08101002700"},"type":"Polygon","arcs":[[1957,1958,1959]],"id":"08101002700"},{"properties":{"name":"08101001600","fips":"08101001600"},"type":"Polygon","arcs":[[1960,-2061,1961,1962,1963,-1977,1964]],"id":"08101001600"},{"properties":{"name":"08101002903","fips":"08101002903"},"type":"Polygon","arcs":[[-1969,-2064,1965,1966,-2007]],"id":"08101002903"},{"properties":{"name":"08101000500","fips":"08101000500"},"type":"Polygon","arcs":[[1967,-2050,-2025,-2065,1968,1969,-2001,-1972]],"id":"08101000500"},{"properties":{"name":"08101000800","fips":"08101000800"},"type":"Polygon","arcs":[[-2000,-2013,-1998,-2009,-2047,1970,1971]],"id":"08101000800"},{"properties":{"name":"08031000302","fips":"08031000302"},"type":"Polygon","arcs":[[1972,1973,-2461,-2427]],"id":"08031000302"},{"properties":{"name":"08101002901","fips":"08101002901"},"type":"Polygon","arcs":[[1974,-2068,1975,1976,1977,1978]],"id":"08101002901"},{"properties":{"name":"08101002500","fips":"08101002500"},"type":"Polygon","arcs":[[1979,1980,1981,1982,1983,1984]],"id":"08101002500"},{"properties":{"name":"08101003103","fips":"08101003103"},"type":"Polygon","arcs":[[-2031,1985,1986,1987,1988,-1993,1989,1990,1991]],"id":"08101003103"},{"properties":{"name":"08101003001","fips":"08101003001"},"type":"Polygon","arcs":[[1992,1993,-2045,-2008,1994,-2023,1995]],"id":"08101003001"},{"properties":{"name":"08101001000","fips":"08101001000"},"type":"Polygon","arcs":[[1996,-2010,1997,-2012]],"id":"08101001000"},{"properties":{"name":"08101000904","fips":"08101000904"},"type":"Polygon","arcs":[[1998,-2005,-2014,1999,2000]],"id":"08101000904"},{"properties":{"name":"08035014007","fips":"08035014007"},"type":"Polygon","arcs":[[-2174,-2151,2001,-2097,-2115]],"id":"08035014007"},{"properties":{"name":"08101003004","fips":"08101003004"},"type":"Polygon","arcs":[[2002,-2016,2003,2004,2005,2006]],"id":"08101003004"},{"properties":{"name":"08101001100","fips":"08101001100"},"type":"Polygon","arcs":[[2007,-2048,2008,2009,2010]],"id":"08101001100"},{"properties":{"name":"08101000902","fips":"08101000902"},"type":"Polygon","arcs":[[2011,2012,2013,2014,2015,2016]],"id":"08101000902"},{"properties":{"name":"08101003200","fips":"08101003200"},"type":"Polygon","arcs":[[2017,2018,2019,-2898,-2044,2020,2021,2022,2023]],"id":"08101003200"},{"properties":{"name":"08101000400","fips":"08101000400"},"type":"Polygon","arcs":[[-2066,2024,-2049,-2039,2025]],"id":"08101000400"},{"properties":{"name":"08101002806","fips":"08101002806"},"type":"Polygon","arcs":[[-2059,2026,2027,2028,2029,2030,2031,-2043,2032,2033,2034,2035,2036,2037,-2056]],"id":"08101002806"},{"properties":{"name":"08101000300","fips":"08101000300"},"type":"Polygon","arcs":[[2038,-2052,2039,2040]],"id":"08101000300"},{"properties":{"name":"08101002804","fips":"08101002804"},"type":"Polygon","arcs":[[-2907,2041,2042,2043]],"id":"08101002804"},{"properties":{"name":"08101001200","fips":"08101001200"},"type":"Polygon","arcs":[[2044,2045,2046,2047]],"id":"08101001200"},{"properties":{"name":"08101000600","fips":"08101000600"},"type":"Polygon","arcs":[[2048,2049,2050,2051]],"id":"08101000600"},{"properties":{"name":"08101002807","fips":"08101002807"},"type":"Polygon","arcs":[[2052,2053,2054,-2057,2055]],"id":"08101002807"},{"properties":{"name":"08101002808","fips":"08101002808"},"type":"Polygon","arcs":[[2056,2057,2058]],"id":"08101002808"},{"properties":{"name":"08101001500","fips":"08101001500"},"type":"Polygon","arcs":[[2059,2060,2061,2062]],"id":"08101001500"},{"properties":{"name":"08101000100","fips":"08101000100"},"type":"Polygon","arcs":[[2063,2064,2065,2066,2067]],"id":"08101000100"},{"properties":{"name":"08035014006","fips":"08035014006"},"type":"Polygon","arcs":[[-2168,-2148,-2172,-2178]],"id":"08035014006"},{"properties":{"name":"08035014136","fips":"08035014136"},"type":"Polygon","arcs":[[-2096,-2074,2068,-2083,2069,-2140]],"id":"08035014136"},{"properties":{"name":"08035013910","fips":"08035013910"},"type":"Polygon","arcs":[[-2200,-2202,-2209,2070,-2183]],"id":"08035013910"},{"properties":{"name":"08035014140","fips":"08035014140"},"type":"Polygon","arcs":[[-2212,-2118,-2113,-2136]],"id":"08035014140"},{"properties":{"name":"08035014132","fips":"08035014132"},"type":"Polygon","arcs":[[2071,2072,2073,-2095,-2107]],"id":"08035014132"},{"properties":{"name":"08035014130","fips":"08035014130"},"type":"Polygon","arcs":[[-2092,-2075,-2134]],"id":"08035014130"},{"properties":{"name":"08035014124","fips":"08035014124"},"type":"Polygon","arcs":[[-2127,2074,-2091,-2126]],"id":"08035014124"},{"properties":{"name":"08035014405","fips":"08035014405"},"type":"Polygon","arcs":[[-2123,-2190,-2102]],"id":"08035014405"},{"properties":{"name":"08035014505","fips":"08035014505"},"type":"Polygon","arcs":[[-2077,-2158,-2153,-2080,-2195]],"id":"08035014505"},{"properties":{"name":"08035014138","fips":"08035014138"},"type":"Polygon","arcs":[[-2145,-2214,2075,-2081,-2895,-2909]],"id":"08035014138"},{"properties":{"name":"08035014603","fips":"08035014603"},"type":"Polygon","arcs":[[-2194,-2164,-2159,2076]],"id":"08035014603"},{"properties":{"name":"08035014403","fips":"08035014403"},"type":"Polygon","arcs":[[2077,-2100,2078,-2196,2079,-2152,-2649,-2088]],"id":"08035014403"},{"properties":{"name":"08035014139","fips":"08035014139"},"type":"Polygon","arcs":[[2080,2081,2082,2083,-2888,-2896]],"id":"08035014139"},{"properties":{"name":"08035014126","fips":"08035014126"},"type":"Polygon","arcs":[[-2133,-2105,-2093]],"id":"08035014126"},{"properties":{"name":"08035014203","fips":"08035014203"},"type":"Polygon","arcs":[[2084,-2110,2085,2086]],"id":"08035014203"},{"properties":{"name":"08031000202","fips":"08031000202"},"type":"Polygon","arcs":[[-2410,-2415,-2418,-2434,-2439]],"id":"08031000202"},{"properties":{"name":"08035014404","fips":"08035014404"},"type":"Polygon","arcs":[[2087,-2658,2088,2089]],"id":"08035014404"},{"properties":{"name":"08035014128","fips":"08035014128"},"type":"Polygon","arcs":[[-2094,2090,2091,2092]],"id":"08035014128"},{"properties":{"name":"08035014129","fips":"08035014129"},"type":"Polygon","arcs":[[-2119,2093,-2104]],"id":"08035014129"},{"properties":{"name":"08035014134","fips":"08035014134"},"type":"Polygon","arcs":[[-2108,2094,2095,-2139,-2121]],"id":"08035014134"},{"properties":{"name":"08035014001","fips":"08035014001"},"type":"Polygon","arcs":[[2096,2097,-3308,-3296,2098,-2161,-2116]],"id":"08035014001"},{"properties":{"name":"08035014406","fips":"08035014406"},"type":"Polygon","arcs":[[2099,2100,-2124,2101,-2189,2102]],"id":"08035014406"},{"properties":{"name":"08035014133","fips":"08035014133"},"type":"Polygon","arcs":[[2103,2104,2105,2106,2107,-2120]],"id":"08035014133"},{"properties":{"name":"08035014204","fips":"08035014204"},"type":"Polygon","arcs":[[-2129,2108,2109,2110]],"id":"08035014204"},{"properties":{"name":"08035014125","fips":"08035014125"},"type":"Polygon","arcs":[[2111,-2143,-2137,2112,2113,-2150]],"id":"08035014125"},{"properties":{"name":"08035014005","fips":"08035014005"},"type":"Polygon","arcs":[[-2160,-2175,2114,2115]],"id":"08035014005"},{"properties":{"name":"08035014115","fips":"08035014115"},"type":"Polygon","arcs":[[2116,2117,-2211,-2147]],"id":"08035014115"},{"properties":{"name":"08035014135","fips":"08035014135"},"type":"Polygon","arcs":[[2118,2119,2120,-2138,-2141,2121,-2191,2122,2123,2124,-2128,2125]],"id":"08035014135"},{"properties":{"name":"08035014131","fips":"08035014131"},"type":"Polygon","arcs":[[2126,2127,2128,2129,-3014,-3360,2130,2131,2132,2133]],"id":"08035014131"},{"properties":{"name":"08035014137","fips":"08035014137"},"type":"Polygon","arcs":[[2134,2135,2136,-2142,2137,2138,2139]],"id":"08035014137"},{"properties":{"name":"08035014127","fips":"08035014127"},"type":"Polygon","arcs":[[2140,2141,2142,2143]],"id":"08035014127"},{"properties":{"name":"08035014114","fips":"08035014114"},"type":"Polygon","arcs":[[-2215,2144,-2930,2145,2146]],"id":"08035014114"},{"properties":{"name":"08035014011","fips":"08035014011"},"type":"Polygon","arcs":[[-2173,2147,-2167,2148,2149,2150]],"id":"08035014011"},{"properties":{"name":"08035014506","fips":"08035014506"},"type":"Polygon","arcs":[[-2768,2151,2152,-2157,2153]],"id":"08035014506"},{"properties":{"name":"08035014604","fips":"08035014604"},"type":"Polygon","arcs":[[-2163,2154,2155,2156,2157,2158]],"id":"08035014604"},{"properties":{"name":"08035014010","fips":"08035014010"},"type":"Polygon","arcs":[[-2176,2159,2160,2161,-2181,-2180]],"id":"08035014010"},{"properties":{"name":"08035014013","fips":"08035014013"},"type":"Polygon","arcs":[[2162,2163,2164,-2169,-2199,2165]],"id":"08035014013"},{"properties":{"name":"08035014012","fips":"08035014012"},"type":"Polygon","arcs":[[2166,2167,-2177,-2204,2168,2169,-2193,2170]],"id":"08035014012"},{"properties":{"name":"08035014008","fips":"08035014008"},"type":"Polygon","arcs":[[-2179,2171,2172,2173,2174,2175]],"id":"08035014008"},{"properties":{"name":"08035014009","fips":"08035014009"},"type":"Polygon","arcs":[[2176,2177,2178,2179,-2206,-2205]],"id":"08035014009"},{"properties":{"name":"08035013904","fips":"08035013904"},"type":"Polygon","arcs":[[-2207,2180,2181]],"id":"08035013904"},{"properties":{"name":"08035013911","fips":"08035013911"},"type":"Polygon","arcs":[[2182,2183,2184,2185,2186,-2201]],"id":"08035013911"},{"properties":{"name":"08035014123","fips":"08035014123"},"type":"Polygon","arcs":[[2187,2188,2189,2190,2191,2192]],"id":"08035014123"},{"properties":{"name":"08035014504","fips":"08035014504"},"type":"Polygon","arcs":[[2193,2194,2195,2196]],"id":"08035014504"},{"properties":{"name":"08035013908","fips":"08035013908"},"type":"Polygon","arcs":[[2197,2198,-2203,2199,2200]],"id":"08035013908"},{"properties":{"name":"08035013907","fips":"08035013907"},"type":"Polygon","arcs":[[-2210,2201,2202,2203,2204]],"id":"08035013907"},{"properties":{"name":"08035013905","fips":"08035013905"},"type":"Polygon","arcs":[[2205,2206,2207,2208,2209]],"id":"08035013905"},{"properties":{"name":"08035014113","fips":"08035014113"},"type":"Polygon","arcs":[[2210,2211,2212,2213,2214]],"id":"08035014113"},{"properties":{"name":"08009964600","fips":"08009964600"},"type":"Polygon","arcs":[[2215,2216,2217,2218,2219,2220,2221]],"id":"08009964600"},{"properties":{"name":"08019014800","fips":"08019014800"},"type":"Polygon","arcs":[[2222,2223]],"id":"08019014800"},{"properties":{"name":"08119010202","fips":"08119010202"},"type":"Polygon","arcs":[[-2261,-2642,-2781,2224,2225,2226,-2231]],"id":"08119010202"},{"properties":{"name":"08031006809","fips":"08031006809"},"type":"Polygon","arcs":[[-2232,-2228,-2293,-2265,-2267]],"id":"08031006809"},{"properties":{"name":"08031006812","fips":"08031006812"},"type":"Polygon","arcs":[[-2236,-2947,-2235,-2605,2227,-2233]],"id":"08031006812"},{"properties":{"name":"08119010201","fips":"08119010201"},"type":"Polygon","arcs":[[2228,2229,-2262,2230]],"id":"08119010201"},{"properties":{"name":"08031004004","fips":"08031004004"},"type":"Polygon","arcs":[[-2266,-2927,-2234,2231]],"id":"08031004004"},{"properties":{"name":"08031004003","fips":"08031004003"},"type":"Polygon","arcs":[[-2926,-2284,-2586,-2275,-2945,-2274,2232,2233]],"id":"08031004003"},{"properties":{"name":"08031006901","fips":"08031006901"},"type":"Polygon","arcs":[[-2602,2234,-2948,2235,-2273,-2282,-2272,-2545,-3206,-2955]],"id":"08031006901"},{"properties":{"name":"08119010105","fips":"08119010105"},"type":"Polygon","arcs":[[-2656,-2249,-2240,-2264,2236,2237,2238]],"id":"08119010105"},{"properties":{"name":"08119010104","fips":"08119010104"},"type":"Polygon","arcs":[[-2644,-2260,2239,-2250]],"id":"08119010104"},{"properties":{"name":"08031002901","fips":"08031002901"},"type":"Polygon","arcs":[[-2242,2240,-2588,-2556]],"id":"08031002901"},{"properties":{"name":"08031002802","fips":"08031002802"},"type":"Polygon","arcs":[[-2404,-2243,-2245,2241,-2555]],"id":"08031002802"},{"properties":{"name":"08031002801","fips":"08031002801"},"type":"Polygon","arcs":[[-2361,-2246,2242,-2402,-2390]],"id":"08031002801"},{"properties":{"name":"08031002803","fips":"08031002803"},"type":"Polygon","arcs":[[2243,2244,2245,2246]],"id":"08031002803"},{"properties":{"name":"08031005503","fips":"08031005503"},"type":"Polygon","arcs":[[-2941,2247,-2295,-2269,-3028]],"id":"08031005503"},{"properties":{"name":"08119010103","fips":"08119010103"},"type":"Polygon","arcs":[[2248,-2655,-2645,2249]],"id":"08119010103"},{"properties":{"name":"08061960100","fips":"08061960100"},"type":"Polygon","arcs":[[2250,2251,2252,2253,2254,2255,2256,2257,2258]],"id":"08061960100"},{"properties":{"name":"08119010106","fips":"08119010106"},"type":"Polygon","arcs":[[2259,-2643,2260,2261,2262,2263]],"id":"08119010106"},{"properties":{"name":"08031006804","fips":"08031006804"},"type":"Polygon","arcs":[[-2268,2264,-2292,-3257,-3323]],"id":"08031006804"},{"properties":{"name":"08031006701","fips":"08031006701"},"type":"Polygon","arcs":[[-2928,2265,2266,2267,-3334],[3328]],"id":"08031006701"},{"properties":{"name":"08031005502","fips":"08031005502"},"type":"Polygon","arcs":[[-3291,-3023,2268,-2294,-2276,-2525]],"id":"08031005502"},{"properties":{"name":"08031007013","fips":"08031007013"},"type":"Polygon","arcs":[[-2550,-2270,-3140,-3208],[3199]],"id":"08031007013"},{"properties":{"name":"08031005002","fips":"08031005002"},"type":"Polygon","arcs":[[2269,-2549,-2271,-2484,-2608,-3141]],"id":"08031005002"},{"properties":{"name":"08031005001","fips":"08031005001"},"type":"Polygon","arcs":[[-2485,2270,-2548,-2479]],"id":"08031005001"},{"properties":{"name":"08031005102","fips":"08031005102"},"type":"Polygon","arcs":[[-2430,-3342,-2480,-2546,2271,-2281]],"id":"08031005102"},{"properties":{"name":"08031005300","fips":"08031005300"},"type":"Polygon","arcs":[[-2283,2272,2273,-2946,2274,-2585,-2285]],"id":"08031005300"},{"properties":{"name":"08031004801","fips":"08031004801"},"type":"Polygon","arcs":[[-2526,2275,-2541,-2316]],"id":"08031004801"},{"properties":{"name":"08031001402","fips":"08031001402"},"type":"Polygon","arcs":[[-2594,-2449,-2508,-2277]],"id":"08031001402"},{"properties":{"name":"08031001401","fips":"08031001401"},"type":"Polygon","arcs":[[-2278,-2595,2276,-2507,-2280]],"id":"08031001401"},{"properties":{"name":"08031001302","fips":"08031001302"},"type":"Polygon","arcs":[[-2279,-2321,-2551,2277]],"id":"08031001302"},{"properties":{"name":"08031001301","fips":"08031001301"},"type":"Polygon","arcs":[[2278,2279,-2537,-2574,-2322]],"id":"08031001301"},{"properties":{"name":"08031005104","fips":"08031005104"},"type":"Polygon","arcs":[[-2286,-2431,2280,2281,2282]],"id":"08031005104"},{"properties":{"name":"08031004303","fips":"08031004303"},"type":"Polygon","arcs":[[-2372,-2376,-2337,-2332,-2481,-2478,-3353]],"id":"08031004303"},{"properties":{"name":"08031004002","fips":"08031004002"},"type":"Polygon","arcs":[[2283,-2925,-2972,-2289,-2587]],"id":"08031004002"},{"properties":{"name":"08031004005","fips":"08031004005"},"type":"Polygon","arcs":[[-2287,2284,-2584,-2351]],"id":"08031004005"},{"properties":{"name":"08031003902","fips":"08031003902"},"type":"Polygon","arcs":[[-2300,-2369,-3351,-2432,2285,2286]],"id":"08031003902"},{"properties":{"name":"08031003004","fips":"08031003004"},"type":"Polygon","arcs":[[2287,-2349,-2583,2288,-2971,-2981]],"id":"08031003004"},{"properties":{"name":"08031004603","fips":"08031004603"},"type":"Polygon","arcs":[[-2528,-2315,-2509,-2448]],"id":"08031004603"},{"properties":{"name":"08031004601","fips":"08031004601"},"type":"Polygon","arcs":[[-2510,-2319,2289,2290,-2581]],"id":"08031004601"},{"properties":{"name":"08031000903","fips":"08031000903"},"type":"Polygon","arcs":[[-2320,-2573,-2558,-2467]],"id":"08031000903"},{"properties":{"name":"08031006810","fips":"08031006810"},"type":"Polygon","arcs":[[2291,2292,-2604,-2600,-3258]],"id":"08031006810"},{"properties":{"name":"08031012001","fips":"08031012001"},"type":"Polygon","arcs":[[-2542,2293,2294,2295,-2302,2296]],"id":"08031012001"},{"properties":{"name":"08031003402","fips":"08031003402"},"type":"Polygon","arcs":[[2297,2298,-2370,2299,-2350]],"id":"08031003402"},{"properties":{"name":"08031012010","fips":"08031012010"},"type":"Polygon","arcs":[[2300,2301,2302,-2939,2303,-2937,2304,2305,2306,-2314],[2307]],"id":"08031012010"},{"properties":{"name":"08031012014","fips":"08031012014"},"type":"Polygon","arcs":[[2308,2309,2310,2311,2312,2313]],"id":"08031012014"},{"properties":{"name":"08031004700","fips":"08031004700"},"type":"Polygon","arcs":[[2314,-2527,2315,2316,2317,2318]],"id":"08031004700"},{"properties":{"name":"08031001000","fips":"08031001000"},"type":"Polygon","arcs":[[2319,-2420,-2552,2320,2321]],"id":"08031001000"},{"properties":{"name":"08031011903","fips":"08031011903"},"type":"Polygon","arcs":[[-2539,2322,2323,2324,2325]],"id":"08031011903"},{"properties":{"name":"08031004404","fips":"08031004404"},"type":"Polygon","arcs":[[-2330,-2329,-3240,-3173,-2441]],"id":"08031004404"},{"properties":{"name":"08031004403","fips":"08031004403"},"type":"Polygon","arcs":[[2326,2327,2328,-2334,-2487]],"id":"08031004403"},{"properties":{"name":"08031004304","fips":"08031004304"},"type":"Polygon","arcs":[[-2482,-2331,-2333,2329,-2440]],"id":"08031004304"},{"properties":{"name":"08031004302","fips":"08031004302"},"type":"Polygon","arcs":[[-2338,2330,2331,-2336]],"id":"08031004302"},{"properties":{"name":"08031004202","fips":"08031004202"},"type":"Polygon","arcs":[[2332,-2341,-2335,2333]],"id":"08031004202"},{"properties":{"name":"08031004104","fips":"08031004104"},"type":"Polygon","arcs":[[2334,-2348,-2353,-2488]],"id":"08031004104"},{"properties":{"name":"08031004301","fips":"08031004301"},"type":"Polygon","arcs":[[-2339,2335,2336,-2345,-2343]],"id":"08031004301"},{"properties":{"name":"08031004201","fips":"08031004201"},"type":"Polygon","arcs":[[2337,2338,2339,-2346,2340]],"id":"08031004201"},{"properties":{"name":"08031003703","fips":"08031003703"},"type":"Polygon","arcs":[[-2344,-2358,2341,2342]],"id":"08031003703"},{"properties":{"name":"08031003300","fips":"08031003300"},"type":"Polygon","arcs":[[-2363,-2366,-2359,2343,2344,-2375]],"id":"08031003300"},{"properties":{"name":"08031004103","fips":"08031004103"},"type":"Polygon","arcs":[[2345,2346,-2355,2347]],"id":"08031004103"},{"properties":{"name":"08031003003","fips":"08031003003"},"type":"Polygon","arcs":[[2348,-2590,2349,2350]],"id":"08031003003"},{"properties":{"name":"08031004102","fips":"08031004102"},"type":"Polygon","arcs":[[2351,-2489,2352,-2354]],"id":"08031004102"},{"properties":{"name":"08031004101","fips":"08031004101"},"type":"Polygon","arcs":[[2353,2354,-2380,-2378,2355]],"id":"08031004101"},{"properties":{"name":"08031003702","fips":"08031003702"},"type":"Polygon","arcs":[[-2365,2356,2357,2358]],"id":"08031003702"},{"properties":{"name":"08031003203","fips":"08031003203"},"type":"Polygon","arcs":[[2359,2360,-2389,2361,-2367,2362,-2374]],"id":"08031003203"},{"properties":{"name":"08031003202","fips":"08031003202"},"type":"Polygon","arcs":[[2363,2364,2365,2366,2367]],"id":"08031003202"},{"properties":{"name":"08031003901","fips":"08031003901"},"type":"Polygon","arcs":[[-3352,2368,2369,2370,-2373,2371]],"id":"08031003901"},{"properties":{"name":"08031003800","fips":"08031003800"},"type":"Polygon","arcs":[[2372,2373,2374,2375]],"id":"08031003800"},{"properties":{"name":"08031003500","fips":"08031003500"},"type":"Polygon","arcs":[[2376,2377,-2379,-2387,-2405,-2414]],"id":"08031003500"},{"properties":{"name":"08031003602","fips":"08031003602"},"type":"Polygon","arcs":[[2378,2379,2380,-2385]],"id":"08031003602"},{"properties":{"name":"08031002300","fips":"08031002300"},"type":"Polygon","arcs":[[-2386,2381,2382,2383,-2397]],"id":"08031002300"},{"properties":{"name":"08031003601","fips":"08031003601"},"type":"Polygon","arcs":[[2384,2385,-2406,2386]],"id":"08031003601"},{"properties":{"name":"08031002702","fips":"08031002702"},"type":"Polygon","arcs":[[2387,2388,2389,-2401,-2393,2390]],"id":"08031002702"},{"properties":{"name":"08031002701","fips":"08031002701"},"type":"Polygon","arcs":[[2391,2392,-2400,-2395]],"id":"08031002701"},{"properties":{"name":"08031002601","fips":"08031002601"},"type":"Polygon","arcs":[[-2396,2393,2394,-2515]],"id":"08031002601"},{"properties":{"name":"08031002403","fips":"08031002403"},"type":"Polygon","arcs":[[2395,-2514,-2407,2396,2397,2398]],"id":"08031002403"},{"properties":{"name":"08031002000","fips":"08031002000"},"type":"Polygon","arcs":[[-2511,2399,2400,2401,-2403]],"id":"08031002000"},{"properties":{"name":"08031001800","fips":"08031001800"},"type":"Polygon","arcs":[[-2554,-2465,-2531,2402,2403]],"id":"08031001800"},{"properties":{"name":"08031001701","fips":"08031001701"},"type":"Polygon","arcs":[[-2501,-2408,-2512,-2536]],"id":"08031001701"},{"properties":{"name":"08031001600","fips":"08031001600"},"type":"Polygon","arcs":[[-2500,-2409,2404,2405,2406,-2513,2407]],"id":"08031001600"},{"properties":{"name":"08031008306","fips":"08031008306"},"type":"Polygon","arcs":[[-2570,-2565,-2518,-2521,-2429]],"id":"08031008306"},{"properties":{"name":"08031001500","fips":"08031001500"},"type":"Polygon","arcs":[[2408,-2499,-2416,2409,-2438,2410,2411,2412,2413]],"id":"08031001500"},{"properties":{"name":"08031001101","fips":"08031001101"},"type":"Polygon","arcs":[[-2498,-2419,2414,2415]],"id":"08031001101"},{"properties":{"name":"08031000402","fips":"08031000402"},"type":"Polygon","arcs":[[-2504,-2425,-2417,-2502]],"id":"08031000402"},{"properties":{"name":"08031000401","fips":"08031000401"},"type":"Polygon","arcs":[[2416,-2459,2417,2418]],"id":"08031000401"},{"properties":{"name":"08031000800","fips":"08031000800"},"type":"Polygon","arcs":[[-2533,-2464,2419,-2466,-2472,-2506]],"id":"08031000800"},{"properties":{"name":"08031000701","fips":"08031000701"},"type":"Polygon","arcs":[[-2560,2420,2421,2422,-2469]],"id":"08031000701"},{"properties":{"name":"08031000502","fips":"08031000502"},"type":"Polygon","arcs":[[-2471,2423,-2426,-2503]],"id":"08031000502"},{"properties":{"name":"08031000303","fips":"08031000303"},"type":"Polygon","arcs":[[2424,2425,2426,-2460]],"id":"08031000303"},{"properties":{"name":"08031980100","fips":"08031980100"},"type":"Polygon","arcs":[[2427,-2571,2428,-2520,-2443]],"id":"08031980100"},{"properties":{"name":"08031015500","fips":"08031015500"},"type":"MultiPolygon","arcs":[[[-3344,-3348]],[[-3343,2429,2430,2431,-3350]]],"id":"08031015500"},{"properties":{"name":"08031000102","fips":"08031000102"},"type":"Polygon","arcs":[[2432,-2451,2433,-2463]],"id":"08031000102"},{"properties":{"name":"08031000201","fips":"08031000201"},"type":"Polygon","arcs":[[-2450,2434,2435,2436,2437,2438]],"id":"08031000201"},{"properties":{"name":"08031004405","fips":"08031004405"},"type":"Polygon","arcs":[[-2609,-2483,2439,2440,-3172,-3259,-2606,-2611]],"id":"08031004405"},{"properties":{"name":"08031004106","fips":"08031004106"},"type":"Polygon","arcs":[[-2486,2441,2442,-2519,2443,2444,2445,2446]],"id":"08031004106"},{"properties":{"name":"08031015600","fips":"08031015600"},"type":"Polygon","arcs":[[-2529,2447,2448,-2593,-3006,-3142]],"id":"08031015600"},{"properties":{"name":"08031015400","fips":"08031015400"},"type":"Polygon","arcs":[[2449,2450,2451,2452,2453]],"id":"08031015400"},{"properties":{"name":"08031008390","fips":"08031008390"},"type":"Polygon","arcs":[[2454,-2494,-2475,-2457,2455]],"id":"08031008390"},{"properties":{"name":"08031008391","fips":"08031008391"},"type":"Polygon","arcs":[[2456,-2474,2457]],"id":"08031008391"},{"properties":{"name":"08031000301","fips":"08031000301"},"type":"Polygon","arcs":[[2458,2459,2460,2461,2462]],"id":"08031000301"},{"properties":{"name":"08031001901","fips":"08031001901"},"type":"Polygon","arcs":[[2463,-2532,2464,-2553]],"id":"08031001901"},{"properties":{"name":"08031000905","fips":"08031000905"},"type":"Polygon","arcs":[[-2561,-2468,2465,2466]],"id":"08031000905"},{"properties":{"name":"08031000702","fips":"08031000702"},"type":"Polygon","arcs":[[2467,2468,2469,2470,2471]],"id":"08031000702"},{"properties":{"name":"08031008389","fips":"08031008389"},"type":"Polygon","arcs":[[2472,2473,2474,-2493,2475]],"id":"08031008389"},{"properties":{"name":"08031008386","fips":"08031008386"},"type":"Polygon","arcs":[[-2567,2476,-2496,-2516]],"id":"08031008386"},{"properties":{"name":"08031015300","fips":"08031015300"},"type":"Polygon","arcs":[[2477,2478,-2547,2479,-3345,-3346],[3340]],"id":"08031015300"},{"properties":{"name":"08031004306","fips":"08031004306"},"type":"Polygon","arcs":[[2480,2481,2482,2483,2484]],"id":"08031004306"},{"properties":{"name":"08005082600","fips":"08005082600"},"type":"Polygon","arcs":[[-2882,-3355,-3424,-3167,-3219]],"id":"08005082600"},{"properties":{"name":"08031004107","fips":"08031004107"},"type":"Polygon","arcs":[[2485,2486,2487,2488,2489,2490]],"id":"08031004107"},{"properties":{"name":"08031008388","fips":"08031008388"},"type":"Polygon","arcs":[[2491,2492,2493,2494,-2523,-2517,2495,2496]],"id":"08031008388"},{"properties":{"name":"08031001102","fips":"08031001102"},"type":"Polygon","arcs":[[2497,2498,2499,2500,-2535,-2505,2501]],"id":"08031001102"},{"properties":{"name":"08031000600","fips":"08031000600"},"type":"Polygon","arcs":[[2502,2503,2504,-2534,2505]],"id":"08031000600"},{"properties":{"name":"08031004602","fips":"08031004602"},"type":"Polygon","arcs":[[2506,2507,2508,2509,-2538]],"id":"08031004602"},{"properties":{"name":"08031001702","fips":"08031001702"},"type":"Polygon","arcs":[[2510,-2530,2511,2512,2513,2514]],"id":"08031001702"},{"properties":{"name":"08031008387","fips":"08031008387"},"type":"Polygon","arcs":[[2515,2516,-2522,2517,-2564]],"id":"08031008387"},{"properties":{"name":"08031008312","fips":"08031008312"},"type":"Polygon","arcs":[[2518,2519,2520,2521,2522,2523]],"id":"08031008312"},{"properties":{"name":"08031015700","fips":"08031015700"},"type":"Polygon","arcs":[[-3287,2524,2525,2526,2527,2528,-3144]],"id":"08031015700"},{"properties":{"name":"08031001902","fips":"08031001902"},"type":"Polygon","arcs":[[2529,2530,2531,2532,2533,2534,2535]],"id":"08031001902"},{"properties":{"name":"08031004506","fips":"08031004506"},"type":"Polygon","arcs":[[-2580,-2572,2536,2537]],"id":"08031004506"},{"properties":{"name":"08031011902","fips":"08031011902"},"type":"Polygon","arcs":[[2538,2539,2540,2541,2542],[2543]],"id":"08031011902"},{"properties":{"name":"08031005200","fips":"08031005200"},"type":"Polygon","arcs":[[-3207,2544,2545,2546,2547,2548,2549],[3198]],"id":"08031005200"},{"properties":{"name":"08031002100","fips":"08031002100"},"type":"Polygon","arcs":[[-2596,2550,2551,2552,2553,2554,2555]],"id":"08031002100"},{"properties":{"name":"08031000902","fips":"08031000902"},"type":"Polygon","arcs":[[2556,-2562,2557,-2576,2558]],"id":"08031000902"},{"properties":{"name":"08031000904","fips":"08031000904"},"type":"Polygon","arcs":[[2559,2560,2561,2562]],"id":"08031000904"},{"properties":{"name":"08031008305","fips":"08031008305"},"type":"Polygon","arcs":[[2563,2564,-2569,2565,2566]],"id":"08031008305"},{"properties":{"name":"08031008304","fips":"08031008304"},"type":"Polygon","arcs":[[2567,2568,2569,2570]],"id":"08031008304"},{"properties":{"name":"08005080200","fips":"08005080200"},"type":"Polygon","arcs":[[-3150,-2615,-3434,-2956,-3132]],"id":"08005080200"},{"properties":{"name":"08031007006","fips":"08031007006"},"type":"Polygon","arcs":[[-3252,-2599,-2598,-3436,-3264]],"id":"08031007006"},{"properties":{"name":"08031004505","fips":"08031004505"},"type":"Polygon","arcs":[[2571,-2579,-2577,2572,2573]],"id":"08031004505"},{"properties":{"name":"08031004504","fips":"08031004504"},"type":"Polygon","arcs":[[2574,2575,2576,-2578]],"id":"08031004504"},{"properties":{"name":"08031004503","fips":"08031004503"},"type":"Polygon","arcs":[[2577,2578,2579,2580,2581]],"id":"08031004503"},{"properties":{"name":"08031004006","fips":"08031004006"},"type":"Polygon","arcs":[[2582,2583,2584,2585,2586]],"id":"08031004006"},{"properties":{"name":"08031003001","fips":"08031003001"},"type":"Polygon","arcs":[[2587,2588,2589,2590,-2597]],"id":"08031003001"},{"properties":{"name":"08031001403","fips":"08031001403"},"type":"Polygon","arcs":[[2591,-3007,2592,2593,2594,2595,2596]],"id":"08031001403"},{"properties":{"name":"08031006813","fips":"08031006813"},"type":"Polygon","arcs":[[-2952,-3204,-2957,-3437,2597,-2601]],"id":"08031006813"},{"properties":{"name":"08031006814","fips":"08031006814"},"type":"Polygon","arcs":[[2598,-3251,2599,-2603,-2953,2600]],"id":"08031006814"},{"properties":{"name":"08031006811","fips":"08031006811"},"type":"Polygon","arcs":[[2601,-2954,2602,2603,2604]],"id":"08031006811"},{"properties":{"name":"08031007037","fips":"08031007037"},"type":"Polygon","arcs":[[-3262,-3249,-3148,-3135,-3137,-2607,-2612,2605]],"id":"08031007037"},{"properties":{"name":"08031007088","fips":"08031007088"},"type":"Polygon","arcs":[[2606,-3136,2607,2608,-2610]],"id":"08031007088"},{"properties":{"name":"08031007089","fips":"08031007089"},"type":"Polygon","arcs":[[2609,2610,2611]],"id":"08031007089"},{"properties":{"name":"08005081800","fips":"08005081800"},"type":"Polygon","arcs":[[-2961,2612,2613,-3164,-3427,-3033]],"id":"08005081800"},{"properties":{"name":"08005007500","fips":"08005007500"},"type":"Polygon","arcs":[[-3022,-2959,-3035]],"id":"08005007500"},{"properties":{"name":"08005082300","fips":"08005082300"},"type":"Polygon","arcs":[[-3169,-3152,-2881,-2887]],"id":"08005082300"},{"properties":{"name":"08005081600","fips":"08005081600"},"type":"Polygon","arcs":[[-2949,-3266,-3187,-2886,-3153,-3371,-3214]],"id":"08005081600"},{"properties":{"name":"08005080700","fips":"08005080700"},"type":"Polygon","arcs":[[-3369,-3238,2614,-2710]],"id":"08005080700"},{"properties":{"name":"08005006808","fips":"08005006808"},"type":"Polygon","arcs":[[-2616,-3310,-3256,-3002]],"id":"08005006808"},{"properties":{"name":"08005084600","fips":"08005084600"},"type":"Polygon","arcs":[[-2950,-3212,-3373,-3415,-3402,-2944,-3268]],"id":"08005084600"},{"properties":{"name":"08005006711","fips":"08005006711"},"type":"Polygon","arcs":[[-3322,-2967,-3327,-3332]],"id":"08005006711"},{"properties":{"name":"08005006815","fips":"08005006815"},"type":"Polygon","arcs":[[-3325,-3311,2615,-3001,-3303,-2908]],"id":"08005006815"},{"properties":{"name":"08041003801","fips":"08041003801"},"type":"Polygon","arcs":[[-2652,-2633,-2677]],"id":"08041003801"},{"properties":{"name":"08041005111","fips":"08041005111"},"type":"Polygon","arcs":[[-2734,-3090,-2638,-2619,-2742,-2785]],"id":"08041005111"},{"properties":{"name":"08041007101","fips":"08041007101"},"type":"Polygon","arcs":[[-3178,-2629,-2718,-2723,-2730,-2617,-2716]],"id":"08041007101"},{"properties":{"name":"08041007201","fips":"08041007201"},"type":"Polygon","arcs":[[-3093,-2632,-2622,-3118,-3181]],"id":"08041007201"},{"properties":{"name":"08041006901","fips":"08041006901"},"type":"Polygon","arcs":[[-2729,-2714,2616]],"id":"08041006901"},{"properties":{"name":"08041006301","fips":"08041006301"},"type":"Polygon","arcs":[[-2664,-3087,-2798,-2801,-2618]],"id":"08041006301"},{"properties":{"name":"08041006302","fips":"08041006302"},"type":"Polygon","arcs":[[-2800,-2672,-2667,-2661,2617]],"id":"08041006302"},{"properties":{"name":"08041005110","fips":"08041005110"},"type":"Polygon","arcs":[[-2630,-2743,2618,-2640]],"id":"08041005110"},{"properties":{"name":"08041006801","fips":"08041006801"},"type":"Polygon","arcs":[[-2674,-2703,-2620,-2726,-2794]],"id":"08041006801"},{"properties":{"name":"08041006802","fips":"08041006802"},"type":"Polygon","arcs":[[2619,-2702,-2715,-2727]],"id":"08041006802"},{"properties":{"name":"08041006000","fips":"08041006000"},"type":"Polygon","arcs":[[-2631,-2662,-2665,-2689]],"id":"08041006000"},{"properties":{"name":"08005084100","fips":"08005084100"},"type":"Polygon","arcs":[[-3413,-2681,-3406,-3379,-3376]],"id":"08005084100"},{"properties":{"name":"08041004601","fips":"08041004601"},"type":"Polygon","arcs":[[-2735,-2783,-3111,-3192,-2623]],"id":"08041004601"},{"properties":{"name":"08041004511","fips":"08041004511"},"type":"Polygon","arcs":[[-2732,-2627,2620,-2756,-2647,-2737]],"id":"08041004511"},{"properties":{"name":"08041007602","fips":"08041007602"},"type":"Polygon","arcs":[[-2628,-3176,-3114]],"id":"08041007602"},{"properties":{"name":"08041007202","fips":"08041007202"},"type":"Polygon","arcs":[[-2650,-3119,2621,-2634]],"id":"08041007202"},{"properties":{"name":"08041005105","fips":"08041005105"},"type":"Polygon","arcs":[[-3060,-2721,-2711,-2680]],"id":"08041005105"},{"properties":{"name":"08041004602","fips":"08041004602"},"type":"Polygon","arcs":[[2622,-3191,2623,2624,2625,2626,-2736]],"id":"08041004602"},{"properties":{"name":"08041007601","fips":"08041007601"},"type":"Polygon","arcs":[[-3177,2627,-3113,-2789,-2712,-2719,2628]],"id":"08041007601"},{"properties":{"name":"08041005900","fips":"08041005900"},"type":"Polygon","arcs":[[-2668,2629,-2639,-2663,2630,-2688,-3050,-2670]],"id":"08041005900"},{"properties":{"name":"08041003802","fips":"08041003802"},"type":"Polygon","arcs":[[2631,-3092,-2701,-2673,-2678,2632,-2651,2633]],"id":"08041003802"},{"properties":{"name":"08041003307","fips":"08041003307"},"type":"Polygon","arcs":[[-2746,-2748,-2682]],"id":"08041003307"},{"properties":{"name":"08041006700","fips":"08041006700"},"type":"Polygon","arcs":[[-2653,-2775,-3107,-2641]],"id":"08041006700"},{"properties":{"name":"08041004507","fips":"08041004507"},"type":"Polygon","arcs":[[-2636,-2684,-2646,-2635]],"id":"08041004507"},{"properties":{"name":"08041004506","fips":"08041004506"},"type":"Polygon","arcs":[[-3074,-2637,2634,-2648]],"id":"08041004506"},{"properties":{"name":"08041004300","fips":"08041004300"},"type":"Polygon","arcs":[[2635,2636,-3073,-2660,-2692,-2685]],"id":"08041004300"},{"properties":{"name":"08041005000","fips":"08041005000"},"type":"Polygon","arcs":[[2637,-3089,2638,2639]],"id":"08041005000"},{"properties":{"name":"08041003400","fips":"08041003400"},"type":"Polygon","arcs":[[2640,-3106,-2825,-2818,-2782,2641,2642,2643,2644,-2654]],"id":"08041003400"},{"properties":{"name":"08041004508","fips":"08041004508"},"type":"Polygon","arcs":[[2645,-2683,-2738,2646,-2755,-3075,2647]],"id":"08041004508"},{"properties":{"name":"08041003701","fips":"08041003701"},"type":"Polygon","arcs":[[2648,-2767,-3120,2649,2650,2651,-2676,-2771,-3043,-2776,2652,2653,2654,2655,2656,2657]],"id":"08041003701"},{"properties":{"name":"08041004100","fips":"08041004100"},"type":"Polygon","arcs":[[-3071,-2694,-2659]],"id":"08041004100"},{"properties":{"name":"08041004200","fips":"08041004200"},"type":"Polygon","arcs":[[-3072,2658,-2693,2659]],"id":"08041004200"},{"properties":{"name":"08041006200","fips":"08041006200"},"type":"Polygon","arcs":[[2660,-2666,2661,2662,-3088,2663]],"id":"08041006200"},{"properties":{"name":"08041006100","fips":"08041006100"},"type":"Polygon","arcs":[[-2796,2664,2665,2666]],"id":"08041006100"},{"properties":{"name":"08041005800","fips":"08041005800"},"type":"Polygon","arcs":[[-2805,-2671,-2744,2667,-2669]],"id":"08041005800"},{"properties":{"name":"08041005700","fips":"08041005700"},"type":"Polygon","arcs":[[-2752,-2790,2668,2669]],"id":"08041005700"},{"properties":{"name":"08041005602","fips":"08041005602"},"type":"Polygon","arcs":[[-2745,2670,-2808]],"id":"08041005602"},{"properties":{"name":"08041004703","fips":"08041004703"},"type":"Polygon","arcs":[[-2717,-3067,-2816,-3053,-2793]],"id":"08041004703"},{"properties":{"name":"08041004009","fips":"08041004009"},"type":"Polygon","arcs":[[-2754,-2690,-3080,-2804]],"id":"08041004009"},{"properties":{"name":"08041005202","fips":"08041005202"},"type":"Polygon","arcs":[[2671,-2809,-2814,-2797]],"id":"08041005202"},{"properties":{"name":"08041003905","fips":"08041003905"},"type":"Polygon","arcs":[[-3056,-2876,-2679,2672,-2704,2673]],"id":"08041003905"},{"properties":{"name":"08041003706","fips":"08041003706"},"type":"Polygon","arcs":[[-2765,-2770,-3095,-2675]],"id":"08041003706"},{"properties":{"name":"08041003705","fips":"08041003705"},"type":"Polygon","arcs":[[-2875,-2766,2674,-3097,-2772,2675,2676,2677,2678,-2880]],"id":"08041003705"},{"properties":{"name":"08041003000","fips":"08041003000"},"type":"Polygon","arcs":[[-2821,-2822,-2700,-3194,-2686,-2835]],"id":"08041003000"},{"properties":{"name":"08041005109","fips":"08041005109"},"type":"Polygon","arcs":[[-2787,-2741,-2807,2679,-2713]],"id":"08041005109"},{"properties":{"name":"08005084500","fips":"08005084500"},"type":"Polygon","arcs":[[2680,-3155,-3407]],"id":"08005084500"},{"properties":{"name":"08041003303","fips":"08041003303"},"type":"Polygon","arcs":[[-2830,-2687,-3077,-2762,-2751,-2747,2681]],"id":"08041003303"},{"properties":{"name":"08041004503","fips":"08041004503"},"type":"Polygon","arcs":[[-2691,-3083,-2733,-2739,2682,2683,2684]],"id":"08041004503"},{"properties":{"name":"08041002900","fips":"08041002900"},"type":"Polygon","arcs":[[2685,-3103,2686,-2829]],"id":"08041002900"},{"properties":{"name":"08041002000","fips":"08041002000"},"type":"Polygon","arcs":[[-2857,-3051,2687,2688,-2795,-2839,-2695]],"id":"08041002000"},{"properties":{"name":"08041004502","fips":"08041004502"},"type":"Polygon","arcs":[[2689,-2753,-3084,2690,2691,2692,2693,-3081]],"id":"08041004502"},{"properties":{"name":"08041001900","fips":"08041001900"},"type":"Polygon","arcs":[[-2838,-2696,-2851,-2855,2694]],"id":"08041001900"},{"properties":{"name":"08041001800","fips":"08041001800"},"type":"Polygon","arcs":[[-2827,-2697,-2852,2695,-2837,-2817]],"id":"08041001800"},{"properties":{"name":"08041001700","fips":"08041001700"},"type":"Polygon","arcs":[[-2698,-2707,-2853,2696,-2826]],"id":"08041001700"},{"properties":{"name":"08041001600","fips":"08041001600"},"type":"Polygon","arcs":[[-2699,-2705,-2708,2697,-3196]],"id":"08041001600"},{"properties":{"name":"08041001500","fips":"08041001500"},"type":"Polygon","arcs":[[-2841,-2843,-2849,2698,-3195,2699]],"id":"08041001500"},{"properties":{"name":"08041003906","fips":"08041003906"},"type":"Polygon","arcs":[[2700,-3091,2701,2702,2703]],"id":"08041003906"},{"properties":{"name":"08041001101","fips":"08041001101"},"type":"Polygon","arcs":[[-2847,-2872,-2863,-2706]],"id":"08041001101"},{"properties":{"name":"08041001000","fips":"08041001000"},"type":"Polygon","arcs":[[-2860,-2709,2704,-2848,2705]],"id":"08041001000"},{"properties":{"name":"08041000900","fips":"08041000900"},"type":"Polygon","arcs":[[-2854,2706,2707,2708,-2862]],"id":"08041000900"},{"properties":{"name":"08005080800","fips":"08005080800"},"type":"Polygon","arcs":[[-3149,-2869,-3366,2709]],"id":"08005080800"},{"properties":{"name":"08041005107","fips":"08041005107"},"type":"Polygon","arcs":[[2710,-2720,2711,-2788,2712]],"id":"08041005107"},{"properties":{"name":"08041007102","fips":"08041007102"},"type":"Polygon","arcs":[[2713,-2728,2714,-3094,-3179,2715]],"id":"08041007102"},{"properties":{"name":"08041004705","fips":"08041004705"},"type":"Polygon","arcs":[[-2722,-3058,-3068,2716,-2725]],"id":"08041004705"},{"properties":{"name":"08041005106","fips":"08041005106"},"type":"Polygon","arcs":[[2717,2718,2719,2720,-3059,2721,-2724]],"id":"08041005106"},{"properties":{"name":"08041004706","fips":"08041004706"},"type":"Polygon","arcs":[[2722,2723,2724,-2792,-2731]],"id":"08041004706"},{"properties":{"name":"08041006902","fips":"08041006902"},"type":"Polygon","arcs":[[2725,2726,2727,2728,2729,2730]],"id":"08041006902"},{"properties":{"name":"08041004603","fips":"08041004603"},"type":"Polygon","arcs":[[2731,-2740,2732,-3082,2733,-2784,2734,2735]],"id":"08041004603"},{"properties":{"name":"08041004510","fips":"08041004510"},"type":"Polygon","arcs":[[2736,2737,2738,2739]],"id":"08041004510"},{"properties":{"name":"08041005108","fips":"08041005108"},"type":"Polygon","arcs":[[2740,-2786,2741,2742,2743,2744]],"id":"08041005108"},{"properties":{"name":"08041003308","fips":"08041003308"},"type":"Polygon","arcs":[[-2750,-2749,2745,2746]],"id":"08041003308"},{"properties":{"name":"08041003305","fips":"08041003305"},"type":"Polygon","arcs":[[2747,2748,-2777,-2831]],"id":"08041003305"},{"properties":{"name":"08041004401","fips":"08041004401"},"type":"Polygon","arcs":[[-2760,-2778,2749,2750,-2761]],"id":"08041004401"},{"properties":{"name":"08041000101","fips":"08041000101"},"type":"Polygon","arcs":[[-3049,-2859,-2864,-2992,-3037,-2791,2751]],"id":"08041000101"},{"properties":{"name":"08041008000","fips":"08041008000"},"type":"Polygon","arcs":[[-2873,-2846,-3046,-2764]],"id":"08041008000"},{"properties":{"name":"08041006502","fips":"08041006502"},"type":"Polygon","arcs":[[-3085,2752,2753,-2803,-2799]],"id":"08041006502"},{"properties":{"name":"08041004403","fips":"08041004403"},"type":"Polygon","arcs":[[2754,2755,2756,2757,2758,-2779,2759,-2763]],"id":"08041004403"},{"properties":{"name":"08041004402","fips":"08041004402"},"type":"Polygon","arcs":[[2760,2761,-3076,2762]],"id":"08041004402"},{"properties":{"name":"08041003709","fips":"08041003709"},"type":"Polygon","arcs":[[-2874,2763,-2773,2764,2765]],"id":"08041003709"},{"properties":{"name":"08041007400","fips":"08041007400"},"type":"Polygon","arcs":[[2766,2767,2768,-3183,-3121]],"id":"08041007400"},{"properties":{"name":"08041003707","fips":"08041003707"},"type":"Polygon","arcs":[[-3096,2769,-2774,-3044,2770,2771]],"id":"08041003707"},{"properties":{"name":"08041003708","fips":"08041003708"},"type":"Polygon","arcs":[[2772,-3045,2773]],"id":"08041003708"},{"properties":{"name":"08041006600","fips":"08041006600"},"type":"Polygon","arcs":[[-3108,2774,2775,-3042,-2845]],"id":"08041006600"},{"properties":{"name":"08041003306","fips":"08041003306"},"type":"Polygon","arcs":[[-2832,2776,2777,2778,2779,2780,2781,-2819]],"id":"08041003306"},{"properties":{"name":"08041005104","fips":"08041005104"},"type":"Polygon","arcs":[[-3112,2782,2783,2784,2785,2786,2787,2788]],"id":"08041005104"},{"properties":{"name":"08041005502","fips":"08041005502"},"type":"Polygon","arcs":[[-3057,-2806,2789,2790,-3065]],"id":"08041005502"},{"properties":{"name":"08041004702","fips":"08041004702"},"type":"Polygon","arcs":[[2791,2792,-3052,2793]],"id":"08041004702"},{"properties":{"name":"08041002102","fips":"08041002102"},"type":"Polygon","arcs":[[-2813,-2840,2794,2795,2796]],"id":"08041002102"},{"properties":{"name":"08041006501","fips":"08041006501"},"type":"Polygon","arcs":[[-2802,2797,-3086,2798]],"id":"08041006501"},{"properties":{"name":"08041006400","fips":"08041006400"},"type":"Polygon","arcs":[[-2810,2799,2800,2801,2802,2803]],"id":"08041006400"},{"properties":{"name":"08041005601","fips":"08041005601"},"type":"Polygon","arcs":[[2804,2805,-3061,2806,2807]],"id":"08041005601"},{"properties":{"name":"08041005400","fips":"08041005400"},"type":"Polygon","arcs":[[-3079,-2811,-2815,2808,2809]],"id":"08041005400"},{"properties":{"name":"08041005300","fips":"08041005300"},"type":"Polygon","arcs":[[-3101,-2812,2810,-3078]],"id":"08041005300"},{"properties":{"name":"08041005201","fips":"08041005201"},"type":"Polygon","arcs":[[2811,-3100,2812,2813,2814]],"id":"08041005201"},{"properties":{"name":"08041004800","fips":"08041004800"},"type":"Polygon","arcs":[[-2877,-3054,2815,-3066,-3063,-3040,-2868]],"id":"08041004800"},{"properties":{"name":"08041002700","fips":"08041002700"},"type":"Polygon","arcs":[[-2836,-3098,-2828,2816]],"id":"08041002700"},{"properties":{"name":"08041002501","fips":"08041002501"},"type":"Polygon","arcs":[[2817,-2824,-2820,-2833,2818]],"id":"08041002501"},{"properties":{"name":"08041002502","fips":"08041002502"},"type":"Polygon","arcs":[[-2834,2819,-2823,2820]],"id":"08041002502"},{"properties":{"name":"08041002400","fips":"08041002400"},"type":"Polygon","arcs":[[2821,2822,2823,2824,-3105,-2842]],"id":"08041002400"},{"properties":{"name":"08041002200","fips":"08041002200"},"type":"Polygon","arcs":[[-3197,2825,2826,2827,-3104]],"id":"08041002200"},{"properties":{"name":"08041003100","fips":"08041003100"},"type":"Polygon","arcs":[[2828,2829,2830,2831,2832,2833,2834]],"id":"08041003100"},{"properties":{"name":"08041002101","fips":"08041002101"},"type":"Polygon","arcs":[[-3099,2835,2836,2837,2838,2839]],"id":"08041002101"},{"properties":{"name":"08041001400","fips":"08041001400"},"type":"Polygon","arcs":[[-2844,2840,2841,-3110]],"id":"08041001400"},{"properties":{"name":"08041001302","fips":"08041001302"},"type":"Polygon","arcs":[[-3041,-2850,2842,2843,-3109,2844]],"id":"08041001302"},{"properties":{"name":"08041001104","fips":"08041001104"},"type":"Polygon","arcs":[[2845,2846,2847,2848,2849,-3047]],"id":"08041001104"},{"properties":{"name":"08041000800","fips":"08041000800"},"type":"Polygon","arcs":[[-2861,-2866,-2856,2850,2851,2852,2853]],"id":"08041000800"},{"properties":{"name":"08041000700","fips":"08041000700"},"type":"Polygon","arcs":[[2854,2855,-2858,2856]],"id":"08041000700"},{"properties":{"name":"08041000600","fips":"08041000600"},"type":"Polygon","arcs":[[-3048,2857,-2865,2858]],"id":"08041000600"},{"properties":{"name":"08041000500","fips":"08041000500"},"type":"Polygon","arcs":[[2859,-2867,2860,2861]],"id":"08041000500"},{"properties":{"name":"08041000400","fips":"08041000400"},"type":"Polygon","arcs":[[2862,-2871,-2993,2863,2864,2865,2866]],"id":"08041000400"},{"properties":{"name":"08041007800","fips":"08041007800"},"type":"Polygon","arcs":[[2867,-3039,-2994,-2870,-2878]],"id":"08041007800"},{"properties":{"name":"08005080900","fips":"08005080900"},"type":"Polygon","arcs":[[2868,-3247,-3145,-3367]],"id":"08005080900"},{"properties":{"name":"08041000302","fips":"08041000302"},"type":"Polygon","arcs":[[-2879,2869,-2996,-2991,2870,2871,2872,2873,2874]],"id":"08041000302"},{"properties":{"name":"08041007700","fips":"08041007700"},"type":"Polygon","arcs":[[2875,-3055,2876,2877,2878,2879]],"id":"08041007700"},{"properties":{"name":"08005083500","fips":"08005083500"},"type":"Polygon","arcs":[[-3409,-2885,-2883,-3233]],"id":"08005083500"},{"properties":{"name":"08005082800","fips":"08005082800"},"type":"Polygon","arcs":[[-2884,2880,-3356,2881,-2951,-3234,2882]],"id":"08005082800"},{"properties":{"name":"08005082400","fips":"08005082400"},"type":"Polygon","arcs":[[2883,2884,-3154,2885,-3186,-3170,2886]],"id":"08005082400"},{"properties":{"name":"08005005630","fips":"08005005630"},"type":"Polygon","arcs":[[-2890,-2924,-2897,2887,2888]],"id":"08005005630"},{"properties":{"name":"08005005631","fips":"08005005631"},"type":"Polygon","arcs":[[-2892,-3029,2889,2890]],"id":"08005005631"},{"properties":{"name":"08005005628","fips":"08005005628"},"type":"Polygon","arcs":[[-2966,-2894,-2923,-3328]],"id":"08005005628"},{"properties":{"name":"08005005632","fips":"08005005632"},"type":"Polygon","arcs":[[-3359,-2942,-2919,-2917,2891,2892]],"id":"08005005632"},{"properties":{"name":"08005005629","fips":"08005005629"},"type":"Polygon","arcs":[[2893,-2910,2894,2895,2896]],"id":"08005005629"},{"properties":{"name":"08005084400","fips":"08005084400"},"type":"Polygon","arcs":[[-3375,-3377,-3386,-2997,-2999]],"id":"08005084400"},{"properties":{"name":"08055960900","fips":"08055960900"},"type":"Polygon","arcs":[[2897,2898,2899,2900,2901,2902,2903,2904,2905,2906],[2917]],"id":"08055960900"},{"properties":{"name":"08005005614","fips":"08005005614"},"type":"Polygon","arcs":[[-3018,-3336,-3326,-2922]],"id":"08005005614"},{"properties":{"name":"08005006707","fips":"08005006707"},"type":"Polygon","arcs":[[-2968,-3321,-3330,2907,-2932]],"id":"08005006707"},{"properties":{"name":"08005006708","fips":"08005006708"},"type":"Polygon","arcs":[[-2965,-2931,2908,2909]],"id":"08005006708"},{"properties":{"name":"08005006604","fips":"08005006604"},"type":"Polygon","arcs":[[-2911,-3286,-2912,-2984,-3021]],"id":"08005006604"},{"properties":{"name":"08005006603","fips":"08005006603"},"type":"Polygon","arcs":[[-3020,-2916,-2920,-3283,2910]],"id":"08005006603"},{"properties":{"name":"08005006705","fips":"08005006705"},"type":"Polygon","arcs":[[-2929,-2983,-2964,-2962,-2976,-2974]],"id":"08005006705"},{"properties":{"name":"08005006601","fips":"08005006601"},"type":"Polygon","arcs":[[2911,-3285,-2987,-2985]],"id":"08005006601"},{"properties":{"name":"08005005621","fips":"08005005621"},"type":"Polygon","arcs":[[2912,2913,2914,-2935,-3011]],"id":"08005005621"},{"properties":{"name":"08005005625","fips":"08005005625"},"type":"Polygon","arcs":[[2915,-3019,-3030,2916,-2921]],"id":"08005005625"},{"properties":{"name":"08055960600","fips":"08055960600"},"type":"Polygon","arcs":[[2917]],"id":"08055960600"},{"properties":{"name":"08005005624","fips":"08005005624"},"type":"Polygon","arcs":[[2918,-2943,-3318,2919,2920]],"id":"08005005624"},{"properties":{"name":"08005005627","fips":"08005005627"},"type":"Polygon","arcs":[[2921,2922,2923,-3032]],"id":"08005005627"},{"properties":{"name":"08005006704","fips":"08005006704"},"type":"Polygon","arcs":[[-2973,2924,2925,2926,2927,-3333,-3338,2928]],"id":"08005006704"},{"properties":{"name":"08005005620","fips":"08005005620"},"type":"Polygon","arcs":[[-3013,-2934,-3026,-3313]],"id":"08005005620"},{"properties":{"name":"08005006709","fips":"08005006709"},"type":"Polygon","arcs":[[2929,2930,2931,-3302,2932]],"id":"08005006709"},{"properties":{"name":"08005005619","fips":"08005005619"},"type":"Polygon","arcs":[[-3027,2933,-3012,2934,2935,2936,2937,2938,2939,2940]],"id":"08005005619"},{"properties":{"name":"08005005633","fips":"08005005633"},"type":"Polygon","arcs":[[2941,-3358,-3319,2942]],"id":"08005005633"},{"properties":{"name":"08005081700","fips":"08005081700"},"type":"Polygon","arcs":[[-3362,-3122,-3269,2943,-3130]],"id":"08005081700"},{"properties":{"name":"08005015100","fips":"08005015100"},"type":"MultiPolygon","arcs":[[[2944,2945]],[[2946,2947]]],"id":"08005015100"},{"properties":{"name":"08005083900","fips":"08005083900"},"type":"Polygon","arcs":[[2948,-3213,2949,-3267]],"id":"08005083900"},{"properties":{"name":"08005082900","fips":"08005082900"},"type":"Polygon","arcs":[[-3235,2950,-3218]],"id":"08005082900"},{"properties":{"name":"08005087300","fips":"08005087300"},"type":"Polygon","arcs":[[-3205,2951,2952,2953,2954]],"id":"08005087300"},{"properties":{"name":"08005086900","fips":"08005086900"},"type":"Polygon","arcs":[[-3202,-3139,-3134,-2958]],"id":"08005086900"},{"properties":{"name":"08005087100","fips":"08005087100"},"type":"Polygon","arcs":[[-3133,2955,-3433,2956,-3203,2957]],"id":"08005087100"},{"properties":{"name":"08005007301","fips":"08005007301"},"type":"Polygon","arcs":[[-3036,2958,-3244,2959,2960]],"id":"08005007301"},{"properties":{"name":"08005006100","fips":"08005006100"},"type":"Polygon","arcs":[[-2963,-2969,-2989,-2977,2961]],"id":"08005006100"},{"properties":{"name":"08005006300","fips":"08005006300"},"type":"Polygon","arcs":[[2962,2963,-2982,-2986,-2970]],"id":"08005006300"},{"properties":{"name":"08005006706","fips":"08005006706"},"type":"Polygon","arcs":[[2964,2965,2966,2967]],"id":"08005006706"},{"properties":{"name":"08005006200","fips":"08005006200"},"type":"Polygon","arcs":[[-2988,-3024,-2990,2968,2969]],"id":"08005006200"},{"properties":{"name":"08005005952","fips":"08005005952"},"type":"Polygon","arcs":[[-2975,-2978,2970,2971,2972,2973]],"id":"08005005952"},{"properties":{"name":"08005005951","fips":"08005005951"},"type":"Polygon","arcs":[[2974,2975,2976,-3009,-2979]],"id":"08005005951"},{"properties":{"name":"08005005800","fips":"08005005800"},"type":"Polygon","arcs":[[2977,2978,-3008,2979,2980]],"id":"08005005800"},{"properties":{"name":"08005005612","fips":"08005005612"},"type":"Polygon","arcs":[[2981,2982,-3337,-3017,2983,2984]],"id":"08005005612"},{"properties":{"name":"08005006400","fips":"08005006400"},"type":"Polygon","arcs":[[2985,2986,-3284,-3314,-3025,2987]],"id":"08005006400"},{"properties":{"name":"08005006000","fips":"08005006000"},"type":"Polygon","arcs":[[-3010,2988,2989,-3289]],"id":"08005006000"},{"properties":{"name":"08041000301","fips":"08041000301"},"type":"Polygon","arcs":[[2990,-2995,-3038,2991,2992]],"id":"08041000301"},{"properties":{"name":"08041000203","fips":"08041000203"},"type":"Polygon","arcs":[[2993,2994,2995]],"id":"08041000203"},{"properties":{"name":"08005080500","fips":"08005080500"},"type":"Polygon","arcs":[[-3432,-3237,-3168,-3439]],"id":"08005080500"},{"properties":{"name":"08005083000","fips":"08005083000"},"type":"Polygon","arcs":[[-3385,-3236,-3225,-2998]],"id":"08005083000"},{"properties":{"name":"08005083200","fips":"08005083200"},"type":"Polygon","arcs":[[2996,2997,-3224,-3117,-3000]],"id":"08005083200"},{"properties":{"name":"08005085900","fips":"08005085900"},"type":"Polygon","arcs":[[-3394,-3151,-3381,2998,2999,-3116]],"id":"08005085900"},{"properties":{"name":"08005006855","fips":"08005006855"},"type":"Polygon","arcs":[[-3255,-3209,-3304,3000,3001]],"id":"08005006855"},{"properties":{"name":"08005086400","fips":"08005086400"},"type":"Polygon","arcs":[[-3306,-3300,-3281,-3297]],"id":"08005086400"},{"properties":{"name":"08005086700","fips":"08005086700"},"type":"Polygon","arcs":[[3002,-3272,-3126]],"id":"08005086700"},{"properties":{"name":"08005007103","fips":"08005007103"},"type":"Polygon","arcs":[[-3217,3003,3004,-3162,-3229]],"id":"08005007103"},{"properties":{"name":"08005005700","fips":"08005005700"},"type":"Polygon","arcs":[[-3143,3005,3006,3007,3008,3009]],"id":"08005005700"},{"properties":{"name":"08005005622","fips":"08005005622"},"type":"Polygon","arcs":[[3010,3011,3012,-3312,-3320,-3361,3013,3014,3015]],"id":"08005005622"},{"properties":{"name":"08005005611","fips":"08005005611"},"type":"Polygon","arcs":[[3016,3017,-3031,3018,3019,3020]],"id":"08005005611"},{"properties":{"name":"08005007400","fips":"08005007400"},"type":"Polygon","arcs":[[3021,-3034,-3419,-3261,-3171,-3245]],"id":"08005007400"},{"properties":{"name":"08005005553","fips":"08005005553"},"type":"Polygon","arcs":[[3022,-3290,3023,3024,3025,3026,3027]],"id":"08005005553"},{"properties":{"name":"08005005626","fips":"08005005626"},"type":"Polygon","arcs":[[3028,3029,3030,3031]],"id":"08005005626"},{"properties":{"name":"08005007600","fips":"08005007600"},"type":"Polygon","arcs":[[3032,-3147,-3420,3033,3034,3035]],"id":"08005007600"},{"properties":{"name":"08041000202","fips":"08041000202"},"type":"Polygon","arcs":[[3036,3037,3038,3039,-3062]],"id":"08041000202"},{"properties":{"name":"08041007900","fips":"08041007900"},"type":"Polygon","arcs":[[3040,3041,3042,3043,3044,3045,3046]],"id":"08041007900"},{"properties":{"name":"08041000102","fips":"08041000102"},"type":"Polygon","arcs":[[3047,3048,3049,3050]],"id":"08041000102"},{"properties":{"name":"08041004701","fips":"08041004701"},"type":"Polygon","arcs":[[3051,3052,3053,3054,3055]],"id":"08041004701"},{"properties":{"name":"08041005501","fips":"08041005501"},"type":"Polygon","arcs":[[3056,-3064,-3069,3057,3058,3059,3060]],"id":"08041005501"},{"properties":{"name":"08041004901","fips":"08041004901"},"type":"Polygon","arcs":[[3061,3062,-3070,3063,3064]],"id":"08041004901"},{"properties":{"name":"08041004902","fips":"08041004902"},"type":"Polygon","arcs":[[3065,3066,3067,3068,3069]],"id":"08041004902"},{"properties":{"name":"08041004501","fips":"08041004501"},"type":"Polygon","arcs":[[3070,3071,3072,3073,3074,3075,3076,-3102,3077,3078,3079,3080]],"id":"08041004501"},{"properties":{"name":"08041004008","fips":"08041004008"},"type":"Polygon","arcs":[[3081,3082,3083,3084,3085,3086,3087,3088,3089]],"id":"08041004008"},{"properties":{"name":"08041007000","fips":"08041007000"},"type":"Polygon","arcs":[[3090,3091,3092,-3180,3093]],"id":"08041007000"},{"properties":{"name":"08041003702","fips":"08041003702"},"type":"Polygon","arcs":[[3094,3095,3096]],"id":"08041003702"},{"properties":{"name":"08041002800","fips":"08041002800"},"type":"Polygon","arcs":[[3097,3098,3099,3100,3101,3102,-3198,3103]],"id":"08041002800"},{"properties":{"name":"08041001301","fips":"08041001301"},"type":"Polygon","arcs":[[3104,3105,3106,3107,3108,3109]],"id":"08041001301"},{"properties":{"name":"08041003902","fips":"08041003902"},"type":"Polygon","arcs":[[3110,3111,3112,3113,-3175,3114,-3193]],"id":"08041003902"},{"properties":{"name":"08005086000","fips":"08005086000"},"type":"Polygon","arcs":[[-3275,-3123,-3395,3115,3116,-3226,-3127]],"id":"08005086000"},{"properties":{"name":"08041007300","fips":"08041007300"},"type":"Polygon","arcs":[[-3182,3117,3118,3119,3120]],"id":"08041007300"},{"properties":{"name":"08005083700","fips":"08005083700"},"type":"Polygon","arcs":[[3121,-3365,-3210,-3253,-3270]],"id":"08005083700"},{"properties":{"name":"08005086100","fips":"08005086100"},"type":"Polygon","arcs":[[-3274,-3279,-3396,3122]],"id":"08005086100"},{"properties":{"name":"08005007107","fips":"08005007107"},"type":"Polygon","arcs":[[3123,3124,3125,-3271,-3276,3126,-3232]],"id":"08005007107"},{"properties":{"name":"08005085100","fips":"08005085100"},"type":"Polygon","arcs":[[-3298,-3211,-3129,-3128,-3282]],"id":"08005085100"},{"properties":{"name":"08005085600","fips":"08005085600"},"type":"Polygon","arcs":[[-3391,-3278,3127,-3131]],"id":"08005085600"},{"properties":{"name":"08005085500","fips":"08005085500"},"type":"Polygon","arcs":[[3128,-3363,3129,-3401,-3392,3130]],"id":"08005085500"},{"properties":{"name":"08005087000","fips":"08005087000"},"type":"Polygon","arcs":[[3131,3132,3133,-3138,3134]],"id":"08005087000"},{"properties":{"name":"08005086800","fips":"08005086800"},"type":"Polygon","arcs":[[3135,3136,3137,3138,-3201,3139,3140]],"id":"08005086800"},{"properties":{"name":"08005005551","fips":"08005005551"},"type":"Polygon","arcs":[[3141,3142,-3288,3143]],"id":"08005005551"},{"properties":{"name":"08005007702","fips":"08005007702"},"type":"Polygon","arcs":[[-3430,3144,3145,-3421,3146]],"id":"08005007702"},{"properties":{"name":"08005080100","fips":"08005080100"},"type":"Polygon","arcs":[[3147,-3248,3148,3149]],"id":"08005080100"},{"properties":{"name":"08005084800","fips":"08005084800"},"type":"Polygon","arcs":[[-3382,3150,-3399,-3393,-3405]],"id":"08005084800"},{"properties":{"name":"08005082200","fips":"08005082200"},"type":"Polygon","arcs":[[-3390,-3425,-3354,3151]],"id":"08005082200"},{"properties":{"name":"08005082500","fips":"08005082500"},"type":"Polygon","arcs":[[-3372,3152,3153,-3408,3154,-3412]],"id":"08005082500"},{"properties":{"name":"08005007101","fips":"08005007101"},"type":"Polygon","arcs":[[3155,3156,3157,3158,3159,3160,-3230,3161,3162]],"id":"08005007101"},{"properties":{"name":"08005081900","fips":"08005081900"},"type":"Polygon","arcs":[[-3221,-3166,3163,3164]],"id":"08005081900"},{"properties":{"name":"08005082000","fips":"08005082000"},"type":"Polygon","arcs":[[-3428,3165,-3220,3166,-3423]],"id":"08005082000"},{"properties":{"name":"08005081400","fips":"08005081400"},"type":"Polygon","arcs":[[3167,-3239,-3368,-3387,3168,3169,-3185]],"id":"08005081400"},{"properties":{"name":"08005007202","fips":"08005007202"},"type":"Polygon","arcs":[[3170,-3260,3171,3172,-3246]],"id":"08005007202"},{"properties":{"name":"08041007500","fips":"08041007500"},"type":"Polygon","arcs":[[3173,3174,3175,3176,3177,3178,3179,3180,3181,3182,3183]],"id":"08041007500"},{"properties":{"name":"08005081500","fips":"08005081500"},"type":"Polygon","arcs":[[-3440,3184,3185,3186,-3265]],"id":"08005081500"},{"properties":{"name":"08041003909","fips":"08041003909"},"type":"Polygon","arcs":[[3187,3188,3189,3190,3191,3192]],"id":"08041003909"},{"properties":{"name":"08041002300","fips":"08041002300"},"type":"Polygon","arcs":[[3193,3194,3195,3196,3197]],"id":"08041002300"},{"properties":{"name":"08005087200","fips":"08005087200"},"type":"MultiPolygon","arcs":[[[3198]],[[3199]],[[3200,3201,3202,3203,3204,3205,3206,3207]]],"id":"08005087200"},{"properties":{"name":"08005085000","fips":"08005085000"},"type":"Polygon","arcs":[[3208,-3254,3209,-3364,3210,-3301]],"id":"08005085000"},{"properties":{"name":"08005083800","fips":"08005083800"},"type":"Polygon","arcs":[[-3374,3211,3212,3213]],"id":"08005083800"},{"properties":{"name":"08005007105","fips":"08005007105"},"type":"Polygon","arcs":[[3214,3215,3216,-3228,-3223]],"id":"08005007105"},{"properties":{"name":"08005007104","fips":"08005007104"},"type":"Polygon","arcs":[[3217,3218,3219,3220,3221,3222,-3227,3223,3224]],"id":"08005007104"},{"properties":{"name":"08005007106","fips":"08005007106"},"type":"Polygon","arcs":[[3225,3226,3227,3228,3229,3230,3231]],"id":"08005007106"},{"properties":{"name":"08005083100","fips":"08005083100"},"type":"Polygon","arcs":[[-3410,3232,3233,3234,3235,-3384]],"id":"08005083100"},{"properties":{"name":"08005080600","fips":"08005080600"},"type":"Polygon","arcs":[[3236,-3431,3237,3238]],"id":"08005080600"},{"properties":{"name":"08005007302","fips":"08005007302"},"type":"Polygon","arcs":[[3239,3240,3241,3242,3243,3244,3245]],"id":"08005007302"},{"properties":{"name":"08005080000","fips":"08005080000"},"type":"Polygon","arcs":[[3246,3247,3248,-3417,3249]],"id":"08005080000"},{"properties":{"name":"08005006854","fips":"08005006854"},"type":"Polygon","arcs":[[3250,3251,-3263,3252,3253,3254,3255,-3309,3256,3257]],"id":"08005006854"},{"properties":{"name":"08005007201","fips":"08005007201"},"type":"Polygon","arcs":[[3258,3259,3260,-3418,3261]],"id":"08005007201"},{"properties":{"name":"08005083600","fips":"08005083600"},"type":"Polygon","arcs":[[3262,3263,-3435,3264,3265,3266,3267,3268,3269]],"id":"08005083600"},{"properties":{"name":"08005086600","fips":"08005086600"},"type":"Polygon","arcs":[[-3294,-3277,3270,3271,3272]],"id":"08005086600"},{"properties":{"name":"08005085300","fips":"08005085300"},"type":"Polygon","arcs":[[-3280,3273,3274,3275,3276,-3293]],"id":"08005085300"},{"properties":{"name":"08005085200","fips":"08005085200"},"type":"Polygon","arcs":[[3277,-3397,3278,3279,-3292,3280,-3299,3281]],"id":"08005085200"},{"properties":{"name":"08005006502","fips":"08005006502"},"type":"Polygon","arcs":[[3282,-3317,-3315,3283,3284,3285]],"id":"08005006502"},{"properties":{"name":"08005005552","fips":"08005005552"},"type":"Polygon","arcs":[[3286,3287,3288,3289,3290]],"id":"08005005552"},{"properties":{"name":"08005086500","fips":"08005086500"},"type":"Polygon","arcs":[[3291,3292,3293,3294,3295,-3307,3296]],"id":"08005086500"},{"properties":{"name":"08005086300","fips":"08005086300"},"type":"Polygon","arcs":[[3297,3298,3299,-3305,3300]],"id":"08005086300"},{"properties":{"name":"08005006856","fips":"08005006856"},"type":"Polygon","arcs":[[3301,3302,3303,3304,3305,3306,3307]],"id":"08005006856"},{"properties":{"name":"08005006857","fips":"08005006857"},"type":"Polygon","arcs":[[3308,3309,3310,-3324]],"id":"08005006857"},{"properties":{"name":"08005006501","fips":"08005006501"},"type":"Polygon","arcs":[[-3316,3311,3312,3313,3314]],"id":"08005006501"},{"properties":{"name":"08005005623","fips":"08005005623"},"type":"Polygon","arcs":[[3315,3316,3317,3318,-3357,3319]],"id":"08005005623"},{"properties":{"name":"08005006713","fips":"08005006713"},"type":"Polygon","arcs":[[-3331,3320,3321]],"id":"08005006713"},{"properties":{"name":"08005006858","fips":"08005006858"},"type":"Polygon","arcs":[[3322,3323,3324,-3335]],"id":"08005006858"},{"properties":{"name":"08005005635","fips":"08005005635"},"type":"Polygon","arcs":[[3325,-3340,3326,3327]],"id":"08005005635"},{"properties":{"name":"08005006712","fips":"08005006712"},"type":"MultiPolygon","arcs":[[[3328]],[[3329,3330,3331,-3339,3332,3333,3334]]],"id":"08005006712"},{"properties":{"name":"08005005636","fips":"08005005636"},"type":"Polygon","arcs":[[3335,3336,3337,3338,3339]],"id":"08005005636"},{"properties":{"name":"08005004951","fips":"08005004951"},"type":"MultiPolygon","arcs":[[[3340]],[[3341,3342,-3349,3343,-3347,3344]]],"id":"08005004951"},{"properties":{"name":"08005004952","fips":"08005004952"},"type":"Polygon","arcs":[[3345,3346,3347,3348,3349,3350,3351,3352]],"id":"08005004952"},{"properties":{"name":"08005082700","fips":"08005082700"},"type":"Polygon","arcs":[[3353,3354,3355]],"id":"08005082700"},{"properties":{"name":"08005005634","fips":"08005005634"},"type":"Polygon","arcs":[[3356,3357,3358,3359,3360]],"id":"08005005634"},{"properties":{"name":"08005084900","fips":"08005084900"},"type":"Polygon","arcs":[[3361,3362,3363,3364]],"id":"08005084900"},{"properties":{"name":"08005081100","fips":"08005081100"},"type":"Polygon","arcs":[[3365,3366,-3429,-3426,-3389,-3370]],"id":"08005081100"},{"properties":{"name":"08005081200","fips":"08005081200"},"type":"Polygon","arcs":[[-3388,3367,3368,3369]],"id":"08005081200"},{"properties":{"name":"08005084700","fips":"08005084700"},"type":"Polygon","arcs":[[3370,3371,-3416,3372,3373]],"id":"08005084700"},{"properties":{"name":"08005084200","fips":"08005084200"},"type":"Polygon","arcs":[[-3378,3374,-3380,-3403,-3414,3375]],"id":"08005084200"},{"properties":{"name":"08005084300","fips":"08005084300"},"type":"Polygon","arcs":[[-3383,3376,3377,3378]],"id":"08005084300"},{"properties":{"name":"08005085800","fips":"08005085800"},"type":"Polygon","arcs":[[-3404,3379,3380,3381]],"id":"08005085800"},{"properties":{"name":"08005083400","fips":"08005083400"},"type":"Polygon","arcs":[[3382,-3411,3383,3384,3385]],"id":"08005083400"},{"properties":{"name":"08005081300","fips":"08005081300"},"type":"Polygon","arcs":[[3386,3387,3388,3389]],"id":"08005081300"},{"properties":{"name":"08005085400","fips":"08005085400"},"type":"Polygon","arcs":[[-3398,3390,3391,-3400,3392]],"id":"08005085400"},{"properties":{"name":"08005086200","fips":"08005086200"},"type":"Polygon","arcs":[[3393,3394,3395,3396,3397,3398]],"id":"08005086200"},{"properties":{"name":"08005085700","fips":"08005085700"},"type":"Polygon","arcs":[[3399,3400,3401,3402,3403,3404]],"id":"08005085700"},{"properties":{"name":"08005083300","fips":"08005083300"},"type":"Polygon","arcs":[[3405,3406,3407,3408,3409,3410]],"id":"08005083300"},{"properties":{"name":"08005084000","fips":"08005084000"},"type":"Polygon","arcs":[[3411,3412,3413,3414,3415]],"id":"08005084000"},{"properties":{"name":"08005007703","fips":"08005007703"},"type":"Polygon","arcs":[[3416,3417,3418,3419,3420,3421]],"id":"08005007703"},{"properties":{"name":"08005082100","fips":"08005082100"},"type":"Polygon","arcs":[[3422,3423,3424,3425]],"id":"08005082100"},{"properties":{"name":"08005081000","fips":"08005081000"},"type":"Polygon","arcs":[[3426,3427,3428,3429]],"id":"08005081000"},{"properties":{"name":"08005080300","fips":"08005080300"},"type":"Polygon","arcs":[[3430,3431,-3438,3432,3433]],"id":"08005080300"},{"properties":{"name":"08005080400","fips":"08005080400"},"type":"Polygon","arcs":[[3434,3435,3436,3437,3438,3439]],"id":"08005080400"}],"type":"GeometryCollection"}},"bbox":[-109.06026686964863,36.9924299106124,-102.04088717420052,41.00345044097276],"transform":{"scale":[7.019449889947008e-05,4.011060640966772e-05],"translate":[-109.06026686964863,36.9924299106124]},"arcs":[[[46866,99837],[284,-1],[131,0],[213,-2],[23,2],[398,2],[217,2],[652,2],[99,-1],[49,1],[1020,6],[44,1],[716,4],[391,2],[337,0],[83,2],[138,0],[302,1]],[[50478,87943],[-24,-39],[-23,-55],[-11,-19],[-16,-13],[-40,-10],[-21,-1],[-81,-20],[-27,-23],[-16,-31],[-43,-47],[-33,-18],[-33,-12],[-64,-18],[-24,1],[-13,23],[-43,-6],[-86,-22],[-58,-7],[-40,10],[-18,27],[-53,70],[-50,43],[-40,39],[-48,10],[-49,31],[-106,133],[-56,51],[-44,16],[-46,19],[-17,29],[-6,51],[-26,69],[-9,18],[-6,25],[-7,14],[-9,27],[6,32],[-8,15],[-22,5],[-15,16],[-14,6],[-35,5],[-35,14],[-40,11],[-26,15],[-32,4],[-6,-19],[12,-22],[-8,-22],[-38,-31],[-12,0],[-37,-31],[-55,-51],[-15,2],[-144,-16],[-56,6],[-47,20],[-17,-7],[-81,-65],[-48,-18],[-26,5],[-35,39],[-7,25],[-25,19],[-24,45],[-10,27],[-49,64],[-17,26],[-20,19],[-12,36],[-9,133],[-17,22],[-21,51],[-27,27],[-38,-6],[-16,-6],[-15,-2],[-12,9],[-32,15],[-20,-1],[-30,-20],[-55,-47],[-39,1],[-51,-19],[-22,5],[-36,-10],[-66,-7],[-47,11],[-35,-10],[-48,-26],[-69,1],[-63,14],[-44,-4],[-36,-18],[-33,-39],[-81,-76],[-62,-44],[-46,-38],[-30,1],[4,-34],[10,-47],[11,-13],[-1,-17],[6,-21],[-5,-41],[35,-7],[-2,-27],[8,-8],[5,-27],[11,-20],[6,-34],[-8,-19],[10,-17],[2,-33],[-18,-10],[-18,-3],[-10,-13],[-16,-36],[-8,-3],[-5,-17],[-15,-16],[-9,-45],[-20,-37],[-8,-4],[-21,-34],[-9,-10],[-22,-5],[-13,-18],[-23,-13],[-10,-2],[-9,-21],[-4,-24],[3,-26],[-9,-30],[-31,-48],[-13,7],[-16,-21],[-13,-39],[-8,-15],[-3,-26],[-6,-18],[-14,-6],[8,-35],[-14,-21],[-33,-13],[-19,-2],[-7,-5],[-21,-5],[-15,-8],[-1,-26],[-34,13],[-33,-4],[-13,5],[-1,-13],[-23,-7],[-14,-13],[-52,-36],[-31,-10],[-29,-19],[-71,-56],[-23,-5],[-13,-9],[-18,0],[-29,-35],[-12,-6],[1,-24],[-13,-19],[-19,-15],[-9,-16],[-34,-28],[-7,-15],[-18,-12],[-21,3],[-7,-32],[4,-16],[-18,-22],[-10,-27],[-25,-19],[-3,-28],[-13,-10],[-22,-41]],[[40882,99853],[192,-1],[230,-1],[155,-4],[296,-1],[53,1],[70,-3],[455,0],[392,-6],[343,2],[292,4],[38,-1],[191,2],[330,-1],[1107,-3],[344,-1],[215,-1],[243,1],[650,-2],[388,-1]],[[46866,99837],[-5,-73],[-5,-55],[-11,-91],[-12,-28],[-13,-15],[-8,-29],[-24,-48],[-6,-24],[-17,-43],[-9,-49],[-2,-33],[3,-16],[23,-45],[16,-106],[0,-25],[-5,-47],[3,-23],[23,-38],[4,-25],[6,-12],[45,-59],[9,-30],[-3,-19],[-45,-61],[-28,-45],[-32,-25],[-21,-32],[-25,-26],[-41,-52],[-32,-52],[-11,-32],[-19,-54],[-7,-50],[-26,-61],[-51,-79],[-9,-29],[-5,-53],[-24,-87],[-4,-36],[2,-63],[9,-39],[21,-38],[0,-11],[-11,-18],[-48,-18],[-44,-30],[-10,-11],[-23,-37],[-46,-46],[-12,-16],[-14,-30],[-6,-39],[-18,-18],[-19,-27],[-20,-21],[-4,-11],[9,-42],[-7,-22],[-38,-46],[-5,-46],[-14,-30],[-6,-27],[-20,-22],[-16,-12],[-51,-10],[-40,-2],[-25,-10],[-51,-49],[-21,-16],[-18,-18],[-57,-36],[-20,-3],[-23,-27],[-20,-17],[-19,-25],[-26,-39],[-12,-12],[-37,-53],[-30,-30],[-30,-16],[-57,-43],[-23,-20],[-4,-7],[1,-35],[-3,-11],[-22,-15],[-36,-51],[-25,-17],[-18,-5],[-26,-18],[-13,-13],[-22,10],[-22,3],[-23,-15],[-37,-64],[15,-10],[28,-65],[2,-23],[7,-16],[-1,-29],[-11,-18],[-2,-47],[13,-25],[21,-17],[7,-16],[5,-52],[3,-12],[-4,-25],[7,-43],[6,-15],[18,-16],[19,6],[12,-13],[15,-36],[3,-35],[8,-39],[13,-14],[10,18],[26,7],[29,15],[18,14],[0,-17],[-6,-21],[-5,-38],[-10,-53],[2,-22],[-4,-17],[-21,-42],[-16,-11],[-2,-14],[-18,-30],[-4,-20],[3,-18],[-3,-17],[-16,-5],[-8,-8],[6,-33],[11,-17],[-5,-39],[6,-15],[9,-4],[15,5],[15,18],[43,7],[-29,9],[23,24],[39,-16],[26,2],[2,-22],[-14,-22],[18,-27],[-2,-14],[-13,-6],[-13,-27],[5,-14],[19,-20],[-14,-15],[-2,-12],[13,-31],[-12,-27],[10,-26],[16,-9],[10,6],[6,17],[19,-1],[14,7],[9,-13],[-4,-32],[3,-14],[10,-7],[29,11],[14,13],[31,-6],[24,11],[10,-6],[23,-46],[-1,-29],[18,-37],[-5,-19],[11,-9],[23,-35],[31,-19],[17,2],[21,49],[9,7],[20,0],[6,-18],[8,-3],[51,2],[9,9],[28,13],[18,-11],[21,0],[57,3],[27,-40],[23,-2],[6,-15],[12,-16],[35,-10],[16,-15],[35,-13],[10,21],[12,7],[6,16],[15,15],[15,-3],[-3,-32],[-14,-21],[-4,-19],[9,-7],[-3,-28],[6,-18],[24,-21],[20,-9],[17,-22],[14,-10],[23,0],[19,9],[11,-17],[-5,-49],[6,-19],[16,-7],[15,-1],[19,6],[29,20],[34,4],[11,-5],[28,-28],[19,-6],[28,-19],[48,9],[33,-2],[29,11],[45,9],[19,-11],[19,-33],[8,-8],[25,-11],[13,3],[13,-9],[2,-16],[-4,-20],[43,-29],[12,2],[10,11],[6,28],[5,-3],[-5,-47],[-7,-17],[-23,2],[1,-9],[27,-7],[6,2],[15,31],[11,9],[47,19],[31,3],[29,11],[9,11],[11,31],[31,47],[12,22],[32,36],[49,24],[27,39],[16,15],[14,-16],[46,-15],[59,-9],[17,5],[24,11],[32,12],[45,-7],[23,16],[17,7],[32,7],[22,31],[28,9],[40,25],[52,16],[10,-8],[13,-25],[16,-8],[14,0],[15,-17],[12,-23],[27,-33],[10,-5],[14,11],[41,5],[13,-15],[8,5],[10,32],[6,2],[39,-26],[36,-31],[15,-8],[26,20],[25,0],[50,-26],[13,-9],[-3,-50],[10,-1],[24,43],[12,-5],[-2,-42],[17,19],[7,0],[4,-29],[-5,-21],[6,-12],[-2,-21],[22,-9],[32,-3],[27,13],[16,4],[17,-1],[23,-11],[20,3],[12,-5],[16,-18],[28,-20],[23,4],[18,-4],[29,-17],[22,-3],[26,4],[27,0],[21,-21],[17,-8],[26,-4],[20,-23],[46,-15],[50,1],[46,-32],[25,-7],[41,-19],[15,-10],[28,-33],[5,-11],[15,-11],[34,-6],[12,-8],[24,-24],[9,-4],[43,-4],[18,-5],[82,8],[52,-11],[25,1],[65,8],[22,0],[69,-11],[79,-11],[35,-15],[36,-3],[12,-5],[35,-41],[26,-12],[32,7],[34,-10],[13,-11],[9,-15],[7,-30],[0,-54],[12,-28],[31,-30],[72,-47],[23,-10],[32,-6],[46,-4],[49,13],[47,6],[33,2],[37,-8],[26,-1],[79,6],[21,6],[28,33],[18,14],[14,2],[18,-8],[33,-20],[31,-24],[18,-25],[23,-60],[31,-45],[47,-48],[9,-11],[24,-47],[16,-22],[16,-8],[54,-14],[52,-17],[36,-17],[44,-25],[63,-19],[62,-32],[16,-6],[36,-7],[39,-32],[10,-13],[17,-29],[12,-8],[58,-22],[10,-6],[12,-17],[15,-35],[12,-19],[13,-10],[57,-12],[26,-17],[16,-3],[78,19],[32,4],[21,-1],[92,-14],[37,-10],[24,-12],[30,-21],[67,-49],[24,-14],[19,-4],[60,-7],[34,-15],[14,-10],[103,-79],[20,-20],[18,-24],[18,-39],[18,-68],[6,-15],[14,-16],[48,-33],[26,-25],[37,-44],[25,-15],[73,-8],[19,1],[110,15],[14,5],[96,56],[22,22],[6,20],[22,116],[4,14],[19,40],[11,34],[13,63],[15,50],[8,18],[26,34],[28,71],[12,14],[33,26],[15,18],[15,31],[24,40],[116,166],[16,17],[39,19],[9,8],[20,28],[21,22],[14,8],[39,6],[37,20],[24,-5],[15,6],[18,21],[26,65],[30,44],[25,27],[89,111],[73,74],[20,15],[101,56],[17,8],[58,13],[45,21],[34,4],[81,-6],[207,-10],[19,-6],[35,-21],[15,-5],[79,-10],[16,-5],[40,-26],[15,-5],[86,2],[53,8],[20,-1],[27,-8],[58,5],[196,84],[27,21],[29,35],[18,6],[76,0],[18,7],[13,11]],[[130,66517],[4,2232],[0,432],[3,2686],[-1,1627],[-1,11],[0,410],[-3,1066],[2,650],[-1,32],[2,726],[-1,527],[-2,73],[0,277],[2,21],[-2,442],[1,100],[-1,142],[0,86],[1,45],[2,244],[-3,326],[1,624],[-1,194],[1,44],[1,999]],[[28818,77264],[-463,0],[-73,-1],[-382,-1],[-339,-9],[-1327,-6],[-454,0],[-945,-2],[-1,-778],[-1,-1391],[-30,0],[-1,-94],[6,-1529],[2,-591],[-146,7],[-1463,62],[1,-1066],[-2,-507],[0,-655],[-225,-1],[-413,-1]],[[7202,67198],[-11,-26],[-11,-15],[-18,-15],[-15,0],[-32,-10],[-19,24],[-22,44],[-6,24],[-8,17],[17,30],[6,21],[20,3],[7,7],[20,0],[20,22],[50,117],[7,22],[5,32],[7,23],[21,43],[7,23],[15,39],[1,45],[-8,44],[1,26],[7,54],[4,14],[19,24],[10,5],[13,-6],[5,19],[17,30],[14,9],[29,-5],[43,8],[19,7],[70,-18],[17,0],[16,8],[27,-7],[55,-5],[20,10],[7,39],[17,47],[15,15],[14,23],[13,14],[22,13],[18,6],[20,28],[21,42],[30,39],[16,37],[13,42],[-37,33],[-7,11],[-7,26],[1,24],[-15,64],[-15,36],[-14,54],[3,42],[-2,29],[-13,63],[-18,15],[-33,12],[-7,16],[10,8],[9,24],[0,40],[-12,32],[-4,27],[-12,44],[-22,51],[-28,47],[-8,21],[-16,65],[-35,95],[-33,58],[-15,41],[-19,26],[-27,16],[-17,14],[-18,26],[-30,33],[-52,21],[-27,22],[-31,16],[-23,15],[-22,5],[-24,12],[-58,20],[-13,12],[-21,36],[-8,37],[-15,6],[-15,14],[-19,36],[-15,46],[0,40],[-3,20],[7,47],[-1,40],[17,90],[16,36],[4,35],[-12,10],[-22,36],[-10,14],[-20,16],[-23,56],[-12,38],[-27,46],[-23,55],[-19,22],[-5,12],[-6,33],[-21,29],[-12,21],[-18,42],[-39,30],[-22,33],[-1,24],[-35,-19],[-14,1],[-20,27],[-30,25],[-18,20],[-15,40],[-5,20],[9,56],[12,20],[2,37],[-1,22],[-7,36],[-1,33],[2,29],[-3,11],[-15,15],[0,22],[-5,28],[-9,28],[-2,26],[-22,39],[-12,16],[4,34],[0,33],[-12,15],[-20,36],[-15,22],[-17,7],[-30,-7],[-23,24],[-26,38],[-26,23],[-32,34],[-28,4],[-13,7],[-7,19],[14,72],[-6,23],[5,15],[-11,36],[-2,18],[-14,13],[-5,11],[-6,46],[1,26],[-15,55],[-11,73],[-9,24],[6,30],[-4,46],[21,56],[-5,8],[-25,17],[-11,25],[15,16],[7,20],[-6,19],[40,62],[6,29],[-2,45],[-5,26],[-3,36],[5,46],[-1,37],[-3,24],[17,16],[4,31],[-1,25],[-13,68],[9,34],[0,14],[-12,24],[-31,4],[-5,8],[-1,29],[-18,37],[3,15],[22,32],[4,11],[-5,21],[-2,25],[-16,20],[-11,46],[6,30],[20,56],[1,17],[-5,33],[-11,9],[-20,7],[-47,25],[-9,35],[-23,8],[-13,11],[-8,15],[3,16],[16,15],[0,22],[8,34],[16,29],[35,39],[-4,26],[5,30],[-11,65],[8,22],[1,18],[-9,24],[2,17],[12,9],[17,38],[20,25],[2,13],[-11,38],[8,17],[0,30],[-5,21],[1,20],[-15,76],[9,31],[-7,12],[1,15],[12,23],[-13,10],[-8,28],[-24,31],[-8,61],[29,42],[3,32],[5,21],[22,22],[38,10],[34,3],[36,-8],[21,18],[12,4],[17,-18],[28,0],[42,38],[34,-12],[15,5],[15,22],[17,10],[2,26],[36,10],[31,23],[32,27],[25,33],[19,30],[28,58],[27,35],[11,10],[22,42],[40,43],[23,51],[6,31],[-5,12],[19,34],[10,12],[10,44],[7,22],[10,62],[35,48],[2,23],[9,44],[16,24],[5,20],[-3,30],[2,32],[-18,78],[0,18],[6,20],[16,21],[20,11],[13,50],[52,95],[2,18],[-17,69],[15,60],[9,27],[74,135],[1,54],[-9,37],[2,29],[13,30],[-3,18],[2,20],[59,109],[3,25],[-1,40],[8,30],[7,13],[-2,16],[-16,19],[-19,13],[-10,14],[-6,20],[2,22],[-4,39],[15,20],[21,5],[10,-8],[21,-27],[32,-29],[35,-41],[24,-25],[25,-19],[33,-12],[16,-10],[39,-38],[32,-28],[28,-41],[23,-26],[46,-29],[58,-35],[18,7],[4,20],[12,10],[12,-12],[10,5],[18,46],[21,-10],[7,-21],[9,-2],[52,14],[10,7],[12,17],[12,3],[5,-16],[-6,-28],[9,-22],[6,-5],[25,0],[9,4],[26,32],[12,-9],[-2,-27],[6,-24],[48,-14],[217,-106],[15,-15],[89,-45],[72,-49],[10,-15],[26,-67],[47,-44],[10,-26],[25,-1],[17,4],[56,30],[15,0],[30,-20],[15,-2],[30,6],[51,36],[11,6],[51,-3],[20,-9],[27,-21],[20,3],[51,44],[35,10],[10,14],[6,26],[15,12],[16,-4],[20,1],[10,-8],[5,-21],[17,-18],[21,-9],[20,10],[22,0],[11,-13],[11,-3],[44,15],[42,34],[29,9],[31,16],[34,41],[22,39],[18,11],[17,0],[25,12],[28,45],[19,6],[24,-29],[23,1],[11,-4],[22,17],[22,4],[45,27],[19,18],[9,4],[35,54],[25,7],[14,-5],[14,6],[9,37],[21,17],[25,-6],[23,12],[12,15],[19,13],[30,3],[19,20],[5,33],[8,15],[18,69],[12,34],[19,27],[18,10],[19,25],[24,26],[30,50],[22,24],[63,30],[24,13],[23,4],[22,-3],[15,3],[26,22],[30,13],[26,16],[68,8],[51,-24],[12,-19],[33,4],[13,-4],[10,-10],[36,-20],[19,0],[22,31],[39,51],[32,21],[21,5],[10,8],[15,21],[31,41],[17,36],[6,6],[39,22],[39,44],[15,24],[24,19],[23,-34],[8,-50],[14,-31],[7,-28],[6,-9],[17,-10],[13,-16],[13,-7],[25,14],[22,-1],[19,-15],[41,-22],[26,-3],[37,6],[17,11],[11,0],[24,-20],[12,-15],[29,-25],[17,-28],[21,-19],[18,-32],[15,-2],[21,-16],[27,-15],[31,-3],[28,-18],[11,-1],[22,-10],[6,19],[6,97],[3,29],[8,30],[15,28],[45,65],[8,7],[37,16],[10,17],[2,28],[-10,44],[-25,87],[-2,35],[5,16],[32,56],[34,44],[59,41],[19,20],[16,28],[6,16],[84,291],[6,15],[15,13],[37,21],[28,24],[14,21],[10,24],[6,27],[21,212],[50,-11],[10,34],[-8,21],[0,38],[4,14],[3,32],[-12,29],[-3,69],[3,34],[16,27],[8,68],[2,35],[17,33],[1,22],[-14,9],[-18,23],[-11,21],[-9,40],[3,50],[-6,76],[-3,17],[-16,33],[-8,7],[-48,11],[-40,21],[-13,-1],[-10,14],[4,35],[-4,48],[-13,34],[-23,46],[-23,65],[-11,36],[4,28],[-33,16],[-6,7],[0,30],[-11,24],[-19,8],[7,20],[14,15],[-11,14],[-13,-2],[-26,9],[-40,4],[-16,30],[-2,43],[-18,12],[-17,-4],[-16,5],[-14,28],[-26,29],[-6,30],[-16,25],[-9,61],[-6,24],[-1,32],[7,31],[2,41],[-8,41],[-31,20],[7,23],[-3,11],[14,37],[21,3],[27,26],[23,-2],[16,-22],[11,-8],[20,-4],[50,23],[18,35],[13,38],[10,16],[41,20],[4,5],[16,46],[3,33],[-8,34],[-24,29],[-17,57],[2,86],[-2,28],[3,13],[56,111],[14,45],[44,36],[16,1],[10,45],[-1,52],[-3,121],[7,30],[20,31],[6,32],[23,57],[8,59],[4,40],[0,46],[-9,47],[-5,11],[3,26],[11,13],[7,23],[19,49],[10,34],[21,22],[19,-8],[19,-35],[24,-23],[20,2],[5,27],[-4,54],[6,17]],[[45664,87105],[108,-58],[5,-28],[19,-4],[37,9],[28,15],[24,-15],[22,1],[11,-16],[23,-46],[12,-17],[23,3],[34,-11],[38,-32],[46,-16],[32,-20]],[[46126,86870],[33,-21],[67,-16],[38,13],[25,-2],[35,-18],[17,-13],[8,-16],[1,-21],[-6,-16],[-10,-4],[-6,-20],[-8,-9],[-26,0],[-2,-14],[38,-42],[35,-59],[17,-56],[1,-32],[-6,-37],[-4,-56],[-11,-34],[2,-24],[-26,-116],[5,-39],[11,-22],[11,-48],[-1,-13],[-11,-29],[-18,-29],[-22,-23],[-15,-22],[-19,-9],[-5,-13],[-5,-43],[-8,-36],[-19,-26],[-21,-17],[-8,-48],[13,-39],[16,-65],[-5,-16],[5,-31],[-2,-23],[-11,-18],[-11,-7],[-2,-14],[-15,-12],[-1,-54],[12,-8],[4,-12],[5,-36],[7,-15],[28,-30],[22,-11],[10,-11],[33,-94],[7,-17],[26,-33],[40,-47],[23,-20],[11,-19],[1,-44],[11,-30],[31,-34],[13,-20],[14,-31],[31,-48],[5,-27],[30,-26],[11,-27],[-2,-27],[-7,-35],[-1,-46],[9,-38],[3,-48],[4,-31],[-10,-44],[7,-40],[24,-35],[7,-14],[4,-30],[11,-27],[4,-28],[32,-29],[45,-68],[5,-36],[-11,-20],[4,-25],[26,-41],[27,-25],[13,-27],[13,-12],[7,-26],[16,-23],[8,-20],[2,-38],[21,-21],[32,-1],[13,6],[7,-12],[1,-21],[8,-30],[0,-40],[9,-18],[29,-15],[18,3],[6,-22],[14,-32],[9,-8],[31,-15],[6,-10],[7,-62],[14,-22],[7,-1],[10,-18],[28,-10],[19,7],[13,-17],[7,-44],[54,-25],[12,-14],[39,16],[37,28],[13,-28],[27,-26],[27,-11],[20,-1],[-2,-43],[15,-48],[16,-33],[17,-22],[45,-29],[4,-20],[13,-22],[-7,-50],[2,-16],[25,-32],[40,-32],[27,-8],[17,-9],[13,-15],[47,-68],[59,-78],[27,-8],[47,-6],[16,1],[50,-9],[23,-10],[-10,-41],[5,-23],[20,-14],[16,-1],[11,-9],[8,-18],[7,-29],[0,-15],[-9,-15],[-27,-33],[-10,-31],[-9,-16],[-10,-46],[6,-24],[13,-23],[7,-7],[15,1],[23,11],[10,0],[12,-10],[19,-30],[12,-2],[31,3],[24,-18],[0,-14],[-11,-23],[-5,-25],[1,-20],[10,-23],[17,-24],[17,-7],[28,-3],[5,-13],[-16,-66],[-16,-41],[-3,-23],[7,-24],[6,-66],[11,-19],[26,-15],[24,-5],[4,-15],[-12,-9],[-25,-28],[-15,-29],[1,-36],[19,-26],[63,-49],[-2,-38],[14,-75],[7,-25],[-5,-9],[-12,0],[-14,12],[3,-39],[9,-23],[4,-47],[-20,-22],[-10,-25],[13,-28],[15,-8],[22,-37],[10,-43],[37,-22],[9,2],[42,19],[24,-2],[17,-11],[18,4],[38,-21],[12,-31],[8,-14],[21,-24],[23,3],[37,-23],[13,-11],[22,-28],[22,-10],[12,-22]],[[43862,77693],[68,-29],[24,-24],[8,-25],[-2,-53],[3,-24],[21,-60],[-13,3],[11,-37],[4,-24],[6,-18],[-2,-14],[259,-212],[35,-28],[34,-22],[54,-22],[91,-15],[83,-17],[46,-10],[44,-7],[101,-19],[143,-26],[100,-20],[30,-17],[64,-57],[31,-46],[18,-12],[30,-5],[27,-13],[25,-30],[7,-18],[27,-114],[7,-18],[15,-18],[43,-18],[17,-24],[13,-82],[-2,-36],[9,-54],[2,-38],[-1,-23],[-8,-36],[-20,-49],[-8,-10],[-26,-17],[-16,-17],[-25,-45],[-4,-20],[2,-20],[13,-46],[-1,-48],[5,-33],[12,-37],[25,-49],[8,-55],[23,-34],[4,-15],[3,-46],[-1,-52],[10,-27],[32,-36],[13,-8],[30,-6],[18,-23],[0,-51],[10,-20],[24,-14],[31,2],[13,-8],[26,-34],[13,-34],[-4,-62],[12,-32],[36,-37],[7,-12],[12,-33],[8,-13],[20,-11],[23,-8],[19,-10],[35,-24],[16,-17],[10,-26],[30,-134],[15,-45],[17,-28],[90,-104],[73,-83],[12,-21],[8,-41],[11,-12],[15,-27],[6,-23],[6,-81],[7,-39],[150,-773],[79,0],[15,22],[18,6],[45,-24],[21,0],[16,-4],[14,3],[142,-1],[43,1],[14,-5],[35,-25],[28,-12],[20,-1],[20,-7],[11,-19],[15,-4],[12,-13],[36,-19],[25,-21],[8,-2],[11,25],[9,3],[41,-26],[22,23],[9,17],[26,16],[26,5],[15,-4],[19,-12],[26,-21],[23,5],[55,-44],[24,-30],[13,-12],[32,-11],[34,3],[17,-9],[50,-17],[25,19],[7,19],[19,24],[23,18],[17,9],[1,7],[-10,57],[4,18],[9,12],[11,3],[25,21],[22,26],[14,23],[-10,21],[25,37],[9,26],[32,32],[7,3],[45,-1],[70,14],[26,2],[54,-8],[37,30],[28,8],[26,-5],[21,7],[40,-5],[5,4],[13,31],[10,36],[15,23],[4,27],[37,67],[97,54]],[[42317,83709],[-15,-18],[-35,0],[-28,-9],[-21,-27],[-10,-35],[2,-25],[14,-36],[27,-38],[26,-18],[21,-4],[23,2],[13,-4],[20,-22],[11,-6],[37,-1],[41,-28],[65,-31],[17,-1],[24,4],[10,-5],[13,-21],[0,-23],[-8,-14],[-36,-41],[-7,-20],[-9,-44],[8,-44],[-2,-54],[3,-19],[9,-18],[22,-33],[8,-7],[29,-14],[15,-14],[12,-22],[20,-59],[15,-35],[26,-32],[6,-24],[-6,-16],[-16,-25],[-11,-27],[-3,-37],[4,-22],[12,-28],[26,-45],[-1,-27],[-13,-21],[-9,-23],[-13,-55],[-14,-18],[-34,-16],[-7,-8],[-12,-30],[-30,-53],[-21,-30],[-35,-68],[-10,-40],[-25,-33],[-49,-158],[0,-26],[-5,-20],[-24,-28],[-12,-30],[-1,-51],[-22,-67],[0,-27],[16,-43],[22,-24],[12,-23],[6,-21],[0,-52],[7,-23],[9,-10],[26,-17],[11,-19],[32,-90],[14,-28],[3,-22],[1,-45],[-14,-32],[-28,-32],[-5,-14],[3,-18],[10,-12],[30,-20],[18,-36],[29,-98],[8,-48],[20,-56],[8,-13],[25,-21],[23,-26],[10,-27],[-2,-29],[16,-49],[27,-35],[17,-33],[11,-29],[46,-63],[21,-42],[3,-43],[6,-29],[-2,-30],[3,-18],[23,-53],[14,-42],[21,-93],[-2,-28],[3,-14],[15,-12],[23,-1],[9,-12],[2,-55],[7,-32],[25,-58],[9,-13],[23,-18],[26,-31],[17,-14],[30,-11],[26,-2],[19,-15],[13,-28],[0,-23],[-2,-46],[6,-20],[55,-99],[15,-37],[17,-17],[21,-9],[11,-15],[9,-23],[10,-16],[18,-14],[50,-60],[7,-16],[3,-28],[7,-18],[18,-8],[49,5],[10,-3],[13,-12],[50,-86],[10,-19],[72,-113],[80,-100],[22,-34],[27,-94],[12,-75],[1,-36],[-3,-18],[-22,-62],[-12,-30],[-43,-74],[-10,-38],[1,-39],[16,-42],[7,-23],[2,-86],[-10,-61],[0,-28],[9,-103],[5,-24],[16,-39],[14,-75],[14,-31],[6,-26],[1,-31],[13,-31],[34,-43],[14,-22],[4,-29],[13,-155],[10,-37],[30,-68],[9,-18],[44,-48],[12,-35],[0,-13]],[[43862,77693],[-110,49],[-56,-5],[-35,6],[-32,-7],[-32,-20],[-66,-23],[-79,-15],[-145,1],[-28,-9],[-21,-20],[-89,-153],[-23,-25],[-28,-13],[-132,-26],[-82,-17],[-14,-5],[-146,-63],[-19,-10],[-32,-20],[-60,-50],[-38,-36],[-12,-14],[-23,-38],[-15,-40],[-23,-35],[-92,15],[-28,-3],[-21,-7],[-109,-40],[-81,-27],[-23,-11],[-30,-24],[-13,-15],[-50,-72],[-12,-14],[-23,-33],[-37,-64],[-17,-60],[-7,-58],[-13,-21],[-20,-12],[-20,-30],[-12,-15],[-27,5],[-23,0],[-11,-7],[-33,-54],[-10,-8],[-42,6],[-14,-12],[-15,-22],[-22,-14],[-22,-10],[-14,-14],[-15,-30],[-16,-19],[-7,-20],[4,-32],[25,-45],[10,-26],[3,-20],[-2,-17],[-11,-19],[-10,-4],[-20,0],[-179,10],[-43,3],[0,-7],[129,-10],[78,-4],[30,0],[24,9],[12,11],[8,17],[1,30],[26,-24],[15,-3],[27,-14],[7,-15],[-15,-13],[3,-11],[25,-17],[9,-1],[33,-20],[14,-12],[0,-12],[20,-28],[12,-8],[11,-30],[9,-54],[-14,-59],[-2,-23],[19,-53],[13,-19],[11,-25],[30,-25],[12,-4],[16,-39],[17,-21],[11,7],[22,-9],[7,-12],[19,-6],[10,-22],[19,4],[15,23],[14,3],[25,-27],[29,-15],[16,6],[22,-37],[26,-28],[15,-12],[28,-34],[23,-30],[16,-5],[33,-55],[36,-26],[31,3],[12,-3],[17,-16],[33,-16],[20,-3],[33,33],[17,8],[52,4],[17,10],[17,3],[16,15],[5,13],[12,5],[31,-12],[14,0],[24,-11],[17,1],[27,12],[28,-43],[8,-19],[14,-7],[18,-22],[22,-17],[10,-29],[1,-38],[6,-13],[16,-20],[9,-16],[15,-15],[27,-18],[9,-12],[13,-46],[7,-8],[12,-30],[20,-18],[39,-42],[7,-22],[14,-23],[29,-41],[46,-25],[26,-19],[32,-11],[37,-20],[34,-57],[12,-35],[19,-121],[6,-22],[-2,-36],[-5,-20],[2,-19],[18,-40],[17,-16],[8,-31],[12,-14],[25,-19],[25,3],[4,-43],[8,-18],[24,-38],[8,-4],[9,-18],[3,-27],[9,-29],[17,-13],[7,-25],[16,-17],[11,-20],[25,-28],[6,-26],[13,-18],[24,-18],[23,-29],[35,-31],[26,-10],[24,-16],[8,-11],[8,-36],[4,-31],[18,-40],[4,-13],[16,-19],[3,-17],[-4,-24],[32,-62],[19,-18],[12,-19],[8,-49],[-12,-30],[-5,-23],[-14,-15],[-11,-2],[-34,-33],[5,-25],[36,-85],[22,10],[41,1],[37,8],[2,-57],[9,-42],[15,-33],[24,-35],[7,-28],[24,-7],[11,8],[8,-58],[17,-99],[21,-70],[24,-51],[19,-31],[12,-31],[19,-110],[5,-63],[4,-18],[35,-36],[62,-72],[30,-32],[69,-61],[20,-25],[110,-89],[2,-38],[-15,-104],[-13,-75],[-1,-59],[-8,-87],[3,-30],[16,-54],[8,-57],[2,-60],[12,-58],[1,-17],[-8,-22],[-14,-24],[-35,-69],[-12,-29],[-20,-65],[-11,-30],[-8,-32],[-4,-36],[-266,-388],[4,-27],[9,-23],[12,-19],[26,-24],[26,0],[9,-5],[16,-25],[19,-3],[15,-31],[11,-15],[0,-24],[4,-26],[-1,-34],[-4,-24],[-14,-33],[-2,-23],[-8,-24],[1,-15],[57,-125],[16,-70],[-2,-16],[-15,-30],[-2,-22],[6,-23],[-3,-12],[-21,-31],[-24,-27],[-10,-38],[-8,-57],[-9,-47],[-28,-36],[-19,-29],[-5,-23],[2,-36],[-3,-102],[-13,-53],[10,-34],[18,-29],[31,-5],[8,-15],[20,-7],[6,-12],[22,-15],[17,-17],[20,-13],[11,-16],[28,0],[34,-3],[12,-8],[32,-27],[9,-18],[51,12],[7,-5],[37,-13],[12,18],[12,-5],[7,-29],[10,-1],[19,10],[9,25],[4,22],[13,18],[18,0],[20,17],[11,-1],[22,33],[28,23],[21,10],[4,37],[15,31],[18,13],[10,16],[-1,22],[11,18],[21,56],[14,27],[9,3],[11,-12],[17,4],[30,-8],[4,-5],[22,0],[4,29],[15,31],[19,8],[20,-3],[52,-25],[6,-11],[38,-55],[15,-11],[6,-16],[24,-35],[12,-25],[103,-157]],[[23091,80551],[0,-73],[-111,-1],[-22,4],[-23,-4],[-645,-10],[-71,13],[-86,0],[-262,16],[-525,25],[-311,9],[-280,15],[-74,7],[-50,6],[-313,12],[-144,3],[-139,0],[-1,-20],[-108,-1],[-93,1],[-10,-1],[-151,4],[-570,1],[-370,-5],[-75,9],[-42,2],[-156,-4],[0,-27],[-228,-3],[-114,5],[-280,1],[-20,-4],[-430,-3],[-25,2],[-267,-4],[-219,1],[-291,-3],[-341,-4],[-319,-1],[-328,4],[-368,4],[-55,-5],[-78,2],[-161,-5],[-1443,-10],[-662,0],[-810,2]],[[12020,80511],[-2267,6],[-1781,9],[-443,0],[-10,-3],[-42,3],[-1286,0],[-876,3],[-11,-1],[-275,5],[-618,4],[-1781,-1],[-382,-2],[-255,0],[-1144,-4],[-109,2],[-265,3],[-11,-3],[-200,1],[-54,2],[-76,-2]],[[134,80533],[0,210],[-1,299],[0,1242],[1,1476],[0,425],[1,145],[-2,1731],[3,410],[2,479],[4,375],[-6,122],[8,489],[3,507],[-2,13],[10,514],[8,427],[1,67],[5,416],[5,540],[0,138],[-3,762],[-5,380],[-6,345],[1,15],[-2,735],[4,921],[2,501],[-1,278],[4,926],[0,156],[-1,150],[-1,40],[-1,59],[-2,44],[0,120],[-1,483],[2,64],[-1,57],[-4,152],[1,50],[-2,420],[0,44],[-9,1977],[-2,549],[-1,99],[-1,45],[358,-5],[348,2],[1658,-12],[121,2],[232,-1],[80,-2],[57,2],[172,1],[61,-1],[150,1],[76,-1],[223,2],[134,0],[95,-1],[131,-1],[369,2],[152,-3],[1552,2],[77,-5],[909,0],[7,-4],[53,-4],[96,0],[173,2],[182,-3],[76,5],[15,4],[270,4],[1781,-3],[590,1],[1191,2],[13,6],[40,-1],[161,1],[99,-1],[86,1],[6,1],[179,-2],[45,2],[256,1],[104,0],[107,4],[61,0],[75,3],[211,6],[329,8],[9,1],[43,-3],[246,5],[225,-4],[4,8],[609,13],[317,0],[336,-7],[432,5],[672,0],[100,1],[147,0],[72,-1],[358,1],[128,-3],[210,0],[583,1],[44,-1],[227,1],[102,-1],[487,1],[431,4],[442,1],[282,-1],[626,0],[741,3],[577,2],[91,1],[372,0],[312,8],[310,2],[133,0],[339,2],[538,5],[264,1],[154,-1],[42,-1],[512,-2]],[[21554,88371],[9,-282],[-9,-83],[-85,0],[-1,-17],[-17,-6],[1,-180],[19,0],[2,-184]],[[23234,85971],[-120,-70],[-241,-59],[-244,-108],[-353,-47],[-181,11],[-146,-58],[-231,-15],[-77,-71],[-51,-121],[-200,-322],[-9,0],[-17,13],[-8,21],[3,38],[-9,0],[-11,-29],[-23,-45],[-31,-38],[-14,-12],[-36,-19],[-31,-44],[-41,-22],[-16,-1],[-44,20],[-12,2],[-33,-10],[-17,-10],[-32,-35],[-3,-8],[-8,-55],[-21,-1],[-29,-9],[-13,-21],[-12,-15],[-7,-17],[-2,-52],[-9,-71],[-12,-29],[-18,-54],[-10,-22],[-28,-49],[-25,-36],[-46,-53],[-59,-28],[-15,-10],[-24,-4],[-22,-9],[-109,-37],[-11,-11],[-6,-17],[-33,43],[-7,32],[5,23],[17,51],[2,25],[-1,39],[-4,16],[-14,23],[-28,36],[-14,37],[6,4],[1,23],[15,32],[35,38],[20,15],[34,11],[9,7],[17,20],[31,66],[13,19],[22,19],[20,5],[28,-3],[21,-8],[18,-12],[24,4],[14,23],[18,23],[16,34],[19,27],[-5,17],[13,30],[8,29],[10,17],[37,53],[39,61],[37,50],[11,24],[13,44],[18,40],[9,53],[7,28],[-5,5],[-34,-2],[-38,16],[-10,12],[-57,20],[5,29],[23,43],[29,50],[31,4],[69,-4],[18,-5],[11,-15],[11,-37],[11,46],[9,22],[10,38],[-5,50],[1,16],[-20,64],[-7,15],[-19,5],[-9,35],[-28,18],[-10,15],[-8,28],[-10,15],[-6,48],[-8,9],[-40,1],[9,92],[18,74],[11,67],[1,26],[-76,2],[-53,-1],[-25,6],[-34,17],[-19,15],[-78,70],[-18,23],[-40,78],[14,14],[19,27],[7,16],[-60,-8],[-9,3],[-37,30],[16,50],[4,57],[-1,65],[-5,60],[-13,50],[-3,28],[4,46],[15,36],[13,16],[-194,74],[2,11],[-9,18],[5,7],[-14,20],[-24,83],[-7,11],[0,26],[-14,35],[0,17],[-13,1],[-7,21],[3,22],[-7,18],[-34,18],[-19,33],[-23,14],[0,19],[-6,18],[-26,25],[-8,16],[-18,13],[-11,25],[-33,33],[-17,5],[-17,-3],[-25,-16],[-33,-9],[-21,5],[-28,17],[-20,7],[-45,25],[-9,-1],[-34,15],[-9,0],[-45,14],[-21,15],[-13,3],[-43,25],[-11,3],[-3,11],[-65,3],[-35,3],[-14,6],[-90,43],[-49,17],[-196,40],[0,139],[-25,4],[-25,11],[-12,0],[-22,-15],[-12,-1],[6,42],[14,40],[15,60],[-9,43],[0,86],[-3,14],[-22,80],[2,43],[12,83],[9,116],[-3,15],[-17,36],[-3,17],[0,55],[31,57],[26,23],[12,34],[5,44],[16,44],[-12,28],[-7,38],[6,17],[8,6],[39,-12],[-17,25],[1,27],[6,21],[26,30],[64,49],[49,33],[21,77],[7,46],[15,41],[1,18],[1,139],[4,14],[9,6],[45,0],[46,5],[106,58],[120,67],[35,24],[7,20],[12,21],[30,6],[60,83],[8,3],[22,-1],[29,74],[17,29],[16,8],[35,-2],[80,-62],[6,-9],[16,-39],[15,-15],[119,-28],[6,-4],[12,-26],[36,-2],[31,-12],[34,-26],[28,-12],[80,8],[12,-4],[15,-12],[13,-5],[23,1],[32,8],[39,20],[45,-1],[19,-6],[35,13],[18,16],[15,3],[12,-5],[26,34],[33,34],[37,12],[10,-1],[33,19],[16,13],[34,7],[24,-9],[44,3],[13,-5],[51,5],[33,0],[20,24],[37,24],[10,3],[41,-2],[31,9],[5,9],[1,27],[24,27],[23,12],[22,6],[34,1],[14,-21],[14,-13],[44,-7],[14,-16],[13,-25],[16,-39],[17,-52],[15,-56],[17,-49],[61,-75],[53,-41],[21,-10],[41,-16],[21,-11],[20,-17],[50,0],[42,-9],[25,-1],[18,-20],[21,-17],[15,-17],[19,-16],[16,-3],[38,1],[13,8],[17,19],[40,-5],[33,6],[17,-1],[51,-17],[14,-15],[28,39],[218,259],[21,34],[12,29],[25,71],[7,33],[7,75],[3,19],[20,81],[3,23],[0,43],[-3,27],[-16,84],[-2,21],[1,39],[6,57],[-1,76],[7,41],[7,18],[32,47],[13,23],[7,20],[13,57],[34,-66],[0,-44],[9,-18],[20,16],[16,25],[11,10],[22,10],[17,1],[40,-19],[26,-1],[29,14],[40,48],[108,75],[40,44],[10,13],[43,77],[10,12],[83,74],[73,91],[13,7],[46,12],[39,-4],[26,-16],[11,-15],[10,-27],[15,-12],[89,-23],[100,-8],[42,-9],[16,5],[40,37],[33,38],[45,31],[20,8],[34,2],[15,-8],[53,-38],[23,-8],[18,-1],[-5,-50],[-10,-63],[-5,-15],[-24,-20],[-12,-26],[-27,-124],[-17,-25],[-18,-5],[-7,-72],[1,-39],[-7,-63],[-12,-28],[42,-35],[21,-16],[35,-35],[45,-15],[26,-3],[40,2],[28,8],[37,-4],[15,-12],[-3,-17],[2,-127],[18,-49],[-3,-26],[-40,-84]],[[21473,87619],[1,-171],[63,28],[17,-21],[29,-27],[27,-19],[18,-4],[28,0],[11,18],[12,7],[-4,17],[-7,5],[-28,5],[-7,10],[1,27],[11,13],[25,5],[31,21],[16,0],[7,-6],[6,-24],[6,-4],[17,5],[9,9],[5,32],[8,17],[-7,40],[8,14],[-2,21],[21,47],[10,13],[21,10],[42,-1],[7,15],[17,-3],[1,9],[29,21],[2,7],[18,9],[2,27],[-2,179],[-6,5],[-51,1],[-53,2],[-14,5],[-8,18],[0,47],[3,26],[3,129],[20,36],[-1,16],[-11,20],[-7,22],[-8,44],[-6,136],[1,23],[10,106],[4,96],[-29,-14],[-101,-29],[-23,-10],[-24,-20],[-15,-21],[-12,-25],[-49,-141],[-9,-41],[-2,-30]],[[21554,88371],[-9,-28],[-26,-12],[-34,-30],[-14,-16],[-2,-19],[-49,7],[-26,0],[-23,10],[-20,1],[-39,19],[-41,17],[-18,3],[-4,9],[-30,1],[-33,20],[-2,5],[-29,13],[-18,23],[-18,39],[-14,16],[-7,-22],[1,-36],[-8,-5],[-13,11],[-14,-1],[-2,-73],[0,-149],[2,-16],[11,-26],[35,-50],[21,-39],[22,-99],[7,-41],[5,-45],[1,-54],[-1,-25],[-9,-20],[-52,-80],[21,-27],[-1,-12],[29,-17],[8,-1],[171,2],[22,-5],[119,0]],[[31377,99980],[1393,0],[115,1],[917,-8],[883,-7],[451,0],[884,-4],[79,0],[366,-2],[95,6],[545,0],[28,-2],[202,-2],[30,-4],[92,-1],[396,-14],[65,-3],[96,2],[33,-1],[46,1],[40,-2],[113,-9],[308,-19],[36,0],[72,-8],[116,-3],[168,-6],[174,-9],[437,-7],[473,-9],[74,-2],[154,-4],[81,-3],[43,0],[109,-4],[89,-1],[236,-3],[66,0]],[[40882,99853],[-6,-22],[-8,-10],[-3,-27],[-9,-38],[-26,-43],[-9,-21],[-7,-30],[-1,-43],[7,-32],[42,-10],[12,-12],[8,-44],[-3,-16],[-19,-20],[8,-22],[15,-51],[6,-31],[0,-19],[-5,-45],[3,-39],[7,-36],[8,-20],[19,-14],[10,-14],[6,-23],[-1,-54],[-13,-79],[11,-15],[18,-3],[11,-9],[-9,-47],[4,-22],[-8,-14],[-15,-15],[-8,-29],[8,-32],[28,-33],[9,-23],[-4,-31],[-16,-42],[-14,-31],[-14,-21],[-20,-77],[-4,-30],[3,-17],[10,-28],[4,-39],[13,-42],[1,-37],[-7,-40],[14,-23],[7,-2],[4,-48],[8,-21],[18,-12],[34,-37],[24,-12],[13,-17],[5,-15],[18,-16],[22,-34],[28,-72],[7,-14],[24,-17],[25,-8],[8,-7],[5,-16],[1,-28],[-7,-35],[6,-28],[13,-20],[26,-18],[47,-24],[13,-15],[14,-25],[28,-10],[3,-22],[-9,-27],[3,-21],[12,-32],[19,-9],[18,-15],[19,-6],[7,-8],[11,-28],[17,-30],[21,-2],[17,-14],[11,-21],[12,-16],[12,-3],[42,9],[33,-23],[21,-28],[15,-11],[25,-5],[12,-9],[-5,-33],[4,-23],[7,-9],[30,-13],[13,-14],[8,-15],[20,-24],[7,-27],[-2,-32],[-8,-34],[13,-24],[6,-32],[16,-33],[-1,-34],[13,-23],[8,-53],[-3,-28],[-6,-44],[-10,-49],[-10,-21],[-5,-24],[-35,-42],[22,-45],[3,-21],[43,-52],[5,-16],[0,-20],[6,-20],[32,-19],[6,-14],[15,-18],[9,-4],[25,7],[11,-13],[9,-26],[6,-7],[16,14],[19,2],[11,-7],[9,-21],[14,-9],[13,-17],[47,-19],[21,-6],[10,-24],[0,-23],[19,-15],[24,-11],[6,-27],[-9,-32],[-10,-65],[-9,-32],[-21,-26],[-6,-20],[9,-4],[47,-2],[25,9],[31,-31],[15,-25],[10,-9],[0,-22],[-6,-20],[-17,-27],[-6,-56],[-10,-29],[16,-19],[7,-18],[13,-9],[46,-2],[22,-15],[18,-5],[3,-26],[15,-27],[14,-38],[27,-26],[3,-9],[-1,-31],[7,-28],[24,-20],[19,-11],[24,-25],[11,2],[23,-9],[18,-16],[16,-23],[9,-21],[14,-2],[7,-12],[9,-44],[6,-14],[31,-24],[3,-14],[23,-43],[23,-6],[18,2],[15,-10],[24,-7],[12,2],[8,-9],[7,-20],[18,-23],[21,-10],[18,-27],[30,-22],[-2,-67],[13,-8],[8,-15],[18,3],[19,-24],[1,-25],[5,-7],[1,-24],[17,-15],[8,-17],[2,-22],[-4,-28],[-10,-32],[10,-11],[29,2],[23,-21],[18,-41],[4,-14],[-6,-22],[3,-19],[23,-63],[2,-15],[-15,-32],[-1,-52],[9,-37],[0,-24],[16,-32],[21,-11],[8,-24],[14,-18],[17,-55],[6,-12],[31,-2],[10,-7],[22,4],[46,-45],[9,-17],[2,-20],[22,-18],[2,-9],[-10,-25],[-2,-27],[-9,-31],[3,-6],[18,7],[9,-10],[1,-23],[-10,-38],[4,-40],[8,-13],[27,-11],[21,-15],[12,-15],[-18,-51],[-13,-23],[4,-16],[29,-34],[-1,-20],[13,-29],[2,-20],[-7,-55],[9,-12],[20,-44],[16,-16],[1,-31],[-18,-28],[-6,-23],[1,-12],[48,-17],[23,-16],[28,-13],[7,-36],[-9,-20],[15,-49],[6,-49],[8,-23],[10,-6],[7,-39],[6,-15],[20,-23],[-5,-34],[17,-22],[16,-2],[15,-30],[10,-3],[9,-28],[28,-21],[50,-61],[27,-3],[34,-27],[25,-34],[1,-16],[16,-31],[19,-24],[9,-26],[11,-18],[-6,-28],[1,-31],[6,-13],[17,-19],[10,-23],[2,-21],[6,-9],[-5,-17],[-19,-42],[-5,-18],[7,-54],[-2,-54],[10,-69],[-1,-22],[5,-18],[17,-24],[22,-25],[22,-14],[15,0],[14,-9],[12,-20],[3,-27],[12,-24],[16,-14],[33,-16],[8,-14],[5,-23],[39,-115],[12,-23],[6,-21],[-2,-25],[-6,-26],[-14,-40],[-3,-25],[5,-22],[24,-40],[21,-22],[6,-13],[-2,-38],[-14,-17],[-10,-31],[0,-24],[6,-27],[11,-22],[18,-53],[23,-17],[16,-34],[3,-56],[8,-29],[11,-22],[-2,-22],[3,-58],[6,-12],[33,-28],[25,-52],[14,-24],[13,-13],[11,-54],[26,-43],[2,-17],[-8,-45],[-3,-42],[2,-27],[8,-32],[17,-59],[2,-54],[3,-15],[8,-12],[40,-27],[6,-14],[1,-17],[-7,-20],[3,-14],[24,-13],[10,-11],[2,-15],[4,-143],[-1,-24],[-7,-34],[-1,-87],[-10,-52],[2,-19],[15,-43],[14,-46],[24,-25],[7,-22],[-1,-17],[-13,-52],[-14,-43],[0,-17],[6,-17],[26,-44],[3,-54],[7,-20],[28,-55],[30,-9],[18,2],[24,-21],[33,-38],[25,-1],[26,-8],[13,3],[9,-37],[9,-23],[2,-37],[-3,-27],[13,-29],[-2,-44],[6,-36],[2,-48],[-6,-19],[1,-28],[5,-33],[16,-28],[-1,-35],[12,-37],[7,-59],[11,-52],[2,-27],[-8,-31],[12,-40],[10,-57],[16,-43],[0,-27],[15,-41],[20,-29],[20,-18],[23,-3],[30,2],[21,-58],[12,-6],[13,-21],[8,-20],[4,-43],[8,-22],[4,-42],[-4,-38],[2,-45],[-13,-53],[-6,-53],[-9,-24],[1,-23],[17,-68],[16,-50],[-1,-30],[5,-32],[-5,-12],[25,-32],[11,-20],[-1,-58],[10,-46],[13,-42],[6,-44],[-8,-61],[-4,-58],[-28,-107],[-27,-69],[-20,-31],[-1,-19],[7,-31],[41,-117],[44,-32],[9,6],[72,94],[65,49],[49,20],[48,6],[55,13],[14,7],[14,20],[26,11],[15,-3],[14,-17],[36,-6],[8,-8],[45,-4],[39,-25],[22,-26],[10,-24],[7,-37],[22,-19],[7,-13],[17,-11],[17,-27],[16,-48],[2,-24],[35,-48],[16,-45],[33,-1],[30,-20],[5,-11],[0,-75],[8,-77],[-3,-24],[2,-25],[-3,-23],[-21,-40],[-18,-21],[-6,-19],[-9,-42],[-4,-56],[4,-67],[13,-37]],[[45664,87105],[-6,-11],[-26,-63],[-20,-18],[-29,-13],[-27,-45],[-44,28],[-14,-6],[-37,-3],[-20,-11],[-8,-12],[-16,-44],[-27,3],[-21,-11],[-27,-8],[-11,-12],[-13,-2],[-34,-31],[-24,11],[-1,5],[-38,21],[-10,-1],[-28,-22],[-44,6],[-10,-33],[3,-30],[-29,-115],[-7,-3],[-17,4],[-18,-9],[-28,-86],[4,-41],[8,-15],[-3,-20],[4,-59],[-4,-42],[3,-32],[-21,-72],[10,-49],[0,-35],[3,-22],[26,-36],[0,-7],[-24,-58],[-10,-77],[-4,-25],[-1,-33],[-12,-44],[0,-18],[-11,-10],[-11,-56],[5,-21],[-20,-51],[-1,-26],[9,-34],[32,-57],[27,-31],[-3,-8],[4,-55],[9,-18],[-2,-32],[4,-33],[-5,-49],[6,-32],[-20,-62],[-43,-58],[-4,-66],[6,-31],[-1,-21],[5,-42],[-22,-95],[-2,-48],[-25,-48],[-13,21],[-26,20],[-19,7],[-24,-6],[-39,28],[-31,2],[-12,4],[-37,-13],[-22,6],[-2,-18],[-17,-68],[-20,-41],[-9,-39],[-4,-44],[-30,-31],[-15,-22],[-29,-16],[-18,-4],[-13,-29],[-30,-14],[-18,-21],[-17,-37],[-59,-41],[-30,10],[-19,-10],[-39,13],[8,-48],[2,-42],[-12,-65],[-6,-19],[7,-21],[72,-77],[22,-14],[9,-13],[24,-25],[7,-3],[-7,-25],[-3,-28],[-10,-28],[-3,-44],[3,-22],[-21,-6],[-34,-37],[-29,-7],[-74,-27],[-20,-30],[-45,-36],[-2,-27],[-6,-26],[1,-31],[-6,-19],[-2,-34],[-8,-9],[-20,-36],[-3,-33],[-11,-11],[-19,-46],[6,-18],[-5,-13],[-17,-5],[-23,2],[-26,16],[-27,21],[-28,3],[-18,-2],[-18,14],[-24,36],[-12,78],[-31,73],[-15,17],[-17,-9],[-11,2],[-14,20],[-27,20],[-22,59],[-15,28],[-28,30],[-12,6],[-35,-1],[-10,-8],[-34,0],[-31,9],[-15,-5],[-18,-14],[-24,-33],[-21,6],[-10,-5],[-62,1],[-16,-10],[-25,8],[-44,-14],[-5,8],[1,43],[-20,38],[-7,62],[13,21],[7,36],[-32,8],[8,13],[-2,26],[-16,18],[-28,-1],[-29,12],[-33,-18],[-52,-20],[-21,-23],[-19,0],[-10,-26],[-25,-35],[-19,-4],[-36,16],[-33,5],[-53,-61],[-16,-47],[-12,-4],[-24,-43],[-16,-11],[-36,-14],[-21,-30],[-29,-30],[-18,-4],[-14,-20],[-26,-22],[-20,1],[-27,-16],[-46,10],[-30,-4],[-17,-16],[-19,-56],[-60,-42],[-25,-9],[-68,-59],[-16,-4],[-55,-36],[-19,-5],[-41,-24],[-15,39],[-3,29],[-7,11],[-34,-8]],[[42317,83709],[-24,1],[-49,26],[-40,43],[-13,31],[-10,9],[-32,-15],[-36,-72],[-13,-20],[-104,-74],[-35,-22],[-27,-11],[-53,-52],[-9,-12],[-2,-19],[-62,-76],[-24,-15],[-9,-21],[-22,-20],[-28,-15],[-25,-3],[-16,-13],[-6,-14],[-7,-45],[-17,-83],[-6,-4],[-29,2],[-37,-4],[-33,10],[-17,15],[-26,8],[-11,17],[-26,-3],[-26,45],[-6,27],[-9,13],[-34,28],[-25,14],[-18,48],[-29,38],[-14,0],[-19,53],[-10,9],[-23,9],[-28,0],[-37,5],[-23,12],[-26,-15],[-10,3],[-24,-9],[-8,-28],[-7,-14],[-24,-23],[-8,-25],[-17,-33],[-13,-56],[0,-32],[4,-18],[-17,-14],[-8,-15],[-19,-24],[-12,-8],[-75,-97],[-4,-8],[2,-20],[-25,-6],[-26,-11],[-13,3],[-16,12],[-25,-21],[-6,0],[-27,37],[-33,-9],[-8,-7],[-23,17],[-18,4],[-23,15],[-29,-1],[-46,-5],[-14,10],[-27,-2],[-23,20],[-16,7],[-23,-7],[-33,-30],[-10,-45],[-11,-1],[-34,-12],[-11,-2],[-63,-45],[-11,4],[2,24],[-11,8],[-21,2],[-46,21],[-16,27],[-24,28],[-4,23],[5,24],[-3,7],[-30,39],[-9,29],[-11,21],[-11,50],[-19,41],[-18,11],[-9,12],[-10,23],[-22,18],[-33,22],[4,25],[-10,47],[-14,25],[-1,32],[-13,17],[-1,14],[5,31],[-4,47],[-28,15],[-8,9],[-9,28],[-4,34],[-9,35],[-14,22],[-4,21],[-20,32],[-16,-2],[-25,26],[-35,45],[-13,-14],[-37,-27],[-6,-44],[-8,-11],[-15,4],[-32,-30],[-28,-21],[-19,-7],[-17,-30],[-17,3],[-3,11],[-17,16],[-20,2],[-32,19],[-6,20],[-13,21],[-5,29],[-11,7],[-25,-21],[-29,9],[-9,-5],[-5,-13],[-18,-18],[-1,-10],[-39,-57],[-4,-35],[4,-18],[-4,-15],[-9,-4],[-9,-21],[-22,-14],[-2,-13],[13,-20],[1,-28],[8,-15],[-5,-20],[-14,-22],[-2,-10],[4,-29],[-7,-20],[5,-39],[7,-23],[23,-34],[32,-19],[4,-16],[-23,-28],[-3,-14],[-11,-16],[5,-17],[2,-38],[-10,-8],[-23,-9],[-8,-29],[-10,-23],[-17,4],[-29,-5],[-25,13],[-11,1],[3,-30],[-9,-29],[-6,1],[-27,20],[-14,6],[-33,8],[-12,8],[-28,41],[-16,19],[-13,24],[-28,18],[-22,23],[-21,53],[-23,13],[-30,8],[-9,6],[-56,18],[-23,3],[-49,-8],[-17,5],[-20,15],[2,19],[-7,36],[1,18],[-19,26],[-10,9],[-29,36],[-34,25],[-4,15],[-6,52],[-9,21],[-25,27],[-19,13],[-4,12],[-26,25],[-15,67],[-17,20],[-14,9],[-2,14],[-15,0],[-32,11],[-43,9],[-30,-8],[-21,-12],[-8,-27],[-30,-13],[-10,0],[-17,11],[-18,23],[-7,4],[-16,-8],[-19,-3],[-35,-41],[-25,-4],[-20,-7],[-25,-22],[-20,-31],[-27,2],[-37,-18],[0,-33],[-11,-31],[-24,-32],[-5,-14],[-8,-41],[-9,-10],[-17,-2],[-14,5],[-22,0],[-12,5],[-22,24],[-18,-3],[-43,-30],[-45,-19],[-11,1],[-22,25],[-19,-2],[-11,14],[-21,60],[-17,33],[-26,7],[-10,8],[-17,5],[-43,-22],[-21,1],[-16,18],[-5,34],[-25,15],[-26,-7],[-26,-25],[-29,-18],[-25,14],[-20,-2],[-18,-13],[-16,-30],[-32,10],[-12,10],[-24,3],[-18,-8],[-7,-34],[-17,-7],[-7,-16],[-12,-11],[-12,-19],[-7,-3],[-13,28],[-22,11],[-18,31],[-15,24],[-27,16],[-12,14],[-18,36],[-30,33],[-15,6],[-24,-1],[-11,40],[17,20],[15,27],[-4,43],[-7,23],[-1,31],[3,36],[-20,49],[-4,22],[-7,9],[-15,4],[-27,-3],[-27,11],[3,42],[-16,79],[-1,78],[-3,23],[-21,48],[-18,34],[-49,-4],[-36,9],[1,14],[11,28],[16,30],[-1,29],[-21,34],[-11,50],[-15,29],[-47,32],[-31,-1],[-19,5],[5,24],[18,39],[3,41],[-7,30],[7,26],[20,42],[14,54],[-11,33],[10,38],[-2,30],[-13,26],[-61,91],[-41,42],[-41,28],[-23,8],[-15,-17],[-13,-21],[-10,-26],[-3,-26],[-31,-27],[-5,-56],[-7,-26],[-18,-4],[-9,6],[-17,-2],[-15,-15],[-15,-10],[-7,-25],[-15,-30],[-1,-26],[-15,-1],[-20,-35],[-19,-24],[-38,-70],[-21,-18],[5,-86],[-2,-17],[-22,-52],[-6,-11],[-14,12],[-21,28],[-15,1],[-35,57],[-9,9],[-19,-33],[-3,-31],[-14,-6],[-6,-19],[-24,-10],[-25,-31],[-21,-43],[-4,-21],[4,-25],[-6,-27],[10,-15],[-6,-39],[-9,-20],[0,-18],[10,-7],[-13,-55],[1,-11],[-15,-20],[-8,-24],[-4,-25],[2,-19],[-5,-48],[-8,-26],[-9,-10],[-6,-26],[-40,-19],[-11,-19],[-14,29],[-17,22],[-17,38],[0,30],[-10,27],[-13,10],[-30,8],[-24,10],[-14,-5],[-13,-27],[-15,-12],[-14,-3],[-27,7],[-16,-1],[-32,-14],[-8,0],[-14,25],[-3,17],[-9,12],[-6,35],[5,20],[-14,42],[0,19],[-5,15],[-37,20],[-46,8],[-31,-22],[-7,9],[-19,4],[-41,13],[-31,1],[-37,-2],[-34,1],[-25,9],[-30,22],[-16,22],[-29,8],[-26,31],[-33,-20],[-9,-1],[-15,10],[-13,-12],[-10,-19],[-22,14],[-21,43],[-8,8],[-4,-23],[5,-21],[-7,-8],[-19,2],[-5,-20],[3,-38],[-40,-50],[-25,-26],[-21,7],[-4,15],[0,25],[-13,16],[-64,35],[-17,-36],[-41,27],[7,41],[-3,18],[5,38],[-5,46],[0,43],[-16,47],[-29,57],[-35,55],[-9,52],[3,34],[0,57],[-21,157],[-21,69],[-21,40],[-21,32],[-10,58],[-1,20],[-7,25],[-8,13],[-19,44],[-18,8],[-11,32],[0,53],[4,28],[14,46],[19,74],[41,65],[21,5],[-19,49],[-16,-15],[-25,-5],[-25,4],[-55,34],[-7,2],[-52,-13],[-35,5],[-7,17],[-60,78],[-75,62],[-25,31],[-9,29],[-13,30],[2,25],[-5,52]],[[89470,85913],[-1,-152],[-2,-139],[1,-224],[0,-1362],[-1,-300],[-180,4],[-11,0],[0,-75],[1,-308],[0,-455],[1,-334],[2,-301],[0,-959],[1,-164],[-1,-168],[1,-28],[-2,-477],[0,-150],[-2,-223],[-3,-320],[-6,-423],[-1,-194],[0,-611],[1,-277],[0,-175],[-1,-168],[2,-721],[2,-287],[4,-435],[3,-239],[-1,-219],[1,-328],[2,-657],[-149,2],[2,-175],[2,-152],[2,-298],[3,-123],[2,-183],[0,-131],[3,-238],[2,-247],[1,-75],[3,-254],[4,-312],[3,-322],[5,-402],[3,-268],[2,-241],[2,-83],[2,-248],[7,-529],[-2,-368],[-6,-733],[-2,-915],[-3,-183],[-9,-552],[6,-29],[0,-136],[5,-9],[-5,-371],[-1,-322],[-5,-121],[1,-98],[-2,-187],[-4,-552],[-1,-277],[0,-120],[-2,-139],[1,-20],[-2,-81],[0,-112],[-2,-298],[1,-17],[-1,-94],[0,-239],[-3,-584]],[[47527,70470],[3,8],[-4,48],[-5,18],[4,52],[14,32],[20,21],[38,34],[3,35],[-5,52],[34,110],[20,25],[31,44],[15,-13],[27,-8],[33,-17],[43,-2],[26,2],[29,10],[16,13],[54,32],[8,14],[16,106],[5,26],[7,18],[-2,19],[6,40],[11,19],[20,68],[14,16]],[[34298,84680],[-2,-349],[-1,-264],[1,-569],[43,1],[251,-1],[-2,-319],[2,-13],[0,-127],[-4,-300],[3,-34],[-3,-654],[0,-413],[-1,-424],[-2,-499],[-4,-650],[-2,-620],[-55,-1],[-2,-1346],[2,-35],[0,-1631],[-1,-544],[1,-853],[149,-6],[6,-47],[-6,-1197],[0,-678]],[[28867,72960],[25,518],[-6,600],[12,0],[-3,503],[-1,474],[-76,4],[2,1260],[-1,73],[-1,872]],[[28818,77264],[0,486],[-3,349],[-1,1012],[-10,1],[2,190],[3,737],[3,189],[-2,358]],[[34235,87035],[-4,-7],[-23,-17],[-23,-26],[-37,-29],[-9,-53],[-13,-26],[-32,-26],[-4,-29],[1,-56],[13,-36],[15,-17],[26,1],[21,15],[34,14],[8,9],[17,-13],[-2,-34],[-7,-90],[6,-61],[9,-43],[-21,-55],[-1,-21],[13,-35],[17,-28],[5,-20],[-1,-61],[2,-53],[9,-32],[10,-13],[18,-4],[23,7],[10,-10],[-1,-28],[-8,-50],[1,-26]],[[34307,86082],[-1,0],[-8,-1402]],[[34298,84680],[-24,-7],[-81,3],[-19,4],[-188,1],[-17,-6],[-22,-16],[-35,-41],[-27,-27],[-58,-65],[-19,-14],[-14,-6],[-39,4],[-56,27],[-40,9],[-25,2],[-96,18],[-21,-2],[-23,-15],[-48,-53],[-39,-38],[-112,-92],[-17,-8],[-30,-4],[-92,-4],[-27,-11],[-18,-20],[-55,-91],[-26,-50],[-30,-47],[-30,-27],[-62,-37],[-13,-20],[-3,-34],[16,-144],[7,-25],[12,-20],[39,-40],[28,-32],[7,-18],[1,-18],[-6,-20],[-12,-15],[-22,-5],[-88,23],[-58,16],[-24,19],[-34,45],[-91,94],[-17,23],[-21,35],[-15,15],[-15,7],[-58,6],[-11,3],[-16,14],[-47,76],[-12,36],[-5,44],[-7,24],[-21,18],[-57,15],[-39,8],[-19,9],[-16,15],[-11,21],[-6,39],[4,50],[-8,22],[-15,15],[-38,5],[-24,12],[-18,31],[-16,38],[-8,11],[-15,7],[-40,-1],[-17,4],[-12,9],[-14,23],[-5,19],[2,26],[11,40],[39,107],[5,31],[1,72]],[[30025,38850],[-6,-30],[5,-36],[-14,-30],[-14,-16],[-12,-36],[-16,-21],[-10,-30],[1,-27],[-21,-31],[4,-29],[1,-33],[9,-47],[-4,-43],[4,-39],[11,-20],[26,-11],[100,70],[6,-25],[-17,-11],[-7,-47],[5,-16],[20,-12],[35,15],[29,9],[17,-2],[17,-17],[6,-28],[1,-179],[7,-8],[5,24],[8,-7],[10,16],[8,-4],[3,-16],[18,3],[-4,21],[9,13],[-6,14],[11,13],[-4,18],[10,16],[4,14],[13,5],[16,-24],[12,5],[-6,22],[-6,42],[13,-9],[12,10],[3,-16],[13,-10],[7,17],[-8,26],[3,18],[7,6],[6,17],[17,23],[-8,27],[36,32],[13,9],[27,-2],[10,-6],[6,-20],[11,-6],[7,-14],[17,7],[27,31],[13,26],[17,-4],[9,-29],[36,11],[11,26],[11,0],[8,13],[26,-2],[35,27],[-4,21],[8,22],[37,-1],[31,57],[8,-12],[20,8],[34,-6],[19,9],[13,0],[13,-17],[19,-9],[17,-14],[12,8],[-5,14],[-16,5],[-3,9],[8,14],[36,12],[8,-1],[5,-14],[-2,-21],[15,1],[6,-12],[10,10],[-8,14],[-4,26],[14,10],[21,-13],[15,-21],[4,-27],[11,1],[12,11],[5,70],[8,7],[1,23],[-16,-4],[-27,1],[-25,10],[-20,1],[-114,-1],[3,19],[-3,48],[-23,31],[-30,14],[-21,-2],[-13,9],[-27,6],[-15,17],[-21,-9],[-18,3],[-2,42],[-12,39],[-1,19],[3,37],[-9,58],[2,63],[-110,8],[-89,-8],[-13,6],[-70,-1],[-64,-33],[-141,29],[-15,-15],[-7,-19],[7,-16],[-3,-18],[-17,-23],[-9,-22],[-3,-20],[7,-45],[-7,-38],[-12,-18],[-24,10],[-13,0],[-4,23],[-3,31],[-16,31],[1,-30],[-5,-49],[-10,-21],[-28,0]],[[32204,49544],[15,-41],[33,-123],[14,-74],[19,-66],[19,-81],[282,-231],[292,-241],[26,26],[4,-6],[16,-51],[12,-14],[20,-13],[21,-20],[10,-24],[5,-35],[9,-26],[23,-10],[3,-33],[5,-9],[25,-21],[16,-42],[15,-22],[12,-3],[6,-49],[25,-78],[4,-39],[14,-47],[1,-28],[15,-42],[13,-20],[21,-49],[0,-41],[2,-24],[-4,-26],[3,-27],[-5,-35],[11,-31],[-3,-11],[8,-17],[-1,-31],[13,-55],[10,-24],[-1,-14],[13,-16],[2,-32],[9,-22],[0,-25],[13,-47],[5,-9],[10,-43],[0,-22],[7,-17],[31,-43],[6,-23],[9,6],[1,-30],[-16,-34],[-4,-38],[1,-22],[15,-55],[10,-79],[-6,-43],[-15,-56],[0,-23],[3,-31],[12,-15],[13,-50],[-3,-35],[12,-45],[19,-26],[19,-47],[8,-27],[15,-28],[9,-24],[3,-17],[-3,-36],[7,-43],[19,-36],[32,-37],[11,-30],[9,-43],[-2,-82],[-18,-151],[-23,-69],[-13,-31],[-19,-37],[-14,-37],[-26,-49],[-13,-54],[-51,-86],[-19,-26],[-90,-123],[-45,-26],[-30,-42],[-21,-45],[-34,-54],[-3,-12],[3,-16],[13,-13],[8,-22],[21,-36],[15,-33],[2,-17],[-19,-38],[-4,-40],[-8,-42],[-18,-11],[-12,5],[-27,-4],[-54,-49],[-26,-34],[-21,-41],[-24,-28],[-12,-27],[-24,-37],[-3,-26],[-13,-30],[-17,-27],[-19,-12],[-8,-14],[-20,-22],[-24,-8],[-10,1],[-16,-9],[-16,-18],[-18,-45],[-10,-20],[-6,-44],[16,-40],[-2,-23],[0,-50],[9,-44],[2,-28],[-8,-23],[-11,-10],[-15,-38],[-11,-93],[-1,-29],[9,-43],[-2,-19],[-14,-30],[-2,-25],[-12,-40],[-4,-52],[-5,-22],[-15,-21],[-18,-44],[-11,-43],[3,-26],[-4,-26],[1,-37],[6,-29],[-3,-18],[7,-54],[26,-32],[1,-16],[-1,-68],[-7,-30],[-1,-31],[2,-20],[-5,-59],[1,-12],[-9,-43],[0,-36],[-21,-37],[-15,-35],[-11,-35],[1,-25],[-13,-50],[-15,-36],[-2,-44],[-20,-29],[-6,-21],[6,-64],[-20,-50],[-10,-16],[-10,-5],[-22,3],[-41,27],[-33,3],[-22,-17],[-10,-24],[-36,-35],[-52,-9],[-42,30],[-24,26],[-31,20],[-18,6],[-15,16],[-21,3],[-27,-8],[-8,3],[-20,30],[-12,13],[-54,29],[-11,10],[-7,-7],[-23,-12],[-1,-13],[13,-53],[-34,-28],[25,-18],[0,-20],[-52,-63],[-20,-14],[-26,-44],[-11,-7],[-6,-12],[-70,-88],[-21,-15],[-3,-12],[-28,-36],[-53,-126],[-7,-21],[-23,-50],[-14,-35],[-64,-151],[10,-48],[13,-30],[-14,-15],[-6,-17],[-3,-35],[-4,-12],[-20,-7],[-9,-20],[-9,-42],[-14,-24],[-15,-15],[-20,-30],[3,-11],[-3,-26],[2,-23],[-1,-25],[-8,-18],[61,-125],[7,-34],[-4,-82],[-9,-31],[-9,24],[-49,181],[-18,-7],[-4,-21],[-22,15],[4,13],[10,0],[7,19],[-8,28],[-29,55],[-33,-13],[-18,-18],[-29,-20],[-23,-4],[-13,14],[-26,9],[-15,-4],[-9,-18],[-21,-15],[-27,-12],[-6,-23],[-11,-22],[-34,-22],[-32,-95],[-13,-10],[-12,-43],[-8,-9],[-2,-20],[-22,-35],[-9,30],[-9,-31],[-14,-24],[3,-15],[-5,-11],[-9,3],[-7,-22],[-10,-6],[-2,-19],[-11,-28],[-5,-24],[-23,20],[-15,1],[-8,12],[-3,16],[4,34],[-6,37],[-11,9],[-6,38],[-21,19],[-11,15],[-2,81],[14,10],[7,16],[-30,60],[9,2],[9,15],[-41,74],[-43,78],[-24,135],[-30,182],[-45,152],[-68,322],[-58,-40],[-91,-29],[-69,-3],[-43,0],[-62,15],[-65,29],[-48,38],[-53,57],[-37,46],[-38,208],[0,126],[-11,59],[-2,123],[-2,48],[7,31],[82,166],[-14,51],[0,31],[7,32],[-14,0],[1,13],[11,27],[5,24],[1,107],[4,30],[25,101],[14,39],[19,40],[-19,66],[-9,37],[-7,44],[1,65],[-377,174],[13,30],[22,7],[5,6],[1,25],[13,27],[18,10],[19,-12],[16,25],[29,-4],[21,-12],[-2,18],[31,-21],[9,-23],[27,-4],[6,-11],[43,-19],[5,26],[-11,6],[-33,59],[-11,40],[-383,855],[-51,80],[-25,37],[-20,16],[-46,45],[-17,5],[-28,3],[-6,-5],[-21,22],[-14,6],[-30,31],[-37,30],[-24,41],[-41,0],[-46,6],[-37,8],[-43,21],[-67,41],[-26,13],[-39,11],[-46,20],[-35,4],[-156,-29],[-74,-33],[-34,-23],[-62,-71],[-56,-47],[-10,1],[-26,30],[-41,19],[-13,-3],[-11,-11],[-22,-13],[-23,-21],[-14,-6],[-22,-20],[-90,49],[-62,41],[-96,62],[-52,21],[-45,-3],[-7,-4]],[[31830,86613],[7,-82],[51,-85],[-11,-12],[18,-28],[5,8],[38,-75],[16,-23],[12,-27],[7,-26],[2,-21],[-1,-114],[1,-396],[8,-39],[8,-19],[21,-31],[56,-56],[23,-34],[10,-26],[5,-39],[1,-61],[-1,-625]],[[32106,84802],[-16,0],[-32,-21],[-8,-8],[-28,-15],[-9,1],[-17,-24],[-24,-8],[-4,-11],[-14,-12],[-6,-15],[-37,5],[-14,-10],[-13,20],[-46,34],[-4,24],[2,162],[-263,1],[-17,-1],[11,-70],[2,-52],[-2,-41]],[[31876,88443],[-5,-2],[-8,-35],[-34,-17],[-20,-7],[21,-28],[-13,-32],[1,-23],[-15,-25],[13,-22],[14,-12],[5,-18],[-10,-23],[-37,5],[10,-23],[-3,-22],[-21,14],[3,-33],[15,-13],[-4,-15],[-9,0],[-5,-16],[-22,16],[-14,-8],[8,-40],[-16,-34],[-7,-33],[-17,-21],[-12,-30],[-14,-3],[-5,-15],[-13,6],[-5,14],[-18,22],[-6,-7],[-6,-23],[8,-16],[-4,-25],[-13,-42],[2,-22],[-2,-30],[-22,-74],[-6,-45],[1,-51],[3,-27],[-4,-43],[10,-29],[10,-37],[7,-52],[-1,-32],[-11,-39],[-7,-36],[0,-25],[3,-22],[0,-36],[2,-37],[8,-5],[14,-28],[-30,-21],[-27,3],[-15,11],[-134,104],[-27,21],[1,31],[-19,15],[-7,-12],[-8,6],[-27,4],[-16,-12],[-68,-2],[-47,-5],[-94,5],[-110,1],[-28,1],[-27,22],[-5,48],[-12,20],[-34,1],[-40,-21],[-31,2],[-32,-5],[-40,-20],[-13,-15],[-6,-23],[-7,-5],[-85,1],[-15,-9],[-7,-20],[0,-34],[-4,-12],[-24,-16],[-45,0],[-14,-10],[-10,-23],[-4,-23],[4,-30],[2,-174],[3,-43],[5,-38],[-8,-75],[-13,-27],[-35,-53],[-13,-15],[-23,-8],[-9,-17],[-10,-53],[-15,-25],[-32,-29],[-40,-90],[-12,-35],[-8,-41],[-6,-59],[-3,-25],[0,-19],[-4,-30],[-20,-52],[-19,-28],[-20,-23],[-22,-39],[-27,-31],[-4,-22],[3,-19],[21,-35],[22,-58],[3,-26],[-5,-14],[-16,-20],[-20,-16],[-32,-19],[-13,-2],[-33,4],[-39,-1],[-21,-9],[-47,-28],[-21,-15],[-13,-23]],[[24725,63725],[17,2],[23,11],[17,22],[36,35],[22,35],[20,42],[26,93],[5,10],[31,45],[13,3],[13,-18],[-1,-32],[5,-34],[14,-14],[22,10],[4,12],[5,42],[5,20],[9,21],[44,17],[14,-20],[6,-20],[10,-14],[60,-36],[48,-21]],[[33899,88559],[23,-2],[13,-11],[4,-23],[8,-17],[0,-68],[4,-25],[6,-17],[28,-28],[43,-27],[17,-16],[9,-19],[5,-49],[-6,-22],[-20,-36],[-28,-80],[-5,-27],[-1,-54],[8,-30],[15,-32],[18,-17],[19,-9],[34,0],[21,-18],[14,-28],[20,-32],[21,-26],[19,-19],[12,-5],[9,-18],[-6,-13],[-20,-20],[-4,-26],[26,-34],[14,-11],[24,-9],[11,-15],[5,-51],[-2,-92],[-10,-41],[-1,-21],[5,-24],[17,-24],[-3,-24],[6,-40],[14,-14],[7,-29],[-11,-57],[-14,-13],[-21,-13],[-18,-5],[-24,-25],[4,-10],[17,-16],[6,-20],[2,-33],[16,-35],[-1,-30],[-13,-24]],[[34235,87035],[-5,-2],[-60,-1],[-29,-21],[-20,-7],[-17,-16],[-50,-5],[-18,11],[-8,12],[-18,11],[-42,0],[-17,-18],[-20,-6],[-22,-13],[-17,-14],[0,-19],[-13,-20],[-15,-2],[-30,-13],[-21,1],[-20,-14],[-42,19],[-15,0],[-7,10],[-12,-7],[-5,17],[-13,1],[-7,-10],[-18,2],[-12,-8],[6,-16],[-41,-31],[-5,-21],[-13,-2],[-28,-15],[-20,-29],[-9,1],[-14,-9],[-22,14],[-23,7],[-30,6],[-29,-5],[-12,18],[-23,11],[-24,-16],[-44,30],[-19,0],[-20,-18],[-40,11],[-5,-9],[-19,11],[3,10],[-13,20],[-13,7],[-38,-11],[-31,-3],[-16,3],[-25,14],[-14,-5],[-14,2],[-36,-17],[-51,-57],[-26,14],[-31,0],[-19,6],[-4,-24],[-11,-8],[-30,5],[-13,19],[-18,0],[-29,15],[-28,24],[-18,13],[-8,19],[-13,9],[-5,11],[-47,19],[-35,17],[-13,1],[-13,13],[-28,20],[-16,-2],[-14,-9],[-3,-15],[-11,-21],[-18,-19],[-16,-2],[-23,-32],[-9,-20],[1,-22],[-24,-1],[-3,-12],[-30,-8],[-24,5],[-20,-13],[-24,-6],[-13,-24],[-20,-3],[-31,-19],[-16,-7],[-24,1],[-15,-8],[-11,3],[-20,-16],[-7,-1],[-18,20],[-30,1],[-22,-12],[-12,-17],[-15,5],[-33,-43],[-29,-22],[-2,-10],[-15,5],[-12,-5],[-9,-16],[-19,-7],[-8,-26],[-7,-10],[-30,-4],[-16,-24],[-17,-4],[-29,19],[-18,16],[-16,-4],[-13,5]],[[31830,86613],[-15,3],[-41,-49],[-3,24],[5,32],[1,50],[-14,41],[-21,21],[-4,24],[16,27],[5,20],[12,20],[24,25],[14,21],[-10,62],[-25,48],[30,47],[15,19],[24,15],[11,15],[26,-6],[22,6],[31,26],[9,14],[-14,13],[0,9],[13,16],[-4,45],[0,46],[21,54],[-6,21],[-2,60],[4,24],[-9,27],[-10,17],[-28,18],[-20,2],[-15,9],[-5,13],[-2,39],[2,253]],[[28810,80586],[0,15],[-35,2],[-96,-6],[-127,-1],[-52,3],[-240,1],[-278,18],[0,-23],[-399,1],[-22,0],[-107,-2],[-239,-2],[-1167,-15],[-218,-3],[-50,-2],[-217,-2],[-27,0],[-645,-6],[-6,0],[-295,-6],[-262,-5],[-240,-3],[-88,1],[-164,0],[-186,1],[-210,6],[-349,-7]],[[23091,80551],[-2,597],[-8,66],[-22,916],[-12,542],[0,270],[-1,11],[-1,375],[150,3],[8,512],[7,487],[-3,21],[27,1620]],[[23234,85971],[4,94],[8,629],[2,260],[-2,118],[0,375],[-3,437],[0,232]],[[25033,87245],[-77,-64],[-40,-25],[0,-16],[14,2],[5,-7],[-17,-36],[-22,-17],[-13,-27],[1,-19],[36,10],[40,6],[15,8],[21,3],[57,-10],[34,2],[22,8],[17,1],[28,17],[42,10],[33,16],[42,36],[33,1],[20,-38],[11,-11],[15,-6],[10,-28],[-5,-57],[-12,-35],[-10,-23],[-29,-39],[-12,-36],[-7,-11],[-22,-20],[-10,-3],[-13,-15],[-24,-36],[-3,-17],[-13,-23],[-2,-17],[-10,-22],[8,-10],[-8,-17],[-30,-32],[-29,-18],[-70,-55],[-14,-16],[-18,-9],[321,-141],[101,21],[7,3],[105,77],[9,4],[47,7],[6,7],[33,83],[29,24],[39,18],[26,24],[7,12],[24,17],[6,14],[21,-38],[28,-33],[5,15],[0,20],[10,2],[3,-15],[16,-1],[7,13],[9,-15],[15,-6],[2,16],[19,-7],[16,9],[14,1],[13,24],[16,-10],[3,6],[16,-17],[21,15],[14,-10],[16,19],[1,17],[24,21],[14,-13],[14,-1],[14,-14],[11,9],[11,-9],[18,-35],[29,-23],[31,-17],[12,-2],[15,-15],[7,5],[44,6],[16,9],[18,18],[24,-5],[19,10],[22,2],[10,11],[23,3],[37,23],[16,30],[9,7],[33,9],[20,41],[6,44],[-6,18],[1,34],[-44,0],[-6,8],[-1,163],[1,115],[0,172],[1,82]],[[29172,86896],[13,-39],[-3,-110],[3,-12],[26,-47],[21,-10],[4,29],[10,11],[29,10],[18,2],[16,-5],[15,-13],[12,-23],[10,-25],[11,-15],[24,-14],[57,-40],[43,-9],[17,-6],[6,-9],[12,-51],[10,-53],[2,-43],[-3,-48],[-6,-25],[5,-11],[21,-16],[-19,-51],[9,-20],[0,-21],[7,0],[20,-34],[-6,-28],[2,-31],[6,-18],[22,-7],[5,-11],[14,-1],[10,5],[11,-33],[-5,-18],[3,-15],[-14,-1],[-4,-14],[12,-50],[-5,-20],[-12,-1],[4,-32],[-11,-10],[10,-18],[29,-3],[3,-36],[20,21],[-3,-50],[-9,-10],[-10,-25],[-32,1],[-10,16],[-18,-40],[7,-19],[16,-25],[6,-24],[4,-52],[4,-14],[18,1],[15,-12],[16,24],[22,2],[18,-16],[10,-16],[16,11],[-14,50],[-7,17],[-22,22],[5,23],[15,15],[20,30],[13,13],[22,11],[27,0],[18,13],[3,14],[-3,26],[4,16],[15,14],[20,9],[9,-2],[108,-59],[15,-8]],[[29974,85833],[-1,-13],[-1,-107],[-1,-108],[203,5],[27,-3],[24,-9],[7,-11],[5,-74],[-3,-46],[7,-16],[64,-57],[25,-5],[28,19],[21,23],[36,5],[15,-15],[7,-19],[10,-14],[25,7],[9,-6],[10,-19],[24,1],[50,22],[31,11],[32,15],[31,2],[35,-16],[32,-8],[18,1],[46,26],[15,20],[10,7],[48,0],[6,-6],[9,-35],[24,-49],[-1,-66],[-5,-30],[-24,-44],[-13,-32],[-17,-84],[-14,-43],[-22,-38],[-11,-34],[-8,-11],[-24,-10],[-1,-16],[5,-29],[12,-16],[12,-36],[22,-46],[7,-24],[1,-31],[5,-38],[5,-52],[36,-16],[16,2],[28,17],[31,-1],[12,-12],[26,-34],[17,-10],[22,1],[17,-7],[17,-13],[34,-6],[22,-14],[32,-49],[28,-20],[16,1],[10,18],[17,20],[64,50],[14,15],[5,36],[0,81],[252,4],[9,2],[11,15]],[[31567,84761],[6,-48],[8,-8],[53,-17],[2,-5],[-1,-117],[18,-30],[0,-12],[-10,-68],[2,-38],[13,-49],[-11,-64],[-13,-101],[-19,-7],[-168,-136],[-87,-73],[0,-124],[1,-19],[-72,1],[0,-108],[-2,-119],[-7,-22],[-26,-49],[-3,-20],[-1,-34],[2,-51],[-3,-47],[-7,-26],[-14,-75],[-2,-62],[-5,-45],[4,-24],[2,-43],[-5,-22],[12,-50],[-21,-39],[-9,-35],[-2,-24],[-3,-147],[-10,-89],[1,-36],[9,-31],[3,-19],[-6,-44],[0,-60],[4,-17],[26,-65],[38,-60],[12,-34],[6,-26],[1,-32],[9,-31],[0,-80],[-6,-15],[-31,-38],[-6,-16],[3,-36],[-8,-28],[-18,-24],[-4,-16],[0,-69],[-10,-34],[-14,-14],[-53,-7],[-16,-9],[-10,-15],[-29,-100],[-8,-23],[-10,-16],[-21,-14],[-13,-2],[-25,7],[-9,-2],[-20,-18],[-9,-30],[-17,-28],[-27,-18],[-38,-13],[-16,-28],[-14,-11],[-40,-5],[-13,3],[-32,21],[-21,-1],[-32,-21],[-29,-11],[-13,-2],[-27,-15],[-18,-14],[-30,-16],[-38,-10],[-28,-2],[-26,-10],[-20,7],[-25,0],[-13,-4],[-14,-13],[-30,-45],[-30,-32],[-30,4],[-95,-4],[-57,-9],[29,-98],[3,-16],[-3,-26],[-8,-19],[-25,-30],[-8,-24],[-33,-257],[-1,-34],[1,-108],[12,0],[5,-34],[8,-13],[13,-40],[-18,-15],[-5,-30],[-8,-9],[-3,-21],[-11,-25],[-4,-63],[-4,-14],[-4,-33],[-20,-8],[-10,-22],[-3,-39],[1,-32],[-41,1],[-9,-5],[-69,-74],[-43,-64],[-24,-16],[-15,9],[-17,-30],[-22,0],[-3,-14],[-9,-7],[-30,-10],[-40,-41],[-35,-6],[-7,7],[-28,-36],[-11,-1],[-12,-12],[-3,-12],[-27,8],[-26,-26],[-10,-6],[-18,-19],[-18,-5],[-24,24],[-9,-2],[-8,-21],[-14,-10],[-12,18],[-15,-2],[-16,12],[-6,-13],[-26,-7],[-22,-25],[-21,-3],[-30,5],[-8,16],[-11,4],[-25,-14],[-12,10],[-11,41],[-7,9],[-14,-5],[-16,-19],[-24,-12],[-14,17],[-36,24],[-15,26],[-31,10],[-30,-26],[-22,0],[-83,27],[-21,8],[-47,26],[-10,9],[-50,59],[-18,17],[0,49],[-3,43],[0,30],[4,25],[1,57],[15,37],[6,28],[-3,13],[-20,26],[-20,46],[-24,13],[-27,1]],[[33899,88559],[-55,-15],[-8,17],[-16,-14],[-30,-13],[-15,-2],[-14,-21],[-22,-65],[-22,-28],[-31,-21],[-10,-4],[-18,2],[-21,-23],[-18,-38],[-5,-5],[-82,-39],[-23,0],[-19,-14],[-15,-20],[-22,-9],[-55,-31],[-16,7],[-12,-1],[-29,-21],[-15,4],[-32,-12],[-24,5],[-7,10],[-12,-1],[-28,-15],[-14,-16],[-13,-35],[-15,-14],[-38,-7],[-22,8],[-11,-1],[-14,-14],[-33,14],[-20,-7],[-44,1],[-10,-2],[-29,-22],[-53,-10],[-27,-10],[-20,13],[-30,1],[-25,-6],[-5,12],[7,12],[0,43],[9,24],[2,15],[-5,24],[-12,-3],[-7,-27],[-8,-16],[-21,-10],[-6,-16],[4,-20],[-22,-25],[3,-29],[-13,-19],[-23,2],[-26,-27],[-8,8],[11,19],[8,27],[9,9],[-2,32],[-10,47],[-23,-15],[-14,17],[-5,14],[-11,9],[4,21],[-5,9],[-42,-11],[-13,-6],[-19,-17],[-24,-14],[-17,5],[-15,-2],[-16,-11],[-13,10],[-13,20],[-5,22],[-17,51],[-2,26],[-14,17],[-12,7],[-23,-2],[-77,-49],[-16,-13],[-26,-12],[-38,-5],[-20,-20],[-10,-24],[-21,-19],[-35,-15],[-14,10],[-9,24],[-9,5],[-20,-6],[-19,-24],[0,-13],[10,-16],[3,-29],[-6,-34],[-17,-7],[-17,-19],[5,-32],[2,-50],[-2,-37],[-5,-34],[-16,-30],[1,-46],[-7,-7],[-22,-6],[-15,-16],[-11,-19],[-10,-3],[-18,15],[-18,-2],[-67,0]],[[31867,87784],[-1,206],[1,103],[13,20],[-4,8],[-17,-4],[-7,12],[5,36],[-1,19],[7,52],[-7,26],[-5,45],[-4,26],[13,55],[8,22],[8,33]],[[31876,88443],[2,13],[-2,35],[-16,40],[-26,31],[-23,0],[-20,32],[-11,64],[5,19],[-4,20],[-21,-8],[-17,9],[-33,32],[-25,18],[-19,18],[-20,13],[-14,37],[-25,24],[-20,-2],[-19,34],[0,23],[-17,10],[-13,38],[-19,3],[-17,-7],[-17,13],[-15,0],[7,24],[-6,7],[-39,-5],[-20,-31],[-29,-19],[-19,-1],[-19,19],[-8,19],[-17,16],[-14,-4],[-40,8],[-21,-12],[-17,-16],[-19,-11],[-14,10],[-14,-10],[-7,10],[-17,12],[-40,1],[-23,16],[-31,7],[-25,-18],[-9,1],[-18,-9],[-20,6],[-13,-4],[-32,-30],[-14,-23],[-10,-47],[-25,-63],[-41,-71],[-3,-15],[-2,-99],[0,-77],[-4,-9],[-133,2],[-6,4],[-47,46],[-14,5],[-19,-2],[-19,-13],[-27,-7],[-45,-27],[-12,-3],[-46,2],[-56,0],[-26,3],[-9,-5],[-44,-37],[-42,-27],[-15,-4],[-46,-7],[-22,-16],[-9,-48],[-7,-26],[-20,-46],[-6,-26],[-5,-52],[-36,-130],[-29,-21],[-30,-27],[-52,-18],[-29,-16],[-57,-37],[-24,-19],[-62,-82],[-25,-24],[-24,-36],[-5,-28],[3,-39],[-8,-42],[0,-18],[8,-36],[-2,-24],[-6,-12],[-36,-43],[-17,-28],[-2,-12],[5,-117],[-22,-56],[-9,-32],[-13,-23],[-15,-34],[-14,-52],[-2,-28],[23,-42],[5,-19],[5,-92],[-34,-10],[-42,-2],[-22,3],[-176,51],[-10,-3],[-29,10],[-23,-3],[-33,-16],[-53,-82],[-30,-49],[-25,-17],[-27,-5],[-25,8],[-27,13],[26,-65]],[[29172,86896],[-25,-15],[-15,0],[-26,13],[-19,-8],[-22,-26],[-16,-2],[-21,15],[-11,-4],[-12,-15],[-5,-53],[-19,-11],[-11,1],[-23,20],[-17,5],[-6,15],[-24,85],[-27,45],[-1,21],[-25,8],[1,101],[-166,-1],[-25,-8],[-37,-29],[-20,-14],[-24,-9],[-37,-7],[-21,0],[-386,82],[-51,10],[-13,0],[-20,-7],[-16,-12],[-34,-14],[-44,-14],[-27,0],[-47,21],[-23,17],[-20,22],[-23,17],[-20,5],[-33,-5],[-18,-9],[-49,-31],[-31,-25],[-43,-25],[-13,-12],[-10,-18],[-36,-79],[-27,-77],[-9,-12],[-22,-16],[-29,-11],[-32,5],[-23,13],[-26,26],[-117,182],[-20,17],[-32,16],[-47,42],[-34,18],[-29,5],[-52,-10],[-18,3],[-31,10],[-19,1],[-107,-5],[-17,0],[-24,9],[-24,25],[-27,41],[-66,103],[-13,18],[-24,25],[-40,30],[-45,19],[-31,6],[-81,2]],[[26495,87431],[-158,0],[-87,2],[-58,-1],[-33,-14],[-72,-55],[-33,-22],[-27,-13],[-28,-2],[-77,25],[-16,3],[-66,23],[-24,-1],[0,27],[-147,-33],[-13,39],[-9,10],[-26,1],[-24,28],[-4,14],[-6,37],[-36,26],[-31,38],[-12,22],[-26,24],[-22,48],[-1,17],[-14,18],[-14,10],[-34,-25],[-12,-14],[-3,-43],[-6,-7],[-14,0],[-11,12],[-24,15],[-14,-1],[-17,7],[-15,-11],[-13,-18],[-15,-9],[-12,-1],[-13,-10],[-51,3],[-14,-4],[-72,9],[-18,-5],[-5,-16],[-5,-80],[-13,-9],[-39,-14],[-12,-1],[-23,5],[9,-32],[10,-53],[-3,-13],[-20,-14],[-12,-15],[-4,-16],[-1,-28],[-5,-19],[0,-21],[42,-9],[24,-17],[17,-3]],[[25033,87245],[-451,20],[-34,2],[-40,-2],[-69,-12],[-16,0],[-54,20],[-16,3],[-201,9],[-25,5],[-24,13],[-32,32],[-89,131],[-11,20],[-6,18],[-2,23],[1,43],[-3,18],[-13,25],[-50,64],[-73,73],[-38,47],[-133,173],[-39,50],[-23,19],[-78,39],[-34,10],[-154,-3],[-18,1],[-37,11],[-28,19]],[[23243,88116],[-1,353],[0,31],[758,5],[61,0],[-1,885],[-1,457],[-1,56],[0,45],[41,0]],[[24099,89948],[286,-1],[418,1],[72,0],[-1,195],[-1,420],[5,540],[8,996],[-3,178],[1,9],[-14,1394],[-7,757],[-1,155],[-3,285],[-11,1168],[-7,751],[-1,156],[-18,2960],[1,74]],[[24823,99986],[109,0],[43,1],[214,-1],[245,-2],[243,0],[103,1],[135,-2],[252,1],[94,0],[141,1],[876,3],[616,3],[146,3],[1266,4],[36,1],[377,-2],[521,-3],[883,-6],[254,-8]],[[31377,99980],[-53,-68],[-2,-79],[5,-14],[20,-23],[21,-14],[19,-22],[51,-33],[18,-18],[19,-13],[2,-26],[-18,-19],[-32,-28],[-17,-32],[-5,-78],[-23,-67],[-28,48],[-8,-1],[-21,14],[-13,0],[-67,-27],[-22,-16],[-13,-5],[-16,-14],[-4,-14],[-7,-64],[-5,-19],[-16,-36],[-5,-37],[0,-34],[11,-49],[-4,-42],[1,-54],[3,-17],[26,-74],[7,-24],[8,-90],[-5,-57],[6,-23],[17,-17],[52,-23],[9,-12],[14,-71],[12,-89],[-2,-60],[3,-14],[-5,-60],[5,-25],[39,-62],[22,-15],[20,-6],[8,-15],[-5,-21],[1,-29],[8,-8],[19,-4],[29,-17],[6,-24],[-4,-14],[-4,-64],[5,-13],[17,-17],[16,-30],[11,-8],[2,-17],[-17,-21],[-34,-7],[15,-15],[19,-10],[22,3],[40,19],[13,1],[21,-7],[38,-2],[34,-12],[14,-15],[48,14],[12,-8],[25,0],[27,9],[11,10],[14,24],[17,36],[4,23],[11,13],[7,19],[1,37],[-4,21],[8,3],[14,-36],[11,-54],[11,-25],[22,-30],[6,-15],[3,-32],[17,-47],[5,-47],[-11,-40],[17,-13],[36,-20],[12,-3],[36,-19],[9,-12],[10,-45],[11,-69],[16,-50],[3,-21],[31,-47],[5,-36],[0,-54],[8,-18],[-30,-44],[-27,-11],[0,-13],[16,-2],[14,-10],[12,-21],[22,-24],[18,-8],[22,-2],[21,-25],[40,14],[35,36],[7,12],[0,16],[9,38],[12,6],[20,-21],[17,5],[8,12],[11,3],[22,-5],[3,14],[-12,16],[-1,27],[23,2],[17,17],[13,30],[25,33],[15,15],[17,8],[32,-16],[12,-24],[21,7],[45,-11],[29,-25],[16,2],[14,-6],[7,-24],[11,-25],[1,-61],[2,-27],[-16,-24],[-20,-17],[0,-12],[48,-8],[25,4],[24,-16],[23,-38],[20,-4],[27,2],[27,-6],[45,1],[26,3],[21,-6],[18,-12],[28,-8],[19,-13],[27,-12],[22,-22],[17,-32],[-20,-51],[-11,-18],[-23,-62],[-22,-44],[-9,-11],[3,-36],[10,-28],[12,-16],[12,-1],[10,-26],[18,-24],[-6,-53],[21,-43],[3,-23],[23,-37],[5,46],[10,10],[24,0],[19,-15],[20,-1],[50,-21],[29,-9],[21,3],[71,40],[31,9],[87,17],[82,35],[30,15],[17,16],[4,28],[10,23],[1,43],[29,26],[18,29],[-3,39],[16,29],[25,21],[48,45],[11,4],[24,1],[6,-8],[52,-39],[12,-2],[13,-10],[8,-31],[-10,-42],[-2,-57],[11,-36],[8,-13],[30,-26],[5,-17],[2,-29],[12,-20],[13,-12],[-1,-55],[15,-68],[21,-42],[14,1],[22,-23],[12,7],[16,-5],[45,-31],[9,0],[22,-17],[4,-24],[-1,-35],[12,-45],[-4,-29],[20,-39],[22,21],[-1,-58],[7,2],[23,-22],[12,-6],[23,-33],[26,-17],[8,-12],[30,-79],[13,-24],[-1,-47],[8,-30],[-6,-12],[-19,-12],[-19,-5],[-25,-22],[-13,-7],[-37,-5],[1,-16],[9,-17],[6,-31],[-6,-24],[-7,-15],[-7,-35],[-12,-18],[1,-31],[-8,-25],[5,-45],[11,-21],[-7,-34],[-2,-34],[-7,-8],[0,-27],[13,-17],[15,-2],[14,-13],[15,-7],[13,-28],[-4,-12],[13,-28],[21,-11],[28,-9],[30,7],[23,-8],[30,-22],[12,-15],[18,-7],[34,-5],[5,10],[14,-1],[5,-27],[29,-42],[37,-42],[-8,-8],[-5,-21],[1,-33],[5,-15],[11,-15],[20,-11],[14,-24],[4,-14],[-8,-12],[-16,-41],[2,-57],[4,-33],[17,-22],[-11,-11],[-3,-21],[10,-21],[-5,-35],[-10,-40],[5,-73],[-5,-63],[13,-55],[-13,-42],[-1,-19],[-8,-11],[-25,-22],[-10,-28],[-37,-39],[-2,-15],[-36,-24],[-12,-15],[-21,-17],[-11,-20],[-14,-43],[2,-32],[-7,-17],[-2,-21],[9,-48],[-18,7],[-28,-1],[-32,-27],[-30,-21],[-36,-21],[-20,-25],[-3,-12],[-17,-20],[-9,-18],[-11,-37],[2,-34],[-21,-36],[-21,-17],[-24,-27],[-14,-22],[-11,-30],[-4,-35],[7,-16],[49,-34],[12,-15],[14,-31],[6,-44],[5,-15],[23,0],[8,-18],[-10,-24],[-31,-36],[-9,-24],[-6,-28],[13,-19],[12,-47],[7,-11],[6,-25],[-6,-44],[-29,-22],[-47,-75],[-40,-11],[-9,-17],[-14,-6],[-11,-15],[-18,-12],[-27,-1],[3,-27],[16,0],[21,-11],[12,-13],[19,-36],[16,-24],[6,-57],[9,-27],[-10,-28],[-25,-33],[-7,-4],[-1,-24],[-12,-13],[-6,-17],[7,-27],[19,-3],[23,-36],[8,-40],[-10,-48],[-10,-37],[8,-33],[2,-23],[9,-27],[14,-33],[-1,-36],[-50,-45],[-1,-39],[6,-15],[3,-45],[13,-36],[3,-50],[19,-30],[12,-31],[5,-44],[4,-13],[-9,-30],[1,-12],[-11,-13],[-13,-32],[-34,-67],[3,-28],[-7,-17],[-33,-28],[-46,-17],[-15,-15],[-3,-13],[0,-30],[-8,-13],[-17,-11],[-44,-14],[-11,6],[-10,-5],[-13,9],[-6,-10],[-3,-30],[7,-22],[10,-10],[14,-4],[10,-10],[16,-35],[16,-8],[19,-68],[-18,-13],[-33,-9],[-20,-15],[-12,-24],[-5,-20],[2,-34],[15,-97],[5,-56],[2,-39],[-3,-13],[-39,-29],[-28,-32],[-19,2],[-3,-13],[-1,-43],[12,-57],[37,-116],[13,-23],[37,-11],[44,6],[20,-10],[6,-14],[1,-17],[-17,-8],[-21,-21],[-6,-23],[-3,-28],[-16,-28],[-12,-37],[-8,-19],[-21,-19],[-17,-26],[-3,-22],[16,-51],[9,-23],[5,-27],[-15,-4],[-17,13],[-31,-16],[-20,-20],[-23,-18],[-17,-33],[-25,-41],[3,-18],[-11,-36],[-8,-7],[-31,7],[-34,-1],[-6,-9],[20,-13],[12,-22],[-9,-25],[-25,-53],[-8,-25],[3,-42],[-10,-31],[-13,-27],[-11,-31],[-1,-24],[3,-30],[14,-38],[18,-58],[3,-31],[-2,-17],[-12,-26],[25,-27],[6,-13],[7,-40],[18,-27],[27,-31],[6,-18],[0,-48],[8,-11],[13,-4],[22,-15],[16,-74],[1,-42],[-10,-39],[-46,-80],[-20,-49],[-4,-20],[3,-27],[12,-36],[-3,-15],[-15,-23],[-4,-42],[-26,-39],[-5,-17],[18,-24],[16,-33],[15,-15],[10,-20],[15,-42],[4,-53],[10,-21],[1,-12],[27,-57],[16,-42],[13,-42],[5,-59],[-6,-36],[-9,-29],[0,-48],[21,-36],[20,-23],[17,-26],[16,-28],[21,-20],[12,-27],[9,-33],[3,-33],[8,-26],[1,-38],[7,-12],[38,1]],[[29406,50903],[-24,-31],[-19,-6],[-21,-14],[-30,-35],[-78,-38],[-19,-27],[-23,-27],[-1,-38],[-5,-24],[-16,-35],[-13,-21],[-13,-1],[-22,-63],[-6,-28],[-1,-57],[-14,-16],[-47,-43],[-15,-7],[-21,18],[-22,53],[-34,-15],[-29,-6],[-27,-14],[-21,-1],[-45,17],[-25,17],[-33,31],[-9,4],[-32,-31],[-20,-16],[-24,-13],[-24,-32],[-9,-29],[-3,-60],[10,-32],[-2,-33],[4,-41],[0,-29],[8,-51],[5,-51],[21,-59],[10,-12],[-5,-41],[-6,-17],[-7,-39],[-9,-55],[-2,-29],[7,-54],[-2,-16],[-25,-30],[-12,-31],[-33,-20],[-18,2],[-42,23],[-25,31],[-23,13],[-14,2],[-32,-5],[-11,3],[-10,12],[-22,-2],[-16,23],[-7,17],[12,51],[-3,20],[-8,16],[-28,22],[-27,18],[-16,-2],[-31,22],[-39,21],[-13,17],[-3,27],[-14,35],[-11,6],[-38,-9],[-14,-1],[-13,8],[-39,68],[-48,105],[-15,25],[-13,47],[-17,13],[-34,38],[-6,-25],[1,-45],[-3,-62],[-8,-62],[-25,-96],[6,-32],[-3,-20],[-9,-19],[-13,-10],[-34,-10],[-6,-14],[-5,-31],[-6,-80],[1,-31],[-2,-91],[1,-35],[-8,-69],[-5,-23],[-44,-102],[-6,-45],[11,-29],[6,-35],[9,-22],[-16,-48],[-4,-31],[-7,-26],[-1,-26],[10,-66],[17,-37],[-8,-38],[-14,-85],[-10,-27],[-11,-17],[-12,-9],[-11,-19],[-11,-4],[-10,-70],[-25,-32],[-14,-68],[2,-27],[-12,-54],[-7,-36],[-2,-35],[7,-30],[6,-44],[5,-14],[-4,-20],[-13,-26],[-11,-34],[-7,-36],[5,-39],[5,-21],[0,-16],[-11,-57],[-29,-42],[-9,-19],[-6,-30],[8,-28],[6,-33],[8,-23],[-2,-85],[-12,-69],[1,-50],[-6,-10],[-23,-11],[-31,-32],[-7,-20],[-4,-30],[5,-71],[10,-94],[-2,-32],[17,5],[18,-9],[12,7],[17,-9],[2,-53],[11,-26],[24,-14],[4,-13],[0,-39],[-3,-22],[9,-25],[8,-4],[0,-25],[11,-16],[-1,-46],[3,-14],[13,-23],[16,3],[17,-6],[21,1],[20,-23],[4,-29],[7,-23],[11,-12],[15,-25],[16,-4],[-5,-17],[-14,-16],[2,-27],[-9,-8],[14,-44],[-2,-9],[17,-30],[25,-18],[4,-12],[25,-6],[26,6],[31,-36],[33,-42],[0,-14],[-10,-8],[12,-30],[1,-43],[7,-22],[3,-29],[-7,-38],[-15,-52],[-12,-33],[-3,-29],[4,-47],[9,-20],[-19,-29],[-5,-23],[3,-36],[-2,-22],[-27,-80],[2,-33],[-4,-32],[-12,-22],[6,-55],[23,-45],[14,-36],[21,-22],[7,-35],[7,-26],[18,-31]],[[28026,45987],[-20,-9],[-19,-14],[-13,-16],[-9,-27],[-1,-31],[6,-34],[11,-29],[-4,-31],[-54,-37],[-11,-13],[-3,-20],[-39,-6],[-20,-140],[-66,0],[-78,-37],[-68,-52],[-61,-10],[-16,16],[-24,3],[-16,10],[-12,-2],[-9,-11],[-20,-41],[-44,-10],[-23,-20],[-55,-21],[-67,22],[4,-37],[-6,-38],[-15,-44],[-23,-14],[-38,-49],[-15,-49],[-15,-23],[-7,-26],[4,-22],[-73,-78],[-312,-304],[-162,-72],[-33,-369],[-97,-155],[-95,-74],[20,-255],[36,-328],[18,-186],[25,-285],[-3,0],[175,-442],[-60,-549],[145,-259],[94,-140],[-6,-10],[15,-40],[6,-27],[9,-19],[13,-14],[41,-51],[5,-18],[31,-39],[54,-29],[14,11],[19,-4],[40,-35],[20,-35],[28,-10],[28,-18],[30,-10],[28,-19],[19,-21],[29,-40],[28,-51],[25,-27],[7,-15],[30,-40],[13,-31],[12,-37],[3,-23],[6,-60],[11,-45],[4,-41],[13,-41],[12,-24],[14,-40],[3,-14],[31,-77],[6,-35],[15,-59],[6,-15],[9,-41],[16,-40],[17,-34],[0,-25],[7,-16],[22,-26],[31,-44],[20,-21],[9,-33],[21,-42],[-1,-59],[6,-16],[2,-24],[9,-26],[15,-22],[12,-29],[7,-45],[10,-34],[-5,-29],[0,-16],[18,-20],[9,-15],[3,-27],[12,-23],[7,-27],[6,-8],[9,-26],[1,-24],[11,-29],[2,-33],[28,-68],[4,-54],[14,-84],[-5,-16],[13,-65],[-5,-16],[-5,-38],[8,-39],[-5,-33],[9,-23],[-3,-8],[-7,-54],[-1,-59],[4,-25],[12,-31],[1,-33],[13,-21],[13,-63],[9,-11],[16,-36],[25,-32],[6,-21],[12,-18],[19,-14],[31,-70],[12,-17],[-2,-9],[16,-49],[3,-25],[12,-11],[-1,-13],[13,-26],[37,-60],[9,-24],[29,-43],[10,-6],[9,-29],[15,-20],[4,-22],[15,-26],[-1,-13],[15,-25],[9,-29],[11,-13],[10,-35],[24,-26],[8,-20],[11,-6],[11,-31],[19,-5],[16,-41],[11,-14],[3,-14],[17,-23],[8,-35],[7,-17],[-4,-19],[13,-32],[1,-20],[9,-21],[13,-13],[1,-21],[19,-58],[0,-16],[10,-51],[18,-6],[21,-41],[-3,-11],[7,-26],[0,-30],[-6,-24],[-1,-22],[6,-55],[-4,-31],[2,-19],[9,-30],[5,-30],[3,-32],[-10,-33],[-5,-43],[8,-13],[29,7],[-5,-67],[-18,-35],[-11,-27],[-5,-24],[-10,-95],[-6,-30],[-19,-39],[-25,-35],[34,-58],[1,-21],[20,-59],[15,-25],[-3,-55],[9,-62],[-4,-15],[-11,-9],[-6,-31],[1,-68],[-7,-17],[10,-8],[10,-46],[8,-18],[-4,-29],[18,-34],[27,-31],[2,-29],[9,-38],[2,-54],[-3,-43],[-4,-11],[-10,-53],[2,-23],[10,-21],[2,-29],[10,-18],[7,-32],[4,-38],[7,-31],[7,-15],[15,-15],[12,-36],[8,-12],[4,-63],[13,-39],[14,-8],[3,-13],[15,-5],[22,-31],[4,-19],[23,-10],[4,-24],[18,-27],[10,-27],[10,-14],[-4,-11],[8,-33],[-10,-16],[0,-18],[9,-11],[13,-70],[7,-12],[18,-10],[-1,-11],[15,-25],[28,-26],[13,-28],[-4,-31],[13,-25],[11,-1],[4,-17],[34,-30],[7,-45],[9,-22],[21,-12],[10,-26],[48,-28],[10,2],[20,-42],[18,-14],[23,-28],[20,-32],[7,-17],[19,-6],[12,-14],[4,-19],[6,-42],[7,-4],[22,7],[26,-7],[46,-21],[16,-31],[11,-11],[3,-20],[17,-28],[6,-21],[21,-27],[7,-20],[21,-8]],[[42175,59],[-213,-1],[-154,3],[-403,-4],[-25,-5],[-109,-1],[-230,-2],[-4,-4],[-310,-3],[-475,1],[-18,3],[-180,-1],[-27,-2],[-522,0],[-81,-2],[-5,-4],[-68,0],[-88,4],[-67,2],[-194,-2],[-72,4],[-174,-2],[-52,2],[-64,-1],[-390,-5],[-1438,-6]],[[47608,85],[-458,-3],[-418,2],[-677,-1],[-631,-4],[-55,1],[-343,-2],[-989,0],[-249,-4],[-136,1],[-9,1],[-54,-5],[-68,2],[-128,-1],[-12,-1],[-536,-6],[-193,-3],[-61,2],[-106,-2],[-51,1],[-62,-2],[-197,-2]],[[42175,59],[-14,39],[9,73],[6,19],[11,17],[20,14],[50,58],[2,25],[-9,17],[-23,13],[-13,24],[4,17],[31,75],[11,13],[74,35],[11,13],[48,94],[3,17],[-1,60],[-3,20],[-6,92],[3,27],[8,14],[19,18],[111,115],[39,46],[58,88],[25,45],[19,39],[25,65],[11,18],[33,36],[26,18],[128,74],[30,27],[184,190],[-40,-8],[-287,-64],[20,18],[2,8],[1,90],[0,139],[-123,-3],[-113,0],[-27,-5],[-162,-87],[-35,-16],[-33,-11],[-30,-3],[-22,9],[-14,11],[-22,28],[11,46],[12,15],[13,0],[24,11],[6,16],[12,9],[29,-18],[9,16],[12,7],[20,-6],[25,23],[15,23],[10,8],[10,19],[11,10],[11,-2],[12,17],[20,-7],[7,3],[14,24],[8,2],[20,-8],[10,6],[13,30],[23,7],[5,10],[-7,19],[1,15],[9,23],[18,19],[2,21],[10,44],[6,94],[9,35],[11,26],[22,26],[24,36],[20,18],[32,59],[36,110],[24,0],[1,363],[258,2],[0,1190],[-1,488],[0,170],[-7,106],[0,74],[7,28],[-1,131],[-2,200],[1,86],[-2,69],[1,371],[132,0],[16,-2],[92,0],[281,5],[231,3],[26,1],[142,1],[118,-4],[232,-11],[27,0],[269,-2],[9,0],[247,1],[5,-7],[0,-348],[26,-102],[10,-49],[15,-63],[14,-36],[4,-20],[-3,-14],[-14,-9],[-4,-15],[6,-15],[13,-13],[4,-45],[11,-12],[0,-30],[29,-40],[17,-74],[1,-16],[-14,-25],[-6,-21],[1,-25],[-4,-29],[9,-10],[8,-46],[21,-11],[10,-21],[6,-42],[-6,-30],[3,-11],[13,-13],[5,-14],[11,-6],[5,-13],[-5,-16],[-12,-16],[-1,-20],[23,3],[23,19],[28,35],[26,17],[58,15],[24,3],[19,-5],[80,-36],[22,-8],[39,-1],[884,4],[191,0],[72,2],[28,2],[62,9],[276,42],[31,6],[157,44],[87,26],[31,5],[157,-1],[39,-1],[35,-6]],[[39724,65005],[-42,102],[-25,91],[-24,114],[-18,67],[-2,71],[10,81],[13,88],[0,40],[-8,26],[-9,17],[-22,21],[-40,21],[-35,25],[-36,33],[-2,10],[-31,40],[-50,62],[-28,46],[-25,27],[-36,32],[-23,31],[-19,20],[-100,77],[-27,19],[-28,10],[-132,8],[-33,1],[-33,-4],[-37,-12],[-101,-40],[-65,-23],[-225,-64],[-43,-5],[-46,3],[-27,7],[-112,43],[-8,4],[-112,43],[-29,7],[-30,1],[-37,-9],[-24,-11],[-24,-16],[-44,-35]],[[8559,51978],[1,-115],[-2,-65],[1,-134],[-1,-238]],[[35987,62760],[-130,789],[-15,725],[-6,303],[-22,95],[-30,85],[-41,81],[-95,90],[-145,114],[-39,43],[-48,96],[-30,135],[-17,166],[-93,489],[-6,9]],[[36360,63400],[-16,118],[-76,237],[-41,128],[-6,77],[24,31],[38,-25],[12,-4],[25,79],[77,254],[41,716],[-237,546],[-22,43]],[[28511,59181],[46,31],[25,10],[39,6],[0,9],[-19,41],[7,32],[-4,32],[-10,35],[-13,23],[-30,39],[-80,121],[-144,211],[17,50],[-80,432],[-26,147],[-67,119],[-111,127],[0,-40],[-22,8],[-11,-2],[-7,-11],[-20,12],[-5,15],[-32,31],[-14,4],[-4,-58],[15,-33],[11,8],[5,-25],[-17,-6],[-22,5],[-37,-6],[-19,6],[-149,1]],[[35604,60767],[-248,179],[-186,137],[-360,377],[-17,-13],[-18,-6],[-41,-2],[-11,5],[-25,33],[-33,16],[-60,10],[-31,25],[-23,12],[-29,7],[-32,-15],[-33,11],[-14,14],[-1,19],[-25,20],[-18,24],[-11,5],[-49,-22],[-19,-17],[-22,12],[-6,-10],[-21,-54],[-13,-14],[-29,20],[-19,6],[-11,-4],[-8,-22],[-8,-8],[-43,13],[-13,-6],[-41,0],[2,-10],[17,-7],[18,-17],[18,4],[13,-13],[5,-16],[17,7],[10,-22],[21,-12],[0,-16],[-25,-1],[-19,-26],[-13,-10],[-12,3],[-11,-15],[-10,-5],[-61,-3],[-7,2],[-28,22],[-20,6],[-28,3],[-36,23],[-16,2],[-15,-6],[-46,-38],[-30,-27],[-13,-23],[-1,-17],[26,-57],[23,-27],[4,-18],[16,-5],[10,-27],[0,-18],[5,-19],[-10,-7],[-27,7],[-38,15],[-32,24],[-8,-3],[46,-92],[4,-25],[-16,14],[-40,47]],[[34387,66655],[-14,-7],[-23,-5],[-27,-12],[-7,-6],[-23,-7],[-41,-4],[-18,-16],[-12,-25],[-1,-127],[-128,-5],[-296,-384],[-33,2],[-10,-6],[-5,-15],[4,-25],[-3,-8],[-38,4],[-16,11],[-22,-58],[-15,-61],[-1,-43],[-17,-47],[-3,-3],[-10,-60],[1,-41],[13,-48],[11,-22],[24,-31],[-3,-20],[-32,-5],[29,-31],[7,-15],[-8,-29],[5,-11],[16,0],[0,-15],[21,10],[31,-1],[37,-8],[24,-12],[1,-16],[-23,-22],[-5,-10],[3,-16],[-7,-51],[-10,-20],[6,-7],[25,17],[10,14],[22,-6],[20,0],[21,15],[17,-17],[15,-9],[25,-38],[25,-11],[2,-17],[13,-11],[5,-32],[-5,-66],[10,-28],[10,-111],[27,-38],[44,-20],[22,-22],[61,-21],[30,-35],[3,-20],[-15,-23],[6,-30],[-4,-33],[9,-21],[2,-19],[-18,-69],[5,-48],[15,-42],[16,-25],[66,-50],[25,-29],[15,-37],[1,-19],[34,-133],[9,-15],[12,-12],[1,-20],[-8,-27],[-37,-67],[3,-35],[8,-23],[25,-14],[8,-24],[9,-11],[34,-2],[1,-7],[-19,-36],[-1,-16],[12,-27],[28,-33],[3,-15],[-5,-13],[8,-32],[8,9],[18,-26],[35,-23],[23,-6],[15,-11],[16,-49],[-3,-27],[4,-35],[-4,-81],[0,-63],[-1,-13],[-13,-21],[-12,-69],[-13,-31],[-18,-33],[4,-22],[-1,-17],[-15,-42],[5,-24],[3,-60],[24,-38],[8,-28],[1,-56],[-10,-29],[-11,-17],[13,-8],[123,-191],[135,-362],[257,-646],[247,-372],[300,-567]],[[37412,64888],[-1,53],[-6,19],[-12,17],[-8,39],[-9,15],[-14,9],[-21,35],[-18,21],[-18,31],[-31,43],[-13,12],[-32,20],[-20,18]],[[37295,65373],[15,11],[32,12],[12,10],[34,41],[34,37],[30,23],[40,23],[19,18],[13,17],[30,56],[33,54],[19,28],[57,66],[29,39],[28,32],[185,191],[22,20],[28,23]],[[37955,66074],[-1,-47],[35,9],[6,-8],[36,2],[33,-11],[0,-23],[70,5],[1,-9],[55,-3],[42,-24],[13,-21],[1,-9],[24,-20],[14,-16],[4,-11],[61,-135],[16,-16],[18,-52],[-11,-22],[-7,-30],[-5,-47],[3,-45],[11,-51],[2,-52],[2,-19],[-7,-35],[7,-39],[51,-84],[89,46],[-61,-66],[14,-45],[27,-47],[-1,-9]],[[34387,66655],[-19,63],[-7,50],[1,26],[20,92],[-1,42],[-12,61],[-10,33],[-18,27],[-14,12],[-32,20],[-17,5],[-35,4],[-17,4],[-19,17],[-12,30],[-12,71],[-2,26],[3,48],[-5,43],[-8,24],[-57,119],[-12,20],[-14,13],[-24,11],[-57,-1],[-48,17],[-18,1],[-13,38],[3,11],[17,15],[2,14],[-11,13],[-27,-13],[-13,3],[-51,31],[-10,9],[-13,27],[2,38],[50,242],[14,47],[28,43],[11,26],[9,66],[-4,19],[-6,65]],[[37585,67757],[7,-12],[-4,-24],[-10,-27],[-27,-25],[-20,-12],[-20,-5],[-10,-9],[-32,4],[-17,-15],[-35,-18],[-13,-13],[11,-20],[3,-34],[-10,-14],[-44,-21],[-19,-18],[-13,-5],[-4,-12],[30,8],[50,16],[2,-6],[-41,-16],[-16,-4],[-3,-22],[-18,-39],[-2,-16],[3,-20],[-21,-23],[-14,7],[-9,-3],[-3,-41],[-4,-10],[-14,-8],[-5,-52],[1,-21],[-6,-26],[-3,-51],[-7,8],[-9,-13]],[[35680,66065],[-20,8],[-19,3],[-32,-1],[-2,-27],[-8,-8],[-12,0],[-29,-24],[-6,-23],[9,-4],[3,-16],[-87,-1],[-100,-10],[-16,-1],[-91,19]],[[35270,65980],[-30,13],[-35,32],[-68,82],[-30,28],[-29,16],[-134,39],[-50,19],[-40,19],[-107,56],[-66,33],[-17,11],[-122,103],[-48,43],[-57,54],[-13,15],[-10,23],[-17,63],[-10,26]],[[37239,67145],[-25,-31],[-16,-42],[2,-23],[-24,-36],[-25,-16],[-13,-15],[-18,-30],[-15,-2],[-8,-7],[-19,-35],[-35,-49],[-3,-14],[-25,-34],[18,-37],[21,-31],[10,-8],[15,-30],[17,-24],[21,-19],[15,-44],[-4,-18],[-19,-48],[-2,-25],[-20,-39],[9,-58],[12,-20],[40,-27],[43,-3],[11,-15],[4,-34],[14,-31],[4,-27],[14,-27],[17,-15],[19,0],[20,9],[30,26],[16,-4],[9,-26],[14,-26],[14,-20],[-2,-16],[23,-66],[3,-24],[-2,-26],[-10,-23],[-9,-9],[-19,-6],[-30,12],[-21,-6],[-7,5],[-10,-15],[-4,-28],[7,-51],[3,-38],[6,-39],[21,-48],[-117,-71],[-9,-17],[9,-47],[14,-29],[24,-15],[10,-25],[4,-32],[-1,-26],[8,-54],[4,-43],[11,-48],[12,-32]],[[37295,65373],[-17,-28],[-37,-88],[-12,-21],[-20,-16]],[[37209,65220],[-61,43],[-42,12],[-27,24],[-5,11],[4,28],[7,21],[2,57],[-10,31],[-12,11],[-35,-3],[-21,14],[-40,13],[-14,34],[-25,42],[-15,10],[-18,-6],[-20,6],[-27,18],[-38,4],[-29,0],[-19,3],[-71,-10],[-5,-6],[-26,23],[-28,1],[-24,6],[-34,16],[-41,13],[-77,19],[-26,14],[-7,-20],[-15,-18],[-17,26],[-29,13],[-35,39],[-35,1],[-2,-14],[-53,36],[8,-64],[-37,-42],[-18,-28],[-13,2]],[[36179,65600],[-35,72],[-2,38],[5,41],[12,28],[-11,3],[4,26],[-28,0],[-23,22],[-19,24],[-27,24],[-62,-6],[-25,8],[-108,17],[-43,15],[-1,20],[-22,-7],[-11,8],[-11,28],[-30,15],[-31,21],[-32,46],[1,22]],[[35680,66065],[11,43],[17,92],[11,79],[20,46],[1,67],[6,25],[10,26],[5,37],[0,22],[-5,20],[-8,17],[-23,-2],[-19,47],[-3,31],[3,11],[-1,27],[4,13],[1,25],[9,17],[12,43],[22,28],[11,23],[6,21],[-2,20],[12,27],[10,10],[22,31],[10,31],[10,37],[14,29],[23,23],[24,11],[16,19],[4,31],[15,8],[10,21],[19,16],[14,19],[10,24],[24,48],[37,21],[10,19],[8,27],[14,10],[27,11],[7,11],[5,40],[4,13],[32,1],[10,19],[11,8],[8,18],[18,8],[14,13],[25,1],[124,30],[22,12],[184,35],[13,-7],[29,-2],[12,-5],[32,-1],[24,8],[24,20],[28,20],[11,-1],[32,10],[19,-8],[7,-37],[3,-37],[8,-12],[15,-10],[-9,-15],[5,-14],[25,5],[11,-16],[33,10],[20,17],[-1,-21],[-8,-11],[-1,-23],[-7,-13],[2,-17],[9,-11],[-1,-17],[-8,-27],[11,-6],[16,32],[9,43],[15,21],[9,20],[30,24],[54,15],[23,-30],[0,-21],[13,-10],[25,-51],[8,-30],[-3,-22],[17,-2],[26,-14],[22,-25],[7,-18],[-4,-18],[-12,-18],[6,-8],[45,27],[12,-6],[10,-16],[10,-27],[-2,-25]],[[28460,66008],[-43,-12],[-28,2],[-29,16],[-35,29],[-60,38],[-31,6],[-14,-6],[-19,-21],[-11,-17],[-9,-31],[-48,-64],[-6,-17],[-53,-42],[-65,-41],[-61,-71],[-9,-14],[-11,-34],[-3,-29],[-19,-43],[-26,-32],[-25,-13],[-17,0],[-14,7],[-46,6],[-33,-5],[-16,-7]],[[27729,65620],[4,242],[1,158],[1,1413],[-2,850],[0,3377],[-1,206],[-1,613],[1,20],[-1,466],[872,-4],[92,-1],[172,0]],[[28867,72960],[477,4],[98,-6],[142,1],[264,-2],[124,1],[288,-2],[301,4],[80,-1],[475,-1],[225,9],[37,-1],[248,1],[47,1],[54,5],[264,6],[229,4],[89,5],[9,-3],[88,-2],[161,3],[111,-3],[226,5],[29,3],[225,7],[106,5],[176,0],[138,-3],[313,-6],[50,0],[54,-2],[290,-6],[5,1],[206,-18],[175,-15],[0,153]],[[34671,73107],[14,-3],[97,14],[51,2],[72,-3],[31,-3],[420,-3],[234,-4],[129,3],[267,1],[12,2],[79,3],[75,-1],[7,-2],[306,-1],[205,6],[12,-5],[178,2],[415,-4],[17,-4],[115,3]],[[38392,68822],[0,-14],[-11,-65],[8,-23],[-14,-53],[2,-30],[-3,-33],[1,-26],[19,-40],[19,-9],[1,-35],[-12,-36],[2,-56],[6,-33],[-4,-15],[-42,-25],[-21,-29],[-15,-3],[-23,5],[-11,-9],[-21,-4],[-1,-26],[-18,-4],[-13,14],[-11,-6],[-8,-17],[-27,-3],[-9,-9],[-11,-1],[-5,-20],[-9,-9],[-7,6],[-16,-29],[-14,-6],[-14,-13],[-2,-12],[-19,6],[-30,-12],[-6,13],[-13,-5],[-11,-16],[8,-20],[-15,1],[-10,-22],[-16,-3],[7,-17],[-6,-11],[-18,-9],[-17,-17],[2,-19],[-11,-19],[-7,-1],[-43,-31],[-26,-4],[-17,8],[-21,-3],[-30,8],[-5,7],[-23,8],[-9,-5],[-28,2],[-57,-20],[-30,-13],[-16,-28],[-3,-14],[-1,-41],[6,-6],[0,-28],[-12,-21],[-20,-10],[-16,-40],[-10,-15]],[[37585,67757],[-15,-39],[-15,-16],[-22,-2],[-29,5],[-14,9],[-16,-2],[-30,20],[-23,-3],[-11,4],[-22,-13],[-14,11],[-11,-2],[-33,21],[-15,18],[-16,28],[-1,18],[-9,22],[-17,24],[-19,14],[-25,-15],[-26,2],[-21,16],[-13,34],[-10,2],[-2,19],[10,14],[-16,22],[-28,46],[-6,22],[-7,77],[-16,44],[-16,7],[-5,21],[-25,18],[-4,29],[-16,37],[-11,4],[0,33],[-4,10],[2,24],[-4,20],[4,49],[-6,13],[-3,51],[-16,67],[-6,13],[-4,29],[-29,26],[-10,28],[-25,39],[-8,5],[-11,22],[-8,5],[-2,24],[-6,35],[-9,23],[1,24],[-4,21],[-17,39],[-20,19],[-11,17],[-24,21],[-41,16],[-29,-2],[-17,19],[-16,36],[-20,59],[-16,55],[-13,26],[-19,21],[-22,10],[-70,45],[-29,31],[-10,22],[-11,12],[-31,9],[-104,-45],[-17,11],[-18,-1],[-14,12],[-17,33],[-12,33],[-22,11],[-4,9],[-17,72],[-10,17],[-20,10],[-9,10],[-10,-2],[-21,18],[-23,10],[-18,-1],[-18,12],[-11,1],[-10,-24],[-19,-15],[-17,-7],[-12,-9],[-17,9],[-10,1],[-17,-8],[-38,2],[-16,-7],[-17,7],[-28,-5],[-22,10],[-6,41],[-9,25],[-14,8],[3,19],[-17,14],[-29,-1],[-12,9],[-39,1],[-10,29],[-6,53],[-10,10],[-18,2],[-8,9],[-18,7],[-10,10],[-13,-36],[-5,-48],[-9,-47],[-2,-32],[27,-62],[0,-16],[-10,-58],[0,-27],[-6,-37],[-15,-39],[3,-24],[-3,-59],[2,-64],[-3,-31],[15,-62],[-1,-36],[22,-56],[11,-15],[17,5],[19,-20],[0,-19],[-19,7],[-25,-16],[-13,1],[-14,28],[-12,12],[-15,5],[-16,-9],[-9,21],[-2,19],[-10,3],[-30,-11],[-26,-77],[-34,-5],[-24,12],[2,23],[-15,16],[-5,23],[3,38],[-7,23],[-48,52],[-17,34],[-25,30],[-14,46],[-11,21],[-14,-6],[-16,14],[-52,7],[-1,22],[-17,16],[-10,2],[-15,17],[-62,-53],[-33,-14],[-21,-17],[-24,-27],[-17,-13],[-23,-30],[-16,3],[-11,23],[-5,22],[-9,10],[-37,17],[-30,28],[-17,-5],[-18,2],[-10,-9],[-9,-19],[-25,-5],[-17,-11],[12,-20],[-6,-16],[-10,-8],[-18,10],[-9,24],[-16,18],[-26,7],[7,-32],[-3,-24],[-28,-45],[-24,-8],[-9,2],[-28,-18],[-14,8],[-8,20],[-5,1],[-10,-34],[3,-21],[7,-16],[-2,-22],[4,-14],[-6,-18],[-11,-8],[-8,-14],[-38,-16],[-18,3],[-7,-3],[-11,-45],[-19,-24],[-43,-29],[-49,-47],[-29,-6],[-26,-11],[-30,10],[-33,3],[-18,-1],[-34,-21],[-18,-32],[-31,-30],[-6,-9],[-6,-29],[-1,-26],[-7,-16],[-16,-28],[-17,-37],[0,-21],[-24,-28],[-39,-65],[-14,-19],[-51,-51],[-26,-20],[-32,-5],[-5,-12],[-5,-65],[-4,-16],[-21,-25]],[[33929,68227],[-1,43],[-4,63],[-6,59],[4,29],[-4,5],[-44,17],[-23,26],[-17,14],[-21,29],[-5,12],[-35,45],[-9,4],[-31,4],[-13,-8],[-18,20],[-75,-1],[-36,2],[-33,-13],[-29,-16],[-7,-12],[-18,-6],[-7,-8],[-26,-80],[-4,-25],[16,-15],[17,-74],[-10,-24],[-2,-39],[-9,-18],[-11,-38],[-11,-31],[-33,-32],[-13,-45],[-54,-63],[-15,-21],[-24,-24],[-13,3],[6,19],[-28,-14],[-42,6],[-16,12],[-5,17],[2,29],[-7,29],[-56,56],[-37,19],[-24,14],[-48,10],[-17,19],[-20,10],[-52,15],[11,18],[-7,27],[-6,3],[-21,-12],[-23,-24],[-40,-1],[-10,-4],[-19,-16],[-20,-35],[8,-28],[-2,-9],[-17,-24],[2,-37],[12,-1],[32,-21],[8,-35],[-17,-23],[-62,-76],[-6,-23],[-19,-21],[-28,-24],[-13,-22],[-5,-2],[-18,19],[-38,11],[-22,20],[-11,6],[-32,36],[-6,12],[-17,15],[-21,10],[-34,6],[-22,43],[-9,-3],[-9,-21],[-22,-11],[-25,-24],[-19,-8],[7,-29],[-25,16],[-10,18],[3,19],[8,24],[-8,24],[-16,21],[-10,33],[-5,45],[3,21],[-34,16],[-16,1],[-14,14],[-3,32],[-31,11],[-5,23],[-14,30],[1,25],[-5,16],[-21,20],[-28,40],[26,0],[9,5],[24,1],[10,7],[-10,18],[-4,23],[-11,16],[-25,-7],[-20,2],[-16,18],[-6,30],[-29,35],[-6,21],[-13,28],[-13,12],[-7,14],[-20,17],[-24,28],[-7,21],[1,18],[-4,21],[-9,12],[-15,-6],[-27,-30],[-22,-42],[-25,-18],[-18,19],[-10,5],[-9,-13],[-13,4],[-28,-9],[-24,8],[-14,8],[-24,-56],[3,-23],[-5,-14],[5,-16],[25,-8],[-7,-18],[-24,-10],[8,-40],[-1,-15],[-17,6],[-20,-29],[-21,5],[-4,14],[-31,26],[-7,51],[-37,43],[-5,19],[14,44],[-10,9],[-26,2],[-10,14],[-17,8],[-8,-4],[-20,18],[-21,-22],[-30,18],[-11,27],[-17,-4],[-13,-21],[-7,-31],[-5,-6],[-16,10],[-15,-13],[-21,-9],[-1,-15],[-22,-8],[3,-21],[-17,-49],[-24,-12],[-6,-19],[7,-26],[9,-16],[25,-31],[92,-86],[9,-14],[11,-5],[30,-32],[6,-19],[23,-13],[11,-36],[13,-11],[14,-23],[8,-36],[-1,-24],[-16,-6],[-25,-65],[-8,-8],[0,-17],[-9,-21],[-1,-19],[-14,-28],[-1,-18],[-16,-40],[-6,-30],[-9,-20],[-13,-21],[-12,-28],[7,-40],[-14,-24],[-1,-16],[-8,-21],[-30,-54],[-11,-6],[-31,24],[-35,68],[-15,22],[-30,28],[-15,30],[-16,5],[-19,46],[-3,18],[-9,9],[-10,-5],[-6,10],[-10,35],[-4,-37],[6,-23],[8,-15],[4,-22],[9,-14],[2,-28],[-6,-13],[-6,-30],[-21,-41],[-20,-59],[-12,-22],[-19,-45],[-1,-16],[-12,-32],[1,-8],[-8,-36],[1,-45],[-5,-37],[-11,-23],[-2,-40],[-11,-5],[-35,-66],[-7,-20],[0,-46],[-5,-9],[-2,-26],[-11,-29],[3,-37],[-8,-21],[0,-14],[-6,-30],[-19,-9],[-7,-13],[-26,-23],[-10,-34],[-19,-26],[-14,-26],[-12,-58],[11,-40],[8,-10],[-4,-24],[5,-26],[-9,-28],[2,-20],[11,-8],[9,-53],[1,-20],[-10,-25],[10,-17],[-2,-32],[13,-13],[0,-17],[12,-13],[-6,-12],[10,-17],[11,1],[3,-30],[17,-15],[6,-27],[20,-32],[18,-13],[8,-18],[11,-2],[14,-29],[9,-4]],[[36342,59083],[-9,32],[-21,27],[-8,17],[-6,28],[-32,20],[-15,17],[-15,43],[8,57],[-15,47],[-9,38],[-12,31],[-18,79],[-5,15],[-22,14],[-17,20],[-7,27],[0,26],[7,49],[-9,54],[0,24],[5,21],[-5,37],[-5,53],[2,13],[-166,121],[-108,78],[2,45],[-9,44],[0,15],[13,38],[2,13],[-14,23],[-12,42],[-1,71],[-31,76],[-26,35],[-12,23],[-8,23],[-48,37],[-20,10],[-25,18],[-12,19],[-18,89],[-10,32],[-27,43]],[[35604,60767],[-24,68],[-20,67],[-3,4]],[[35557,60906],[-9,18],[-8,57],[-12,15],[-9,24],[-3,20],[-13,31],[-7,37],[4,36],[16,19],[7,16],[-5,10],[14,29],[3,28],[6,26],[-5,14],[16,21],[1,30],[19,39],[8,25],[-1,33],[4,18],[9,9],[-2,18],[-7,7],[4,25],[-5,23],[7,33],[-11,29],[6,27],[12,24],[17,25],[-3,33],[8,12],[-11,24],[13,37],[12,7],[6,20],[-6,7],[10,26],[-3,32],[5,37],[-8,13],[1,22],[6,19],[14,10],[5,51],[-5,19],[-15,7],[6,20],[-6,59],[-22,38],[-6,34],[2,25],[-4,17],[13,25],[-15,59],[4,17],[-2,44],[-5,16],[4,40],[-6,13],[0,32],[6,10],[-3,17],[0,34],[8,11],[8,36],[25,11],[9,-10],[14,28],[18,73],[-3,26],[-9,28],[-3,31],[2,27],[5,14],[12,11],[3,11],[-2,25],[9,11],[0,12],[13,42],[-9,39],[10,3],[16,-15],[-3,-43],[10,-19],[18,-3],[47,-26],[12,-14],[12,-22],[157,-75]],[[35987,62760],[24,32],[2,26],[5,8],[27,5],[10,8],[-2,16],[4,37],[9,12],[-6,35],[9,-4],[17,-46],[13,-5],[16,4],[30,21],[1,29],[-5,25],[7,6],[17,-26],[14,-6],[20,2],[5,18],[0,27],[-12,28],[0,9],[21,28],[21,43],[9,8],[7,35],[39,65],[-10,34],[6,17],[13,19],[25,63],[1,18],[7,14],[17,3],[2,20],[10,12]],[[36360,63400],[13,-13],[13,18],[17,11],[17,-6],[7,21],[15,12],[13,61],[7,16],[13,15],[4,21],[-4,36],[-7,19],[40,42],[6,13],[22,17],[27,43],[12,42],[4,25],[58,96],[31,84],[3,20],[20,12],[22,21],[49,30],[37,32],[16,25],[30,31],[43,46],[14,17],[28,43],[17,32],[11,40],[21,45],[13,49],[24,37],[3,13],[2,45],[7,88],[7,34],[10,17],[19,19],[31,13],[56,4],[50,9],[20,6],[33,23],[31,7],[13,12],[48,66],[11,11],[27,39],[28,29]],[[37412,64888],[12,15],[-4,19],[33,0],[16,-9],[14,4],[16,17],[24,34],[23,6],[22,-8],[13,0],[16,14],[31,15],[23,25],[33,31],[14,38],[36,25],[17,14],[31,17],[24,34],[19,31],[7,19],[22,24],[11,16],[12,31],[21,21],[24,7],[21,3],[14,8],[23,5],[19,-5],[22,-26],[20,-44],[7,-6],[45,11],[14,-13],[2,-22],[8,-19],[20,-3],[22,-15],[87,-57],[54,-37],[11,27],[17,15],[13,0],[34,-13],[54,6],[43,-10],[25,7]],[[38497,65140],[17,-35],[7,-3],[-61,-316],[-8,-16],[-6,-31],[-8,-25],[-14,-22],[-7,-28],[3,-35],[4,-18],[11,-13],[4,10],[15,5],[49,-7],[57,-22],[39,-6],[9,3],[15,-9],[15,-2],[18,-12],[33,3],[12,12],[20,11],[30,35],[12,8],[23,-4],[13,4],[28,-6],[30,27],[27,-5],[33,9],[24,13],[35,29],[17,17],[8,17],[15,6],[24,25],[15,8],[24,31],[14,-15],[27,-8],[26,-30],[16,-11],[29,12],[14,-6],[25,-1],[20,8],[37,51],[15,8],[36,6],[17,-8],[24,-6],[24,9],[42,-20],[22,4],[28,20],[33,36],[30,14],[41,29],[33,9],[31,15],[17,3],[23,41],[3,15],[-2,30],[5,14],[15,-12]],[[39724,65005],[14,-28],[19,-26],[87,-68],[28,-7],[123,3],[32,-13],[51,-47],[24,-41],[5,-21],[-7,-54],[-11,-45],[-20,-86],[-28,-66],[3,-32],[8,-34],[15,-36],[72,-111],[33,-47],[32,-71],[38,-56],[18,-35],[16,-71],[9,-21],[44,-42],[18,-24],[31,-69],[66,-115],[23,-57],[42,-149],[18,-71],[6,-40],[-10,-100],[-4,-19]],[[24041,64015],[0,5],[34,18],[24,1],[11,-8],[37,-39],[19,-6],[29,7],[28,21],[87,13],[34,-6],[43,-17],[22,4],[11,-4],[11,-12],[22,-4],[32,2],[32,-17],[18,-28],[9,-19],[4,-56],[4,-27],[9,-35],[11,-14],[25,-12],[45,-28],[1,-3],[59,-25],[23,-1]],[[24725,63725],[0,-9],[-28,0],[-25,-19],[-11,-12],[-7,-27],[3,-17],[21,-60],[2,-36],[-20,-119],[0,-37],[26,-64],[22,-61],[27,-66],[20,-65],[13,-87],[10,-39],[8,-21],[24,-39],[22,-23],[24,-17],[45,-20],[32,-27],[18,-24],[21,-38],[30,-62],[13,-51],[10,-20],[8,-6],[11,-26],[5,-25]],[[21111,70712],[480,-16],[628,6],[343,-1]],[[22562,70701],[13,-19],[7,-31],[3,-38],[14,-32],[2,-44],[5,-12],[21,-14],[16,-27],[8,-23],[17,-25],[9,-27],[-2,-15],[5,-29],[-4,-16],[9,-33],[2,-20],[16,-24],[9,-27],[13,-13],[9,-43],[-1,-23],[19,-5],[17,2],[17,7],[54,2],[20,8],[45,55],[6,13],[24,10],[10,-1],[10,-16],[34,-28],[21,-15],[40,5],[14,12],[25,7],[6,-2],[36,1],[14,8],[17,-14],[3,-20],[14,-30],[11,3],[-1,21],[9,0],[17,10],[36,-14],[32,-8],[18,11],[37,-14],[8,-8],[21,-33],[16,-43],[2,-39],[-3,-18],[1,-52],[8,-48],[5,-59],[-4,-43],[-15,-45],[-11,-42],[-8,-71],[-14,-56],[-17,-49],[-20,-50],[-1,-22],[15,-90],[-7,-17],[-12,-6],[-14,-21],[-1,-24],[7,-21],[-10,-22],[0,-32],[16,-7],[14,-24],[21,-18],[-1,-7],[32,-28],[1,-30],[14,12],[27,-7],[3,-6],[22,0],[13,23],[30,-13],[7,-27],[9,-12],[-17,-53],[8,-34],[12,-103],[-4,-17],[18,-33],[8,-48],[34,-65],[6,-27],[40,-64],[16,-11],[25,-32],[-1,-25],[-9,-10],[-3,-17],[5,-12],[5,-49],[-3,-36],[-8,-23],[9,-26],[43,-75],[-1,-48],[19,-82],[15,-13],[8,-42],[16,-40],[-2,-31],[-8,-38],[-1,-20],[-8,-14],[-1,-15],[10,-16],[-2,-34],[9,-5],[5,-14],[2,-26],[12,0],[4,-35],[7,-32],[-1,-42],[13,-63],[34,-37],[4,-9],[2,-39],[-2,-15],[-17,-24],[6,-15],[-18,-18],[1,-25],[-18,-23],[-8,-29],[-8,-11],[-4,-17],[-20,-19],[-2,-12],[-18,-10],[-21,-20],[-5,-21],[-11,-15],[-4,-20],[2,-67],[3,-16],[-8,-31],[-24,-18],[-6,-36],[-10,-11],[-23,3],[-21,-4],[-9,-6],[1,-41],[-3,-6],[-41,-10],[-10,-7],[-8,-15],[1,-21],[-11,-7],[-6,-14],[4,-26],[-1,-59],[4,-14],[-11,-33],[-15,-4],[-33,-39],[-18,-16],[-31,-15],[-17,-14],[-21,-10],[-12,-28],[-20,-17],[-26,-39],[-23,-18],[-14,2],[-14,-8],[-20,-40],[-22,-27],[-21,-39],[-22,-30],[-16,-16],[1,-20],[-18,-35],[-17,-18],[-17,-57],[-28,-34],[-3,-23],[-11,-21],[-3,-16],[-13,-22],[8,-23],[-2,-19],[-14,-10],[-5,-22],[-17,-19],[-2,-9],[-2,-47],[-8,-36],[2,-39],[-21,-81],[2,-20],[-19,-7],[-10,-15],[5,-34],[6,-23],[2,-35],[13,-27],[-4,-58],[6,-27],[-3,-31],[5,-27],[-1,-15],[5,-24],[0,-47],[-6,-24],[10,-31],[-5,-20],[7,-28],[4,-32],[-6,-27],[3,-28],[-16,-35],[-15,-11],[-11,-23],[-15,-15],[-21,-66],[0,-29],[6,-15],[-6,-14],[3,-18],[13,-8],[5,-15],[9,-4],[18,-19],[17,-34],[2,-21],[20,-36],[4,-31],[0,-30],[6,-20],[-17,-23],[-1,-44],[11,-43],[-5,-34],[-11,-15],[-8,-39],[0,-20],[-6,-32],[-7,-14],[5,-16],[-8,-13],[3,-13],[-8,-25],[5,-20],[-9,-22],[-2,-25],[14,-3],[-1,-20],[7,-27],[-1,-34],[-5,-16],[5,-24],[-5,-61],[3,-19],[10,-23],[1,-19],[13,2],[37,-4],[38,15],[45,-4],[13,-3],[44,-32],[17,-9],[29,-31],[10,-1],[15,-11],[17,-19],[17,-45],[17,-28],[26,-19],[32,-15],[52,-8],[54,-29],[47,-15],[11,-1],[18,-12],[21,-30]],[[7235,52160],[0,-180]],[[7104,52341],[1,-27],[7,-38],[0,-295]],[[31134,66322],[7,-37],[-9,-47],[-3,-36],[-10,-1],[-12,-15],[-40,6],[-48,-2],[-13,4],[-14,13],[-12,-1],[-24,-12],[-35,-6],[-14,6],[-18,-1],[-36,10],[-21,-10],[-6,-14],[-9,11],[-25,5],[-11,-16],[4,-34],[-10,-42],[-4,-38],[-9,-18],[-3,-39],[15,-24],[7,-34],[15,-16],[2,-16],[20,-47],[47,0],[1,-85],[-34,0],[10,-30],[7,-4],[9,-20],[13,-12],[7,-15],[16,-8],[17,-19],[9,-15],[18,-7],[8,7],[31,-11],[31,-1],[9,-4],[13,-18],[11,-36],[10,-12],[9,-29],[5,-56],[13,-28],[22,-19],[9,-38],[8,-24],[21,-39],[11,-41],[12,-20],[-8,-38],[10,-38],[1,-43],[-3,-35],[3,-25],[17,-32],[20,-13],[15,-18],[8,-17],[-1,-17],[13,4],[6,-15],[34,-48],[4,-20],[13,-28],[0,-7],[10,-38],[7,-14],[39,-13],[46,-51],[-1,-7],[-26,-23],[-11,-36],[-8,-22],[-30,-57],[-17,-41],[-13,-20],[-32,-35],[-22,-59],[-14,-47],[-25,-48],[-24,-65],[-33,-62],[-16,-35],[-28,-44],[-17,-21],[-9,-41],[-9,-88],[-7,-14],[-14,29],[-7,27],[-17,22],[-12,24],[-8,35],[-76,-276],[158,-80],[65,-24],[43,2],[31,-11],[42,-10],[35,-22],[48,-2],[14,-3],[25,2],[15,-21],[17,-35],[6,-37],[-5,-42],[11,-100],[7,-16],[22,-32],[16,-41],[10,-13],[13,-4],[15,6],[12,-4],[28,-35],[19,-19],[2,-14],[-2,-76],[1,-26],[31,-18],[19,-18],[26,-37],[9,1],[18,-15],[24,-12],[21,-17],[22,-45],[36,-2],[36,-34],[48,-26],[22,-45],[25,-11],[19,-62],[11,-8],[17,9],[27,-5],[23,-13],[14,-1],[4,35],[21,13],[9,1],[17,15],[34,-27],[-1,-36],[9,-74],[-5,-102],[15,-3],[29,10],[20,14],[23,4],[12,8],[13,24],[11,-20],[6,-44],[9,-29],[-4,-26],[3,-26],[19,-30],[24,-17],[6,-85],[9,-23],[57,-28],[47,-8],[19,-24],[14,-5],[45,-39],[50,-8],[34,22],[-11,-29],[18,-22],[27,-8],[10,-23],[0,-44],[24,-2],[102,-92],[67,-97],[63,-69],[71,-68],[118,-129],[76,-72],[16,70],[11,40],[11,15],[7,29],[6,-1],[15,-22],[-7,-36],[20,-46],[10,-12],[6,13],[76,-97],[36,-30],[12,-2],[19,-15],[24,-28],[13,0],[6,-14],[45,-37],[20,-35],[23,-15],[20,-47],[23,-2],[26,9],[33,-14],[7,-9],[13,-32],[24,-16],[-8,-12],[-17,0],[-47,21],[-9,-10],[-5,-18],[7,-26],[47,-44],[28,-19],[37,-50],[63,-36],[19,-21],[20,-33]],[[33779,61116],[-40,-5],[-54,0],[86,-92],[-469,-342],[-139,-55],[-160,-15],[-262,-38],[-150,7],[-278,70],[-8,17],[-9,5],[-34,0],[-24,10],[-18,3],[-18,14],[-41,6],[-18,25],[-20,6],[-18,-3],[-15,3],[-44,23],[-61,19],[-20,2],[-14,-4],[-24,-29],[-23,-40],[-23,-60],[-6,38],[-9,3],[-15,-10],[-25,-41],[-28,-26],[-13,-4],[-29,13],[-12,0],[-44,-23],[-14,-20],[-17,-8],[-14,-1],[-20,11],[-23,-15],[-27,7],[-31,32],[-26,15],[-34,39],[-38,-1],[-14,10],[-31,36],[-20,2],[-20,14],[-19,2],[-35,16],[-46,96],[-20,28],[-23,6],[-48,26],[-57,16],[-16,18],[-7,61],[-18,48],[-12,19],[-17,12],[-19,8],[-20,1],[-29,-8],[-14,-21],[-13,-11],[-17,-2],[-22,7],[-16,-3],[-18,-13],[-10,-20],[-15,-17],[-15,-6],[-8,3],[-45,45],[-28,34],[-22,40],[-65,63],[-29,35],[-9,21],[-2,21],[3,36],[-7,56],[-8,30],[-9,15],[-14,12],[-5,10],[-7,40],[-12,44],[-16,48],[-16,34],[-43,34],[-32,8],[-13,16],[-26,54],[-16,12],[-44,0],[-23,-30],[-8,-3],[-11,9],[-9,39],[-11,22],[-18,56],[-13,16],[-46,40],[-25,16],[-24,-7],[-23,20],[-19,25],[-15,13],[-39,9],[-25,23],[-29,44],[-20,49],[-24,48],[-38,2],[-81,-6],[-18,11],[-7,17],[-15,18],[-18,8],[-12,1],[-37,-9],[-56,1],[-14,6],[-11,16],[-34,60],[-5,20],[11,47],[-4,35],[-16,54],[-8,49],[-16,17],[-193,627],[-70,536],[-2,7],[-112,295],[-27,52],[-304,401],[-193,697],[-26,136],[-59,249],[-11,59],[-32,144],[-122,381]],[[28460,66008],[36,16],[23,20],[19,23],[11,26],[2,46],[-8,17],[-17,65],[70,-7],[1,-26],[8,-10],[12,0],[46,21],[25,-3],[218,-79],[23,-6],[24,-3],[44,6],[23,9],[59,29],[48,30],[46,24],[37,9],[159,5],[29,3],[36,16],[143,99],[70,47],[29,12],[45,4],[43,-5],[31,-15],[102,-65],[18,-8],[100,6],[-1,10],[58,10],[-1,-11],[119,22],[26,1],[88,-5],[51,1],[75,7],[49,1],[66,-3],[23,5],[48,15],[34,-8],[144,-63],[37,-6],[21,5],[47,18],[26,6],[36,-5],[51,-15],[34,-3],[27,5],[61,21]],[[19851,64741],[6,-2],[18,24],[18,6],[10,-6],[21,-54],[10,-18],[13,-8],[16,3],[18,-8],[12,-14],[-2,-15],[25,-18],[9,18],[13,2],[8,-9],[23,-3],[16,-16],[23,-16],[13,0],[3,-10],[41,-19],[17,5],[29,-24],[-1,-13],[-12,-17],[27,-24],[1,-13],[13,-26],[14,19],[8,-1],[7,-14],[12,1],[22,-5],[14,-23],[9,-6],[14,-20],[-1,-18],[21,-5],[12,-8],[9,-15],[-12,-37],[-1,-34],[-23,-20],[-13,-44],[-3,-50],[2,-37],[9,-34],[33,0],[7,-5],[8,-49],[13,-45],[11,-20],[5,-35],[8,-8],[4,-33],[19,-6],[125,4],[29,14],[19,4],[18,-9],[1,-95],[1,-93],[-69,-22],[12,-12],[25,-9],[24,-5],[26,9],[28,2],[32,-15],[36,12],[19,16],[15,1],[26,-7],[-15,-20],[-27,-1],[-31,-8],[-47,-23],[-22,-33],[-7,-6],[58,-45],[-28,-7],[-29,3],[-17,-6],[-15,-13],[-8,-15],[-12,-8],[16,-49],[1,-54],[-10,-37],[8,-22],[16,-11],[17,-23],[30,-1],[19,-16],[17,20],[20,-4],[18,-10],[24,-23],[25,-16],[46,-55],[5,-35],[11,-19],[4,-18],[0,-20],[9,-19],[-3,-36],[4,-37],[10,-14],[22,-6],[9,13],[15,8],[15,26],[22,26],[12,-17],[19,-9],[16,-19],[18,4],[10,11],[18,-11],[28,8],[19,-21],[27,-68],[15,-24],[32,-4],[17,0],[7,-29],[9,-14],[30,-27],[4,-20],[19,-26],[4,18],[8,2],[18,-15],[-3,20],[3,26],[9,23],[-1,18],[5,34],[0,29],[16,-28],[17,-24],[8,-30],[1,-45],[7,-26],[4,-34],[13,-29],[12,-3],[24,4],[25,-23],[14,-52],[1,-18],[-12,-22],[0,-14],[6,-23],[32,-77],[30,-22],[24,-29],[14,-26],[32,-70],[20,-28],[36,-34],[32,-19],[21,-6],[28,2],[35,11],[23,-17],[26,4],[13,-6],[36,1],[17,-17],[16,-11],[26,-2],[19,15],[11,23],[11,14],[29,28],[10,35],[14,6],[28,-2],[8,-4],[13,-22],[4,-22],[-2,-28],[10,-40],[3,-23],[-1,-27],[3,-23],[15,-50],[16,-24],[4,-29],[31,-87],[3,-65],[0,-40],[12,-24],[-3,-23],[-29,-37],[-1,-9],[16,-26],[7,6],[1,21],[8,17],[9,2],[10,-24],[21,-13],[20,-20],[13,-8],[-1,-21],[9,-29],[2,-16],[13,-24],[3,-27],[20,-23],[13,-9],[27,-34],[32,-13],[17,-41],[22,-30],[41,-11],[23,-11],[14,-29],[7,-7],[20,-5],[56,-60],[13,-8],[19,-20],[13,-22],[11,-3],[34,-34],[11,-44],[24,-31],[5,-32],[12,-45],[17,-52],[12,-19],[12,-29],[31,-53],[32,-22],[32,-15],[27,-10],[5,-12],[-12,-19],[2,-15],[24,-14],[0,-14],[-13,-25],[-9,-38],[3,-23],[12,-3],[15,6],[13,-12],[5,-15],[15,-15],[30,3],[10,-9],[9,-32],[8,-15],[11,-3],[20,7],[27,-19],[15,-7],[19,5],[23,18],[12,4],[11,-4],[7,-15],[6,-42],[-1,-32],[10,-5],[14,20],[10,3],[13,-7],[29,-45],[23,-12],[32,-29],[22,-30],[7,-19],[4,-30],[9,-20],[15,-17],[10,-4],[25,-27],[6,-15],[1,-40],[13,-16],[3,-24],[-6,-29],[20,-14],[7,-20],[-3,-28],[10,-28],[12,-3],[20,9],[8,-2]],[[20055,65722],[7,-8],[2,-24],[-4,-9],[-38,-27],[-14,-21],[-1,-17],[18,-29],[3,-19],[-9,-27],[0,-32],[5,-25],[-2,-22],[6,-26],[-2,-18],[-12,-22],[-5,-19],[6,-68],[-1,-24],[-23,-73],[-24,-29],[-5,-30],[-10,-14],[-13,-8],[-25,-7],[-7,-8],[-10,-68],[-8,-77],[2,-48],[9,-42],[-2,-30],[-11,-48],[-36,-62]],[[19851,64741],[-13,-51],[-15,-69],[-2,-45],[-16,-11],[-15,-1],[-2,-7],[1,-169],[-7,-30],[-37,-46],[-24,-17],[1,-93],[0,-89],[-75,11],[-6,-11],[-139,-1],[-126,0],[-1,-367],[1,-71]],[[15980,67543],[-3,92],[1,142],[0,49],[2,480],[-2,443],[1,445],[2,1425],[369,-1],[526,0],[57,-3],[648,3],[555,2],[521,53],[324,28],[480,45],[43,-2],[162,-2],[226,-4],[546,-5],[179,-5],[56,-1],[438,-15]],[[21111,70712],[-25,-18],[-16,-28],[-2,-27],[-11,-36],[-3,-70],[-13,-25],[8,-84],[12,-37],[0,-14],[-13,-88],[-4,-15],[-14,-27],[-16,-14],[-25,-6],[-25,-36],[-17,-37],[-12,-17],[-15,-12],[-11,2],[-15,17],[-7,-23],[-22,2],[-28,-5],[-15,14],[4,30],[-7,22],[-19,25],[-17,1],[-21,-19],[-10,13],[-20,2],[-23,-7],[-43,-26],[-26,-7],[-9,-21],[-15,-89],[-8,-4],[-16,3],[-41,-4],[-13,3],[-38,43],[-16,5],[-37,21],[-20,17],[-9,2],[-41,-15],[-14,-34],[-5,-38],[-15,-51],[-3,-59],[1,-29],[15,-21],[3,-10],[-27,-133],[-13,-24],[-2,-31],[-14,-23],[-67,-20],[-5,-5],[-34,-53],[-11,-53],[-11,-18],[-63,-85],[-67,-94],[-42,-46],[-4,-15],[11,-20],[35,-56],[16,-60],[6,-16],[2,-25],[7,-9],[24,-3],[18,8],[15,-2],[12,-22],[2,-17],[9,-23],[5,-31],[-10,-92],[-22,-38],[-9,-37],[9,-16],[0,-13],[-27,-66],[-7,-11],[-35,-26],[-26,-49],[-1,-18],[14,-43],[0,-88],[24,-46],[37,-40],[7,-12],[17,-58],[-14,-79],[-11,-50],[-21,-27],[0,-23],[-8,-20],[0,-26],[-10,-28],[11,-22],[4,-29],[-7,-13],[-23,-17],[-15,-2],[-33,2],[-8,-8],[-9,-29],[-12,-27],[2,-29],[17,-54],[22,-3],[-27,-40],[-9,-39],[1,-13],[17,-27],[-8,-20],[-6,4],[-10,-36],[-10,-17],[-28,-35],[-44,-37],[-11,-4],[-8,-54],[-8,-21],[-12,-11],[-15,-23],[-20,-72],[-7,-41],[0,-42],[5,-36],[16,-27],[14,-29],[-17,4],[-2,-9],[16,-41],[8,-7],[9,5],[34,-14],[13,-14],[13,-1],[18,-21],[17,-10],[27,-23],[18,-29],[19,-21],[19,2],[44,-7],[22,-7],[29,-24],[31,-39],[15,-25],[4,-13],[19,-21],[42,-16],[29,-30],[30,-17],[36,-37],[36,-27],[21,-24],[1,-30],[19,-43],[7,-43],[18,-44],[26,-42],[11,-32],[11,-22],[7,-95],[5,-12],[20,-21],[12,-37],[11,-47],[14,-34],[2,-16],[1,-68],[-2,-21],[-30,-2],[-6,-7],[-7,-49],[-1,-56],[-3,-18],[-20,-13],[-31,-1],[-38,10],[-19,-1],[-44,-18],[-31,-9],[-41,-29],[-25,-30],[-5,-16],[-15,-16],[-42,-14],[-3,-9],[-1,-181],[-11,-25],[-20,-6],[-20,6],[-29,16],[-21,15],[-42,0]],[[20055,65722],[-19,10],[-24,-7],[-15,6],[-32,39],[-14,22],[-19,21],[-36,2],[-7,-6],[-62,-73],[-5,-3],[-14,20],[-14,45],[2,84],[-4,13],[-32,14],[-14,0],[-18,-7],[-16,-1],[-32,18],[-27,0],[-20,18],[-17,10],[-19,-1],[-24,-5],[-29,-12],[-16,-19],[-21,3],[-34,24],[-38,11],[-121,-5],[-47,12],[-71,1],[-38,-8],[-23,25],[0,46],[-6,22],[-11,-8],[-53,-19],[-29,-29],[-29,1],[-14,-10],[-18,10],[-32,0],[-13,-8],[-10,-44],[-28,-57],[-9,-56],[-8,-18],[-10,-11],[-51,-29],[-24,-4],[-15,-13],[-22,-10],[-42,-7],[-43,-17],[-19,-1],[-14,-9],[-49,-4],[-19,-13],[-17,12],[-49,11],[-13,-4],[3,-38],[-7,-34],[5,-24],[-2,-21],[-13,-23],[-1,-29],[-16,-54],[-4,-57],[-8,-25],[-50,-51],[-18,-53],[-3,-43],[-2,-137],[0,-35],[19,-54],[14,-54],[0,-42],[4,-41],[-1,-73],[3,-32],[-1,-69],[-4,-41],[-14,-39],[-8,-32],[-9,-43],[0,-33],[15,-57],[-10,-5],[-18,22],[-21,-10],[-11,-42],[-8,-11],[-3,-20],[-37,-13],[-11,-24],[-27,-42],[7,-32],[15,-11],[7,-15],[12,-7],[6,-12],[-12,-21],[10,-42],[-24,-33],[-11,4],[-16,-18],[-18,2],[-12,-8],[-2,-13],[-22,-33],[-1,-16],[6,-26],[15,-7],[7,-10],[0,-28],[7,-10],[2,-19],[-21,-15],[-56,-12],[-18,1],[-4,-17],[7,-22],[6,-7],[-1,-18],[-17,-14],[-26,1],[-17,6],[-16,-24],[15,-22],[5,-33],[5,-7],[7,-38],[-8,-11],[-16,6],[-9,39],[-10,20],[-20,18],[-26,-17],[9,-19],[4,-23],[23,-37],[5,-39],[22,-18],[-36,-54],[7,-9],[14,12],[51,1],[19,-16],[14,-7],[30,4],[-5,19],[0,91],[28,1],[9,7],[15,37],[12,21],[16,20],[-1,-24],[7,-31],[-1,-26],[28,5],[30,26],[10,32],[19,28],[35,23],[-11,13],[11,10],[3,23],[10,9],[6,14],[33,2],[0,-41],[8,-19],[3,-22],[-1,-31],[1,-165],[131,0],[4,-11],[1,-79],[3,-9],[14,-7],[1,-44],[9,-19],[22,8],[-24,-39],[-23,-73],[-1,-10],[336,233],[24,14],[168,54],[165,54],[3,-12],[39,10],[5,5],[47,0],[25,-22]],[[19376,63674],[-28,6],[-34,1],[-23,-6],[-7,-14],[-31,-13],[-14,-20],[-19,-55],[-43,-83],[-23,-27],[-4,-11],[4,-36],[-1,-18],[10,-27],[1,-28],[7,-18],[7,2],[2,-35],[4,-7],[2,-39],[4,-11],[13,2],[19,-18],[-2,-13],[14,-9],[8,-19],[15,-10],[2,-16],[8,-13],[18,-19],[18,-12],[7,-24],[18,-8],[10,-14],[2,-14],[15,-14],[8,-20],[13,18],[8,-21],[18,-11],[9,9],[9,-4],[8,-18],[9,-7],[7,-17],[6,15],[11,0],[10,-29],[-2,-16],[24,-3],[-3,-18],[14,-10],[3,-19],[11,-4],[5,-14],[-5,-18],[2,-30],[-7,-31],[14,-8],[2,-27],[-10,-11],[5,-27],[-14,-11],[-20,-23],[7,-14],[-1,-14],[11,-24],[-5,-18],[13,-39],[-10,-29],[6,-13],[0,-18],[6,-22],[0,-38],[7,-31],[15,-20],[-4,-20],[11,-41],[-6,-8],[0,-21],[9,-33],[8,-12],[17,0],[-12,-30],[11,-19],[-13,-28],[-6,-36],[6,-15],[-11,-9],[-12,2],[1,-37],[-18,-37],[1,-22],[10,-24],[6,-31],[-18,-23],[18,-10],[8,-22],[-8,-21],[-10,-11],[-2,-21],[12,-25],[9,-9],[2,-19],[8,-7],[-4,-39],[7,-23],[-2,-21],[14,-16],[14,-26],[4,-17],[9,-7],[13,-22],[-6,-9],[7,-27],[-8,-12],[6,-14],[-3,-14],[10,-17],[-9,-18],[11,-24],[5,-39],[-3,-19],[11,-20],[-4,-13],[10,-40],[-1,-45],[7,-15],[6,-24],[-3,-45],[7,-62],[9,-33],[-1,-15],[11,-26],[9,-8],[-5,-30],[2,-21],[-3,-21],[9,-46],[0,-16],[20,-30],[1,-14],[9,-14],[-10,-9],[6,-32],[16,-18],[6,-13],[-1,-45],[-10,-42],[-9,-6],[-1,-27],[6,-15],[-12,-36],[-1,-38],[5,-36],[-7,-23],[-20,-13],[3,-17],[-9,-22],[-21,-18],[3,-11],[-23,-35],[-12,-2],[-14,-39],[-26,-6],[-18,-22],[-20,-12],[-6,-9],[-28,-20],[-14,-21],[-7,-20],[-20,-14],[-19,-39],[-9,-12],[-6,-32],[0,-45],[11,-23],[-16,-60],[-11,-7],[-6,-36],[1,-26],[-12,-19],[-6,-30],[4,-31],[-2,-22],[-12,-25],[-8,-30],[-37,-46],[-11,0],[-27,-14],[-42,-60],[-35,-32],[-40,-23],[-36,-8],[-10,-6],[-36,-10],[-25,-23],[-34,-20],[-1,-6],[-22,-28],[-6,-2],[-13,-35],[-14,-28],[-5,-36],[-5,-18],[-1,-25],[-8,-31],[-26,-22],[-12,-46],[-6,-2],[-11,-23],[1,-14],[-9,-23],[-13,-10],[-26,-9],[-31,-16],[-11,-16],[-16,-6],[-16,7],[-48,7],[-45,-5],[-20,-8],[-15,4],[-24,-11],[-10,-17],[-18,-7]],[[27732,62199],[-1,-584],[2,-240],[0,-820]],[[27733,60555],[-1,-492]],[[54528,74986],[16,-1]],[[27732,60063],[0,-240],[1,-9],[0,-414],[2,-223]],[[25608,61433],[4,-35],[14,-85],[16,-65],[27,-81],[33,-74],[157,-302],[38,-74],[54,-89],[18,-32],[19,-46],[22,-34],[19,-19],[17,-12],[56,-31],[46,-28],[25,-6],[21,-1],[2,-193],[2,-55],[4,-42],[7,-36],[12,-42],[12,-34],[22,-44],[21,-24],[40,-16],[18,-19],[11,-20],[32,-85],[15,-37],[38,-101],[67,69],[-9,46],[-6,39],[-22,40],[-17,56],[-23,30],[-8,18],[-11,5],[-2,91],[0,165],[-15,26],[-30,25],[-2,15],[-12,23],[-28,17],[-20,4],[0,19],[-26,10],[-19,-2],[-20,17],[32,2],[17,4],[2,13],[52,22],[21,1],[109,1],[26,-5],[86,-35],[137,-58],[55,-20],[188,-43],[70,-16],[146,-33],[63,-15],[118,-27],[65,-16],[116,-27],[127,-23],[38,-14],[19,-14],[18,-18]],[[25608,61433],[-14,5],[-8,11],[-28,12],[-14,18],[-11,-7],[-6,7],[-4,25],[-16,19],[-6,13],[-7,54],[-8,2],[-11,-55],[-2,-24],[4,-31],[19,-63],[13,-26],[13,-48],[28,-27],[18,-46],[8,-12],[34,-26],[16,-16],[8,-27],[-6,-30],[-9,-12],[-20,-10],[-12,-12],[-12,-25],[-1,-27],[8,-16],[42,8],[21,-10],[12,-11],[7,-24],[11,-51],[4,-9],[29,-17],[10,-12],[8,-40],[-1,-13],[-15,-14],[-26,3],[-23,8],[-30,-12],[-15,-14],[9,-20],[-7,-8],[-6,-24],[9,-60],[-8,-20],[1,-33],[-8,-18],[-18,-17],[3,-23],[-17,-30],[-2,-13],[-12,-8],[-16,5],[-11,-9],[-19,1],[-6,-6],[-12,4],[-6,-18],[-34,1],[-15,-15],[-3,-16],[-9,1],[-19,19],[-17,1],[-5,-8],[0,-20],[-17,-6],[-8,29],[-6,40],[-19,25],[-7,17],[-10,2],[-17,20],[-4,18],[-27,31],[-23,9],[-23,16],[-14,4],[-36,24],[-24,13],[4,16],[-5,34],[-7,10],[-2,50],[10,48],[-22,44],[-4,-20],[-11,-14],[-7,-23],[-17,-19],[-6,-17],[-13,-56],[0,-16],[9,-41],[26,-81],[20,-49],[20,-28],[4,-27],[9,-21],[5,-36],[-5,-10],[-40,-24],[6,-36],[15,-61],[-4,-39],[22,-87],[0,-16],[-22,-68],[-4,-19],[-12,-31],[-13,-69],[-27,-71],[-27,-50],[-20,-40],[-29,-25],[-24,-34],[-15,-8],[-24,-1],[-43,9],[-8,-3],[-24,-29],[-10,-34],[-7,-30],[-9,-75],[-24,-54],[-18,-20],[-15,-20],[-10,-23],[-36,-17],[-52,-35],[-15,-27],[-62,-54],[-15,-12],[-22,-40],[-24,-37],[-40,-52],[-111,-94]],[[23271,59180],[0,63],[-2,70],[-5,87],[-3,513],[180,254]],[[23441,60167],[17,25],[99,177],[160,296],[201,-1],[-7,49],[5,61],[5,35],[-1,34],[1,128],[-11,363],[-15,20],[-21,38],[-7,81],[-4,22],[-1,38],[-4,39],[-8,52],[-10,40],[-20,62],[-4,23],[-26,70],[-12,48],[-18,79],[-10,31],[-18,45],[-43,12],[-21,2],[-37,21],[-38,12],[-28,22],[-21,-2],[-13,3],[-25,18],[-19,-2],[-16,20],[-4,25],[12,25],[12,33],[12,47],[-1,23],[1,47],[-7,57],[-4,13],[1,37],[-5,43],[11,22],[12,12],[4,19],[1,30],[-6,23],[-10,65],[1,27],[-4,31],[-10,33],[8,23],[11,111],[0,44],[-4,18],[5,18],[-10,30],[-5,31],[-37,30],[-8,27],[-9,14],[-27,30],[-15,27],[-2,20],[-9,30],[-14,28],[0,46],[9,17],[10,30],[1,20],[6,14],[5,36],[22,21],[4,28],[11,20],[1,24],[6,16],[0,36],[-13,37],[-7,32],[-1,67],[7,45],[6,15],[18,21],[12,21],[4,29],[21,33],[16,10],[2,19],[-3,10],[-6,41],[3,15],[10,16],[17,76],[13,22],[2,17]],[[23547,64055],[11,-6],[18,-30],[33,-38],[38,-21],[21,-21],[19,-6],[68,37],[25,17],[24,9],[24,0],[22,7],[22,12],[11,0],[28,10],[26,1],[32,-9],[53,-6],[19,4]],[[24041,64015],[11,-25],[14,-7],[23,2],[17,-7],[4,-27],[1,-49],[-4,-29],[3,-11],[30,-36],[10,-19],[9,-62],[6,-20],[15,-20],[1,36],[9,29],[16,-17],[20,-30],[7,-25],[14,-21],[21,-53],[24,-29],[61,10],[8,-16],[-4,-18],[-8,-8],[1,-15],[-11,-14],[3,-17],[19,-19],[15,-21],[-1,-11],[-12,-14],[-5,-18],[-12,-20],[0,-17],[40,-2],[14,-10],[31,11],[23,-21],[17,3],[11,-4],[8,-15],[1,-20],[10,-51],[-9,-46],[-9,-15],[-9,-29],[7,-20],[33,-26],[27,-13],[25,-35],[16,-43],[5,-35],[-12,-6],[-5,-15],[13,-59],[10,-25],[5,-36],[13,-36],[2,-17],[17,-22],[17,-10],[10,-32],[14,-35],[0,-17],[51,-22],[23,-21],[5,1],[16,29],[29,39],[5,24],[2,26],[20,-56],[12,-19],[1,-25],[11,-90],[21,-85],[2,-33],[-13,-48],[2,-41],[12,-73],[-13,-73],[0,-26],[-4,-35],[18,24],[30,7],[13,18],[10,2],[18,-42],[20,-9],[25,8],[11,-1],[2,-23],[22,-16],[7,16],[10,39],[-6,22],[-28,53],[-18,18],[-7,12],[3,42],[5,17],[-1,34],[11,79],[0,24],[11,79],[38,20],[2,-3]],[[25049,62608],[3,18],[21,6],[19,20],[9,20],[12,13],[18,8],[-5,23],[-3,27],[-8,11],[12,25],[-9,36],[23,34],[0,34],[6,16],[5,40],[-9,24],[-25,51],[-18,21],[-13,36],[-2,18],[24,21],[18,28],[22,59],[3,23],[-22,-9],[-21,4],[-12,17],[-11,6],[-8,26],[-13,25],[-14,4],[-27,27],[1,28],[16,4],[21,21],[7,21],[-3,20],[-13,33],[-24,-4],[-11,9],[-3,12],[1,44],[7,30],[-10,25],[-1,25],[-7,13],[2,27],[29,45],[8,28],[7,10],[14,7],[-2,22],[13,-2],[17,-31],[14,-8],[16,-15],[18,42],[8,25],[29,53],[9,29],[11,18],[3,12],[-7,15],[3,55],[-4,3]],[[25193,63936],[17,10],[5,14],[12,52],[7,16],[18,13],[14,-1],[48,-26],[23,-7],[26,11],[23,27],[19,40],[36,63],[13,13],[20,6],[18,-13],[20,-35],[7,-20],[11,-10],[32,-13],[42,-11],[46,3],[42,-16],[27,-18],[43,-19],[36,-10],[11,-11],[26,-39],[21,-18],[22,-1],[26,19],[24,45],[20,25],[19,58],[14,30],[44,50],[34,18],[28,36],[8,14],[32,27],[29,21],[13,44],[2,51],[11,36],[30,22],[31,9],[45,-17],[26,-8],[49,-1],[9,-6],[14,2],[15,11],[37,54],[18,36],[1,7],[19,26],[10,1],[20,15],[16,22],[10,55],[20,27],[22,17],[19,21],[14,4],[43,28],[13,17],[43,49],[12,7],[17,-3],[37,-14],[19,4],[28,50],[28,35],[17,37],[29,49],[29,40],[40,24],[61,23],[31,4],[72,54],[22,70],[2,26],[24,16],[35,18],[50,10],[18,10],[14,16],[38,48],[51,26],[25,6],[29,12],[28,19],[23,24],[11,26],[23,9],[35,28],[7,12],[13,44],[33,60],[18,21],[10,4],[43,-17],[20,5],[31,16]],[[27729,65620],[0,-7]],[[27729,65613],[3,-819],[-5,-2063],[5,-219],[1,-249],[-1,-64]],[[27732,62199],[-27,-19],[-16,-16],[-21,-34],[-9,-33],[-4,-31],[-17,-54],[-7,-31],[-37,-74],[-8,-49],[-32,-49],[-30,-18],[-33,-4],[-42,-14],[-28,11],[-32,-6],[-13,-7],[-5,-12],[-7,53],[6,24],[-32,7],[-32,0],[-5,6],[0,31],[-17,21],[-28,15],[-26,7],[-40,3],[-24,-5],[-27,9],[-23,20],[-23,1],[-32,-26],[-8,-1],[-10,13],[0,13],[12,52],[6,36],[-12,44],[-11,54],[-17,38],[-13,14],[-28,20],[-38,15],[-19,-5],[-19,-16],[-24,-25],[-10,-3],[-17,17],[-46,14],[-51,-26],[-10,1],[-34,18],[-22,2],[-24,8],[-32,-17],[-32,-18],[-33,4],[-15,-5],[-7,-16],[-11,-41],[-6,-8],[-51,-1],[-21,18],[-50,77],[-16,31],[-20,25],[-23,11],[-42,5],[-17,10],[-15,14],[-56,-13],[-8,-6],[-23,-34],[-23,-31],[-13,-22],[-18,-18],[-13,-28],[-9,-27],[5,-21],[-6,-19],[-14,-20],[-7,-21],[-14,-27],[-2,-42],[-4,-13],[-14,-21],[-5,-16],[-1,-31],[3,-15],[-36,-25],[-30,-25],[-49,-22],[-16,-15],[-28,-65],[-14,-49],[-24,-40],[-7,-33],[12,-21],[0,-15],[-12,-15],[-18,24],[-13,24],[-14,18],[-20,-20],[-14,31],[-18,-12],[-21,-33],[-29,-6],[-36,21],[-12,-5],[-14,-16],[-16,-3],[-5,-23],[10,-60],[-24,-20],[3,-34]],[[135,59193],[-1,207],[-7,3059],[-1,57],[0,426],[2,1534],[0,1156],[2,885]],[[130,66517],[583,-2],[136,-2],[112,0],[912,3],[471,2],[0,-253],[101,-1],[37,4],[78,-4],[68,-1],[1,-2],[249,23],[89,-20],[252,-2],[89,0],[118,-2],[446,0],[111,-2],[428,0],[206,-5],[84,3],[212,-5],[157,-1],[205,0],[122,-1],[536,2],[255,4],[140,1],[29,-1],[178,-2],[668,7],[0,146],[-1,792]],[[7202,67198],[0,146],[253,6],[119,2],[161,5],[237,-3],[79,-2],[815,5],[90,0],[136,2],[372,0],[127,2],[162,-3],[357,-1],[319,4],[241,10],[36,-2],[231,-9],[178,2],[103,0],[150,-4],[11,0],[94,-4],[61,1],[55,-2],[145,-1],[266,-2],[0,32],[558,0],[117,-1],[8,1],[83,-2],[539,5],[10,-4],[66,1],[192,-1],[237,1],[299,1],[16,-1],[121,5],[130,-3],[263,-17],[275,17],[149,-9],[33,-11],[235,-3],[84,0],[131,1],[345,-2],[89,5],[0,178]],[[15980,67543],[7,-9],[15,15],[29,-73],[9,-11],[10,-49],[10,-10],[43,-145],[20,-10],[37,-91],[3,-31],[26,-52],[0,-8],[39,-75],[30,-32],[30,-66],[8,2],[13,-34],[18,-10],[16,-22],[22,-55],[1,-20],[-8,-23],[-20,-12],[-22,-37],[-3,-16],[9,-5],[14,10],[18,2],[-7,-16],[-1,-44],[3,-38],[-7,-14],[-8,-32],[-13,21],[-18,7],[-20,34],[-34,-18],[-73,1],[-32,-15],[-28,-25],[-4,-56],[-14,19],[-7,-6],[-7,-41],[1,-18],[-7,-40],[18,14],[26,12],[25,3],[24,-35],[0,-43],[21,-25],[0,-20],[33,-23],[-8,-10],[-11,-25],[0,-17],[-10,-42],[3,-28],[8,-15],[21,-24],[11,-33],[4,-24],[14,-4],[8,-64],[11,-43],[-2,-16],[-13,-10],[-9,7],[-2,-19],[31,-43],[2,-47],[3,-27],[17,-24],[-24,-14],[-23,-28],[26,-11],[12,-2],[10,-20],[17,-12],[23,-1],[7,-4],[9,-22],[15,-5],[9,-10],[8,-18],[15,-15],[8,-30],[-11,-25],[43,23],[-5,-34],[2,-20],[18,15],[-11,-43],[2,-22],[9,-15],[12,-42],[28,-12],[1,-46],[-10,-21],[1,-46],[-3,-49],[17,20],[2,-61],[-5,-12],[-21,-16],[1,-47],[7,-42],[13,-28],[12,0],[-1,15],[31,-4],[11,-30],[-2,-17],[-11,-28],[-3,-25],[6,-28],[20,-20],[18,-5],[8,-9],[16,-5],[8,9],[26,-21],[21,-24],[10,-31],[-4,-16],[-18,-6],[-17,8],[-12,-3],[-8,-14],[-5,-34],[3,-56],[-3,-59],[9,-34],[-8,-22],[-5,-24],[-11,-28],[10,-9],[4,11],[13,4],[7,-13],[-10,-21],[-23,-66],[0,-37],[5,-16],[14,-20],[-5,-20],[-14,-4],[-31,9],[-12,-5],[-22,-35],[-9,-1],[-16,25],[-18,-11],[-6,-30],[8,-27],[-7,-25],[-7,-6],[-15,8],[-9,-36],[-20,-9],[-12,-17],[-1,-24],[-4,-21],[-13,-36],[2,-24],[-19,-22],[-26,-15],[-17,-21],[-7,-4],[-18,4],[-30,-13],[-31,-21],[-32,12],[-13,-13],[-9,-33],[-15,-2],[-18,22],[-34,-34],[-21,-7],[-30,18],[-10,-1],[-9,-13],[-17,21],[-8,-2],[-57,-55],[-2,-27],[0,-67],[-1,-49],[-8,-63],[-10,31],[-12,-6],[11,-55],[10,-12],[23,4],[33,-7],[-33,-17],[-23,-21],[-18,-6],[-36,4],[-21,-2],[-9,-11],[-22,-9],[-10,-25],[-19,-62],[-6,-3],[-20,13],[2,-20],[-9,-27],[-10,-17],[-6,9],[3,24],[-11,10],[-4,-19],[-1,-26],[-12,-17],[-13,18],[-10,1],[-15,12],[-7,-11],[-6,-31],[-8,-15],[-7,3],[-7,18],[-27,13],[-3,17],[-16,35],[-14,13],[-22,4],[-5,20],[-17,2],[-26,27],[-12,-3],[-9,-12],[-30,0],[-20,15],[-8,16],[-14,3],[-19,-23],[-13,-3],[-30,14],[-14,-3],[-14,-21],[0,-21],[-10,-15],[-9,6],[-12,30],[-23,-7],[-11,-14],[-11,3],[-18,17],[-12,-3],[-12,-18],[-10,-37],[-17,-16],[-10,-2],[-14,10],[-9,15],[-7,0],[-17,-39],[-18,20],[-9,2],[-26,-8],[-17,-24],[-10,-4],[-9,-20],[-9,-42],[-7,-10],[-17,-1],[-21,-12],[-10,0],[-22,17],[-5,-49],[-4,-58],[-15,-40],[-3,-40],[4,-41],[14,-40],[25,-80],[6,-24],[19,-44],[17,-28],[14,-28],[-2,-26],[-26,-30],[-6,-20],[-18,-26],[-7,-19],[-2,-83],[-6,-38],[-7,-16],[5,-35],[-5,-32],[12,-35],[11,-18],[0,-17],[8,-46],[-9,-31],[3,-25],[16,-21],[3,-14],[11,-16],[22,-16],[13,3],[12,-29],[14,-7],[9,-14],[12,-8],[0,-11],[9,-16],[8,-3],[13,-20],[20,-55],[1,-9],[15,-27],[0,-16],[11,-52],[11,-20],[15,-17],[9,-24],[7,-4],[6,-26],[10,-2],[8,-15],[-1,-29],[-4,-12],[4,-19],[-3,-50],[-4,-26],[7,-17],[15,6],[16,23],[53,34],[13,1],[19,-11],[44,-10],[16,1],[40,36],[17,24],[20,14],[26,4],[34,-1],[55,27],[38,26],[7,27],[-2,105],[22,35],[25,0],[11,-8],[26,-45],[11,-4],[24,10],[33,45],[8,36],[17,58],[12,50],[13,29],[12,19],[37,26],[28,1],[25,20],[13,32],[13,11],[58,11],[56,-23],[42,-14],[15,-10],[37,-33],[3,-19],[-22,-18],[-17,-43],[3,-20],[31,-40],[11,-22],[25,-38],[13,-35],[3,-15],[-4,-21],[-2,-43],[11,-23],[4,-23],[14,-28],[11,-11],[32,-19],[17,-6],[32,-28],[18,-4],[15,-26],[3,-23],[-6,-56],[5,-29],[-2,-35],[-17,-33],[-7,-26],[-28,-50],[0,-32],[-6,-34],[0,-17],[-14,-38],[-2,-34],[-12,-28],[-11,-44],[-2,-17],[-18,-48],[-18,-39],[-1,-22],[6,-30],[-10,-21],[0,-16],[5,-32],[-7,-35],[6,-20],[2,-23],[12,-32],[21,-76],[-3,-14],[8,-42],[-2,-10],[6,-34],[-4,-17],[8,-43],[2,-42],[7,-25],[5,-51],[13,-45],[20,-59],[22,-32],[32,-29],[18,-12],[18,-23],[2,-52],[3,-15],[16,-32],[6,-37],[7,-20],[1,-37],[5,-33],[2,-51],[9,-49],[25,-101],[-4,-54],[11,-54],[9,-26],[1,-25],[27,-46],[3,-20],[-2,-48],[12,-30],[7,-43],[12,-20],[12,-34],[17,-91],[-3,-38],[13,-22],[20,0],[15,-9],[15,1],[10,-8],[18,0],[12,8],[14,-5],[27,1],[-20,-27],[-15,-10],[-7,-20],[-11,-10],[-5,-23],[-9,0],[-19,-19],[9,-26],[19,-22],[8,-32],[20,-9],[8,-20],[14,-11],[14,-34],[-2,-35],[-10,-13],[-38,-24],[4,-7]],[[22488,189],[-213,0],[-32,1],[-137,-1],[-2904,0]],[[35060,50001],[-27,0],[-23,-16],[-5,-13],[-66,-22],[-11,3],[-24,-6],[-20,-10],[-16,7],[-11,15],[-4,22],[-3,42],[-10,28],[-15,0],[-6,16],[-20,27],[-25,22],[-53,14],[-16,12],[-8,60],[-20,16],[-5,19],[-8,-3],[-9,14],[-29,65],[-5,42],[-45,-2],[-19,13],[-21,30],[-13,6],[-14,16],[2,10],[-6,29],[-2,73],[-16,6],[-24,18],[-18,2],[-24,12],[-6,14],[-39,10],[-16,11],[-8,24],[0,34],[-16,47],[3,25],[39,61],[8,26],[-6,19],[2,42],[-5,12],[-15,57],[-29,24],[-28,47],[0,35],[4,13],[-10,27],[-40,62],[-50,-20],[-28,-19],[-27,-23],[-37,1],[-21,15],[-8,22],[-9,6],[-20,-1],[-19,5],[-33,20],[-13,29],[-35,-1],[-37,-14],[-33,8],[-24,-9],[-19,-1],[-12,6],[-5,13],[-7,50],[-9,11],[-17,36],[-27,19],[-14,20],[-7,19],[-3,25],[-10,14],[-11,35],[-28,15],[-10,-4],[-14,5],[-13,-5],[-15,7],[-27,-8],[-22,0],[-14,11],[-37,-28],[-31,-33],[-4,-19],[-18,-58],[-3,-41],[-10,-29],[-11,4],[-32,22],[-19,1],[-37,-9],[-29,-23],[-29,-28],[-19,-27],[-28,4],[-44,22],[-26,7],[-37,-3],[-36,-36],[-16,-3],[-20,6],[-15,12],[-11,14],[-24,-5],[-9,-33],[-12,-14],[-35,-12],[-29,-21],[-39,-4],[20,-29],[11,-33],[7,-56],[1,-56],[8,-51],[5,-19],[-2,-18],[7,-22],[1,-22],[5,-15],[-1,-52],[-4,-18],[-24,3],[-51,-22],[-11,-7],[-15,-25],[-9,-22],[-22,-33],[-7,-36],[-10,-14],[-23,-22],[-33,-6],[-25,1],[-6,-5],[-1,-22],[5,-56],[-12,-32],[-40,-70],[-11,-7],[-31,-39],[-6,-51],[-16,-19],[-27,-10],[-27,-5],[-21,-17],[-25,-67],[-6,-28],[-13,-26],[-27,-23],[-9,-20],[-27,-7],[6,-10],[-16,-36],[-7,-40],[3,-35],[-1,-12],[14,-38],[5,-42],[-25,-95],[-31,-42],[-21,-23],[-25,3],[-18,-8],[-15,8],[-41,10],[-29,-17],[-11,-21],[-25,-12],[-16,-16],[3,-38],[5,-25]],[[32204,49544],[-10,-15],[-21,-19],[-34,-4],[-6,10],[-28,9],[-23,2],[-34,-7],[-13,6],[-12,19],[-41,16],[-23,26],[-35,-33],[-47,-9],[-14,-6],[-31,-34],[-20,-9],[-34,22],[-25,28],[-10,26],[-9,3],[-22,-2],[-17,30],[-7,39],[-53,25],[-17,25],[-16,5],[-27,-2],[-24,12],[-19,20],[-30,58],[-2,24],[-8,29],[-19,57],[-6,1],[-20,45],[-28,33],[-17,34],[-1,14],[-12,29],[1,28],[-21,45],[0,19],[-17,51],[6,19],[-7,22],[-3,23],[-15,25],[-12,3],[-24,-15],[-25,-11],[-24,-22],[-13,-16],[-18,10],[-22,-18],[-29,2],[-30,9],[-26,-1],[-23,-26],[-9,-47],[1,-29],[9,-26],[20,-45],[-2,-67],[-12,-21],[-6,-55],[-13,0],[-9,-19],[-28,-18],[-7,-9]],[[29730,59167],[923,-19],[470,-9],[414,-6],[403,-14],[188,-6],[381,-10],[47,-2],[348,-8],[135,-6],[14,-6],[65,6],[27,-2],[16,6],[58,-3],[61,4],[162,-16],[64,0],[85,9],[261,2],[162,-9],[199,5],[151,0],[321,-4],[1119,-1],[35,3],[503,2]],[[36342,59083],[123,1],[160,-13],[896,2]],[[17178,10214],[24,-6],[32,-16],[11,-19],[9,-69],[21,-34],[9,-7],[-7,-78],[-19,-75],[26,2],[83,1],[9,-3],[21,-39],[27,-68],[12,-19],[13,-6],[22,29],[9,-25],[18,-35],[23,-31],[4,-13],[16,-24],[8,-28],[15,-26],[11,-13],[31,-25],[25,-1],[20,-26],[22,-17],[10,-21],[23,-24],[24,-32],[37,-26],[21,-1],[13,-19],[10,-8],[33,-17],[31,-5],[17,-25],[14,-11],[9,-19],[6,-29],[7,-17],[27,-31],[21,-16],[51,11],[28,23],[16,3],[36,25],[19,28],[12,26],[13,50],[7,59],[-1,45],[2,26],[9,18],[40,62],[48,54],[82,56],[30,13],[62,7],[28,8],[33,20],[58,44],[28,28],[14,24],[32,62],[27,18],[7,14],[59,85],[41,-1],[44,6],[27,-5],[-45,-74],[-29,-59],[-18,-63],[-2,-39],[-7,-35],[-8,-13],[-15,-7],[-8,-18],[0,-21],[-17,-28],[-6,-21],[0,-19],[-11,-54],[-1,-23],[4,-20],[18,-48],[8,-64],[-4,-11],[-3,-49],[2,-13],[27,-44],[6,-14],[6,-48],[6,-26],[6,-11],[15,-5],[2,-26],[-1,-46],[6,-12],[12,-8],[1,-30],[5,-28],[-1,-32],[23,-30],[10,-22],[6,-30],[1,-33],[8,-39],[-1,-33],[19,-21],[13,-42],[11,-19],[13,-8],[17,-34],[9,-39],[9,-27],[20,-31],[5,-14],[24,-5],[13,-13],[11,-35],[18,-1],[14,5],[10,-4],[5,-16]],[[16157,16139],[3,-23],[-4,-41],[6,-21],[14,-72],[8,-2],[1,-25],[-5,-13],[2,-24],[-9,-49],[6,-12],[-12,-15],[-7,-21],[0,-18],[-11,-25],[9,-12],[-12,-15],[-5,-26],[7,-25],[-2,-15],[-10,-20],[-7,-32],[-11,-12],[-4,-31],[3,-24],[-8,-21],[-4,-27],[6,-26],[3,-41],[-2,-19],[6,-22],[0,-15],[-14,-20],[4,-35],[-15,-20],[5,-28],[-17,-27],[-4,-22],[9,-37],[-5,-28],[-17,-25],[-20,-11],[-3,-36],[-6,-20],[-16,-35],[-1,-14],[-13,-26],[2,-20],[-4,-24],[6,-14],[11,0],[-3,-22],[-22,-10],[-16,-14],[-10,-35],[1,-23],[-11,-33],[4,-24],[-7,-29],[1,-21],[7,-14],[-4,-21],[-13,-6],[-9,-15],[-21,-61],[3,-29],[-12,-19],[-1,-25],[11,-23],[20,-8],[9,-27],[3,-18],[-3,-17],[-10,1],[-9,-16],[-22,-13],[-15,-23],[-19,-22],[-15,-32],[-3,-26],[-15,-11],[-37,3],[-11,-28],[11,-30],[17,-12],[4,-38],[29,-59],[19,-22],[-6,-38],[-20,-29],[-14,-37],[-3,-30],[4,-28],[-1,-19],[5,-48],[7,-25],[13,-13],[14,-23],[22,-18],[24,-9],[14,-35],[1,-28],[12,-26],[0,-29],[-8,-20],[-14,-20],[0,-14],[12,-30],[2,-47],[4,-19],[0,-23],[-5,-23],[2,-46],[8,-29],[24,-39],[5,-22],[-2,-23],[23,-55],[5,-37],[-8,-60],[15,-26],[-6,-25],[7,-50],[5,-11],[17,-21],[21,-17],[12,-24],[2,-17],[-11,-17],[10,-23],[8,-7],[9,-19],[16,-15],[41,-16],[14,1],[16,-26],[12,5],[16,-4],[18,-19],[27,-9],[24,-31],[9,-46],[9,-8],[22,-6],[12,-16],[-5,-40],[16,-9],[15,-14],[10,-22],[5,-28],[6,-10],[15,2],[23,-35],[2,-27],[13,-30],[12,-11],[32,3],[15,-14],[1,-57],[5,-11],[23,5],[13,-2],[14,-34],[28,-36],[32,-23],[12,18],[10,5],[10,-7],[-2,-24],[5,-22],[11,-14],[32,-2],[30,11],[16,0],[7,-7],[9,-43],[21,-24],[17,2],[5,-10],[-5,-26],[7,-24],[12,-25],[0,-25],[23,-23],[-1,-22],[16,-8],[10,20],[15,-3],[-1,-24],[-12,-39],[5,-15],[15,4],[8,-5],[8,-20],[-3,-23],[-8,-18],[6,-13],[23,4],[14,-3],[11,-14],[-14,-40],[3,-12],[12,-9],[32,21],[14,-8],[-1,-27],[2,-18],[10,-26],[-7,-46],[4,-18],[28,-12],[18,-32],[-10,-24],[0,-36],[7,-8],[18,0],[10,-13],[11,-28],[2,-23],[-17,-11],[-3,-13],[10,-16],[20,-22],[9,-38],[11,-23],[-1,-38],[-14,-26],[13,-9],[15,6],[10,-9],[14,-18],[5,-39],[7,-18],[16,-26],[10,-64],[9,-17],[14,0],[1,-22],[-5,-35],[5,-17],[10,-16],[11,-37],[3,-40],[-2,-27],[17,-48],[3,-23],[7,-25],[7,-7],[-34,-168],[5,-215],[-18,-80],[-7,-42],[-4,-58],[2,-50],[-7,-66]],[[17178,10214],[-16,-103],[-1,-73],[-15,-72],[-43,-264],[-18,-202],[-9,-149],[-1,-108],[8,-59],[-6,-216],[-4,-197],[-2,-138],[-15,-103],[-7,-29],[9,-11],[36,-7],[32,3],[14,-16],[12,0],[22,-16]],[[31340,55237],[2,38],[27,-17],[26,-11],[20,-2],[85,3],[7,-6],[2,-49],[9,-12],[7,33],[1,36],[-3,20],[4,30],[-7,36],[-7,5],[-6,30],[-13,28],[9,11],[21,-20],[21,-2],[30,12],[22,-15],[15,-18],[7,-17],[4,-34],[13,2],[-7,21],[-13,62],[-8,14],[2,56],[-31,83],[-22,46],[11,9],[2,27],[59,-29],[2,73],[42,-37],[-2,37],[14,-3],[5,14],[17,-5],[40,30],[55,26],[15,15],[25,1],[26,-27],[19,-7],[18,-18],[48,-4],[49,15],[42,-7],[13,-33],[15,-5],[12,-14],[30,-6],[16,5],[25,-32],[18,-55],[8,-17],[11,-31],[0,-29],[5,-16],[15,-24],[36,-49],[28,-33],[18,0],[-1,-17],[-21,-36],[-15,-11],[-6,-13],[3,-22],[-2,-18],[3,-20],[-1,-35],[-21,-29],[-34,-12],[-10,-10],[17,-16],[13,-1],[-6,-27],[14,-23],[-1,-41],[-22,11],[-25,7],[-16,-5],[-22,-27],[7,-20],[3,-32],[23,-14],[11,-17],[13,-12],[18,1],[6,-23],[19,10],[-6,-26],[1,-19],[19,26],[12,-1],[14,-16],[21,-9],[18,-3],[23,6],[19,26],[21,12],[15,34],[14,11],[22,-23],[17,-10],[12,5],[17,-1],[13,8],[51,-3],[3,-14],[20,-6],[15,-20],[1,-40],[8,-26],[15,-21],[11,3],[13,-14],[4,-33],[-5,-20],[22,-19],[26,1],[7,-20],[12,-6],[9,-13],[8,-27],[10,7],[21,37],[16,-3],[7,-45],[10,-14],[-6,-37],[0,-34],[-11,-60],[8,-28],[20,-20],[-8,-37],[5,-7],[17,-3],[5,-10],[-2,-32],[18,-9],[-3,-15],[-13,-7],[-41,-10],[-25,-22],[-12,-28],[-12,1],[-2,23],[-18,8],[-22,-19],[-17,-9],[-14,4],[-17,-7],[-26,3],[-10,-24],[-9,-5],[-9,-22],[-9,-11],[-19,-5],[-9,-9],[-20,2],[-27,-3],[-9,-18],[-15,-10],[-12,-42],[-43,-23],[-48,-8],[-9,110],[-6,25],[-5,30],[-8,19],[-18,22],[-7,44],[-34,40],[-7,22],[-1,25],[-23,29],[-13,7]],[[16959,6754],[-13,9],[-12,-65],[3,-32],[7,-29],[2,-29],[9,-30],[2,-28],[5,-14],[16,-2],[18,18],[26,13],[15,-6],[8,-30],[5,-34],[15,-19],[47,-8],[12,-5],[8,-16],[-20,-33],[-5,-20],[-1,-64],[-18,-46],[-6,-21],[-3,-81],[-10,-34],[-13,-23],[-10,-32],[-11,-29],[9,-15],[9,4],[51,7],[12,21],[31,36],[-10,-31],[-19,-46],[-10,-14],[-18,-14],[-4,-11],[19,-23],[9,2],[28,16],[47,36],[-48,-57],[5,-25],[-8,-17],[1,-28],[16,-86],[14,2],[21,19],[17,23],[16,9],[17,24],[-2,-22],[-23,-44],[-34,-57],[25,-63],[14,-2],[13,15],[21,-7],[16,5],[7,15],[7,-2],[12,-32],[-3,-13],[-16,-25],[-8,-20],[-18,-23],[1,-17],[8,-15],[16,-42]],[[17172,5546],[-12,53],[-3,33],[-8,24],[-12,22],[-17,19],[-24,20],[-21,10],[-34,3],[-21,7],[-9,8],[-10,37],[-1,29],[2,50],[-3,21],[-11,20],[-9,28],[-3,25],[-1,68],[-40,-12],[-146,132],[-135,116],[-92,-3],[-19,-14],[-47,-19],[-11,-2],[-18,39],[-15,17],[-18,10],[-10,18],[-14,36],[-21,20],[-22,-1],[-12,21],[-43,50],[-11,39],[5,14],[15,21],[-17,10],[-8,-15],[-14,-8],[-24,14],[-58,22],[-15,32],[-5,29],[-1,30],[-10,21],[17,45],[8,14],[2,36],[18,43],[10,15],[-1,10],[9,19],[24,7],[68,50],[17,11],[38,19],[24,8],[-16,15],[-13,43],[-14,-36],[-10,2],[-9,-14],[-37,-12],[-26,-2],[0,9],[17,5],[-2,51],[4,23],[-5,16],[28,-6],[21,12],[5,20],[-10,7],[-19,-7],[-13,2],[-5,9],[-11,36],[-7,8],[-17,-7],[-11,15],[7,19],[-1,15],[-25,22],[-41,-27],[-28,11],[-22,30],[-4,12],[1,53],[19,15],[10,28],[7,8],[6,21],[-4,19],[-11,26],[-11,6],[-15,-8],[-18,5],[-5,15],[-17,31],[8,9],[-11,15],[7,22],[-3,9],[12,28],[-13,48],[5,3],[26,-21],[15,-32],[11,-34],[5,3],[9,23],[9,-2],[6,-19],[17,6],[24,-58],[9,-5],[14,15],[14,-3],[21,15]],[[32231,54483],[-13,-20],[-10,6],[-20,-12],[-15,1],[-18,13],[-17,-6],[-23,16],[-21,11],[-26,38],[-27,33],[-37,30],[-12,31],[-23,41],[-14,29],[-8,-11],[-9,-61],[-5,-7],[-9,-45],[12,-16],[-9,-409],[16,-72],[-12,2],[-25,-19],[-15,12],[-26,13],[-3,18],[-12,26],[3,39],[-3,15],[2,25],[-4,33],[-16,14],[-6,25],[6,28],[-3,50],[-20,7],[-2,19],[-11,39],[-1,14],[-11,13],[-53,48],[-30,34],[-28,20],[-9,-29],[-32,-27],[-5,12],[-31,-36],[-15,-12],[-11,-21],[-25,-60],[-3,-58],[6,-38],[-1,-16],[-27,-106],[-2,-15],[3,-53],[-1,-18],[-30,-75],[-5,-26],[-1,-31],[5,-17],[22,-132],[2,-61],[9,-18],[5,-30],[-2,-44],[5,-20],[-2,-21],[3,-23],[-1,-41],[13,-22],[8,-51],[1,-26],[-5,-29],[3,-51],[4,-44],[-3,-31],[-10,-39],[-23,-47],[-5,-2],[-7,-27],[-19,-13],[-19,-23],[-22,-20],[-21,-16],[-18,-8],[-5,-18],[-16,-5],[4,-16],[-4,-28],[-15,-7],[-9,-12],[1,-29],[-6,-25],[5,-29],[-5,-17],[3,-13],[-1,-47],[-6,-17],[0,-44],[-6,-41],[1,-16],[-3,-68],[-5,-30],[-8,-24],[-11,-18],[-32,-74],[-22,-35],[6,-36],[-3,-18],[0,-26],[-7,-23],[-4,-38],[2,-38],[-10,-30],[-19,-23],[-1,-13],[-14,-46],[0,-25],[-6,-4],[-2,-26],[-8,-11],[-12,-42],[1,-25],[-9,-13],[3,-11],[-7,-24],[-13,-4],[-23,-32],[-3,-21],[-8,-29],[-17,-26],[2,-32],[5,-25],[-20,-9],[0,-18],[-16,-16],[-2,-29],[-6,-4],[2,-24],[-11,-20],[-5,-26],[-7,-10],[-4,-33],[-13,-45],[6,-50],[-1,-13],[5,-20],[1,-43],[-8,-23],[8,-15],[-11,-18],[-8,-24],[1,-21],[-7,-17],[8,-11],[-7,-14],[9,-26],[-6,-11],[-8,-38],[10,-19],[-8,-19],[3,-20],[-14,-32],[-8,-4],[-5,-29],[-7,-19],[11,-14],[5,-19],[-5,-11],[3,-25],[-1,-46],[12,-54],[-3,-25],[-2,-68],[-20,-56],[-14,-14],[8,-52],[-3,-36],[7,-15],[-3,-44],[-9,-28],[-1,-15],[-11,-22],[3,-26],[-16,-21],[-14,-33],[-11,-33],[0,-34],[-27,-60],[-29,-61],[-3,-26],[-10,-31],[14,-28],[-6,-21],[16,-14],[15,-20],[24,-24],[9,-15],[18,-74],[26,-22],[11,-20],[20,-6],[7,-7],[19,-127]],[[31031,49862],[-23,-26],[-10,-24],[-25,7],[-11,8],[-61,0],[-11,-17],[-11,-6],[-6,-14],[-39,14],[-31,30],[-17,12],[-15,18],[-35,-11],[-42,4],[-10,-3],[-9,8],[-16,4],[1,31],[7,31],[-11,15],[-1,17],[-23,91],[-5,13],[-10,3],[-7,-16],[-19,-7],[-17,4],[-18,-9]],[[31496,55067],[41,-33],[93,-111],[38,-3],[19,7],[21,-1],[57,-20],[-8,-40],[186,-67],[-11,-57],[2,-4],[115,-41],[8,-4],[22,-24],[24,-62],[9,-12],[15,-8],[23,-2],[12,-10],[19,-24],[6,-13],[8,-34],[36,-21]],[[31340,55237],[19,-34],[24,-36],[18,-19],[58,-52],[37,-29]],[[31496,55067],[1,-19],[-4,-23],[-8,-25],[-12,-26],[2,-20],[-3,-29],[-9,-20],[-1,-27],[-8,-10],[-10,-49],[0,-19],[-11,-64],[4,-31],[-11,-13],[-16,-32],[-13,-33],[-16,-11],[-25,-33],[-9,-54],[-6,-15],[-12,-8],[-21,-23],[-21,-30],[-19,-41],[-31,-16],[-14,-44],[-7,-12],[-21,-19],[-8,-21],[-14,2],[-43,-30],[-14,-24],[-1,-25],[-20,-27],[-8,-16],[-10,-5],[-30,-47],[1,-20],[-10,-30],[-2,-24],[-21,-40],[-2,-19],[-7,-4],[-16,-27],[1,-21],[-18,-21],[-1,-12],[-16,-13],[-2,-11],[-12,-14],[2,-24],[-26,-40],[-34,-87],[-6,-24],[0,-22],[-12,-14],[-6,-37],[-9,-6],[-3,-19],[-11,-16],[-19,-2],[-2,-18],[-10,-16],[-7,-47],[-8,-21],[-4,-25],[1,-17],[-13,-11],[-12,-43],[-2,-22],[-7,-14],[-3,-43],[6,-16],[3,-27],[-17,-10],[1,-32],[-8,-9],[-8,-27],[-22,-30],[-5,-29],[-13,-13],[-4,-20],[-15,-10],[3,-26],[-14,-25],[-12,-7],[-2,-32],[-7,-17],[-3,-27],[4,-20],[-8,-13],[-14,-34],[3,-16],[-8,-22],[-6,-43],[-15,-32],[11,-16],[-16,-5],[-21,-21],[5,-37],[-8,-20],[2,-44],[-9,-24],[-14,-54],[-31,-46],[6,-14],[3,-25],[5,-6],[-3,-30],[8,-26],[-9,-46],[-8,-18],[1,-10],[-12,-54],[4,-18],[-3,-19],[-8,-8],[-3,-27],[-8,-4],[-4,-37],[-9,-23],[-9,-9],[-7,-22],[1,-10],[-6,-42],[1,-18],[-7,-15],[2,-36],[-11,-42],[-7,-13],[0,-16],[-20,-42],[-13,-15],[-2,-28],[-6,-14],[8,-20],[-3,-46],[-10,-21],[-2,-33],[-14,-31],[-5,-33],[-1,-34],[4,-15],[-5,-24],[5,-13],[-16,-47],[-1,-35],[-13,-7],[2,-16],[-10,-12],[1,-13],[-11,-21],[17,-12],[-9,-48],[2,-4],[-14,-53],[-4,-30],[4,-34],[1,-39],[7,-11],[-8,-33],[-15,-20],[1,-32],[-4,-15],[-4,-35],[4,-58],[-1,-27],[-7,-21],[5,-9],[-4,-21],[-38,-37],[1,-29],[8,-30],[-1,-58],[11,-44],[22,-46],[4,-25],[10,-8],[10,-22],[5,-27],[13,-20],[-4,-25],[1,-35],[-3,-24],[39,-47],[14,-7],[20,4],[21,-21],[16,-47],[-11,-17],[-5,-21],[11,-21],[11,-8],[6,-20],[15,-13],[13,-27],[19,-20],[22,0],[26,-50],[6,-17],[8,-1],[19,-51],[-5,-25],[-13,-12]],[[30556,50039],[-35,-8],[-52,51],[-26,17],[-72,66],[-22,10],[-42,8],[-31,20],[-10,33],[-29,21],[-10,21],[-9,9],[-23,41],[-32,46],[-24,37],[-20,9],[-32,-2],[-19,26],[-19,21],[-60,1],[-12,-13],[-30,-15],[-13,3],[-25,20],[-30,9],[-25,18],[-5,35],[13,53],[-11,25],[-5,31],[4,33],[11,55],[3,42],[-5,26],[-37,31],[-6,1],[-10,-23],[-44,-23],[-38,-3],[-33,18],[-22,8],[-27,21],[-17,-3],[-18,-7],[-86,11],[-27,24],[-21,23],[-52,25],[-15,12]],[[29406,50903],[-11,37],[-36,80],[-31,85],[27,12],[4,18],[15,37],[9,32],[-1,45],[14,32],[26,31],[25,19],[27,7],[23,9],[5,48],[1,39],[-8,28],[-17,48],[3,38],[11,24],[14,0],[27,19],[11,17],[2,45],[-8,72],[-22,54],[-8,35],[-75,-27],[-39,-7],[-52,64],[-12,30],[-23,28],[-17,6],[-16,31],[-5,26],[-30,58],[-21,35],[-8,25],[-13,23],[-2,15],[-22,34],[-28,27],[-12,5],[-27,41],[-11,7],[-23,44],[-6,5],[-50,17],[-31,17],[-8,-1],[-43,25],[-12,38],[-23,1],[-35,25],[-21,5],[-10,7],[-21,29],[-41,74],[-14,14],[-44,30],[-20,27],[-18,38],[-17,21],[-17,47],[-14,15],[-11,37],[-3,21],[-21,37],[-30,6],[-13,10],[-11,-2],[-45,20],[-19,40],[-20,46],[-3,26],[-20,30],[-25,29],[-184,2],[-432,-2],[-229,-1],[-1291,1],[-730,-3],[-214,1],[14,15],[-5,39],[-14,32],[-3,17],[7,20],[-2,10],[-16,13],[-22,10],[8,35],[16,14],[2,33],[-9,19],[-19,48],[-9,44],[-2,24],[6,28],[-10,53],[-16,24],[-7,46],[-36,48],[-20,56],[-24,20],[-10,41],[1,22],[-13,55],[-6,54],[1,51],[-8,17],[-41,44],[-18,12],[-45,-25],[-10,-1],[-13,28],[-35,12],[-18,17],[-15,24],[-19,17],[-9,24],[-32,38],[-23,47],[-17,19],[-25,17],[-43,12],[-18,-3],[-26,3],[-21,-9],[-28,-2],[-35,14],[-16,0],[-33,14],[-28,30],[-13,35],[-22,-2],[-25,-10],[-18,-4],[-17,1],[-22,11],[-18,15],[-37,20],[-60,60],[-18,15],[-6,69],[-20,28],[-26,54],[-20,55],[-9,47],[-4,34],[-22,7],[-23,16],[-10,14],[-23,48],[-3,17],[-15,43],[-7,35],[-21,16],[-25,27],[-23,37],[-19,36],[-36,31],[-17,27],[-11,30],[-1,15],[8,82],[-20,53],[-2,28],[3,19],[-15,11],[-11,22],[-6,19],[9,21],[2,25],[14,42],[13,28],[5,30],[0,25],[6,24],[5,58],[-5,26],[5,49],[-14,18],[-5,19],[-5,34],[-1,33],[9,30],[-17,40],[-2,18],[14,46],[7,27],[19,51],[11,24],[60,45],[-5,25],[-28,19],[-21,32],[-8,26],[-1,65],[-10,16],[-19,16],[-25,12],[-40,6],[-26,10],[-6,22],[-18,33],[-5,4],[-22,-3],[-19,2],[-16,9],[-20,42],[-6,68],[-30,22],[-2,10]],[[23211,59180],[60,0]],[[23271,59180],[206,-1],[60,1],[463,-4],[283,3],[115,-2]],[[24398,59177],[409,-5],[166,7],[6,-1],[222,0],[511,2],[72,0],[22,-4],[485,0],[33,-1],[128,1],[12,-1],[444,1],[653,2],[16,1],[158,-2]],[[27735,59177],[298,1],[131,0],[229,3],[75,1],[35,-5],[8,4]],[[28511,59181],[37,2],[116,-3],[194,0],[10,1],[155,-1],[319,-6],[388,-7]],[[29730,59167],[1,-324],[6,-175],[-19,-28],[-10,-6],[-8,-15],[-15,-12],[-11,-18],[-20,-19],[-14,-37],[-4,-17],[-10,-16],[2,-17],[-5,-36],[3,-25],[-4,-44],[11,-68],[16,-5],[21,-18],[31,-12],[39,-2],[33,-14],[18,11],[41,-13],[23,6],[28,-21],[26,-5],[19,-8],[25,-20],[15,8],[22,-2],[19,-10],[19,7],[7,-3],[23,-28],[22,-14],[20,-27],[14,-23],[13,-60],[19,-15],[17,-37],[33,-28],[11,-16],[4,-18],[11,-22],[19,-13],[2,-12],[-1,-38],[4,-16],[12,-10],[2,-78],[8,-28],[16,-24],[10,-19],[8,-39],[15,-46],[17,-42],[25,-38],[25,-21],[56,-34],[18,-21],[55,-75],[17,-17],[62,-36],[10,-8],[33,-45],[26,-30],[21,-32],[39,-49],[19,-29],[95,-148],[27,-40],[13,-24],[6,-18],[26,-117],[40,-215],[6,-5],[12,-75],[18,-85],[20,-109],[9,-62],[9,-28],[12,-28],[14,-48],[8,-16],[24,-35],[10,-19],[27,-74],[16,-30],[32,-35],[17,-29],[-6,-22],[9,-35],[-3,-32],[-15,-33],[-8,-46],[6,-40],[-18,-15],[-17,-26],[-20,1],[-10,-5],[-20,5],[-18,-14],[-20,-9],[-23,14],[-15,-1],[-15,-23],[-16,-51],[2,-20],[0,-46],[10,-33],[-7,-31],[-9,-19],[1,-14],[-6,-13],[-5,-39],[12,-13],[20,50],[7,9],[26,19],[12,32],[13,8],[8,13],[5,22],[8,6],[21,6],[29,20],[16,20],[13,38],[13,21],[8,3],[18,-13],[8,-13],[42,-116],[8,-33],[14,-40],[3,-20],[4,-53],[8,-33],[17,-46],[17,-10],[7,2],[25,24]],[[16286,7429],[20,33],[41,56],[18,34],[40,46]],[[16871,7177],[-22,21],[-15,-8],[-30,-44],[-13,9],[-26,-45],[-14,-43],[-13,-22],[-20,-46],[-6,6],[1,37],[-7,12],[-11,0],[0,-92],[-7,1],[-2,40],[-27,3],[-4,4],[-2,88],[-3,9],[-20,25],[-19,34],[-23,32],[-25,40],[-21,29],[-12,32],[-22,50],[-42,63],[-27,8],[-38,16],[-22,3],[-21,8],[-72,-18]],[[59047,70675],[49,69],[36,59],[91,138]],[[42762,64460],[16,-20],[10,-20],[15,-52],[0,-24],[-14,-92],[4,-24],[13,-19],[28,-30],[13,-21],[6,-26],[9,-81],[14,-66],[19,-46],[44,-65],[60,-105],[15,-35],[8,-39],[0,-27],[-3,-33],[-14,-74],[-3,-26],[-6,-71],[-4,-26],[-35,-213],[-5,-60],[-24,-131],[-19,-137],[-9,-55],[-1,-28],[3,-28],[9,-42],[6,-73],[11,-130],[12,-82],[5,-51],[3,-151],[-9,-61],[1,-158],[16,-89],[10,-29],[23,-28],[8,-18],[2,-22],[0,-42],[7,-25],[17,-23],[10,-7],[37,-10],[11,-9],[10,-17],[16,-43],[2,-34],[-5,-38],[-7,-25],[-22,-36],[-5,-21],[-6,-39],[2,-22],[12,-70],[-3,-32],[-30,-89],[-4,-20],[2,-51],[-6,-29],[-24,-49],[-5,-22],[-11,-73],[-16,-56],[-6,-39],[4,-71],[-7,-93],[25,-10],[11,11],[40,-38],[27,0],[24,10],[32,-11],[25,2],[13,-7],[28,-2],[58,-27],[48,2],[12,-7],[32,-10],[27,0],[6,-11],[26,-6],[0,-12],[15,0],[15,-13],[17,-4],[4,-17],[17,-13],[5,-13],[14,-7],[34,-37],[12,-23],[11,-11],[9,-40],[42,-120],[8,-30],[5,-106],[-4,-34],[1,-38],[-4,-31],[-12,-47],[-9,-20],[-9,-36],[-19,-10],[-27,-27],[9,-173]],[[41067,65235],[-6,69],[6,22],[21,38],[3,47],[-4,66],[-3,25],[1,30],[-2,26],[3,48],[-6,58],[-1,36],[-10,72],[0,27],[18,42],[1,16],[-5,43],[-25,36],[-15,32],[-4,29],[5,42],[-2,30],[-29,85],[-10,44],[-20,24],[-11,50],[8,25],[-2,13],[-43,12],[-34,17],[-32,-36],[-26,-3],[-16,-16],[-38,9],[-13,22],[-23,11],[-36,31],[-64,10],[-15,21],[-22,-25],[-113,8],[-25,42],[-4,27],[7,30],[5,55],[-4,18],[-19,27],[-35,11],[-25,-11],[-12,-12],[-20,-29],[-20,-2],[-24,7],[-15,19],[-27,8],[-34,-5],[-8,19],[-40,63],[-23,41],[-8,29],[-1,30],[17,40],[3,38],[3,88],[-3,44],[5,63],[-23,-1],[-36,17],[-18,-8],[-40,1],[-28,-11],[-24,0],[-20,-29],[-17,5],[-34,20],[-27,4],[-11,-10],[-20,25],[-24,48],[-3,16],[2,41],[-3,22],[-34,29],[-11,26],[-13,11],[3,12],[-6,13],[15,27],[7,29],[-1,40],[5,30],[12,25],[6,28],[2,28],[-3,24],[-11,24],[-9,38],[-18,11],[-9,0],[-41,21],[-23,19],[-20,25],[-22,-34],[-11,-23],[-2,-15],[-13,-16],[-7,-19],[-21,-13],[-13,10],[-34,12],[-37,27],[-31,12],[-26,24],[-28,7],[-24,21],[-5,33],[-22,27],[-6,29],[-13,43],[0,40],[3,34],[-6,29],[-11,30],[-4,27],[4,16],[-20,23],[-17,50],[-8,31],[-15,-2],[-23,14],[-12,15],[-31,22],[-2,9],[-75,47],[-37,10],[-8,14],[-26,14],[-9,13],[-17,8],[-8,15],[-25,22],[-16,34],[-12,41],[-24,22],[-46,17],[-15,51],[-7,32],[-15,26],[-20,6],[-20,36],[-7,21],[-2,33],[1,28],[-13,16],[-10,21],[-6,39],[-7,23],[-13,31],[1,11],[-13,32],[-46,29],[-6,11],[-29,31],[-11,17],[-17,56],[1,34],[-4,27],[4,20],[-4,13],[-34,-23],[-9,0],[-27,-17],[-10,1],[-23,-15],[-19,-32],[-18,-42],[0,-12],[-9,-22],[-13,-5],[-17,13],[-44,7],[-12,-8],[-16,-3],[-15,-19],[-30,7],[-15,17]],[[38392,68822],[-15,20],[-29,47],[-15,4],[-15,21],[-22,46],[-18,27],[-8,25],[-4,42],[-6,5],[-43,7],[-23,8],[-10,32],[-24,28],[-26,16],[-29,27],[-4,29],[-2,31],[-16,24],[-7,33],[-50,127],[2,24],[15,81],[14,77],[4,57],[-6,29],[-19,26],[-28,26],[-29,20],[-36,-12],[-1,16],[4,24],[12,25],[-2,31],[-7,46],[-14,20],[-47,53],[-8,28],[5,74],[-2,71],[-12,47],[-61,92],[-14,39],[-6,40],[-13,54],[-14,66],[-17,29],[-7,43],[7,40],[-6,44],[-16,33],[5,24],[-2,23],[-9,18],[-17,18],[-18,33],[-51,120],[-15,48],[-12,45],[-45,36],[-21,68],[-5,33],[10,25],[20,39],[-2,51],[-11,42],[-20,89],[-19,58],[-46,96],[-33,75],[-4,21],[3,15],[-17,107],[-7,68],[1,21],[8,28],[1,27],[-3,33],[13,14],[9,23],[18,31],[43,51],[-16,83],[-4,41],[12,199],[-8,82],[-22,80],[2,57],[9,38],[-6,87],[-19,59],[-16,33],[-15,17],[-32,21],[-43,38],[-15,46],[-1,21],[16,40],[17,20],[18,30],[18,23],[15,13],[4,16],[-5,22]],[[37407,73110],[382,-4],[177,-4],[-3,-264],[115,-2],[2,-2],[87,4],[79,-9],[116,5],[73,-3],[268,2],[72,-2],[174,1],[451,5],[-3,124],[71,-2],[259,-54],[279,-49],[10,-17],[1,-14],[10,-11],[38,-8],[14,0],[17,-25],[30,-60],[36,-51],[26,-11],[12,-24],[37,-55],[14,-24],[29,-25],[16,-22],[-3,-23],[27,-47],[4,-36],[20,-76],[12,-25],[48,-63],[9,-32],[6,-10],[33,-15],[4,-30],[16,-29],[0,-43],[15,-36],[20,-38],[18,-25],[21,-21],[17,-6],[21,-3],[50,-1],[21,-17],[4,-34],[-2,-34],[17,-45],[14,-19],[14,-29],[6,-37],[15,-17],[5,-14],[1,-47],[-3,-29],[14,-36],[12,-14],[61,-59],[11,-18],[5,-17],[17,-22],[13,-6],[37,-30],[56,-48],[14,-26],[19,-22],[41,-26],[5,-7],[10,-32],[13,-28],[11,-13],[17,-7],[25,-26],[18,-8],[14,7],[0,-37],[9,-19],[11,-9],[32,-7],[18,13],[19,-28],[17,-15],[49,-4],[21,-5],[17,-15],[38,-16],[46,-25],[20,-13],[31,-28],[9,-3],[40,1],[38,-3],[14,15],[43,76],[21,13],[48,4],[44,13],[25,-5],[36,-23],[23,-25],[16,-7],[14,-36],[24,-34],[15,-40],[6,-43],[14,-21],[27,-53],[5,-18],[26,-26],[9,-14],[22,-7],[9,-10],[16,-31],[21,-25],[37,-70],[14,-16],[14,-40],[19,-25],[15,-14],[42,-25],[13,-35],[46,-55],[21,-40],[33,-43],[11,-31],[11,-44],[7,-13],[13,-7],[36,-27],[35,-33],[5,-17],[-3,-66],[23,-66],[2,-32],[-1,-30],[1,-46],[5,-12],[33,-43],[20,-12],[1,-6],[-16,-29],[-19,-67],[1,-16],[-11,-38],[6,-17],[12,-21],[14,-13],[19,-62],[35,-48],[8,-20],[10,-46],[13,-29],[8,-42],[20,-69],[2,-26],[-2,-47],[2,-20],[19,-68],[21,-31],[8,-26],[13,-11],[15,-22],[10,-47],[-2,-54],[-11,-25],[3,-32],[-7,-49],[2,-13],[14,-17],[12,-23],[27,-14],[-17,-22],[-1,-19],[-7,-27],[-13,-18],[11,-37],[1,-19],[45,-114],[16,-19],[4,-29],[-2,-15],[-10,-20],[1,-39],[6,-9],[-5,-41],[2,-32],[13,-60],[15,-49],[-9,-63],[2,-39],[9,-23],[18,-20],[4,-35],[6,-5],[44,-1],[23,3],[24,-4],[13,-6],[10,-26],[31,-25],[15,-2],[9,-32],[17,-23],[18,-18],[11,-28],[39,-71],[2,-40],[-4,-21],[5,-50],[16,-52],[13,-27],[15,-18],[7,-18],[1,-35],[3,-66],[6,-54],[10,-22],[15,-42],[18,-23],[34,-31],[21,-25]],[[58082,70695],[-59,-8]],[[43216,67279],[6,-7],[-5,-30],[11,-10],[30,-18],[37,0],[25,-22],[55,-10],[37,-20],[7,2],[13,16],[39,18],[33,4],[14,-12],[13,-3],[14,-25],[11,-12],[33,-18],[60,-25],[76,85],[35,-13],[45,9],[63,60],[40,0],[83,48],[27,-28],[121,5],[155,109],[78,-157],[71,43],[59,50],[52,52],[39,71],[49,29],[22,-7],[7,14]],[[45525,62892],[-8,-6],[-32,17],[-23,31],[-19,19],[-24,41],[-16,50],[-3,29],[-16,38],[-14,18],[-25,9],[-23,0],[-25,-14],[-17,-24],[-24,-16],[-10,9],[-7,38],[-1,134],[22,174],[3,62],[4,41],[0,38],[-9,75],[-12,60],[-7,49],[-18,37],[-15,12],[-28,4],[-36,-2],[-43,-17],[-52,-34],[-47,-34],[-51,-43],[-34,-46],[-32,-49],[-36,-51],[-40,-43],[-50,-37],[-57,-25],[-65,-16],[-64,1],[-68,11],[-51,22],[-60,31],[-39,34],[-23,34],[-20,37],[-9,22],[-18,22],[-24,20],[-20,27],[-32,37],[-14,1],[-91,-59],[-24,-19],[-26,-38],[-37,-94],[-9,-34],[-15,-91],[-8,-17],[-15,3],[-12,34],[-24,25],[-27,13],[-19,30],[-41,94],[-16,24],[-21,23],[-31,24],[-45,-8],[-35,6],[-53,23],[-29,17],[-26,11],[-12,15],[-34,-26],[-30,-29],[-21,-29],[-13,-26],[-4,-23],[-11,-29],[-17,-10],[-6,3],[-12,27],[-19,33],[-31,78],[-11,43],[-7,40],[-6,58],[-8,23],[-13,28],[-13,11],[-26,10],[-12,24],[14,81],[11,35],[14,35],[2,17],[-4,31],[-29,94],[-16,37],[-32,10],[-34,-1],[-21,-34],[-19,-17],[-24,-15],[-14,-14],[-46,-29],[-31,-11],[-50,6],[-23,6],[-30,13],[-16,13],[-18,8],[-23,-2],[-4,18],[8,31],[0,25],[-54,165],[-23,65],[-21,50]],[[42691,65514],[57,85],[7,18],[-57,-2],[1,46],[3,14],[15,5],[1,57],[-18,19],[8,15],[0,16],[23,29],[37,24],[6,14],[27,22],[13,3],[32,13],[-11,37],[-1,16],[-8,23],[-23,3],[-2,20],[17,0],[14,-7],[14,4],[0,45],[-4,26],[1,23],[-13,68],[3,49],[-11,50],[7,20],[-8,34],[-2,22],[12,63],[7,25],[6,7],[5,24],[-27,10],[-4,22],[6,28],[20,44],[-26,36],[-10,39],[-20,40],[3,15],[45,16],[17,20],[17,-18],[10,2],[6,16],[12,8],[9,-15],[10,-4],[16,23],[34,67],[17,-32],[10,51],[19,-19],[13,13],[5,15],[9,51],[13,54],[2,28],[11,38],[13,20],[27,27],[2,13],[-2,36],[9,18],[15,52],[6,7],[27,9],[11,9],[14,42],[4,23],[14,24],[10,7]],[[41067,65235],[139,-69],[50,-10],[16,-14],[28,-13],[18,1],[20,21],[21,40],[17,38],[24,32],[27,16],[22,8],[26,23],[71,36],[4,26],[66,0],[69,-14],[30,13],[19,18],[18,7],[19,-35],[12,-12],[31,-17],[13,-25],[12,-11],[7,-22],[16,-20],[11,-3],[31,2],[31,-9],[35,1],[20,9],[10,-6],[35,6],[15,-3],[18,-51],[20,-20],[18,-6],[24,-4],[6,-19],[36,-6],[13,-9],[9,-15],[41,-14],[15,12],[6,23],[14,11],[-1,17],[5,22],[38,4],[14,10],[6,16],[14,7],[0,40],[39,-4],[19,11],[25,11],[22,17],[22,7],[17,10],[27,29],[25,48],[12,48],[2,17],[7,33],[15,12],[4,16],[-6,30],[0,17],[10,44],[37,-5],[16,-34],[10,-16],[4,31],[-2,38],[10,0],[9,-17],[19,-91],[2,-5]],[[42691,65514],[33,-69],[47,-91],[38,-107],[13,-83],[-1,-230],[1,-130],[-4,-122],[-9,-96],[-9,-62]],[[42800,64524],[-19,-35],[-19,-29]],[[42762,64460],[-15,6],[-15,-5],[-12,-10],[-74,-108],[-11,-12],[-16,-8],[-44,7],[-27,-7],[2,-14],[-9,-9],[9,-29],[-24,-10],[-46,-40],[-19,-8],[-18,-16],[-26,-54],[-31,-38],[-7,-25],[1,-26],[17,-44],[4,-16],[11,-26],[2,-36],[8,-28],[7,-59],[-4,-42],[2,-31],[-3,-12],[-3,-51],[-21,-43],[-18,-50],[-3,-55],[4,-17],[21,-27],[5,-12],[-8,-36],[-21,-27],[-12,-7],[-16,-23],[-9,-21],[-9,-10],[-26,-13],[-28,-4],[-20,6],[-11,-2],[-43,-18],[-27,-16],[-10,-17],[-4,-20],[-23,-11],[-19,-20],[-44,-20],[-16,-21],[-17,-29],[-16,-17],[-33,-15],[-13,-27],[-28,-21],[-23,0],[-64,-69],[67,-174],[29,-357],[51,-169],[19,-74],[19,-80],[31,-149],[21,-113],[18,-52],[14,-54],[-14,-35],[1,-43],[14,-43],[3,-28],[-33,-60],[-10,-41],[-6,-57],[-10,-34],[-1,-42],[-3,-23],[-2,-54],[2,-22],[23,-37],[-16,-32],[-3,-22],[5,-56],[8,-28],[22,-50],[13,-16],[-4,-10],[-44,-19],[-19,-15],[-27,-49],[-16,-42],[-21,-23],[-31,-48],[-14,-18],[-30,-30],[-25,-54],[-15,-31],[-10,-25],[-31,-53],[-11,-23],[11,-63],[-1,-31],[-12,-74],[-12,-109],[-11,-68],[-9,-36],[-13,-31],[2,-72],[-5,-46],[-26,-34],[-29,-14],[-15,-11],[-18,-22],[-29,-15],[-24,-9],[-10,-13],[-6,-19],[-3,-42],[7,-60],[14,-67],[2,-51],[5,-41],[5,-126],[7,-40],[3,-55]],[[40652,59516],[-1,10],[-16,26],[-29,29],[-8,13],[1,34],[32,54],[20,18],[32,44],[21,24],[29,126],[-3,28],[-16,30],[-84,102],[-47,59],[-14,6],[-8,11],[5,25],[-11,17],[-10,0],[-9,14],[-21,17],[-9,16],[-13,13],[1,15],[12,24],[-10,25],[-12,14],[-7,21],[-27,-1],[-19,18],[-45,15],[-45,26],[-5,16],[-13,18],[-9,23],[2,30],[-9,18],[13,25],[-1,59],[-6,16],[-31,84],[39,30],[33,16],[10,13],[10,26],[8,12],[3,42],[32,32],[-1,17],[-24,70],[-20,29],[-28,50],[-26,28],[-24,2],[-7,14],[-7,28],[-18,39],[-20,29],[-7,14],[-2,22],[-12,28],[-3,20],[-6,8],[-19,57],[5,51],[7,19],[-6,25],[-11,17],[-36,38],[-9,16],[-2,16],[-14,32],[-23,38],[-25,11],[-20,14],[-23,22],[-9,26],[-15,16],[2,62],[13,17],[3,18],[0,50],[-19,84],[3,60],[17,18],[3,32],[10,52],[-10,20],[0,11],[15,64],[29,68],[6,7],[8,32],[7,12],[-11,27],[-14,21],[-30,12],[-17,14],[-26,13],[-48,4],[-48,29],[-7,19],[12,21],[8,44],[19,52],[22,11],[24,6],[8,14],[16,12],[13,18],[23,47],[8,22],[10,56],[1,26],[17,56],[7,58],[-12,43],[-16,31],[-31,35],[-44,20],[-16,18],[-14,32],[-1,23],[6,80],[12,58],[3,26],[-2,28],[-17,68],[-1,24],[25,78],[15,27],[34,52],[10,53],[-1,36],[5,17],[19,37],[7,4],[36,-15],[13,0],[13,7],[13,17],[11,22],[23,29],[16,12],[20,25],[12,7],[19,-8],[6,-21],[-10,-20],[4,-27],[0,-25],[7,-26],[9,-18],[19,-15],[8,-21],[19,-22],[21,-31],[10,-20],[5,-34],[27,-79],[7,-12],[12,-38],[12,-16],[30,1],[22,11],[50,8],[18,-9]],[[40519,63306],[24,-15],[26,-2],[14,-24],[4,3],[1,57],[6,23],[-2,13],[7,18],[-4,44],[-15,84],[10,23],[14,46],[-9,42],[0,25],[11,44],[28,30],[52,19],[33,27],[17,-3],[30,4],[14,18],[7,47],[-6,39],[0,21],[18,37],[-1,20],[-7,6],[-25,8],[-28,-2],[-44,-1],[-28,11],[-23,53],[-19,32],[-8,24],[-3,25],[4,26],[-11,60],[-2,42],[4,40],[-7,33],[-19,43],[-12,9],[-29,14],[-7,22],[3,21],[16,69],[-1,50],[-3,30],[11,34],[33,86],[1,22],[-13,53],[2,40],[5,44],[20,104],[7,19],[4,32],[6,15],[12,14],[6,17],[18,20],[2,32],[4,13],[15,18],[36,31],[24,14],[42,-11],[22,-3],[28,-8],[51,-38],[64,-17],[10,-22],[7,13],[10,31],[27,43],[19,16],[28,33],[17,29]],[[58077,70856],[-5,150],[-3,31],[-22,182]],[[17174,8454],[40,0],[-9,66],[1,26],[40,19],[0,14],[23,-1],[6,-11],[2,-30],[11,-6],[14,2],[5,-12],[-8,-12],[-6,-25],[-8,-15],[-3,-23],[3,-12],[21,-6],[17,19],[9,4],[6,-16],[0,-64],[-3,-16],[-16,-22],[-5,-19],[7,-31],[17,-20],[1,-11],[-16,-5],[-9,-11],[-1,-22],[13,-17],[1,-19],[-8,-11],[-22,-1],[-10,12],[-15,-8],[-27,-49],[-8,-9],[-3,-41],[13,3],[12,-11],[24,18],[10,-1],[5,-24],[-10,-15],[0,-16],[5,-14],[2,-26],[-8,-28],[-16,-20],[-11,-7],[-23,-1]],[[16946,7562],[-29,8],[-27,-122],[-17,-81],[-7,9],[-2,24],[4,26],[-14,22],[-14,11],[-20,29],[-3,19],[-11,8],[-10,41],[10,37],[-47,0],[-7,-10],[-21,-1],[1,-41],[-3,-22],[-1,-34],[-21,2],[-24,-14],[-12,2],[0,-64],[-31,-13],[-17,29],[-25,21],[-21,38],[-57,116],[-50,-3],[-65,-1]],[[16405,7598],[35,67],[37,34],[6,23],[19,47],[36,35],[20,16],[-45,-2],[18,27],[16,7],[7,31],[8,6],[-4,59],[4,14],[-4,38],[3,35],[-12,35],[-17,23],[-19,4],[-29,-19],[-19,-4],[-12,8],[-14,34],[1,21],[7,35],[-1,25],[4,33],[-2,14],[-17,28],[-15,50],[-2,17],[-36,80],[12,-7],[36,-50],[100,-159],[12,-22],[15,-48],[22,-43],[13,-56],[5,-28],[18,-43],[27,-52],[11,-35],[35,-85],[24,-39],[37,-53],[41,-26],[23,3],[0,57],[18,-5],[47,5],[9,14],[36,38],[16,1],[0,126],[64,0],[0,92],[125,4],[0,-53],[24,19],[23,26],[22,34],[12,26],[9,48],[-6,57],[-5,24],[-10,0],[-1,57],[15,0],[-2,48],[-10,4],[-3,12],[12,10],[-3,35],[-8,43],[-12,29],[-7,27]],[[16871,7177],[5,-7],[22,8],[12,14],[4,12],[4,38],[5,21],[8,48],[4,41],[6,32],[8,10],[8,26],[0,43],[-11,99]],[[16946,7562],[17,-14],[31,-14],[9,38],[27,-13],[19,15],[2,17],[17,-8],[11,7],[23,-4],[28,0],[9,25],[-2,16],[-21,-8],[-29,0],[2,24],[-31,27],[-1,46],[3,6],[-3,28],[4,15],[24,26],[18,4],[26,-16],[9,-2],[12,10],[-5,22],[-18,21],[-3,32],[8,14],[20,9],[10,15],[9,2],[10,-11],[11,-1],[-1,40],[8,13],[12,3],[26,-17]],[[17237,7929],[6,-20],[11,-7],[14,1],[19,-7],[49,4],[21,4],[11,8],[39,-13],[13,-10],[32,-13],[7,-9],[4,-59],[13,-42],[-19,-4],[37,-41],[13,-10],[26,-27],[25,-64],[30,-108],[-49,-51],[-22,-26],[-33,-43],[-32,-32],[-10,-20],[-29,-31],[-16,-7],[-43,-47],[-17,-21],[-13,-10],[-26,-12],[-63,-78],[-56,-58],[-78,-137],[-69,-111],[-31,-78],[-18,-2],[-24,6]],[[16959,6754],[-10,31],[3,31],[6,26],[-8,20],[-8,55],[3,30],[15,27],[2,19],[18,24],[9,23],[-18,12],[-5,-32],[-21,-20],[-12,17],[-19,71],[-2,27],[3,18],[7,12],[17,16],[10,15],[11,6],[20,-4],[-11,73],[-30,-24],[-15,-29],[-19,-26],[-14,-12],[-18,-7],[-20,6],[18,18]],[[22219,55484],[0,-1931],[-1,-468],[1,-1414],[0,-3778],[1,-357],[-1,-731],[0,-1760]],[[22219,45045],[0,-2516],[-1,-741]],[[16326,45958],[10,5],[17,-3],[3,17],[15,16],[31,19],[4,9],[13,-4],[16,2],[30,20],[4,10],[28,45],[16,9],[12,-2],[10,22],[11,9],[28,-1],[18,11],[7,14],[15,-11],[9,31],[12,10],[11,47],[11,23],[39,47],[26,-3],[12,22],[3,28],[-2,17],[14,19],[14,10],[25,43],[-8,9],[9,25],[14,22],[10,3],[25,27],[2,9],[14,0],[6,21],[7,4],[9,-10],[54,37],[13,19],[3,15],[12,13],[5,27],[12,21],[38,28],[10,2],[13,20],[4,21],[15,6],[8,15],[20,15],[5,31],[22,20],[32,50],[-2,33],[9,20],[16,0],[13,13],[2,29],[10,1],[2,24],[21,21],[0,16],[15,5],[0,29],[17,23],[11,10],[14,2],[13,36],[7,33],[-3,13],[4,26],[18,16],[12,29],[-3,13],[11,13],[-4,26],[-2,36],[-8,7],[-6,34],[0,26],[5,30],[11,10],[10,31],[8,36],[-10,14],[0,27],[-13,0],[1,16],[14,8],[3,17],[2,46],[6,25],[-7,37],[7,47],[-4,28],[-16,33],[-11,85],[-1,44],[5,22],[0,30],[-14,64],[-12,35],[-22,27],[-25,54],[19,66],[35,59],[20,17],[13,19],[21,21],[10,20],[14,42],[11,17],[12,30],[-2,36],[-13,29],[2,33],[13,54],[20,26],[12,22],[37,16],[37,26],[10,24],[9,38],[5,42],[-4,51],[13,46],[5,27],[2,42],[5,44],[19,58],[18,11],[8,12],[13,41],[13,16],[20,50],[7,77],[12,43],[7,34],[18,42],[8,33],[26,55],[2,22],[18,49],[20,29],[29,56],[16,25],[15,29],[31,28],[31,44],[14,10],[20,39],[18,26],[21,42],[51,33],[14,17],[34,30],[18,7],[20,20],[8,22],[-5,41],[18,72],[7,12],[19,14],[27,-2],[26,34],[6,21],[18,29],[5,40],[16,35],[16,20],[9,17],[15,20],[23,16],[8,20],[-3,39],[-11,778]],[[19070,51678],[38,-31],[33,-43],[11,-26],[21,-17],[18,-21],[15,-9],[33,-2],[42,5],[38,-7],[35,-15],[21,5],[33,30],[45,34],[17,2],[24,-22],[22,-7],[26,-54],[21,-24],[7,-19],[14,-13],[9,-31],[13,-33],[22,-37],[14,-30],[9,-71],[54,-26],[32,-26],[36,-33],[22,-28],[26,-8],[62,-60],[11,-18],[18,-11],[8,-36],[2,-45],[7,-54],[8,-51],[38,-83],[-8,-55],[11,-59],[10,-71],[-1,-41],[-9,-32],[-34,-40],[-30,-19],[-36,-15],[-29,-15],[-33,-20],[-25,-32],[-4,-18],[1,-77],[-8,-24],[-6,-85],[4,-28],[-7,-21],[11,-35],[0,-10],[-13,-23],[14,-3],[16,-30],[-16,-26],[-7,-21],[-3,-30],[0,-37],[-9,-33],[-11,-23],[-12,-17],[-11,-27],[-1,-22],[-13,-48],[-19,-51],[-10,-20],[-21,-21],[-6,-39],[-4,-10],[-20,-17],[-13,-48],[-29,-68],[-12,-44],[22,-20],[2,-17],[11,-12],[13,-29],[18,-10],[10,-30],[5,-24],[13,-18],[35,-93],[30,-47],[16,-17],[51,-4],[14,1],[27,-15],[27,-26],[8,-24],[11,-5],[7,-18],[-716,15],[-246,6],[20,-414],[3,-23],[21,-74],[26,-35],[4,-20],[45,-29],[20,-10],[33,-64],[11,-15],[-3,-41],[15,-54],[0,-55],[-8,-57],[2,-42],[21,-12],[33,-11],[13,-12],[8,-16],[4,-18],[2,-52],[-2,-22],[6,-25],[5,-71],[14,-63],[0,-45],[-3,-63],[5,-24],[12,-34],[22,-50],[11,-48],[27,-48],[15,-57],[4,-22],[-10,-26],[2,-45],[-10,-42],[5,-22],[-2,-50],[5,-36],[-1,-31],[6,-38],[9,-29],[0,-30],[-4,-18],[-30,-33],[-9,-22],[1,-63],[-11,-29],[0,-20],[5,-19],[1,-26],[-10,-34],[-10,-25],[-5,-22],[4,-49],[21,-34],[-5,-19],[0,-22],[-10,-28],[-10,-11],[-13,-63],[-7,-15],[-1,-24],[-6,-19],[0,-47],[3,-43],[-3,-13],[2,-43],[3,-16],[-9,-44],[2,-30],[-5,-20],[1,-44],[9,-32],[32,-51],[28,-64],[4,-22],[41,-53],[9,-23],[18,-28],[18,-12],[20,-21],[14,-10],[12,-14],[26,-18],[10,-28],[18,-38],[1,-18],[12,-17],[0,-16],[8,-15],[15,-48],[-1,-13],[7,-32],[-10,-28],[-5,-33],[34,9],[11,18],[33,40],[14,12],[18,-17],[15,-2],[21,30],[33,5],[22,31],[13,4],[12,-5],[12,-14],[19,-3],[-31,-28],[-12,-20],[-5,-23],[-10,-83],[-3,-12],[-31,-48],[-7,-2],[-63,0],[-11,-7],[-20,-27],[-11,-22],[-5,-28],[-1,-65],[-3,-33],[35,-1],[66,-5],[15,-20],[7,-20],[29,-21],[51,0],[28,-9],[38,-35],[29,-19],[64,-5],[23,-10],[47,1],[31,-13],[38,-4],[26,-20],[27,-13],[15,-17],[30,-20],[44,-8],[63,-24],[85,126],[13,34],[17,121],[-2,17],[-17,58],[-1,16],[3,146],[6,8],[51,1],[11,-8],[42,3],[9,-4],[12,10],[1,28],[3,153],[129,4],[137,-7],[-2,-83],[5,-8],[45,-2],[1,14],[20,-33],[43,-46],[20,-32],[25,-28],[61,-35],[18,-5],[54,-7],[17,-15],[16,-32],[21,-18],[14,1],[18,-14],[39,-56],[34,-18],[4,-9],[4,-35],[5,-13],[31,-33],[20,-14],[9,-15],[2,-36],[5,-16],[13,-18],[16,-55],[16,-43],[25,-54],[37,-43],[18,-17],[22,-29],[22,-24],[10,-17],[13,-32],[9,-13],[11,-3],[58,5],[9,4],[23,20],[26,6],[25,-7],[19,7],[20,2],[43,-26],[22,15],[16,50],[22,18],[12,30],[25,31],[53,34],[5,28],[-4,27],[2,18],[22,31],[46,26],[23,4],[37,-34],[51,-34],[17,-1],[19,-7],[16,3],[6,15],[11,40],[23,37],[10,-2],[37,-27],[24,-2]],[[56463,84774],[0,-63],[-3,-74],[0,-92],[2,-19],[18,-60],[4,-23],[0,-30]],[[18714,5542],[-6,-23],[10,-51],[-7,-25],[17,-7],[7,-10],[-2,-17],[8,-13],[0,-13],[-16,-7],[-10,-22],[-14,-1],[-20,-18],[-5,-10],[-9,-39],[15,-23],[2,-13],[-7,-10],[0,-15],[11,-7],[17,0],[18,-10],[14,-2],[0,-14],[-15,-4],[-8,-11],[0,-19],[-11,-1],[-30,-20],[-10,-13],[5,-28],[7,-14],[13,2],[-1,-18],[-12,-10],[0,-32],[6,-20],[16,-36],[1,-15],[-8,-10],[4,-24],[12,-17],[-7,-10],[-8,10],[-8,-7],[4,-29],[-4,-17],[-9,-8],[-17,-31],[0,-14],[12,-21],[-26,-47],[20,-80],[3,-21],[-1,-35],[-4,-37],[7,-32],[11,-16],[21,-9],[157,-3],[196,0],[25,-8],[18,-18],[40,-52],[13,-9],[22,-4],[10,-29],[1,-110],[0,-182],[-2,-139],[1,-101],[1,-195],[-1,-209],[1,-101],[-8,-11],[-118,-2],[-104,0],[-19,-8],[-11,-17],[2,-224],[0,-113],[-29,-7],[2,-42],[-9,-44],[-12,-21],[0,-19],[16,-54],[20,-22],[11,-24],[-1,-59],[-15,-41],[-19,-24],[1,-34],[-13,-19],[-16,-30],[-2,-21],[2,-42],[14,-41],[4,-33],[-6,-57],[-15,-22],[-23,-18],[-20,-10],[-8,-15],[17,-22],[8,-4],[10,-19],[21,-22],[-8,-63],[14,-13],[13,-42],[5,-25],[11,-32],[11,-20],[12,-31],[13,-55],[26,-26],[17,-6],[17,-16],[8,-17],[-13,-26],[-12,-16],[2,-16],[-6,-8],[-8,-31],[2,-20],[16,-27],[18,-15],[-1,-45],[-5,-41],[2,-14],[-7,-31],[6,-11],[-7,-52],[-8,-13],[6,-15],[-2,-47],[-5,-2],[-11,-21],[-1,-41],[-4,-27],[2,-10],[-14,-13],[2,-15],[-13,-21],[-19,-13],[-9,-12],[-24,11],[-18,-1],[-3,-8],[-24,-7],[-8,-26],[-16,-18],[3,-15],[-18,-37],[4,-20],[0,-35],[-9,-7],[3,-31],[-5,-33],[0,-25],[10,-14],[-2,-12],[8,-14],[5,-32],[-4,-21],[23,-45],[7,-21],[10,-15],[8,3],[23,-33],[7,-26],[-13,-27],[18,-9],[24,-49],[10,-30],[-3,-16],[17,-17],[14,-2],[15,-31],[12,-3],[5,-37],[10,-9],[10,-24],[-2,-17],[8,-7],[2,-29],[14,-21],[4,-22],[13,-5],[17,2],[14,-5],[2,-22],[18,0],[10,-25],[16,-8],[15,-15],[-3,-20],[-8,-17],[14,-8],[11,-34],[16,-17],[1,-16],[12,1],[17,-38]],[[19202,189],[-4106,0],[-468,-6],[-1292,-4],[-31,-2],[-254,-2],[-351,-2],[-282,-2],[-115,0],[-199,-2],[-49,-1],[-503,-4],[-18,14],[-246,1],[-288,-1],[-4,-1],[-380,-1],[-81,2],[-212,-2],[-307,-2],[-263,3],[-51,0]],[[10900,5549],[130,0],[300,-4],[204,-12],[44,4],[192,1],[109,2],[28,-1],[256,2],[100,2],[392,-5],[163,-2],[213,5],[107,3],[55,0],[122,3],[98,-2],[311,-3],[87,-2],[116,0],[136,-1],[92,3],[23,-1],[152,0],[284,3],[298,-3],[218,4],[150,1],[10,-6],[17,-50],[91,2],[38,-1],[834,33],[488,17],[414,5]],[[17172,5546],[104,1]],[[17276,5547],[133,2],[87,-4],[87,-2],[43,0],[24,6],[38,-5],[75,2],[101,0],[21,2],[113,1],[142,-1],[117,0],[87,3],[283,2],[30,-11],[22,-4],[35,4]],[[56484,84413],[246,0],[69,1]],[[50724,85614],[84,1],[3,162],[-1,23],[-98,-3],[-48,0],[-166,-4],[-1,397],[5,312],[0,179],[-3,55],[-4,-6],[-3,101],[11,326],[-9,208],[-2,81],[-14,497]],[[50478,87943],[14,23],[21,45],[20,58],[22,42],[12,18],[26,48],[15,35],[6,27],[14,47],[21,53],[41,58],[20,22],[30,17],[29,10],[65,0],[44,-3],[10,-40],[4,-25],[31,-54],[62,-27],[24,-12],[36,-10],[49,-31],[52,-14],[40,-5],[1,-24],[9,-32],[22,-17],[25,-45],[16,-15],[14,12],[14,20],[9,22],[44,11],[41,4],[32,-12],[60,-9],[41,4],[32,9],[11,-2],[4,-12],[25,-14],[23,4],[16,-6],[5,-12],[18,-14],[21,-11],[21,5],[43,27],[15,-3],[26,-19],[7,-1],[29,24],[54,13],[34,4],[18,6],[18,12],[42,19],[28,16],[4,19],[19,27],[38,5],[19,16],[-2,18],[9,25],[5,38],[-8,22],[-21,-5],[-25,0],[-37,13],[-13,11],[-11,58],[1,77],[-7,2],[-9,20],[-9,48],[15,-1],[34,31],[36,12],[10,7],[36,-4],[11,-14],[8,-2],[20,33],[9,7],[27,13],[3,8],[28,27],[21,94],[23,-7],[20,16],[27,5],[2,22],[5,12],[-1,18],[17,28],[28,21],[7,12],[2,25],[6,6],[61,7],[44,16],[33,19],[11,30],[15,4],[32,37],[19,31],[11,25],[13,18],[28,11],[60,6],[14,10],[10,12],[14,8],[15,1],[39,-11],[35,9],[18,20],[17,9],[31,0],[11,5],[20,-9],[15,-2],[37,5],[6,-9],[-4,-33],[7,-8],[16,-6],[24,7],[24,-1],[31,21],[27,4],[29,15],[30,34],[4,26],[-6,45],[7,13],[33,-6],[42,-28],[12,-18],[4,-14],[18,-28],[26,-20],[22,-36],[6,-6],[41,-16],[8,-5],[25,-32],[8,-35],[-10,-13],[-18,-4],[-10,-13],[8,-21],[15,-6],[34,26],[26,-5],[17,25],[8,-9],[-5,-17],[3,-20],[19,0],[17,43],[8,-21],[20,-29],[23,-23],[25,-17],[32,-2],[25,-27],[20,-48],[22,-16],[23,-31],[6,-18],[-9,-26],[5,-21],[35,-73],[4,-15],[-3,-21],[11,-30],[6,-10],[41,-23],[7,-12],[1,-60],[15,-30],[22,-21],[55,-80],[12,-10],[34,-19],[14,-15],[5,-27],[13,-25],[19,-48],[24,-16],[16,-26],[21,-16],[16,-28],[8,-25],[20,-30],[19,-18],[12,-25],[25,-31],[14,-33],[2,-22],[11,-7],[22,-7],[39,-3],[13,-6],[17,-34],[0,-25],[-27,-92],[2,-25],[15,-36],[9,-12],[62,-54],[19,-11],[33,-12],[15,-15],[32,-47],[16,-15],[36,-43],[8,-1],[25,10],[11,19],[9,41],[21,33],[11,5],[7,-7],[4,-36],[6,-22],[50,-144],[28,-24],[13,-29],[5,-85],[12,-25],[33,-27],[12,-19],[15,-48],[14,-36],[23,-23],[53,-2]],[[18714,5542],[0,10],[-20,40],[-10,-5],[-24,8],[6,19],[-15,23],[-1,12],[18,23],[12,-1],[2,42],[-17,-6],[-4,7],[-2,48],[15,55],[-2,14],[-15,12],[-7,-3],[-22,27],[4,35],[-13,23],[7,13],[-3,12],[-14,4],[-7,-7],[-3,42],[-17,-6],[-16,13],[-14,21],[-2,45],[-15,18],[-8,27],[-25,11],[-8,9],[-11,34],[-17,12],[-11,39],[-15,18],[-5,17],[-5,35],[-8,6],[-11,-14],[-15,15],[-3,13],[12,22],[-21,23],[-9,1],[-20,23],[5,30],[-14,17],[-29,55],[-14,69],[-14,15],[-20,6],[-7,15],[-1,41],[-21,8],[-16,16],[-7,17],[-6,47],[2,26],[-12,27],[-42,21],[-12,12],[1,21],[-5,10],[-11,1],[1,39],[-7,30],[15,21],[-6,13],[-31,10],[-16,-2],[-8,14],[9,25],[-1,34],[-10,26],[15,9],[0,10],[-11,21],[-19,20],[-13,-14],[-7,27],[-13,37],[11,22],[-10,29],[-28,13],[-24,22],[-3,43],[9,20],[16,14],[-3,27],[4,9],[21,21],[6,24],[9,13],[-7,28],[4,34],[9,29],[17,39],[10,10],[12,26],[0,27],[-10,19],[4,13],[40,22],[9,16],[8,-2],[8,-16],[15,20],[9,1],[13,19],[19,10],[0,25],[27,19],[18,10],[7,11],[4,18],[13,37],[5,21],[-13,46],[4,7],[13,-5],[8,19],[15,8],[8,31],[9,13],[25,13],[35,48],[22,26],[7,18],[9,2],[14,24],[8,41],[24,39],[22,6],[9,22],[0,25],[7,16],[-2,27],[3,11],[12,6],[8,18],[23,15],[30,10],[14,-3],[18,-20],[18,-10],[44,-15],[9,8],[10,24],[26,18],[24,48],[34,15],[13,16],[7,2],[23,-19],[32,8],[17,-5],[36,-25],[11,4],[21,-5],[12,22],[25,24],[29,12],[6,11],[4,25],[12,17],[7,-1],[16,15],[4,26],[-9,21],[-1,14]],[[19034,8551],[6,26],[21,35],[10,10],[10,28],[21,14],[30,26],[7,22],[8,8],[18,6],[9,8],[6,19],[11,7],[28,-2],[16,9],[23,8],[10,-3],[12,12],[24,-17],[21,6],[14,-16],[27,-1],[21,13],[26,32],[4,17],[13,23],[22,22],[14,26],[19,1],[14,12],[28,8],[33,37],[18,16],[20,-3],[13,8],[23,32],[20,7],[16,-7],[0,26],[17,18],[15,29],[16,22],[6,17],[31,38],[16,-10],[12,9],[8,31],[30,-55],[21,-16],[11,-3],[30,8],[18,-5],[45,-24],[19,-5],[14,-11],[41,-55],[63,-42],[42,-20],[12,-11],[39,-48],[10,6],[20,-19],[8,1],[9,34],[35,10],[-16,41],[7,19],[4,25],[1,36],[-4,45],[-6,17],[-6,601],[22,47],[56,41],[11,34],[0,45],[-15,55],[3,35],[23,42],[14,42],[10,205],[-4,49],[-20,40],[-27,29],[-15,36],[-1,28],[-8,78],[8,43],[25,61],[30,90],[28,77],[16,26],[44,40],[8,23],[9,73],[11,119],[9,27],[35,49],[8,24],[-2,21],[4,20],[6,75],[2,48],[-7,47],[-3,30],[5,21],[11,15],[23,47],[3,26],[-4,64],[-7,20],[-14,21],[-19,36],[-7,37],[-39,97],[-2,16],[11,49],[-1,24],[-12,26],[-21,33],[3,39],[-7,15],[14,23],[15,32],[7,30],[36,10],[47,40],[4,45],[30,118],[15,36],[38,81],[22,36],[42,74],[15,70],[6,65],[-7,58],[2,26],[16,40],[12,14],[29,44],[19,64],[0,42],[-5,43],[0,22],[-6,27],[-2,27],[-17,44],[2,17],[13,7],[18,28],[2,30],[-6,16],[-1,38],[16,24],[-6,35],[4,7],[19,-9],[30,3],[28,18],[5,16],[40,34],[18,31],[6,48],[21,60],[15,25],[37,37],[29,25],[61,36],[33,29],[35,19],[50,12],[50,-5],[29,0],[25,3],[28,24],[16,39],[16,51],[-2,86],[2,19],[7,31],[1,21],[-17,13],[-20,32],[-1,37],[-10,39],[-12,8],[-21,-25],[-21,16],[-49,-9],[-31,4],[-53,17],[-12,35],[-11,42],[-10,54],[-27,68],[1,28],[14,150],[-2,9],[-17,13],[-46,10],[-38,6],[-16,7],[-12,13],[-9,20],[-37,97],[-19,24],[-25,17],[-23,10],[-24,-5],[-15,-17],[-6,-25],[-6,-10],[-14,5],[-23,18],[-7,19],[-33,56],[-13,27],[-18,50],[-9,46],[-17,68],[6,54],[13,55],[35,83],[26,34],[22,39],[20,23],[58,42],[1,14],[-7,69],[7,49],[18,48],[23,20],[-13,70],[1,37],[9,42],[1,34],[-6,36],[-31,95],[-42,59],[-5,33],[-10,116],[4,25],[40,97],[42,35]],[[22483,5542],[-204,-1],[-425,1],[-40,-1],[-21,-5],[-14,2],[-110,4],[-140,-1],[-205,1],[-83,2],[-129,-1],[-144,2],[-97,0],[-317,3],[-116,-1],[-75,-1],[-163,1],[-220,0],[-488,1],[-68,-3],[-109,2],[-58,-2],[-238,4],[-171,-3],[-92,2],[-42,-6]],[[37521,59073],[24,16],[10,13],[35,19],[52,76],[10,11],[36,5],[24,64],[18,31],[13,17],[12,8],[27,35],[7,23],[3,26],[10,16],[23,65],[17,23],[47,28],[15,-4],[5,-12],[16,-4],[8,-8],[35,-7],[18,0],[12,-10],[19,6],[20,-32],[26,-10],[4,-10],[21,-16],[9,-3],[34,1],[43,-11],[16,-56],[8,-46],[6,-15],[-1,-31],[6,-20],[26,-22],[6,-22],[13,-19],[5,-30],[27,-29],[12,-20],[5,-50],[11,-27],[18,-9],[39,9],[9,-1],[25,-16],[18,-18],[8,-50],[8,-11],[26,-16],[31,-25],[35,-7],[42,-19],[13,-10],[16,8],[10,23],[38,30],[29,16],[15,23],[28,10],[42,24],[18,2],[45,-5],[27,-18],[16,9],[54,16],[25,2],[34,-8],[23,7],[23,3],[8,6],[54,39],[42,24],[14,3],[56,-12],[29,-11],[23,2],[32,-8],[11,-16],[19,-10],[15,-17],[9,-19],[13,-17],[21,-15],[9,-42],[-1,-47],[7,-21],[20,-17],[22,-10],[22,-2],[29,3],[31,8],[13,-2],[12,-19],[15,-47],[8,25],[19,24],[32,22],[6,15],[16,14],[48,55],[18,12],[13,4],[13,30],[10,13],[27,12],[35,7],[39,-1],[14,8],[41,43],[8,26],[27,-9],[35,-31],[37,-29],[14,-27],[8,19],[11,48],[39,52],[34,33],[79,38],[31,72],[12,45],[25,41],[11,24],[15,6],[27,-2],[20,1],[27,24],[11,1],[4,54],[-2,18],[12,28],[4,37],[270,0]],[[40652,59516],[218,1],[783,0],[13,-4]],[[35363,51495],[1,29],[4,38],[11,69],[-5,69],[-6,165],[-27,70],[1,49],[22,39],[12,8],[-43,58],[-45,30],[-24,47],[-20,73],[3,70],[-1,87],[34,96],[50,106],[24,17],[29,29],[46,10],[39,-5],[6,-17],[18,12],[-3,19],[10,11],[20,-4],[43,25],[10,30],[-3,25],[-17,20],[2,73],[-6,50],[15,44],[46,53],[36,58],[0,44],[-2,56],[-14,11],[3,28],[-16,33],[-3,33],[-14,19],[-26,43],[-7,7],[-12,30],[-1,25],[6,21],[16,12],[9,29],[12,17],[15,31],[6,27],[9,19],[-2,30],[9,57],[5,17],[-9,23],[-14,15],[-11,60],[1,34],[-1,21],[-16,18],[-7,31],[6,34],[6,17],[8,42],[36,21],[22,5],[7,8],[5,23],[22,30],[11,6],[5,17],[11,5],[3,14],[15,16],[27,-20],[16,-3],[51,-42],[24,-4],[7,4],[22,-14],[40,-11],[6,3],[28,36],[1,35],[4,43],[9,14],[17,-3],[19,-13],[19,-32],[56,-5],[48,-56],[23,-15],[20,-20],[7,16],[17,15],[5,27],[36,16],[18,25],[17,15],[1,8],[22,23],[18,9],[28,59],[7,20],[2,36],[-8,18],[4,28],[-4,9],[-7,39],[-2,42],[-5,26],[4,6],[22,61],[0,18],[21,19],[13,-2],[14,7],[31,35],[29,54],[14,32],[9,59],[4,81],[7,35],[-1,28],[8,30],[27,30],[14,50],[17,47],[-12,28],[1,37],[4,75],[5,61],[-1,14],[-15,40],[1,39],[7,43],[11,38],[9,63],[-10,44],[-3,27],[2,25],[5,9],[20,15],[2,27],[8,25],[-9,27],[-5,33],[6,23],[19,21],[11,19],[-7,16],[-36,26],[-17,36],[-16,27],[-18,9],[-13,17],[-21,49],[-1,27],[9,36],[2,51],[8,26],[-3,37],[13,32],[40,41],[48,65],[26,30],[7,12],[20,76],[9,12],[1,28],[30,28],[13,2],[3,41],[-1,32],[25,28],[3,18],[-19,24],[-9,32],[-4,54],[-11,28],[6,48],[3,38],[-4,71],[6,24],[-93,12],[-18,22],[-3,24],[-9,9],[-12,23],[-7,34],[-6,8],[-24,18],[-13,2],[-12,10],[-21,4],[-10,35],[-9,23],[-13,9],[-8,17],[-15,16],[-9,19],[-14,16],[-8,65],[19,41],[6,25],[-6,37],[-4,53],[0,36],[10,38],[2,37],[12,20],[3,24],[15,19],[10,22],[32,19],[21,15],[28,6],[24,23],[-3,19],[2,24],[11,22],[18,23],[12,8],[23,29],[10,-1],[6,39],[9,23],[18,28],[90,41],[36,13],[1,-56],[12,-37],[15,-18],[4,-20],[16,-27],[31,-13],[16,6],[12,-6],[25,34],[3,29],[9,22],[9,7],[21,-5],[9,3],[13,18],[14,10],[35,10],[26,-10],[20,-12],[23,3],[7,10],[14,41],[5,34],[10,15],[15,11],[31,0],[38,-30],[25,-7],[21,2],[28,31],[12,19],[22,-11],[53,6],[29,-19],[22,49],[7,26],[21,28],[13,24],[0,24],[15,24],[-16,92],[-9,28],[2,62],[-1,47],[-10,16],[-1,30],[11,25],[-30,3],[-22,11],[-18,38],[-4,35],[-15,55],[-6,72],[6,55],[-3,27],[6,17],[2,29],[13,50],[-4,13],[5,33],[1,30],[16,33],[23,40],[19,23],[2,27],[5,22],[11,22],[24,25]],[[38615,56253],[-30,-4],[-22,-16],[-14,-17],[-13,-33],[-30,-235],[-2,-25],[-12,-80],[-12,-95],[-1,-53],[6,-31],[21,-63],[29,-3],[93,-21],[11,-81],[12,-74],[32,-219],[8,-46],[14,-45],[30,-61],[87,-171],[18,-34],[72,-142],[29,-72],[38,61],[2,169],[4,238],[166,158],[44,205],[343,274],[39,24],[48,45],[53,43],[22,146],[-75,471],[-11,75],[-17,11],[-37,31],[-13,19],[-27,19],[-10,22],[-20,25],[-17,12],[-15,2],[-28,22],[-19,23],[-37,34],[-27,45],[-9,34],[-12,19],[-8,20],[-21,-3],[-16,-17],[-13,2],[-23,-7],[-23,-22],[-21,-4],[-22,-14],[-10,8],[-19,5],[-26,-15],[-23,-4],[-15,-19],[-24,-10],[-22,3],[-11,-11],[-19,-7],[-5,-25],[-21,-17],[-23,-3],[-23,-9],[-10,-12],[-9,9],[-18,-19],[-8,-15],[-13,-14],[-9,-34],[-31,-12],[-6,-20],[-9,-18],[-11,15],[-9,-2],[-11,-18],[-9,7],[-12,-11],[-13,-2],[-1,-23],[-10,-19],[-40,-13],[-6,-13],[2,-26],[-12,-45],[-2,-25],[-17,-29],[4,-23],[-11,-21],[-2,-29],[-5,-15],[-1,-27],[-44,-3]],[[16009,44567],[28,25],[38,16],[18,-4],[12,-27],[6,-28],[15,-37],[15,-17],[27,-22],[46,-69],[26,-26],[16,-2],[24,4],[43,27],[14,3],[19,-5],[16,-24],[16,-50],[8,-33],[2,-23],[12,-41],[7,-13],[23,7],[28,26],[31,55],[34,80],[26,50],[14,18],[30,20],[26,6],[6,-6],[29,-71],[36,-63],[37,-51],[38,-32],[31,-24],[32,5],[39,24],[37,39],[38,49],[37,22],[41,13],[39,-14],[32,-17],[11,-9],[28,7],[23,17],[13,32],[9,97],[-8,71],[-9,70],[7,40],[44,49],[37,14],[54,-6],[29,-17],[13,-31],[26,-26],[31,-12],[17,-17],[18,-61],[17,-107],[-11,-61],[2,-41],[15,-50],[10,-27],[26,-60],[31,-56],[8,-18],[6,-42],[-9,-54],[-13,-38],[-26,-59],[-38,-21],[-7,-23],[5,-88],[-4,-22],[-15,-25],[-26,-29],[-4,-11],[1,-56],[10,-33],[0,-17],[-5,-31],[-1,-25],[-17,-87],[0,-38],[6,-33],[1,-18],[-4,-35],[-9,-31],[-13,-26],[-28,-38],[-51,-73],[-19,-20],[-12,-26],[-3,-46],[1,-16],[41,-74],[20,-39],[17,-55],[8,-19],[44,-59],[7,-19],[-1,-24],[21,-73],[18,-47],[0,-28],[-5,-28],[0,-25],[5,-34],[2,-29],[-1,-81],[-7,-25],[-10,-15],[-33,-29],[-13,-18],[-15,-40],[-5,-60],[-6,-26],[-13,-31],[-30,-22],[-15,-27],[2,-34],[-8,-24],[0,-34],[4,-23],[0,-35],[-12,-45],[-2,-50],[-4,-22],[-7,-91],[-8,-32]],[[15120,41786],[-19,49],[-164,406],[-14,31],[-67,111],[-13,21],[-18,21],[-344,335],[-20,24],[-41,61],[-80,126],[-128,199],[0,17],[-18,25],[1,11],[47,0],[17,-4],[-9,23],[1,82],[-21,4],[0,85],[-18,2],[-1,100],[-16,24],[-8,27],[-12,62],[-2,19],[-12,36],[-9,36],[4,20],[15,27],[17,15],[51,34]],[[14239,43815],[-5,19],[-2,46],[-13,4],[-14,-29],[-13,-9],[-8,13],[-33,7],[-16,-25],[-24,-3],[-78,28],[-31,24],[-15,22],[-27,24],[-18,12],[-30,42],[-16,11],[-21,0],[-37,-35],[-14,-2],[-35,33],[-13,3],[-16,-8],[-19,-17],[-43,-88],[-24,-65],[-25,-15],[-41,20],[-26,27],[-18,28],[-21,56],[-19,28],[-7,5],[-21,-4],[-25,-18],[-23,-33],[-1,-32],[7,-20],[-3,-16],[-14,-19],[-39,-65],[120,-139],[20,-31],[-83,-1],[1,-140],[0,-222],[124,1],[340,0],[0,-720],[-5,-4],[-181,1],[-4,-5],[2,-187],[4,-330],[3,-200]],[[15070,44385],[-16,-50],[-5,-24],[-1,-57],[0,-158],[-68,-21],[0,-121],[-29,5],[-30,-4],[54,-17],[4,-7],[1,-67],[7,-21],[3,-40],[0,-180],[-21,-3],[-20,-27],[-37,0],[-22,20],[-30,-15],[-25,-6],[-82,2],[-267,-2],[-28,0],[-140,1],[0,53],[95,2],[0,70],[-8,14],[-19,14],[-4,12],[1,24],[0,108],[-49,-15],[-23,-13],[-72,-47]],[[16326,45958],[-10,0],[-18,-26],[-23,-10],[-25,-46],[-1,-30],[-8,-14],[-9,2],[-13,-6],[-13,-14],[-7,-16],[5,-14],[-21,-15],[-2,-20],[-9,-21],[6,-7],[0,-24],[-9,-8],[0,-15],[-14,-17],[-2,-18],[-17,-21],[-8,-29],[-14,-17],[-5,-14],[4,-34],[-22,-29],[-9,-24],[-11,-12],[0,-18],[-23,-61],[0,-25],[-17,-24],[-9,-6],[4,-19],[-17,-19],[-3,-33],[-12,2],[-2,-15],[-9,-11],[-2,-17],[-9,-10],[-5,-32],[-8,-12],[5,-28],[-1,-30],[-14,-28],[0,-16],[-11,-19],[-1,-29],[-7,-13],[-2,-20],[-23,-52],[-3,-32],[11,-24],[-5,-17],[6,-9],[9,-25],[7,-3],[5,-18],[20,-30],[24,-46],[0,-26],[-8,-26],[-1,-21],[10,-13],[2,-14],[15,-21],[12,-32]],[[16009,44567],[-39,-31],[-62,-43],[-16,-25],[-17,-18],[-24,-16],[-21,-5],[-57,-36],[-42,10],[-19,23],[-53,37],[-17,26],[-29,-8],[-60,-58],[-15,-8],[-26,-6],[-58,-82],[-37,-38],[-50,-16],[-21,4],[-48,29],[-64,34],[-35,29],[-21,7],[-68,-2],[-40,11]],[[15070,44385],[22,68],[-16,29],[-24,22],[-31,7],[-18,-42],[-52,0],[-48,5],[-41,13],[-12,34],[8,36],[8,24],[1,34],[-9,19],[-16,3],[-18,-15],[-12,-3],[-14,5],[-11,23],[-3,25],[-24,6],[-24,-8],[-18,-1],[-23,10],[-37,28],[0,13],[19,24],[23,37],[15,32],[31,53],[36,25],[7,14],[11,35],[18,28],[23,5],[39,-26],[16,-5],[17,18],[9,28],[9,21],[6,22],[-6,40],[3,48],[18,94],[10,21],[25,19],[36,9],[0,19],[-19,19],[-42,22],[-37,33],[-17,8],[-6,25],[-11,32],[-25,12],[-17,24],[-41,33],[-23,5],[-51,21],[-31,-5],[-50,13],[-39,26],[-17,21],[-19,18],[-7,13],[-29,36],[-8,16],[-7,29],[0,38],[5,18],[3,57],[10,194],[-19,25],[-5,37],[-7,20],[-13,18],[-36,43],[-12,32],[-26,16],[-11,20],[-35,34],[-31,49],[-38,77],[-20,10],[-14,16],[-34,18],[-18,-2],[-20,-9],[-27,16],[-15,16],[-31,51],[-9,20],[-39,43],[-23,10],[-13,15],[-22,9],[-33,43],[-7,14],[-11,13],[-21,35],[-5,21],[-15,38],[-8,31],[0,37],[-7,26],[-9,19],[-2,23],[-15,61],[-5,39],[-6,17],[-17,32],[-14,1],[-14,12],[-13,-5],[-65,18],[-31,19],[-13,-2],[-19,17],[-47,17],[-36,20],[-17,29],[-13,11],[-30,-22],[-13,4],[-4,10],[-17,17],[2,-162],[-130,-1],[-4,-166],[-73,0],[-729,5],[1,-67],[-24,-1],[-742,21],[1,207]],[[14648,50732],[50,-11],[20,4],[16,10],[35,37],[33,23],[42,59],[54,51],[45,54],[16,16],[76,67],[29,20],[65,27],[23,14],[38,26],[16,9],[22,5],[55,6],[14,-5],[8,-14],[0,-16],[-19,-35],[-17,-58],[-15,-30],[-13,-16],[-50,-43],[-14,-25],[-1,-43],[-7,-23],[-39,-83],[-28,-26],[-13,-19],[-5,-17],[-1,-24],[3,-19],[31,-129],[12,-58],[19,-116],[8,-98],[9,-13],[16,-5],[27,5],[13,-4],[19,-16],[57,-65],[35,-58],[22,-26],[39,-37],[21,-8],[25,0],[56,-25],[13,-4],[25,5],[21,15],[20,-4],[11,-16],[12,-9],[29,11],[11,-4],[16,-17],[14,-2],[20,13],[33,10],[17,26],[10,33],[10,13],[23,23],[16,28],[17,13],[86,31],[0,-19],[12,7],[13,-1],[6,-44],[6,-13],[17,-16],[12,-3],[52,22],[24,-1],[20,-10],[11,-14],[7,-26],[-1,-44],[3,-16],[9,-27],[1,-21],[-8,-69],[-3,-15],[-12,-14],[-80,-56],[-13,-15],[-4,-16],[1,-18],[38,-126],[15,-21],[44,-37],[16,-24],[5,-19],[7,-57],[5,-18],[18,-17],[26,-11],[10,-22],[-7,-22],[-9,-7],[-13,2],[-16,13],[-18,-2],[-17,-11],[-37,-17],[-19,9],[-7,36],[-7,13],[-11,5],[-33,-6],[-22,0],[-30,25],[-11,-3],[-16,-24],[-5,-35],[4,-22],[13,-22],[44,-49],[-1,-9],[-1,-88],[4,-14],[19,-25],[18,-6],[28,-3],[23,-14],[22,-29],[20,-67],[-2,-71],[-88,-1],[-175,0],[-10,23],[-17,-22],[-39,0],[-2,-3],[-1,-73],[-14,-14],[-53,2],[-3,-65],[-4,-135],[0,-49],[9,-33],[6,-46],[15,-30],[23,-2],[11,-9],[3,-22],[-1,-117],[5,-26],[-4,-24],[-2,-224],[-22,-45],[-2,-35],[24,-54],[0,-39],[16,-41],[7,-5],[110,-5],[-2,-142],[0,-291],[-11,-30],[-5,-29],[-14,-40],[-2,-14],[21,-1],[7,-28],[14,1],[43,27],[128,0],[14,-1],[-1,-17],[0,-139],[4,-23],[64,1],[0,-104],[12,-14],[-1,-34],[15,-42],[3,-17],[10,-17],[7,-25],[0,-21],[13,-11],[13,-3],[7,-21],[3,-33],[-21,-42],[-1,-28],[-6,-30],[-8,-18],[0,-29],[-9,-19],[-13,-11],[-1,-25],[-10,-42],[4,-17],[-8,-44],[0,-18],[-24,-42],[-5,-17],[-18,-20],[-14,-46],[-14,-24],[-6,-36],[-3,-40],[-9,-30],[-1,-20],[-11,-63],[111,3],[15,2],[44,14],[14,-1],[23,-12],[92,3],[8,-6],[12,-22],[23,-5],[12,-12],[14,-3],[7,-27],[-16,-25],[-16,-12],[-37,-40],[-5,-17]],[[45650,11823],[-55,-1],[-38,2],[-111,-2],[-37,1],[-34,4],[-12,4],[-120,87],[-252,188],[-182,136],[-151,107],[-70,51]],[[17510,22066],[-98,-58],[-170,-107],[-147,-120],[-131,-125],[-18,37],[-10,30],[-27,21],[-27,29],[-12,6],[-26,32],[-28,27],[-20,51],[-28,50],[-13,36],[-7,53],[-11,37],[0,32],[-12,36],[-17,14],[-3,11],[-1,42],[-18,54],[0,31],[11,49],[-5,73],[-5,31],[-23,102],[-5,40],[0,77],[-3,50],[-1,84],[5,25],[15,28],[69,99],[21,39],[5,35],[-12,137],[1,18],[22,126],[25,112],[8,26],[5,25],[-6,86],[2,26],[11,54],[0,18],[-9,18],[-26,28],[0,24],[23,19],[20,29],[12,4],[56,-3],[16,8],[8,15],[10,63],[23,1],[28,-30],[7,7],[2,18],[27,-2],[9,11],[11,3],[13,15],[48,-21],[8,-15],[13,-8],[1,-28],[22,-15],[16,-3],[5,-26],[12,-7],[27,4],[16,9],[13,-5],[11,8],[22,4],[11,-6],[8,-14],[13,3],[31,-15],[6,-14],[14,-5],[20,-18],[31,1],[8,-13],[11,4],[10,-6]],[[18204,21823],[-22,27],[-22,35],[-46,46],[-18,8],[-19,20],[-34,44],[0,9],[-24,-9],[-32,-14],[-66,14],[-14,8],[-28,24],[-38,20],[-8,1],[-40,-27],[-17,-9],[-19,0],[-65,18],[-19,11],[-30,26],[-18,5],[-79,-24],[-36,10]],[[17510,22066],[0,12],[18,51],[19,89],[48,46],[26,29],[8,16],[-8,32],[-5,50],[1,45],[3,41],[7,23],[6,92],[-22,101],[2,11],[25,41],[1,13],[-4,34],[-1,31],[-9,26],[5,25],[-3,26],[12,31],[-1,29],[-6,19],[-16,28],[-15,37],[-51,106],[-6,32],[1,74],[-4,13],[-16,21],[-13,23],[-37,131],[8,9],[-108,108],[-51,56],[-35,17],[-34,14],[10,16],[33,7],[21,-3],[31,6],[23,-1],[26,5],[27,-3],[7,12]],[[17433,23687],[22,5],[34,41],[3,-30],[24,16],[6,17],[11,-10],[17,8],[9,-2],[10,-23],[11,-8],[1,-30],[5,-25],[8,6],[12,-8],[8,4],[12,-5],[8,12],[2,18],[-11,26],[4,51],[29,-19],[95,-52],[-5,-33],[10,-7],[18,13],[11,36],[16,12],[12,-38],[13,-13],[12,-20],[26,-27],[40,-10],[48,-9],[32,15],[6,-14],[15,-2],[16,-9],[29,2],[-35,35],[39,-5],[30,3],[10,-3],[16,34],[13,19],[8,35],[12,16],[11,-3],[4,-18],[17,-19],[25,-14],[-8,-18],[-13,-15],[9,-11],[112,18],[7,11],[2,29],[20,0],[31,-13],[24,17],[15,7],[18,29],[13,-27],[31,-35],[43,-12],[26,-15],[11,-10],[20,-11],[3,-22],[14,5],[9,-33],[0,-18],[16,-7],[14,-23],[14,-53],[17,-19],[8,13],[22,-9],[18,-20],[13,5],[12,-5],[14,6],[15,16],[0,12],[11,17],[10,-1],[12,-10],[42,-26],[10,4],[-3,32],[28,-39],[12,-1]],[[267,22157],[6,650],[-7,409],[-4,379],[0,6],[-14,581],[-4,306],[4,7],[-1,293],[1,160],[0,172],[2,438],[-35,174],[35,27],[4,1212],[2,441],[-1,23],[4,1500],[6,0]],[[14707,28925],[-147,-197],[-650,-869],[-248,-333],[-276,-373],[-130,-171],[-18,-21],[-203,-166],[-33,-29],[-18,-13],[-119,-51],[-21,-18],[20,-22],[52,-44],[30,-43],[17,-21],[19,-31],[28,-18],[12,-12],[9,-26],[12,-15],[15,-8],[12,-16],[10,-42],[7,-10],[32,-15],[28,-30],[15,-10],[16,-24],[10,-40],[18,-19],[6,-29],[-1,-29],[8,-13],[29,-26],[16,-19],[19,-35],[25,-20],[15,-31],[22,-17],[15,-27],[10,-10],[29,-17],[15,-15],[14,-21],[16,-14],[15,-7],[22,-3],[37,4],[19,-15],[-12,-26],[-2,-38],[-4,-24],[2,-33],[-4,-46],[-12,-39],[-4,-21],[-29,-68],[-2,-28],[-32,-96],[-23,-51],[-7,-74],[0,-22],[-12,-30],[-6,-36],[14,-29],[21,-19],[18,-3],[13,-10],[9,-32],[10,-7],[4,-15],[13,-14],[14,-33],[1,-69],[15,-35],[5,-67],[-4,-27],[-14,-26],[-10,-31],[-12,-24],[-10,-27],[-32,-58],[-5,-52],[-12,-67],[-23,-102],[-8,-15],[4,-20],[-7,-48],[0,-68],[5,-21],[0,-25],[-20,-116],[-1,-29],[4,-42],[-4,-31],[-9,-37],[-13,-15],[-9,-26],[-12,-49],[-11,-27],[-26,-37],[-30,7],[-21,-10],[-7,-9],[-6,-25],[-1,-160],[1,-72],[8,-9],[1,-16],[-9,-41],[-3,-164],[2,-36],[1,-50],[-6,-57],[-2,-31],[1,-66],[-9,-34],[-33,-56],[-4,-10],[-14,-3],[-54,-2],[-9,-16],[-3,-23],[0,-88],[-3,-59],[-5,-25],[-20,-54],[12,-17],[-37,-25],[0,-9],[17,-11],[-12,-29],[-24,8],[-34,7],[-1,-20],[-27,5],[-7,-6],[-62,1],[-12,-33],[-16,12],[-12,-26],[-7,2],[-7,-14],[-1,-27],[-5,-11],[-18,-10],[-13,-63],[-27,-100],[-10,3],[-2,13],[0,62],[-4,18],[-20,43],[-22,24],[-17,0],[-25,16],[-6,-61],[-2,-59],[-4,-28],[7,-35],[16,-42],[14,-15],[10,-23],[5,-27],[2,-41],[7,17],[13,10],[15,-21],[2,-56],[-1,-34],[2,-40],[6,-41],[1,-34],[7,-17],[26,-39],[13,-36],[13,-58],[9,-64],[-2,-33],[4,-22],[-4,-19],[-19,-50],[-13,-16],[-4,-20],[-14,-53],[-8,-41],[-1,-22],[-6,-29],[-8,-14],[-8,-34],[-7,-19],[7,-29],[0,-20],[-10,-15],[-1,-14],[-12,-13],[-6,-24],[-17,-39],[-18,-15],[-17,0],[-26,-34],[-26,-9],[-33,-18],[-30,11],[-26,-28],[-2,-19],[17,-21],[2,-18],[-15,-6],[-7,-22],[-1,-21],[-9,-35],[-15,-22],[5,-29],[-12,-43],[-8,-11],[-24,2],[-10,-6],[-8,-26],[-34,-42],[-15,-27],[-51,-46],[-33,-27],[-11,1],[5,-23],[16,-9],[22,-4],[13,-16],[-24,-3],[-18,-6],[-35,-19],[-10,-15]],[[57488,71399],[-135,0],[-226,3],[-16,15],[-2,28],[-17,0],[-7,7]],[[57085,71582],[40,-2],[94,-1],[176,-1],[92,1]],[[14552,11571],[-5,-17],[0,-31],[12,-54],[-23,-50],[-36,-52],[-4,-22],[-4,-53],[-4,-25],[-12,-34],[-5,-7],[-33,1],[-24,-5],[-16,-38],[-18,-25],[-21,-52],[-10,-10],[-30,0],[-21,13],[-11,2],[-22,-13],[-35,-4],[-34,7],[-23,19],[-25,-4],[-24,-12],[-14,3],[-51,25],[-30,-1],[-15,-4],[-21,3],[-15,-40],[-7,-49],[-15,-31],[1,-15],[-7,-27],[10,-43],[4,-37],[-16,-9],[-24,-23],[-25,-2],[-20,6],[-18,-7],[0,-28],[-4,-38],[-11,-51],[-15,-25],[-2,-22],[-24,-12],[-24,-20],[-22,-7],[-10,-8],[-16,-28],[-22,-18],[-11,-24],[-8,-27],[-2,-40],[-4,-30],[-17,-32],[-7,-25],[-31,-37],[-13,-49],[-14,-33],[-1,-28],[-3,-24],[-1,-40],[-9,-28],[-5,-65],[-7,-67],[-6,-28],[2,-56],[13,-47],[12,-27],[-4,-80],[-4,-33],[6,-46],[-1,-17],[-10,-11],[-37,-2],[-63,-30],[-24,-26],[-17,-25],[-11,-38],[-14,-22],[-32,-29],[-73,1],[-96,-2],[-20,-24],[-49,-15],[-37,-2],[-10,-5],[-10,-22],[-8,-36],[-6,-19],[-49,-59],[-20,-50],[-43,-45],[-35,-24],[-33,10],[-33,23],[-14,-1],[-35,-30],[-16,-11],[-27,-4],[-10,6],[-5,28],[-28,43],[-56,19],[-23,10],[-12,1],[-15,-8],[-34,-29],[-38,-21],[-42,-17],[-22,-6],[-12,-18],[-27,-21],[-22,-25],[-15,-10],[-21,0],[-17,-11],[-16,-16],[-24,-40],[-18,-35],[-8,-1],[-22,-27],[-1,-42],[-6,-44],[-15,-24],[-22,-24],[-16,-22],[-18,-36],[-10,-30],[-13,-49],[-2,-62],[-4,-17],[-2,-36],[-5,-22],[-12,-24],[-9,-50],[-7,-13],[-3,-50],[18,-21],[0,-10],[12,-34],[15,-23],[2,-36],[11,-11],[12,-22],[0,-12],[-16,-18],[-15,-28],[-39,-30],[-36,-38],[-13,-30],[-4,-43],[-6,-22],[1,-11],[-16,-50],[-10,-24],[5,-11],[-2,-23],[-13,-19],[-10,-2],[-17,-17],[-5,-41],[5,-26],[-1,-68],[6,-18],[18,-26],[20,-18],[5,-11],[9,-39],[-1,-39],[-5,-6],[-13,-45],[-18,-3],[-8,-7],[-18,-2],[-16,-9],[-8,-40],[-10,-31],[-2,-15],[6,-41],[-10,-35],[-1,-44],[1,-40],[-8,-11],[-13,9],[-10,1],[-35,-10],[-20,-17],[-11,-46],[-14,-23],[-8,-39],[16,-36],[-2,-37],[-4,-21],[-19,-30],[-34,-13],[-20,-20],[-15,2],[-15,-11],[-4,-13],[-6,-54],[-14,-17],[-13,-37],[-4,-32],[0,-54],[-5,-34],[-3,-31],[-8,-43],[-20,-20],[-36,-10],[-6,-31],[-20,-55],[-10,-13],[-8,-28],[-15,-35],[-4,-51],[2,-15],[-8,-60],[-13,-13],[-17,9],[-13,-37],[0,-29],[-4,-19],[-27,-18],[-23,-29],[-26,-19],[-2,-26],[-14,-40],[-8,-17],[-35,-26],[-4,-31],[-13,-33],[-2,-43],[-18,-7],[-29,-21],[-23,-2],[-17,-18],[-2,-28],[-17,-45],[-10,-12],[-17,-12],[-54,-4],[-15,3],[-18,-11],[-28,-37],[-11,3],[-2,30],[-27,0],[-22,-34],[-21,-20],[-23,-40],[-18,-17],[-26,-14],[-15,1],[-15,-26],[-3,-13],[2,-43],[-9,-31],[-12,-16],[-11,-26],[1,-21],[-12,-29],[-8,-9]],[[7203,6811],[0,-389],[4,-580],[0,-274],[135,-1],[2,-642],[0,-54],[1,-708],[2,-72],[441,2],[168,3],[16,1],[277,6],[148,-14],[52,1],[303,0],[3,1105],[0,182],[1,195],[632,1],[82,2],[54,-1],[229,0],[115,-1],[83,1],[292,-5],[38,16],[10,-9],[26,1],[4,4],[155,-19],[231,-11],[193,-2]],[[10900,5549],[-12,-12],[-19,-32],[-2,-45],[3,-32],[-3,-43],[4,-22],[33,-48],[15,-57],[13,-22],[-5,-61],[9,-42],[-3,-27],[1,-47],[-2,-25],[-13,-45],[-27,-61],[1,-36],[-4,-44],[5,-40],[8,-38],[6,-47],[-1,-42],[-7,-60],[-4,-61],[-27,-80],[-1,-24],[14,-75],[7,-27],[12,-20],[15,-37],[5,-29],[-3,-30],[-9,-15],[-7,-31],[-11,-22],[-4,-31],[23,-32],[36,-28],[25,-46],[-1,-49],[-15,-72],[7,-29],[9,-30],[-4,-25],[-15,-13],[-15,-3],[-24,-22],[-95,-141],[-9,-59],[-15,-17],[-22,-8],[-13,-21],[-22,-45],[-9,-24],[-16,-22],[-21,-24],[-7,-15],[-3,-22],[11,-29],[1,-16],[0,-43],[-19,-20],[-2,-25],[8,-24],[1,-16],[13,-42],[0,-13],[-13,-17],[-3,-19],[-9,-5],[-6,-22],[5,-66],[22,-34],[2,-41],[-4,-15],[-16,-18],[-1,-23],[13,-39],[2,-48],[-6,-20],[-22,-3],[-10,-10],[-25,-1],[-29,-42],[0,-31],[4,-11],[1,-21],[-9,-17],[-6,-40],[-21,-9],[-32,-2],[6,-25],[0,-17],[-21,-50],[-1,-23],[-13,-45],[10,-21],[-1,-27],[-12,-24],[0,-33],[-5,-32],[-14,-20],[-7,-25],[5,-26],[9,-25],[-6,-22],[-16,-23],[-13,-6],[9,-31],[4,-47],[-16,-18],[-22,5],[-26,-30],[30,-60],[5,-20],[-3,-29],[-5,-24],[-11,-19],[-20,-12],[-39,-11],[-4,-45],[-12,-27],[2,-15],[-4,-29],[4,-18],[10,-15],[1,-16],[-19,-25],[6,-40],[-6,-26],[7,-33],[-2,-24],[-6,-16],[-14,-16],[-23,-32],[-26,-9],[-28,-23],[-15,-38],[-11,-18],[-39,-8],[-18,-17],[-3,-46],[-24,-52],[-4,-17],[-10,-14],[-12,-47],[-25,-32],[-11,-10],[-11,-1],[-7,-16],[-2,-32],[-7,-37],[5,-19],[28,-38],[-4,-18],[-27,-35],[-10,-25],[-10,-43],[0,-21],[13,-29],[-1,-22],[-16,5],[-33,5],[-17,20],[-23,2],[-31,21],[-26,15],[-27,5],[-14,10],[-44,5],[-8,-15],[-2,-68],[-12,-27],[10,-48],[12,-38],[-2,-26],[-13,-5],[-5,-31],[-16,-20],[4,-34],[-15,-25],[4,-48],[-12,-16],[-15,-29],[-2,-30],[2,-17],[-8,-18],[4,-49],[8,-16],[-25,-24],[-20,-37],[-7,-18],[-14,-50],[4,-15],[22,-33]],[[9702,177],[-349,-1],[-259,-1],[-241,-1],[-120,-1],[-60,1],[-209,-2],[-213,0],[-52,-1],[-220,-3],[-7,3],[-804,0],[-480,-2],[-403,0],[-17,2],[-76,-4],[-307,-1],[-498,-3],[-276,0],[-507,-2],[-193,0],[-230,-1],[-44,1],[-127,1],[-189,-2],[-260,2],[-230,1],[-434,-1],[-267,-2],[-766,1],[-451,1],[-564,0],[-424,2],[-51,1],[-160,1],[-4,23],[4,587],[1,1226],[2,48],[0,294],[-2,155],[-1,16],[0,105],[1,363],[-2,162],[0,160],[-10,1304],[0,612],[7,224],[-1,725]],[[20304,32647],[15,-47],[32,-69],[4,-41],[26,-36],[1,-10],[-8,-37],[6,-27],[10,-9],[-6,-13],[-2,-40],[5,-21],[25,-35],[13,-13],[13,-46],[5,-27],[3,-54],[8,-29],[19,-17],[12,-27],[16,-28],[18,-38],[11,-5],[29,9],[4,-16],[-6,-23],[3,-34],[20,-27],[13,-33],[-9,-28],[16,-46],[7,-26],[5,-35],[10,-28],[0,-35],[16,-33],[15,-14],[50,-60],[71,-59],[27,-40],[39,-13],[49,4],[25,-14],[21,-23],[6,-26],[21,-36],[6,-29],[-3,-41],[15,-37],[1,-17],[12,-39],[-6,-22],[-6,-48],[18,-48],[12,-18],[7,-33],[17,-25],[15,-16],[2,-51],[6,-36],[15,-11],[8,5],[7,-49],[2,-26],[-8,-36],[1,-36],[19,-58],[-7,-42],[-1,-17],[-18,-55],[0,-13],[13,-41],[-1,-45],[-14,-36],[32,-16],[19,-40],[22,-9],[4,-7],[6,-47],[1,-57],[-5,-25],[1,-21],[-7,-26],[9,-58],[-2,-23],[14,-28],[-2,-26],[3,-13],[15,-15],[-3,-35],[12,-18],[-1,-26],[6,-20],[3,-52],[-6,-32],[2,-35],[6,-33],[16,-54],[5,-31],[3,-34],[32,-13],[-1,-32],[9,-22],[2,-19],[10,-31],[-6,-34],[-8,-69],[-6,-26],[11,-5],[10,-13],[4,-32],[-1,-18],[12,-17],[17,-35],[4,-23],[0,-25],[10,-65],[11,-48],[5,-35],[-4,-35],[-9,-31],[2,-13],[-4,-68],[-22,-77],[-34,-11],[-21,-15],[5,-26],[-5,-12]],[[18833,22762],[23,58],[4,44],[17,25],[1,19],[-16,42],[-10,40],[1,29],[-3,34],[-6,15],[24,19],[12,18],[23,18],[3,10],[-2,44],[-26,59],[3,20],[23,43],[7,75],[-17,29],[-20,20]],[[18874,23423],[-9,9],[-16,38],[-11,16],[-6,21],[-3,73],[-8,26],[-10,9],[-26,7],[-11,11],[-21,42],[-8,79],[2,15],[-22,74],[-21,36],[-22,72],[-74,27],[-24,11],[-26,53],[-19,40],[-28,32],[-18,1],[-21,-12],[-14,23],[-17,20],[-35,13],[-15,13],[-29,-8],[-20,3],[-16,7],[-31,-1],[-25,-23],[-12,-4],[-25,24],[-17,33],[-4,34],[-8,29],[-16,26],[-15,45],[-2,25],[-9,35],[-21,51],[-19,26],[-14,29],[4,11],[26,38],[3,32],[-9,21],[-20,32],[-27,26],[-13,17],[-23,74],[-3,29],[-6,20],[-22,31],[-45,-3],[-14,-4],[-28,-33],[-17,9],[-7,13],[-13,10],[-4,11],[-51,16],[-25,21],[-19,-3],[-45,16],[-19,-31],[-18,-5],[-37,13],[-27,-14],[-8,-14],[-19,-8],[-22,-3],[-17,13],[-35,6],[-18,1],[-42,44],[-29,16],[-19,21],[-23,8],[-7,-4],[-70,-18],[-18,2],[-67,22],[-5,45],[14,40],[10,37],[41,25],[35,37],[13,28],[1,44],[-4,14],[-2,35],[-7,24],[-31,2],[-22,28],[-26,19],[-18,20],[-14,-8],[-24,-1],[-57,12],[-23,-9],[-22,1],[-29,9],[-20,17],[-10,-9],[-19,-8],[-22,-18],[-28,-11],[-50,-11],[-14,5],[-16,-13],[-20,2],[-15,13],[-38,20],[-29,-14],[-37,-7],[-44,47],[-35,49],[-12,10],[-9,29],[-10,18],[0,26],[15,26],[9,50],[-4,27],[-14,41],[2,14],[-13,41],[8,25],[-8,40],[-18,-1],[-30,8],[-12,8],[-12,-7],[-39,6],[-15,13],[21,80],[14,32],[15,22],[4,17],[-2,61],[11,19],[4,22],[19,34],[15,36],[0,17],[-3,43],[6,28],[16,21],[37,22],[11,9],[3,25],[-21,35],[-12,10],[-12,27],[-3,35],[-6,31],[2,24],[-3,85],[1,53],[-25,-2],[3,73],[9,294],[-54,358],[66,4],[-7,358],[15,0],[-1,164],[2,200],[-399,-2],[-166,0],[-292,6],[1,221],[-1,136],[-2,362],[-195,-1],[-5,185]],[[239,12273],[5,381],[17,761],[1,2],[1,402],[-2,557],[2,1012],[-1,171],[0,106],[-3,106],[-3,1025],[4,538],[-1,531],[4,104],[2,312],[0,362],[-6,241],[9,1252],[-4,891],[-4,156],[1,1],[2,411],[-1,365],[0,18],[3,30],[2,149]],[[267,22157],[140,0],[13,-1],[352,0],[77,2],[77,-3],[80,-1],[150,1],[191,-2],[72,2],[35,-1],[378,0],[89,1],[350,-2],[50,1],[70,-1],[130,1],[252,-1],[35,0],[134,-1],[462,-1],[11,-2],[7,36],[2,46],[-9,24],[0,24],[5,16],[23,19],[13,16],[-1,16],[-14,19],[-1,22],[10,27],[-4,25],[3,32],[16,27],[5,18],[233,-3],[708,-3],[62,2],[287,-2],[796,-2],[160,1],[475,-1],[21,3],[102,-6],[426,-8],[1232,-13],[652,-2],[246,-7],[666,-10],[3,1],[214,2],[19,-4],[97,5],[33,5],[110,-6],[137,9],[160,-4],[426,7],[715,12],[0,-26],[-17,-62],[5,-34],[15,-34],[12,-11],[18,-35],[22,-28],[33,-20],[9,-22],[3,-34],[22,-73],[39,-18],[34,-22],[51,-35],[20,0],[3,-20],[24,-74],[5,-28],[8,-54],[31,-55],[3,-19],[10,-32],[3,-27],[-2,-38],[4,-18],[24,-10],[5,-7],[0,-37],[-4,-25],[-2,-35],[1,-36],[6,-38],[12,-46],[11,-78],[11,-31],[1,-21],[7,-40],[0,-25],[-6,-26],[17,-26],[25,-9],[7,-11],[-2,-18],[11,-9],[4,-15],[10,-6],[-4,-16],[31,-23],[7,-10],[14,0],[14,-11],[7,-14],[-14,-15],[-7,-15],[2,-16],[17,-2],[22,-8],[11,-13],[4,-21],[14,-17],[18,-11],[9,-26],[11,-48],[0,-82],[3,-23],[16,-34],[2,-21],[-12,-15],[3,-23],[15,-4],[52,21],[63,40],[27,20]],[[12268,20737],[48,-3],[48,8],[31,21],[20,9],[45,15],[35,7],[15,20],[36,72],[18,25],[38,30],[11,5],[27,-11],[40,-21],[15,-5],[17,7],[12,14],[13,34],[21,32],[12,8],[23,-4],[27,-23],[21,2],[35,9],[47,21],[15,-2],[27,-17],[5,7],[6,45],[6,23],[25,37],[19,-24],[20,11],[11,-48],[1,-21],[17,-32],[6,-30],[7,-15],[13,-4],[7,13],[1,51],[6,17],[28,38],[4,20],[11,13],[26,35],[36,44],[17,35],[38,25],[26,34],[18,57],[10,24],[-1,62],[-5,25],[22,-3],[18,15],[18,32],[18,-12],[33,2],[22,18],[13,5],[35,22],[11,-14],[36,-17],[14,-9],[21,-29],[11,-22],[26,-11],[36,-39],[22,-5],[26,-24],[14,-36],[17,-27],[8,-26],[7,-61],[-10,-17],[-8,-32],[18,10],[24,0],[28,-20],[12,-1],[40,30],[7,11],[16,3],[15,-7],[7,3],[14,22],[17,14],[10,23],[9,7],[29,6],[48,56],[17,11],[34,15],[3,4],[25,63],[16,21],[18,4],[17,-11],[10,-26],[3,-19],[10,-21],[10,-41],[35,-43],[20,-3],[7,-17],[0,-40],[13,-38],[6,-2],[23,10],[23,5],[8,15],[-3,16],[-12,26],[5,19],[35,19],[20,20],[6,23],[39,67],[10,22],[10,7],[23,4],[30,-2],[29,5],[24,14],[37,10],[16,-1],[15,24],[23,25],[19,12],[14,21],[63,-7],[11,1],[24,17],[44,-10],[28,0],[34,12],[18,3],[33,23],[12,3],[12,-6],[14,-24],[23,-19],[20,-3],[19,19],[27,9],[19,22],[21,-7],[9,-13],[23,-11],[20,3],[30,16],[32,-1],[16,-4],[38,9],[3,-3],[18,-51],[8,-68],[-1,-23],[5,-23],[7,-10],[4,-24],[11,-38],[17,-38],[3,-14],[18,-12],[4,-11],[26,-13],[14,-15],[31,-67],[5,-27],[18,-44],[10,-40],[10,-17],[18,-40],[19,-24],[9,-5],[54,-16],[24,1],[28,17],[9,9],[20,-2],[42,43],[14,5],[44,-6],[16,12],[34,18],[9,2],[14,-24],[23,-24],[11,-42],[9,-20],[1,-16],[-7,-15],[-1,-32],[7,-10],[29,-8],[8,-14],[13,-12],[7,-19],[32,-27],[14,-21],[12,-34],[15,-8],[54,20],[31,2],[23,-5],[34,7],[25,-7],[20,5],[45,4],[24,-51],[6,-24],[16,-13],[5,-15],[-5,-22],[36,-54],[8,-24],[20,-36],[40,-43],[17,-31],[18,-9],[30,6],[10,-22],[10,-67],[8,-15],[12,-13],[25,-8],[22,-12],[27,-28],[26,-21],[56,-23],[13,-26],[18,-64],[19,-24],[-1,-25],[5,-23],[-4,-21],[-23,-72],[-4,-38],[9,-28],[5,-29],[38,-49],[14,-30],[23,-9],[30,0],[27,22],[43,5],[28,0],[18,9],[17,-7],[45,-49],[0,-21],[-7,-50],[45,-43],[44,-15],[41,-56],[8,-34]],[[33714,21339],[0,582],[3,46],[-26,37],[-26,27],[-31,8],[-31,-2],[-42,-12],[-28,-21],[-12,-28],[-10,-11],[-33,-22],[-31,-14],[-32,-3],[-29,10],[-27,14],[-17,13],[-44,41],[-196,321],[-198,-160],[-75,-21],[-245,123],[-78,232],[-70,116],[-171,252],[-80,101],[-83,28],[-15,14],[-150,-33],[-86,117],[-78,-21],[-57,25],[-107,0],[-83,7],[-80,117],[-90,117],[-71,117],[-29,21],[-35,96],[-15,87],[-65,31],[-18,78],[-22,69],[-22,14],[-17,18],[10,163],[12,52],[-14,36],[2,29],[-17,3],[-14,26],[-20,-18],[-98,8],[-3,9],[-44,78],[-23,44],[-47,19],[-23,-27],[-40,-29],[-42,-43],[-49,4],[-42,60],[-28,-4],[-45,3],[-51,25],[-6,-25],[-24,-21],[-25,-18],[-44,-16],[-41,-23],[-52,-61],[-21,-12],[-2,-40],[-28,-53],[-59,-59],[-42,-14],[-27,7],[-26,39],[-13,28],[-22,1],[-25,18],[-2,55],[1,55],[-8,24],[-33,55],[-86,73],[-12,-12],[-5,9],[9,28],[-7,84],[-23,5],[-34,35],[-22,28],[-28,-48],[-38,-28],[-76,-73],[-113,-1],[-15,10],[-6,-6],[-4,-70],[0,-66],[-10,-42],[-21,-26],[-38,-7],[-28,1],[-22,-15],[-13,5],[-12,-76],[-23,-8],[-18,-24]],[[29335,28787],[1,136],[-2,35],[1,1292],[2,703],[2,400],[1,742],[2,1302],[0,1299]],[[29342,34696],[0,1035],[257,-6],[1210,-4],[70,0],[244,-1],[58,2],[282,1],[298,-4],[283,1],[102,-1],[588,-2],[170,-1],[380,-4],[1013,-10],[388,-2],[88,2],[1438,-1],[254,0],[267,-5],[130,-1],[480,-2],[362,-6],[4,1],[286,-5],[95,0],[157,5],[802,-14],[543,-5],[217,-3],[89,-1],[130,-1],[52,-4]],[[43444,36253],[-22,-30],[-6,-31],[3,-41],[-4,-42],[6,-46],[19,-42],[33,-45],[11,-43],[6,-14],[15,-16],[55,-26],[9,0],[13,-39],[5,-44],[6,-9],[-1,-19],[-7,-30],[2,-13],[13,-42],[22,-27],[7,-12],[14,-43],[40,-24],[28,5],[47,-9],[20,-10],[32,15],[15,15],[7,-15],[44,-53],[4,-12],[2,-33],[11,-33],[19,-21],[14,-8],[14,-29],[18,-18],[18,-41],[5,-1],[40,16],[22,-25],[11,-7],[18,-30],[27,-33],[19,-37],[12,-15],[27,-26],[12,-46],[0,-58],[-2,-23],[7,-23],[22,-26],[11,-22],[21,-18],[47,-16],[25,-2],[10,-35],[33,-45],[4,-46],[4,-79],[11,-43],[12,-26],[6,-62],[6,-40],[14,-16],[45,-26],[13,-24],[6,-25],[8,-23],[14,-14],[26,-7],[13,-17],[32,-53],[18,-16],[27,-14],[35,-12],[33,0],[9,-20],[31,-11],[17,3],[12,-11],[20,-82],[6,-12],[15,-12],[37,-18],[27,-17],[24,-57],[5,-35],[3,-35],[10,-28],[15,-21],[31,-30],[52,-22],[9,3],[5,-20],[26,-24],[17,-6],[14,-11],[32,-66],[15,-19],[12,-9],[8,-58],[5,-15],[19,-31],[7,-18],[17,1],[11,-15],[7,-73],[-8,-14],[4,-51],[-2,-23],[26,-45],[-2,-21],[17,-28],[10,-42],[19,-13],[10,-16],[12,-6],[12,-65],[20,-42],[1,-34],[9,-30],[11,-9],[13,-30],[13,-7],[-2,-41],[7,-30],[12,-13],[23,-7],[4,-20],[24,-76],[-1,-12],[27,-36],[11,-2],[11,-14],[2,-23],[9,-26],[14,-27],[26,-26],[31,-22],[17,-8],[13,-23],[15,-54],[16,-36],[3,-14],[11,-9],[39,-21],[23,-18],[16,-23],[9,-4],[7,-14],[11,-8],[6,-13],[5,-39],[16,-25],[24,-27],[6,-2],[10,24],[30,31],[9,20],[27,-19],[52,-101],[12,-13],[18,-8],[32,-20],[17,-15],[13,-27],[36,-98],[0,-16],[16,-48],[6,-7],[36,-20],[12,-15],[26,-19],[18,-41],[18,-22],[15,8],[30,-17],[17,-14],[34,-8],[19,4],[35,-17],[25,-23],[38,0],[10,-11],[31,-13],[16,-1],[9,-15],[4,-18],[20,-46],[10,-4],[1,-38]],[[5052,8608],[-181,0],[-48,4],[-5,-102],[46,-2],[1,-45],[-48,-19],[-2,17],[-16,15],[-9,23],[0,25],[-27,-9],[-4,18],[-18,-9],[-8,7],[0,19],[-7,15],[-20,-9],[-3,-25],[-6,-5],[-25,20],[-6,29],[-34,-13],[-37,-3],[-5,22],[-11,14],[-10,4],[-25,2],[-12,15],[-49,-1],[-113,2],[-33,-1],[0,54],[-63,0],[0,-55],[36,1],[2,-26],[10,-47],[-9,-12],[-4,-22],[-36,1],[-172,-9],[1,-90],[22,-2],[58,4],[2,-73],[-290,3],[-460,2],[-3,-261],[-38,1],[0,-92],[-165,1],[0,93],[-55,1],[-1,-91],[-65,3],[1,83],[-250,4],[-64,2],[-1,20],[0,150],[81,0],[2,92],[-190,2],[2,-92],[-202,-2],[-2,-103],[75,-3],[2,-70],[-255,0],[-2,-103],[-19,22],[-2,20],[-9,15],[-2,37],[5,43],[-3,35],[7,7],[-6,29],[8,28],[-7,17],[-9,-9],[-23,2],[4,31],[11,8],[-3,24],[-10,-5],[-11,-15],[-2,-30],[-5,-14],[-10,-6],[-14,3],[-21,27],[27,0],[0,101],[-189,-1],[0,-102],[70,1],[26,-13],[10,13],[47,-31],[13,16],[9,-12],[-2,-32],[5,-11],[-10,-20],[-4,-30],[36,-45],[17,-7],[7,-11],[4,-22],[17,-45],[3,-23],[13,-37],[17,-18],[-16,-85],[-229,-2],[-2,-562],[-2,-272],[1,-106],[-117,-4],[-1,-74],[-7,-214],[-1,-212],[1,-200],[-101,-6],[-45,1],[-344,-3],[-52,-3],[-66,2],[-457,3],[-32,-4],[-15,-6],[-79,-1],[-3,-91],[-202,-1],[-189,-3],[-2,94],[-130,-1]],[[209,6170],[0,235],[-6,16],[3,2736],[0,381],[13,1183],[5,291],[11,893],[2,209],[-4,57],[-2,5],[8,97]],[[239,12273],[33,64],[20,22],[9,17],[140,277],[62,115],[234,515],[18,34],[94,190],[289,591],[63,127],[41,84],[543,1111],[84,173],[89,178],[82,172],[590,7],[264,-6],[281,-3],[105,1],[103,-1],[27,1],[150,0],[29,1],[158,1],[119,-2],[214,-2],[225,0],[98,-2],[108,-1],[70,2],[23,-3],[161,-1],[349,-1],[93,-1]],[[6678,10594],[1,183],[-1,165],[0,135],[-1,252],[-1,84],[0,164],[-2,38],[-9,108],[1,18],[41,74],[30,41],[33,13],[39,11],[107,87],[-1,120],[0,154],[1,91],[-48,3],[-19,5],[-77,44],[-38,18],[-57,16],[-18,2],[5,16],[47,23],[40,37],[18,32],[6,30],[1,65],[-12,31],[-15,20],[-7,17],[-33,157],[0,16],[26,67],[2,19],[-6,70],[2,37],[14,11],[-8,27],[-2,57],[6,8],[4,26],[-4,23],[-25,62],[-2,33],[3,21],[1,84],[4,20],[1,53],[-2,15],[3,34],[-5,71],[-6,21],[1,23],[11,-4],[10,-13],[21,-18],[21,5],[-10,38],[-2,34],[-5,16],[-1,27],[-5,22],[0,21],[-13,34],[-4,48],[2,40],[9,33],[2,24],[-9,20],[-14,18],[-19,11],[-24,31],[-19,34],[-2,52],[-15,32],[-5,20],[3,41],[7,-10],[18,-5],[18,3],[21,-7],[26,-14],[47,5],[21,-11],[14,3],[21,14],[10,12],[-1,24],[10,28],[15,29],[0,32],[8,48],[0,22],[-5,25],[-2,31],[-1,46],[7,18],[-3,14],[-9,-7],[-19,-5],[-22,11],[-25,33],[-34,33],[-10,3],[-35,-10],[-18,2],[-7,10],[-20,44],[-22,28],[-14,23],[-7,24],[0,30],[4,17],[-18,37],[-16,-3],[-7,-22],[-9,-3],[-12,31],[3,26],[20,15],[-1,7],[-18,38],[-9,29],[-20,25],[-14,6],[-21,49],[-3,18],[-14,20],[-18,18],[-12,18],[-22,23],[-14,10],[-33,30],[-19,13],[-46,4],[-16,14],[-50,14],[-53,56],[-24,24],[-20,11],[-4,14],[12,17],[-1,18],[-11,25],[-39,55],[-7,21],[-15,19],[-17,45],[-18,21],[-15,-2],[-10,-8],[-17,10],[-28,51],[-9,6],[-32,10],[-25,-3],[-28,20],[-47,-4],[-13,2],[-11,9],[-6,23],[-14,37],[-16,4],[-27,-42],[-16,3],[-43,31],[-19,10],[-17,14],[-35,15],[-33,10],[-65,36],[-63,-18],[-13,1],[-17,14],[-37,37],[-16,24],[-20,41],[-12,35],[-16,11],[-25,-9],[-18,-13],[1,-24],[-6,-17],[-21,3],[-18,-3],[-22,3],[-10,6],[-13,31],[-10,44],[-6,37]],[[5207,15933],[22,0],[387,2],[0,40],[64,-4],[214,-8],[297,-2],[225,2],[1183,-4],[373,-1],[246,-1],[127,1],[240,0],[186,8],[72,-1],[221,-3],[97,-5],[97,-13],[30,-2],[235,5],[163,0],[67,1],[173,-4],[361,4],[36,1],[376,4],[44,2],[575,8],[216,3],[340,10],[335,13],[125,5],[218,17],[257,16],[295,39],[1,0],[210,32],[251,16],[63,0],[177,2],[233,2],[119,1],[54,2],[65,1],[130,-1],[177,2],[415,3],[97,3],[435,5]],[[15531,16134],[-7,-27],[9,-33],[-7,-22],[-12,-15],[-12,-34],[-5,-67],[5,-45],[-68,-12],[-43,-12],[-14,-11],[-15,-31],[-27,-25],[-19,-11],[-11,-14],[-18,-4],[-29,-69],[-7,-38],[-24,-18],[-4,-9],[-15,-76],[-6,-18],[-25,-25],[-26,-11],[-13,-1],[-28,11],[-8,-12],[-7,-38],[-1,-41],[-10,-23],[-17,-14],[-28,-59],[-1,-27],[-9,-9],[-10,2],[-24,-7],[-18,6],[-13,-3],[-28,-23],[-19,-2],[-16,-30],[-2,-23],[-16,-45],[6,-33],[15,-13],[2,-19],[0,-44],[-7,-14],[-10,-4],[-10,13],[-10,-7],[-5,-15],[6,-38],[-7,-24],[5,-11],[-11,-17],[-42,-7],[-30,-2],[-8,-11],[5,-21],[9,-15],[11,-33],[22,-82],[-12,-61],[11,-40],[1,-22],[-7,-43],[10,-66],[0,-40],[-19,-64],[16,-51],[7,-27],[13,-23],[-21,-57],[-24,-43],[-6,-37],[2,-24],[8,-38],[21,-23],[1,-8],[-11,-27],[-2,-17],[4,-66],[-5,-17],[-15,-32],[-4,-13],[6,-41],[0,-24],[-12,-31],[-17,-21],[-6,-17],[-4,-24],[2,-51],[-20,-45],[1,-34],[-6,-8],[-43,-79],[-56,-65],[-21,-18],[-9,-22],[6,-62],[11,-52],[-1,-43],[-12,-63],[1,-23],[14,-57],[21,-49],[-22,-43],[-8,-38],[-4,-41],[6,-37],[19,-43],[11,-8],[7,-14],[-20,-6],[-17,-10],[-22,-31],[-23,-47],[-10,-52],[2,-24],[9,-20],[4,-25],[8,-23],[13,-24],[12,-34],[-9,-20],[1,-17],[-3,-43],[-9,-49],[-8,-22],[0,-84],[9,-50],[31,-31],[4,-34],[-5,-27],[4,-36],[-2,-13],[14,-29],[-3,-12],[-16,-16],[-7,-24],[-3,-45],[-10,-27],[-8,-31],[-6,-38],[8,-24],[2,-16],[9,-36],[5,-7],[22,-73],[-12,-36],[-10,-54],[-1,-18],[-24,-27],[-14,-11],[-19,-63]],[[14552,11571],[-70,51],[-28,10],[-41,31],[-17,8],[-9,-2],[-31,15],[-14,12],[-9,19],[-11,47],[-14,15],[1,31],[8,23],[17,20],[2,20],[-9,39],[2,16],[-6,32],[-5,14],[-14,13],[2,19],[-15,16],[-14,0],[-14,17],[4,15],[-8,28],[-16,17],[3,24],[-15,27],[0,35],[-15,28],[10,25],[-3,21],[-11,41],[-10,15],[-6,21],[-14,11],[-12,26],[0,11],[-32,47],[-10,27],[-4,32],[-24,29],[-9,19],[-15,5],[-12,18],[-20,-9],[-36,11],[-32,29],[-15,18],[-25,14],[-4,18],[-17,0],[-11,20],[-17,-7],[-15,8],[-14,15],[-9,-9],[-19,17],[5,18],[-2,27],[-12,25],[-21,-4],[-11,24],[-16,7],[-5,21],[-19,-13],[-6,5],[-3,20],[-13,30],[-15,25],[-26,11],[-9,16],[-19,19],[-9,27],[-17,25],[-14,2],[-12,12],[0,26],[-13,7],[-7,23],[-27,44],[-10,33],[-11,8],[-18,24],[-18,31],[-23,28],[-9,-12],[16,-37],[-19,0],[-3,-27],[-19,-4],[19,-37],[5,-17],[-7,-13],[1,-13],[-12,-5],[-2,-16],[-12,-2],[1,-17],[-36,15],[-11,-1],[-8,-13],[18,-15],[3,-18],[-17,-59],[-26,-42],[-10,-5],[-11,8],[5,21],[-2,32],[-5,19],[-12,13],[-19,43],[-31,21],[-22,-2],[-41,-8],[-11,10],[-12,22],[-21,12],[-14,0],[-36,19],[-14,29],[-12,10],[-28,6],[-18,-1],[-23,17],[-34,35],[-17,29],[-20,16],[-8,3],[-22,-23],[-30,-6],[-22,-14],[2,-34],[7,-16],[17,-24],[10,-24],[-16,5],[-7,8],[-18,8],[-20,19],[-16,23],[-52,22],[-31,34],[-18,27],[-19,3],[-26,-4],[-13,-18],[-43,-3],[-29,11],[-26,-8],[-20,-2],[-14,-10],[-24,-7],[-34,2],[-27,19],[-33,29],[-27,9],[-13,-2],[-27,17],[-22,25],[-20,17],[-20,26],[-20,8],[-41,7],[-45,4],[-20,17],[-26,9],[-31,-10],[-58,-9],[-15,-11],[-13,-22],[-28,-35],[-28,-19],[-25,-20],[-22,-4],[-21,3],[-36,20],[-25,0],[-39,-16],[-19,-23],[-22,-10],[-11,-10],[-22,-33],[-35,-13],[-17,4],[-23,12],[-22,-4],[-16,8],[-20,-12],[-23,6],[-19,-13],[-16,-4],[-14,10],[-48,-1],[-17,15],[-12,3],[-32,-15],[-13,-3],[-21,7],[-19,-1],[-37,-32],[-22,-1],[-15,4],[-13,-7],[-19,-1],[-34,8],[-23,-21],[-11,-15],[-11,-2],[-10,-46],[0,-13],[-6,-29],[2,-18],[9,-41],[15,-25],[4,-16],[0,-57],[20,-66],[17,-29],[3,-16],[-4,-20],[3,-18],[-9,-66],[-11,-27],[-3,-17],[-16,-52],[-11,-13],[-19,-39],[-11,-32],[-16,-29],[-15,-51],[-21,-16],[-16,-24],[-24,-17],[-7,-23],[-17,-37],[-6,-30],[-8,-22],[-5,-54],[-7,-43],[4,-19],[-9,-17],[-2,-47],[-7,-9],[-9,5],[-22,-3],[-6,-7],[-21,-44],[-2,-13],[-23,-32],[-8,-25],[-10,-13],[-20,-16],[-16,-20],[-18,-39],[-22,-25],[-20,-27],[-6,-19],[-16,-12],[-4,-24],[-10,-17],[-28,-19],[-30,-12],[-11,-7],[-22,-31],[-14,-33],[-14,0],[-18,-6],[-10,-14],[-7,-26],[-17,-41],[-6,-41],[-11,-23],[6,-18],[-14,-30],[4,-8],[-6,-19],[-20,-26],[-7,-34],[-10,-13],[-13,-50],[-13,-37],[-12,-17],[-20,-9],[-12,8],[-15,-5],[-14,21],[-17,6],[-20,20],[-12,-3],[-4,-12],[-12,-8],[-6,-16],[-12,-8],[-16,-1],[-30,5],[-38,14],[-21,-12],[-10,-14],[-17,-2],[-17,-42],[-20,-9],[-20,-22],[-24,3],[-22,-13],[-11,-13],[-44,16],[-9,12],[-16,1],[-19,11],[-24,26],[-16,11],[-38,15],[-46,48],[-22,36],[-14,6],[-29,37],[-15,8],[-13,-7],[-50,-48],[-31,-5],[-14,-18],[-30,-20],[-1,-88],[1,-131],[1,-190],[-138,-2],[0,-175],[-3,-14],[-13,-19],[-5,-16],[-4,-48],[6,-30],[10,-30],[15,-22],[6,-26],[-3,-17],[-14,-39],[-2,-23],[16,-58],[2,-28],[25,-36],[21,-26],[6,-22],[3,-77],[9,-47],[-188,151],[-42,34]],[[9372,10232],[18,-72],[-7,-32],[-25,-37],[-12,-23],[-14,-12],[-8,-15],[-18,-65],[-25,-22],[-18,-23],[-12,-20],[-7,-21],[-10,-68],[-9,-32],[-20,-41],[-9,-38],[2,-36],[-7,-31],[1,-17],[-22,-49],[-6,-16],[-18,-32],[-24,-19],[-32,-11],[-9,-9],[-4,-17],[-20,-20],[-18,-21],[-6,-2],[1,-58],[-4,-33],[-6,-8],[-29,-18],[-26,-26],[-7,-10],[2,-37],[-4,-83],[8,-24],[21,-31],[24,-42],[23,-57],[4,-21],[-32,12],[-1,-24],[-5,-20],[-3,-70],[0,-38],[7,-39],[11,-23],[2,-21],[13,-36],[0,-140],[-1,-27],[3,-20],[0,-500],[-1,-65],[-110,-1],[-152,0],[-1,-116],[-1,-250],[-129,1],[-1,-183],[-238,0],[-206,4],[-223,2],[-119,5],[-2,-185],[-126,1],[-140,0],[-87,-1],[-294,-6],[-1,-432]],[[7203,6811],[-758,-4],[-21,0],[1,-106],[-133,-2],[1,-101],[2,-80],[0,-54],[-332,-1],[2,-93],[64,0],[0,-167],[-59,3],[2,-269],[-65,-3],[-2,-332],[1,-18],[-442,10],[-34,-3],[-41,0],[-69,3],[-322,2],[0,27],[-129,-1],[0,-32],[-127,0],[-5,177],[128,0],[-1,45],[-2,351],[0,60],[-95,-3],[-103,0],[-1,77],[110,1],[328,4],[12,0],[-1,-81],[68,-1],[1,13],[-5,334],[-60,1],[-1,245],[0,16],[127,1],[0,93],[67,1],[-1,233],[0,213],[72,0],[-2,380],[1,70],[-1,271],[-133,0],[-1,223],[-12,11],[-23,10],[3,23],[8,6],[25,-2],[3,-14],[13,-21],[8,14],[9,4],[1,20],[81,0],[1,70],[-1,242],[-177,-1],[0,-70],[-131,2]],[[5052,8608],[22,13],[20,5],[7,7],[33,13],[21,31],[13,41],[-7,5],[0,28],[6,22],[-12,15],[-8,32],[-2,43],[7,8],[5,34],[-4,25],[-7,17],[1,23],[5,19],[-8,19],[8,74],[4,13],[10,55],[-2,25],[0,46],[-5,30],[9,19],[-1,42],[-11,29],[-4,45],[-9,14],[-17,75],[7,42],[-1,26],[10,31],[10,46],[6,10],[1,33],[7,10],[-3,35],[6,38],[-3,36],[13,51],[14,16],[9,2],[8,25],[18,24],[7,21],[-1,15],[21,18],[9,13],[12,41],[12,6],[19,35],[17,55],[6,39],[-3,25],[9,40],[10,19],[5,21],[14,24],[-13,32],[-3,15],[-1,68],[8,10],[11,0],[6,11],[-1,27],[12,14],[-1,40],[224,0],[153,2],[164,1],[105,-1],[67,2]],[[6425,8182],[14,2],[7,11],[16,1],[0,-24],[12,22],[-2,15],[16,3],[4,-18],[-1,-25],[13,11],[7,-21],[10,-12],[16,9],[10,-1],[12,-17],[19,17],[2,14],[-7,14],[5,21],[11,8],[7,17],[-11,29],[-2,18],[-12,35],[-8,-6],[-7,8],[8,15],[10,-11],[18,22],[24,24],[4,-12],[10,3],[8,-27],[11,9],[6,-12],[40,-9],[9,3],[8,17],[0,17],[10,14],[16,11],[-1,18],[7,12],[2,28],[5,13],[15,15],[1,16],[16,12],[3,16],[10,9],[4,-14],[15,-8],[10,14],[15,-1],[8,19],[23,7],[8,18],[13,-33],[13,-1],[10,-9],[12,12],[-13,25],[17,8],[4,10],[18,3],[-5,28],[15,2],[12,11],[17,-22],[11,-7],[6,-25],[29,15],[12,-1],[1,18],[23,-7],[18,10],[14,-2],[5,15],[18,8],[9,16],[16,11],[10,42],[11,-16],[13,10],[10,-7],[22,14],[12,17],[-6,26],[14,11],[1,18],[25,5],[7,-12],[12,2],[-1,28],[-11,14],[9,12],[3,14],[18,-3],[11,53],[19,-12],[12,7],[8,40],[7,2],[-3,27],[15,12],[9,17],[0,13],[-14,12]],[[7207,10497],[255,3],[1,2],[-3,167],[2,13],[12,0],[10,19],[9,0],[8,-16],[25,-3],[90,0],[66,-1],[11,-19],[13,-49],[18,-1],[6,-21],[5,-40],[8,-7],[-6,-39],[0,-19],[6,-22],[7,-7],[17,-34],[3,-21],[18,-6],[-4,-17],[4,-35],[18,-38],[16,-17],[27,-7],[6,-27],[20,-38],[6,-7],[9,-26],[10,-6],[21,-25],[0,-44],[11,-24],[7,-59],[6,-16],[-1,-29],[13,-35],[-7,-20],[-4,-50],[-6,-22],[-2,-26],[4,-16],[14,-7],[16,12],[7,16],[13,-8],[-2,-19],[10,-1],[11,18],[5,28],[14,11],[17,-6],[26,21],[14,20],[8,-9],[11,8],[2,16],[10,10],[3,21],[8,29],[19,28],[2,28],[18,19],[7,17],[12,16],[10,44],[18,20],[9,25],[10,6],[13,20],[4,24],[40,41],[10,20],[7,50],[16,26],[-5,21],[10,17],[10,25],[11,12],[9,1],[16,25],[26,18],[3,15],[16,33],[16,27],[5,26],[12,16],[28,53],[20,22],[20,31],[12,7],[13,19],[-2,13],[17,7],[3,18],[15,-19],[11,17],[7,0],[10,24],[18,-5],[15,8],[18,-21],[9,2],[5,15],[27,13],[10,-9],[202,-173],[211,-174],[114,-94],[136,-114]],[[6425,8182],[-6,6],[-2,22],[-18,17],[-30,-23],[-9,-1],[-31,21],[11,34],[16,17],[2,14],[22,19],[2,13],[12,13],[6,15],[-6,33],[8,40],[29,72],[7,1],[-1,38],[14,17],[4,53],[-8,13],[16,24],[8,58],[11,5],[8,31],[-7,7],[6,27],[-10,23],[5,9],[-4,24],[13,23],[38,5],[5,12],[-1,16],[7,17],[12,-15],[22,-18],[11,-1],[-3,32],[-14,31],[-12,13],[1,28],[8,1],[36,-17],[8,17],[-11,10],[1,25],[-16,25],[2,21],[7,30],[-4,29],[10,20],[12,1],[12,10],[12,23],[16,5],[-31,48],[-54,110],[-14,24],[-65,102],[-18,47],[-33,147],[-37,164],[-16,48],[-25,55],[-51,99],[-138,260],[-20,42],[-17,49],[-37,131]],[[6096,10493],[7,-1],[9,-18],[32,19],[198,1],[102,3],[236,0],[-2,97]],[[6678,10594],[55,0],[14,-22],[49,-4],[9,-3],[-7,-40],[5,-24],[7,-5],[68,2],[208,-1],[121,0]],[[7207,10497],[-3,-28],[0,-194],[1,-378],[-2,-91],[170,1],[10,-30],[14,-11],[5,-10],[-1,-35],[8,-41],[10,-16],[2,-24],[-7,-17],[-27,-40],[-6,-45],[-7,-76],[13,-80],[30,-91],[8,-78],[-29,-16],[-23,3],[-13,-30],[63,-8],[-25,-16],[-7,-24],[-17,-29],[1,-32],[5,-25],[-12,-32],[-1,-22]],[[7367,8982],[-69,25],[-26,4],[-24,-5],[-25,-15],[-12,-13],[-13,-22],[-16,-34],[-23,-26],[-19,-7],[-58,-1],[-136,-3],[-75,-2],[-147,-4],[-24,21],[-13,30],[-3,30],[-44,-107],[-18,-48],[-14,-31],[-57,-140],[-16,-43],[-65,-159],[-12,-33],[-5,-23],[-17,-113],[-11,-81]],[[6857,52011],[17,-10],[50,-19],[48,-1],[140,0]],[[7112,51656],[0,325]],[[7112,51981],[123,-1]],[[56464,85495],[33,1],[3,39],[-3,25],[-21,23],[-11,2],[1,94]],[[56739,85714],[-1,-158],[7,-35],[14,-26]],[[56801,85013],[-33,0],[-34,-3]],[[57487,71761],[-136,0]],[[46313,18898],[192,3],[80,2],[565,7],[196,9],[503,5],[815,7],[267,3],[118,11],[1471,-26],[192,-2],[37,-5],[580,12]],[[47253,9084],[-39,0],[-64,5],[-59,-3],[-65,-5],[-20,2]],[[45689,11823],[67,-1],[28,-3],[93,-16],[271,-46]],[[7765,52161],[-80,0],[-25,1],[-149,1],[-20,-3],[-256,0]],[[7235,52160],[1,181]],[[7236,52341],[66,-1],[463,0]],[[56597,85077],[34,8],[30,17],[28,33],[46,0],[-1,-125]],[[56734,85010],[-1,-56],[-271,0],[2,-125],[-1,-55]],[[56463,84774],[-18,-2],[-39,1],[-30,3],[-41,-13],[-50,1],[-41,6],[-53,0]],[[45650,11823],[39,0]],[[45689,11823],[29,-39],[17,-6],[12,12],[30,18],[15,-12],[6,-30],[-2,-18],[-15,-25],[-7,-27],[6,-13],[35,-20],[16,6],[13,18],[12,8],[12,-9],[-2,-17],[-7,-10],[-25,-19],[-21,-28],[-2,-26],[10,-23],[-6,-19],[-57,-14],[-5,-17],[9,-25],[22,-19],[35,-7],[16,-13],[22,5],[13,-5],[22,1],[25,-22],[5,-14],[1,-27],[-7,-30],[1,-21],[8,-26],[10,-18],[19,-15],[32,-4],[8,-12],[12,5],[9,14],[15,36],[5,5],[28,-6],[29,-32],[6,-20],[0,-31],[-18,-23],[-7,-44],[1,-18],[18,-17],[8,-18],[12,-2],[10,6],[23,38],[23,14],[9,-7],[9,-20],[7,-31],[11,-15],[14,-6],[12,-19],[6,-40],[9,-13],[34,-4],[18,21],[40,11],[20,16],[22,26],[5,12],[14,11],[12,-3],[20,-28],[3,-17],[-1,-49],[5,-16],[14,-19],[49,-19],[20,-22],[16,-13],[25,3],[25,-21],[33,-14],[16,-22],[4,-35],[6,-18],[13,-17],[13,-6],[22,-1],[8,-9],[13,-60],[9,-21],[-3,-36],[-4,-9],[0,-22],[6,-30],[-3,-24],[3,-31],[-10,-10],[-22,-9],[-10,-19],[3,-28],[26,-21],[2,-22],[-22,-48],[21,-68],[-9,-23],[0,-11],[10,-25],[20,-28],[18,-31],[4,-38],[-12,-34],[-20,-29],[0,-48],[-4,-7],[-24,-17],[-7,-10],[-18,-11],[-4,-16],[15,-21],[26,-27],[5,-26],[-7,-48],[9,-41],[15,-14],[18,-9],[7,-10],[3,-31],[-12,-20],[-5,-17],[13,-9],[10,8],[21,34],[12,3],[7,-8],[3,-36],[-3,-44],[7,-24],[20,-5],[20,7],[19,16],[14,0],[10,-18],[2,-22],[-11,-25],[-19,-20],[-26,-11],[-9,-13],[-2,-20],[6,-19],[12,-19],[15,-56],[7,-33],[5,-11],[32,-11],[4,-15],[-5,-14],[12,-10],[19,1],[13,-9],[12,-24],[3,-36],[-10,-57],[4,-22],[11,-11],[1,-20],[-8,-12],[-23,13],[-10,-7],[1,-27],[19,-17],[15,-4],[14,4],[13,-3],[9,-14],[9,-31]],[[47006,9083],[-138,-4],[-364,-6],[-134,-3],[-214,-1],[-240,4],[-17,-2],[-132,5],[-54,-5],[-76,0],[-11,2],[-246,-1],[-11,-1],[-158,2],[0,2],[-163,0],[-169,-3],[-160,2],[-87,-1],[-33,-3],[-123,7],[-129,3],[-8,-5],[-27,1],[-288,-5],[-18,2],[-101,0],[-74,-3],[-26,2],[-239,6],[-116,1],[-143,4],[-265,5],[-3,364],[-2,362],[0,369]],[[43037,14574],[214,-21],[10,-4],[57,-39],[465,-1],[155,-1],[415,0],[259,2],[335,5],[516,9],[107,3],[37,-591],[9,-158],[3,-193],[4,-492],[48,-43],[68,-63],[21,-22],[18,-32],[44,-109],[45,-106],[375,3],[268,3],[48,-1],[105,2],[-3,-362],[-209,-3],[-110,-1],[36,-153],[12,-52],[29,-60],[18,-23],[30,-3],[0,-77],[-65,-1],[1,-191],[1,-85],[-255,43]],[[46148,11757],[1,238],[-1,362],[-290,-1],[-211,-2],[-128,-4],[-72,15],[0,-127],[1,-8],[39,-68],[11,-23],[0,-67],[6,-31],[-36,5],[-14,-6],[-31,7],[-27,11],[-26,6],[-9,21],[-3,22],[-28,58],[-1,12],[-31,45],[-16,7],[-8,15],[-22,24],[-6,34],[-10,22],[-25,26],[-12,35],[-20,15],[-20,20],[-12,34],[8,33],[7,44],[5,11],[17,12],[14,48],[1,18],[-7,13],[-20,14],[-9,2],[-14,-14],[-4,-25],[-24,-21],[-15,-5],[-26,-23],[-18,0],[-13,8],[-9,30],[8,42],[-8,25],[-10,11],[-22,-9],[-10,-28],[-17,-19],[-26,-2],[-7,19],[16,33],[9,28],[-1,17],[-20,19],[-15,5],[-34,-16],[-8,12],[-7,24],[-10,23],[4,14],[18,15],[-9,48],[-5,10],[-5,43],[-21,13],[-23,-13],[-18,-39],[-22,-16],[-17,3],[-18,24],[-6,22],[14,23],[4,45],[8,30],[-2,24],[-8,15],[-18,4],[-8,-12],[-4,-25],[3,-29],[-6,-28],[-28,-21],[-11,0],[-10,12],[-1,23],[8,14],[2,15],[-3,24],[-11,14],[-24,-3],[-6,-10],[-19,-10],[1,-24],[-8,-19],[-15,2],[-7,-18],[-19,-5],[-17,4],[-19,-14],[-27,-3],[-9,9],[-11,26],[-14,-9],[-35,-29],[9,-7],[38,-9],[12,-7],[23,-29],[15,-8],[32,-41],[0,-115],[7,-22],[-2,-264],[-2,-30]],[[44588,12400],[-1,-55],[1,-181],[3,-338],[0,-48],[5,-422],[8,-30],[7,-16],[7,-29],[1,-27],[-1,-202],[-2,-144],[324,-5],[171,-4],[63,-3],[6,-30],[12,-13],[1,-13],[17,-12],[8,7],[13,-30],[29,-38],[12,-4],[31,-37],[28,-3],[18,6],[19,17],[13,-6],[39,6],[11,-5],[5,16],[13,-5],[26,14],[1,14],[23,15],[9,13],[35,-17],[11,6],[21,-15],[12,8],[7,-7],[12,10],[6,-16],[13,-4],[5,-17],[24,-4],[8,-17],[22,13],[10,-9],[15,-3],[14,-9],[30,5],[33,-19],[5,-16],[10,-12],[16,-7],[13,2],[36,-12],[13,5],[-24,25],[-19,53],[-13,10],[-9,17],[-4,35],[-16,11],[-7,12],[-14,9],[-2,21],[6,18],[-9,47],[12,18],[1,37],[-25,28],[-1,36],[-10,13],[-19,6],[-2,26],[3,10],[20,20],[-4,16],[-27,-6],[-29,13],[-12,15],[3,26],[12,7],[3,34],[-19,17],[5,15],[13,-8],[0,32],[-8,14],[-8,-1],[-4,21],[-10,18],[15,13],[6,17],[0,17],[-12,66],[-6,15],[14,17],[-6,28],[16,13],[28,46],[3,22],[-21,19],[-11,-3],[-27,14],[-8,24],[12,24],[14,38],[-14,45],[-15,70]],[[33712,21012],[2,327]],[[33714,21339],[85,70],[260,257],[14,57],[28,60],[39,59],[16,29],[39,83],[34,83],[4,13],[13,20],[18,15],[9,15],[10,33],[9,79],[-1,58],[-4,32],[-2,71],[10,57],[16,8],[17,17],[29,39],[13,54],[-1,47],[12,23],[50,35],[13,11],[58,41],[41,57],[40,41],[11,25],[45,29],[22,24],[10,22],[51,47],[17,25],[11,25],[5,31],[12,45],[29,27],[14,18],[31,18],[18,21],[12,27],[16,42],[16,31],[37,50],[46,53],[43,65],[14,15],[25,46],[0,23],[-3,35],[-4,54],[6,11],[26,17],[21,-3],[21,11],[10,20],[24,-27],[5,-1],[24,27],[7,13],[47,33],[41,35],[18,17],[10,22],[30,24],[27,53],[24,41],[14,44],[17,25],[10,7],[17,1],[34,21],[20,24],[24,46],[9,10],[8,-2],[18,21],[13,4],[46,35],[20,5],[22,21],[18,3],[10,11],[2,14],[20,34],[20,40],[14,47],[24,40],[32,3],[38,13],[20,3],[10,11],[10,0],[17,-22],[22,-11],[35,0],[24,14],[16,-10],[18,1],[6,8],[6,33],[6,7],[18,-10],[21,15],[15,-7],[27,7],[11,12],[13,-29],[20,-12],[25,14],[24,2],[16,10],[18,0],[20,13],[10,-15],[11,-2],[20,17],[18,-11],[9,1],[3,-19],[-3,-29],[10,-22],[8,-72],[11,-29],[1,-38],[8,-14],[25,-22],[21,-11],[14,0],[23,10],[37,2],[24,-8],[30,-26],[8,-15],[4,-17],[9,-21],[5,-21],[14,-21],[6,-30],[-2,-28],[3,-18],[-3,-41],[25,-61],[1,-13],[21,-52],[2,-47],[45,-49],[16,-12],[9,-18],[3,-16],[17,-18],[15,-5],[31,-35],[25,-10],[24,-24],[34,-20],[14,-24],[17,-5],[2,-9],[14,-9],[19,-24],[21,-10],[18,-17],[12,-17],[14,-7],[45,-43],[19,-36],[8,-34],[14,-48],[23,-29],[30,-46],[21,-37],[7,-25],[10,-14],[14,-30],[5,-22],[21,-41],[28,-18],[15,-18],[68,-34],[14,0],[36,-11],[20,-11],[39,-5],[21,-15],[18,-4],[36,-22],[23,-23],[20,-12],[22,3],[24,-10],[47,12],[31,-3],[13,-7],[50,3],[33,-3],[40,8],[19,-4],[47,11],[25,-2],[15,2],[7,40],[11,-2],[42,-60],[31,-29],[20,-13],[9,-11],[12,-68],[25,-51],[29,-67],[14,-23],[7,-31],[26,-49],[28,-25],[30,-43],[8,-20],[12,-19],[13,-32],[24,-29],[40,-62],[27,-51],[14,-15],[18,-33],[9,-10],[20,-36],[16,-22],[9,-34],[10,-24],[12,-16],[11,-28],[4,-26],[6,-8],[56,-32],[18,-25],[32,-25],[14,-31],[21,-37],[15,-36],[26,-30],[39,-12],[13,-8],[14,6],[25,-1],[62,10],[23,-3],[31,-21],[24,-2],[30,-10],[47,-11],[39,0],[27,-9],[25,-2],[14,-4],[45,-25],[58,-29],[65,-44],[10,11],[10,-6],[19,17],[34,-24],[2,-13],[24,2],[8,-15],[1,-16],[11,-6],[9,5],[8,-8],[46,-24],[11,-16],[26,4],[8,-7],[13,1],[15,13],[11,4],[13,-4],[18,14],[7,1],[11,16],[31,4],[12,-8],[10,-18],[14,11],[7,-8],[27,-6],[26,-11],[14,5],[7,11],[19,6],[5,9],[15,-5],[5,4],[14,-13],[32,6],[9,-2],[25,29],[18,8],[39,9],[21,28],[23,58],[10,9],[28,10],[13,16],[52,32],[15,3],[14,19],[40,25],[32,18],[10,-1],[23,18],[15,1],[13,16],[21,18],[21,14],[23,7],[9,-5],[19,16],[43,23],[13,12],[23,2],[19,14],[17,21],[34,15],[18,19],[14,1],[12,13],[38,17],[14,26],[24,12],[41,53],[27,24],[7,22],[28,69],[9,38],[4,31],[1,45],[-6,120],[-3,148],[-3,93],[0,32],[4,20],[15,35],[28,48],[26,37],[39,40],[10,15],[17,41],[30,89],[21,39],[60,98],[8,20],[9,58],[9,92],[4,8],[11,-9],[11,-23],[27,-42],[21,-40],[7,-18],[260,-8],[271,-3],[-4,-374],[-5,-356],[-2,-282],[-6,-445],[-5,-201],[-4,-156],[-8,-368],[127,-4],[143,-3],[254,11],[263,2],[94,2],[189,1],[243,3],[264,5],[0,-2],[1023,4],[251,0],[175,1],[92,2],[206,5],[20,2],[294,9],[1,-181],[3,0],[141,-95],[91,-61],[283,-201],[8,-16],[191,-524],[3,-346],[11,-16],[49,0],[10,-10],[127,-342],[85,-235],[6,-15],[16,-18],[8,-3],[103,1],[16,-23],[6,-21],[22,-43]],[[46313,18898],[-144,-3],[-385,-9],[-117,-3],[-254,-6],[-51,0],[-213,-6],[-271,-5],[-254,-8],[-178,-1],[-34,1],[-282,-1],[-428,-3],[-186,-2],[-198,-4],[-136,-1],[-132,-1]],[[56740,86228],[0,-144],[1,-219],[-2,-151]],[[56739,85714],[-106,0],[-22,-20],[-25,-14],[-13,-2],[-107,1]],[[56466,85679],[3,130],[1,191],[-1,226]],[[43050,18846],[-1,-378],[-2,-222],[-1,-310],[0,-196],[-3,-701],[-1,-151],[-1,-359],[-1,-247],[0,-155],[-1,-535],[0,-433],[-1,-310],[0,-109],[-1,-166]],[[43037,14574],[0,-979],[3,-16],[-3,-23],[0,-1567],[-1,-219],[0,-1422],[1,-165]],[[43037,10183],[-217,4],[-94,1],[-242,-1],[-227,2],[-628,-1],[-153,1],[-196,-2],[-161,1],[-29,1],[-5,-4],[-975,-1],[-83,1],[-639,4],[-41,0],[-740,4],[-9,-6],[-261,-5],[-91,-4],[-928,-19],[-94,-2],[-579,-12],[0,56],[-153,4],[0,2],[-147,3],[-183,6],[-25,-1],[-298,3],[-1,1],[-271,-2],[-2,1],[-175,2],[-177,9],[-368,-12],[-2,2],[-171,4],[-2,-1],[-290,20],[-12,-2],[-435,13],[0,-2]],[[33471,10267],[-1,2089],[0,299],[1,208],[0,340],[-1,292],[-1,433],[-1,280],[-1,419],[-1,309],[-1,226],[1,175],[1,41],[-6,285],[-5,290],[1,219],[-1,12],[3,566],[228,0],[-2,724],[2,445],[-1,50],[6,918],[1,32],[7,1],[4,466],[0,258],[1,64],[2,394],[2,473],[3,437]],[[33712,21012],[520,-9],[452,-9],[93,6],[208,-2],[247,-6],[0,-1086],[2,-119],[8,-246],[-2,-654],[3,-54],[569,12],[202,2],[72,-2],[379,-3],[199,-3],[125,6],[266,0],[121,-1],[121,0],[203,2],[68,-2],[259,2],[521,1],[251,0],[100,-1],[160,-3],[260,0],[147,-1],[117,1],[63,-1],[17,2],[36,1],[148,-2],[296,-2],[43,2],[12,-3],[243,0],[54,1],[251,-2],[141,1],[116,1],[539,0],[13,-1],[105,1],[291,0],[244,2],[428,0],[332,2],[272,0],[23,1]],[[38605,17262],[-12,15],[-23,13],[-29,20],[-27,14],[-7,8],[-21,4],[-23,-8],[-28,-3],[-63,-39],[-22,-7],[-11,-14],[-10,-1],[-11,-14],[-25,4],[-10,-18],[-7,-25],[-9,-2],[-1,-19],[-21,0],[-10,-15],[-29,-1],[-1,-22],[-7,-24],[-7,-5],[-24,8],[-7,27],[-13,1],[-7,-15],[-12,-7],[-21,3],[-9,-8],[-12,11],[-20,-27],[-6,-26],[-13,-8],[-12,1],[-24,-14],[-19,-17],[-9,-29],[-156,-44],[-2,-238],[-2,-22],[-10,-23],[2,-13],[14,3],[191,-3],[8,-1],[48,52],[40,39],[47,57],[40,49],[26,26],[30,13],[20,-6],[65,-45],[32,-15],[11,-15],[13,-9],[35,-18],[21,-15],[72,-72],[67,61],[-4,-69],[28,-14],[16,37],[8,7],[12,22],[18,45],[0,12],[8,20],[2,18],[21,23],[22,-12],[20,-3],[26,-16],[11,-12],[10,-2],[2,107],[6,4],[26,-2],[6,8],[2,64],[8,12],[-4,17],[52,-20],[10,7],[11,-6],[15,6],[3,15],[-17,-5],[-20,26],[-21,34],[-15,30],[-17,28],[-23,-5],[-13,-16],[-15,-3],[-16,8],[-13,44],[-26,20],[-12,20],[-19,11],[-13,1],[-15,-9],[-16,-3],[-22,4],[-16,8],[-16,17]],[[41544,14157],[143,3],[72,1],[177,0],[60,-1],[-1,175],[7,7],[196,-3],[58,0],[0,80],[-6,27],[-16,28],[-1,36],[20,31],[6,31],[-2,36],[-1,110],[-29,8],[-55,35],[-12,17],[-34,38],[-18,13],[-11,15],[-17,3],[-14,18],[-12,39],[-7,10],[3,23],[-9,16],[-8,31],[-7,9],[-16,4],[-6,15],[7,27],[7,12],[-3,18],[-16,8],[-15,24],[4,36],[-6,15],[-27,-23],[-14,-3],[-11,4],[-19,-2],[-46,-11],[-18,26],[-15,12],[-11,15],[-13,-2],[3,22],[-12,19],[-17,-11],[-30,2],[-17,-4],[-7,10],[-19,13],[-18,1],[-10,7],[-6,16],[-28,-1],[-14,12],[0,35],[-21,50],[-15,14],[-12,-14],[-4,-24],[-11,-6],[-24,7],[-7,27],[18,24],[-6,18],[-7,6],[-24,0],[-21,-10],[-35,-3],[-21,-17],[-18,-7],[-22,-16],[-19,-20],[-10,3],[-17,-7],[-8,-12],[-13,-9],[-12,2],[-10,-7],[-3,-14],[-11,-17],[-10,7],[-17,22],[-12,6],[-26,-13],[-25,2],[-23,21],[-8,14],[2,20],[-8,27],[-11,15],[-36,15],[-2,22],[-9,20],[-10,5],[-15,-11],[-24,8],[-8,13],[-2,27],[9,31],[-6,21],[-19,38],[-11,-16],[-2,-30],[-12,-16],[-18,5],[7,39],[-4,18],[-11,9],[-14,2],[-22,-28],[-11,9],[-34,4],[-17,6],[-18,-1],[-13,5],[-23,22],[-9,3],[-18,19],[-13,3],[-15,21],[-15,5],[-10,22],[-25,27],[-11,20],[-18,24],[-15,12],[-1,-220],[-1,-37],[-1,-146],[2,-79],[-1,-141],[-1,-28],[-6,-19],[0,-35],[8,-67],[10,-16],[22,-21],[32,-13],[12,-15],[6,-18],[25,-85],[1,-24],[14,-30],[-4,-9],[9,-49],[11,-108],[9,-63],[0,-21],[-11,-28],[-7,-39],[2,-111],[3,-45],[3,-124],[134,1],[223,-1],[139,-2],[148,-2],[76,1]],[[57958,70995],[27,-74],[29,-38],[8,-17],[2,-30],[0,-102],[-6,-18],[5,-29]],[[58023,70687],[-91,0],[-20,3],[-24,9],[-92,47],[-39,19]],[[58309,71398],[65,0],[117,-2]],[[58484,71226],[-30,8],[-21,-8],[-139,1],[-36,-2],[-20,15],[-6,-11],[-10,-3],[-51,0],[-8,-7],[-116,0]],[[58047,71219],[-22,181]],[[6523,51385],[0,31],[-70,-1],[-17,44],[-11,8],[-23,-2],[-6,15],[-18,8],[11,16],[15,13],[7,16],[5,27],[12,15],[3,15],[-2,28],[46,85],[32,-7],[23,18],[-45,26],[-77,29],[-50,9],[-25,13],[-95,91],[-16,12],[-93,51],[-43,31],[-23,22]],[[6897,51240],[37,8],[40,34],[21,35],[10,43],[-5,49],[-3,20]],[[7732,51263],[-37,-6],[-64,1],[0,-338],[-13,-34],[-20,11],[-180,-1],[-16,-42],[-32,-6],[-12,-10],[-4,-38]],[[7411,52837],[-16,-25],[-45,-100],[-11,-18],[-14,7],[-89,1],[0,-361]],[[7236,52341],[-132,0]],[[7104,52341],[-99,1],[-68,-1],[-82,0],[-16,1],[-132,0]],[[7045,51406],[-19,13],[-29,10]],[[6997,51429],[-11,16],[-37,39],[-32,41],[-28,58],[-24,37],[0,6],[-30,75],[-21,26],[-25,55],[-21,1],[-14,8],[-22,20],[-25,75],[-1,77],[-6,26],[-21,68],[-18,15],[-53,29],[-31,-12],[-60,-53],[-24,2],[-29,14],[-27,25],[-13,25],[-4,53],[-10,47],[-12,31],[-21,7],[-27,-2],[-23,-7],[-18,-13],[-60,-33],[-52,62]],[[6706,52887],[1,-267],[0,-278]],[[6707,52342],[0,-220],[85,-61],[65,-50]],[[6857,52011],[13,-11],[17,-20],[15,-29],[20,-45],[49,-102],[0,-120],[20,-28],[72,0]],[[7765,51979],[0,182]],[[7765,52161],[0,179]],[[7765,52340],[-1,126],[1,103],[-1,86],[3,73]],[[8027,52733],[3,-51],[0,-83],[1,-419],[-1,-190]],[[7063,51656],[49,0]],[[7112,51656],[123,0]],[[7988,51974],[16,11],[26,5]],[[8030,51990],[37,1],[21,4],[127,53],[83,40]],[[8298,52088],[0,-81],[2,-19],[-2,-105],[1,-212],[0,-102],[-10,-14],[6,-61],[-3,-5]],[[8028,51384],[-16,-18],[-23,-11],[-45,-81],[-21,-25],[-40,-12],[-33,-20],[-45,6],[-5,10],[-39,12],[-29,18]],[[7732,51263],[-48,27],[-36,24],[-18,24],[-88,5],[-17,3],[-42,16],[-56,28],[-30,10],[-24,0],[-83,-16],[-50,-14],[-52,-6],[-10,-7],[-22,-6],[-32,15],[-10,0],[-15,-25],[-1,21],[-24,12],[-29,32]],[[7045,51406],[16,48],[2,19],[0,183]],[[7988,51974],[-27,-27],[-19,-10],[-176,-70],[-85,-34],[-26,-10],[-57,-14],[-31,-11],[-116,-48],[-2,1],[-77,-32],[-53,-40],[-47,-20],[-37,-3]],[[7235,51656],[0,324]],[[7235,51980],[267,0],[263,-1]],[[7765,51979],[39,-1],[39,1],[107,0],[38,-5]],[[6523,51385],[18,20],[57,54],[32,20],[37,17],[21,14],[20,31],[12,26],[13,51],[18,17],[5,-18],[-1,-62],[1,-40],[12,-36],[20,-33],[9,-9],[36,-7],[17,-8],[17,-21],[5,-25],[-6,-20],[0,-16],[10,-24],[20,-23],[9,-24],[-8,-29]],[[6897,51240],[-21,-5],[-4,-10],[5,-33],[11,-37],[11,-19],[12,-44],[15,-28],[105,-140],[33,-57],[15,-45],[6,-101],[5,-18],[18,-39],[7,-7],[24,3],[11,5],[60,75],[32,42],[19,14],[24,2],[20,-4],[30,-11],[19,17]],[[7354,50800],[14,7],[18,17],[42,4],[14,-9],[22,-1],[38,-10],[22,-27],[14,-48],[-3,-26],[-10,-18],[1,-12],[26,-18],[25,12],[12,-17],[9,4],[30,-22],[9,-2],[7,38],[18,17],[11,22],[16,-3],[8,7],[14,-5],[5,-22],[11,7],[14,0],[7,-20],[-6,-16],[19,-8],[10,-10],[4,22],[45,1],[3,-31],[15,16],[6,0],[35,-21],[34,-35],[11,0],[7,-14],[37,-20]],[[11822,47004],[-81,-47],[-217,-118],[-71,-42],[-92,-52],[-335,-195],[-74,-42],[-350,-202],[-68,-39],[-192,-112],[-168,-95],[-99,-55],[-153,-88],[-177,-100],[-39,-27],[1,-151],[0,-623],[-2,-363],[0,-171],[2,-188],[2,-95],[0,-265],[-1,-514],[1,-1032],[1,-372],[0,-240]],[[4,37585],[0,47],[-3,731],[0,760],[-1,939],[4,636],[3,586],[-1,631],[4,1155],[10,732],[2,16],[4,269],[15,860],[5,230],[7,244],[9,397],[3,98],[8,402],[13,616],[4,580],[0,154],[2,22],[-1,244],[1,97],[3,403],[5,250],[0,100],[4,374],[7,893],[1,197],[12,2708]],[[4369,53992],[42,-32],[8,-15],[22,-58],[32,-130],[12,-15],[15,-49],[9,-49],[10,-20],[9,-7],[27,-6],[32,-34]],[[5379,52167],[17,-45],[53,-132],[135,-186],[61,-3],[2,-172],[87,2],[-1,-204],[7,2],[55,1],[3,-188],[52,0],[1,-177],[65,0],[3,-167],[134,3],[0,45],[70,-1],[24,63],[4,57],[8,19],[36,43],[27,46],[15,11],[124,61],[81,31],[18,9],[12,12],[38,69],[13,19]],[[5379,52167],[-125,175],[-1,4],[-55,85],[-17,23],[-27,46],[-31,70],[-47,83],[16,50],[22,0],[1,58],[-2,32],[-175,1],[-89,87],[-1,93],[-65,1],[1,84],[-108,-2],[4,21],[-9,18],[-23,58],[-56,175],[-6,40],[1,208]],[[4587,53577],[16,-17],[42,-55],[40,-46],[38,-50],[29,-31],[94,-79],[8,-2],[9,-16]],[[5699,52763],[14,-37],[11,-85],[0,-33],[9,-20],[28,-30],[59,-38],[38,10],[38,29],[26,31],[27,-13],[18,-50],[12,-12],[35,-48],[102,-90],[26,-35],[55,-95]],[[6197,52247],[-16,-24],[-30,-61],[-39,-56],[-15,-13],[-8,-26],[-7,-38],[-19,-31]],[[6063,51998],[-29,-49],[-38,-54],[-52,-32],[-20,-1],[-120,2],[-29,9],[-33,26],[-31,2],[-64,1],[-3,5],[0,70],[-6,15],[-19,3],[-30,-2],[-11,12],[-1,13],[0,153],[-66,0],[-127,1],[-5,-5]],[[6706,52887],[-199,1],[-197,2],[-39,-1],[-215,2],[-26,-2],[-61,-16],[-42,-27],[-77,-53],[-41,-17],[-31,-2],[-43,13]],[[8244,52668],[-46,2],[-42,12],[-96,40],[-33,11]],[[8027,52733],[-82,20],[-41,5],[-28,-1],[-37,-7],[-72,-22]],[[7767,52728],[-23,-6],[-191,-57],[-28,-1],[-23,4],[-30,34],[-12,22],[-49,113]],[[7411,52837],[-27,57],[-17,20],[-26,13],[-15,3],[-176,7],[-27,-2],[-54,-23],[-34,-6],[-92,3],[-34,-3],[-42,-14],[-25,-3],[-136,-2]],[[4369,53992],[-33,6],[-13,-22],[-31,6],[-51,-2],[-42,-17],[-9,-18],[-24,-17],[-19,3],[-22,14],[-43,7],[-33,19],[-48,10],[-22,11],[-16,15],[-21,28],[-14,31],[-8,25],[-5,26],[-2,31],[-12,19],[-12,10],[-24,13],[-47,44],[-53,61],[-9,18],[-25,29],[-53,67],[-13,12],[-41,-19],[-12,-22],[-52,-57],[-75,-93],[-33,-17],[-140,-46],[-37,-20],[-98,-31],[-31,1],[-39,18],[-62,54],[-57,41],[-17,3],[-16,-7],[-64,-38],[-28,-11],[-33,6],[-37,11],[-24,27],[-23,35],[-15,50],[-9,48],[-3,61],[2,42],[-2,46],[-6,23],[-13,17],[-27,51],[-25,68],[-13,31],[-12,5],[-32,21],[-19,16],[-22,10],[-27,7],[-44,8],[-37,12],[-50,7],[-27,2],[-26,-9],[-40,-20],[-40,-30],[-34,-21],[-25,-11],[-38,-12],[-35,0],[-27,7],[-24,14],[-17,26],[-12,34],[-5,41],[-1,39],[4,45],[7,44],[11,49],[7,59],[1,47],[0,38],[-5,42],[-10,31],[-13,24],[-35,29],[-15,9],[-18,6],[-35,-7],[-40,-28],[-31,-39],[-24,-43],[-16,-39],[-12,-79],[-11,-126],[-6,-49],[-1,-26],[2,-28],[7,-26],[10,-59],[5,-90],[-5,-48],[-8,-53],[-16,-33],[-15,-23],[-18,-21],[-58,-38],[-56,-23],[-88,5],[-32,-8],[-20,-8],[-38,-45],[-16,-39],[2,-30],[19,-51],[23,-56],[7,-29],[1,-42],[-6,-28],[-29,-55],[-41,-35],[-48,-33],[-38,-8],[-25,-1],[-41,10],[-21,11],[-55,4],[-33,-7],[-33,-2],[-33,-9],[-15,-16],[-14,-5],[-47,7],[-34,10],[-50,1],[-17,-11],[-10,-17],[-15,-120],[-8,-36],[-10,-57],[-2,-25],[-14,-33],[-24,-17],[-22,-27],[-16,-13],[-38,-20],[-24,-8],[-86,-9],[-39,-10],[-33,-16],[-26,-16],[-44,-47],[-10,-22],[-16,-53],[-5,-40],[0,-80],[-6,-36],[-56,-84],[-10,-46],[-46,-79],[-12,-23],[-18,-21],[-28,-16],[-69,-14],[-26,0],[-48,7],[-2,-9],[-25,7],[-13,22]],[[124,52956],[1,211],[5,2848],[1,955],[4,2223]],[[135,59193],[163,-2],[551,-6],[276,-1],[58,2],[50,5],[316,-2],[266,0],[108,-1],[238,5],[47,-4],[422,0],[9,-6],[130,-1],[37,1],[244,1],[286,0],[676,2],[399,2],[46,3],[132,0],[20,-4],[1582,1],[791,0]],[[7876,55871],[20,-222],[-17,-2],[-13,-18],[-11,-3],[-26,-33],[-6,-21],[-22,-5],[-30,-31],[-38,-51],[-44,-51],[-6,-10],[-43,-134],[-29,-87],[-29,-70],[-12,-11],[-15,-29],[-40,-55],[-26,-42],[-4,-17],[-13,-23],[-22,-26],[-51,-57],[-36,-31],[-30,-9],[-72,-51],[-37,-28],[-24,-16],[-40,-78],[-39,-38],[-18,-23],[-30,-45],[-11,-46],[-38,-99],[-11,-19],[-15,-13],[-10,-35],[-28,-21],[-23,-40],[-12,-30],[2,-26],[-7,-21],[-6,-35],[-8,-35],[-20,-59],[-21,-24],[-25,-47],[-34,-109],[-23,-65],[-10,-16],[-28,-28],[-36,0],[-3,-13],[0,-163],[-265,-5],[1,180],[-56,0],[-209,1],[0,-253],[4,-27],[0,-36],[-4,-45],[-142,-1],[8,-15],[7,-73],[0,-274],[-138,0],[0,-128],[-1,-6],[-36,-40],[0,-14],[-17,0],[-7,-7],[-35,-26],[-81,-54]],[[5735,52787],[-36,-24]],[[5699,52763],[-8,17],[-25,27],[-26,-3],[-28,5],[-51,101],[-9,29],[-10,15],[-32,31],[-64,81],[-18,28],[-25,25],[-71,43],[-11,3],[-21,-3],[-20,-21],[-10,-21],[-19,-67],[-16,-36],[-17,-13],[-18,-1],[-10,6],[-33,55],[-18,17],[-12,3],[-27,-4],[-18,11],[-32,40],[-17,14],[-39,22],[-55,35],[-40,31],[-27,28],[-9,20]],[[4863,53281],[9,1],[21,-12],[21,-6],[8,-22],[32,-3],[15,6],[40,-1],[9,7],[8,17],[43,31],[23,24],[20,14],[2,9],[0,68],[2,58],[2,17],[-3,27],[2,266],[-1,366],[-1,361],[-264,0],[0,-9],[-23,-5],[-37,13],[-32,29],[-15,22],[-11,3],[-14,16],[-1,-159],[-132,-1],[0,51],[-37,-10],[-26,1],[-32,-51],[5,-23],[11,-20],[-16,-21],[-19,-5],[-11,-8],[-2,-52],[-10,-21],[1,-25],[-18,-16],[1,-43],[-14,5],[-1,-25],[-13,-31],[-1,-54],[-27,-34],[-8,-27],[0,-17]],[[8581,52243],[-29,-39],[-11,-10],[-24,-15],[-219,-91]],[[8298,52088],[-1,60],[2,37],[-1,43],[-4,28],[-10,25],[1,19],[-3,39],[13,0],[0,181],[-45,0],[-1,24],[-9,30],[-10,17],[9,34],[5,43]],[[19070,51678],[-20,-2],[-87,25],[-23,-7],[-9,-17],[-12,-55],[-10,1],[-19,44],[-11,36],[-28,-19],[-14,16],[-55,-53],[-22,-32],[-14,-14],[-4,-36],[8,-12],[-11,-13],[34,-10],[-20,-40],[-24,-2],[-10,-10],[-16,-33],[-45,-48],[-15,10],[-32,-2],[-25,-10],[-11,-40],[5,-60],[-10,-13],[-15,-2],[-13,-35],[-40,-6],[-22,-11],[-13,-23],[-1,-21],[-14,-19],[-7,-35],[-24,18],[-25,-1],[-21,-9],[-9,2],[-9,25],[-32,60],[-9,8],[-21,9]],[[18295,51242],[-16,27],[-33,79],[-9,13],[-23,14],[-9,13],[-14,3],[-13,22],[-30,39],[-7,3],[-30,-1],[-13,42],[-34,64],[-21,23],[-53,34],[-18,3],[-37,17],[-12,29],[-65,18],[-33,25],[-41,8],[-22,11],[-35,25],[-44,34],[-5,29],[-15,3],[-29,-12],[-48,28],[-33,5],[-23,27],[-34,13],[-25,25],[-10,4],[-13,21],[-19,10],[-23,24],[-22,11],[-8,-10],[-18,-3],[-19,8],[-39,9],[-12,7],[-9,13],[-22,-8],[-15,10],[-18,-1],[-13,9],[-17,-6],[-13,-28],[-15,-13],[-16,15],[-11,53],[-19,20],[-14,-9],[-19,-29],[-9,-27],[-5,4],[-11,28],[-38,-56],[-17,-9],[-9,-39],[-7,-6],[-21,-3],[-13,15],[-47,-36],[-15,-23],[-7,-4],[-3,-28],[-9,-13],[-64,9],[-23,-13],[-19,-26],[-22,-12],[-22,-20],[-11,-22],[-17,-14],[-71,-26],[-35,11],[-24,0],[-35,-9],[-13,-8],[-41,-63],[-47,-57],[-8,-5],[-24,1],[-7,24],[-14,17],[-16,10],[-25,-1],[-47,31],[-20,5],[-17,-8],[-52,-7],[-27,-6],[-35,-14],[-18,2],[-22,-8],[-42,1],[-2,-8],[-52,-1],[-29,-7],[-41,-23],[-49,-6],[-23,0],[-38,-8],[-25,-15],[-20,-1],[-60,4],[-5,6],[-29,5],[-72,-15],[-118,39],[-104,-24],[-32,-9],[-24,-41],[-48,-134],[-55,-60],[-59,-47],[-21,-20],[-57,-58],[-10,-33],[-13,-22],[-28,-33],[-75,-54],[-39,-38],[-12,-22],[-40,-31],[-49,-64],[-19,-7],[-15,-18],[-19,-41],[-38,-28],[-34,-1],[-29,-22],[-27,-38]],[[14648,50732],[-7,-43],[-6,-24],[-17,-31],[-13,-43],[-11,-26],[-1,-67],[-3,-19],[-31,-36],[-52,-36],[-20,-10],[-3,-24],[-13,-20],[-18,5],[-15,-2],[-14,-19],[-11,25],[-2,18],[-12,36],[-12,12],[-49,-27],[-10,-22],[-15,-43],[-6,-21],[-52,-97],[-26,-35],[-24,-7],[-19,-22],[-26,-82],[-14,-21],[-38,-85],[-43,-39],[-12,-21],[-33,-39],[-25,-13],[-26,-24],[-29,-43],[-16,-53],[-10,-9],[-30,-44],[-10,-36],[-8,-18],[-41,-46],[-18,-9],[-34,-5],[-17,-14],[-2,-8],[9,-29],[18,-32],[12,-27],[14,-46],[5,-47],[5,-21],[26,-38],[14,-30],[10,-27],[1,-22],[-6,-39],[-4,-13],[3,-41],[-21,-24],[-12,-35],[-2,-15],[-24,-21],[-22,-32],[-7,-16],[-30,-17],[-4,-18],[7,-29],[-1,-9],[-31,-24],[-35,-55],[-14,-33],[-17,-21],[-12,-34],[-13,-26],[-6,-21],[-51,-123],[-23,-52],[-17,-34],[-35,-44],[-18,-32],[-43,-66],[-20,-71],[-26,-45],[-31,-40],[-37,-38],[-27,-6],[-30,-31],[-16,-7],[-27,15],[-12,26],[-22,24],[-24,20],[-16,8],[-19,-3],[-20,-19],[-6,-24],[6,-31],[3,-37],[-5,-21],[-38,-27],[-16,-25],[-5,-33],[-1,-20],[9,-38],[21,-54],[13,-20],[21,-79],[-5,-47],[-15,-12],[-43,27],[-31,0],[-30,-47],[-23,-73],[-26,-34],[-10,-3],[-33,8],[-29,-12],[-27,1],[-54,27],[-25,4],[-19,-1],[-16,-11],[-17,-26],[-13,-41],[-14,-20],[-52,-4],[-16,-9],[-12,-13],[-12,-49],[-87,-52],[-259,-150],[-130,-75],[-23,-13],[-262,-147]],[[11822,47004],[0,578],[2,233],[2,188],[-2,258],[-7,702],[76,1],[178,9],[3,160],[0,38],[2,141],[-162,2],[-260,1],[-124,-18],[-154,1],[-98,-2],[1,56],[-1,90],[1,329],[0,71],[2,208],[-1,12],[0,253],[1,743],[253,2],[263,1],[-10,13],[-31,20],[-36,6],[-24,15],[-23,29],[-23,23],[-7,16],[-29,19],[-19,18],[-23,-1],[-16,-6],[-22,-1],[-20,16],[-24,32],[1,30],[-11,33],[-5,29],[-11,25],[6,18],[27,10],[20,18],[33,13],[4,17],[-7,22],[-9,59],[0,16],[17,39],[24,24],[29,5],[72,4],[30,6],[39,20],[38,36],[38,48],[23,39],[23,68],[9,57],[11,56],[1,33],[5,21],[13,38],[3,22],[12,47],[9,24],[-12,19],[-12,-2],[-17,-27],[-9,-7],[-29,-10],[-16,-16],[-11,-5],[-23,0],[-31,-6],[-18,-1],[-28,-6],[-9,16],[-7,23],[-11,9],[-18,41],[-29,35],[-23,21],[-15,41],[-2,17],[-13,31],[-11,12],[-32,20],[-9,24],[-19,18],[-23,16],[-15,19],[-17,31],[-8,28],[-12,14],[-18,70],[1,35],[-15,28],[-37,1],[-11,-32],[-17,-1],[-45,11],[-17,8],[-15,20],[-10,28],[-13,7],[-20,37],[-9,10],[-6,17],[-1,19],[-24,12],[-6,16],[2,43],[-7,26],[-10,5],[-13,23],[-14,52],[-17,28],[-2,12],[-11,6],[-7,26],[-31,38],[-9,28],[-9,19],[-9,5],[-15,43],[-3,32],[-9,16],[-11,-3],[-3,16],[-12,4],[-28,22],[-20,9],[-7,13],[-25,8],[-28,18],[-21,-4],[-8,10],[-13,-4],[-22,29],[-24,10],[-10,8],[-20,2],[-30,-4],[-22,12],[-8,-3],[-9,9],[-15,0],[-15,-11],[-35,5],[-15,-2],[-31,7],[-11,7],[-29,1],[-25,-10],[-20,-3],[-18,6]],[[8559,54092],[-5,38],[0,23],[-25,54],[-16,40],[-18,19],[4,27],[2,32],[-2,41],[-11,37],[-4,28],[-20,28],[-12,30],[1,33],[-5,34],[-11,5],[-10,19],[-19,71],[0,25],[-11,30],[6,22],[16,-4],[7,12],[5,44],[-5,36],[-18,21],[-29,15],[-63,-9],[19,136],[9,71],[-17,8],[-1,12],[-9,9],[-12,20],[-9,35],[-12,2],[-23,19],[-1,36],[-9,12],[-5,-10],[-17,21],[-18,4],[-26,-19],[-6,11],[3,24],[-5,26],[-11,19],[-8,54],[6,22],[-4,48],[-7,35],[-8,9],[-27,12],[-13,11],[-24,9],[-17,-8],[-14,21],[0,28],[9,28],[1,47],[8,28],[-10,31],[-10,12],[-36,-9],[-4,38],[7,14],[-4,27],[-1,37],[-8,16],[-1,26],[-8,10],[-3,36],[-23,4],[-23,8],[-14,-12],[-38,-9],[-16,19]],[[7876,55871],[-20,-12],[-25,10],[-16,-5],[-11,24],[-22,2],[-9,21],[-24,10],[-5,15],[10,20],[24,4],[11,25],[3,68],[-8,17],[3,12],[15,23],[8,25],[-2,13],[-12,8],[-4,21],[-13,13],[-7,17],[-2,20],[-18,12],[-28,2],[7,23],[-9,17],[-34,28],[-20,5],[-19,-7],[-45,-36],[-34,-5],[-5,22],[37,71],[8,41],[3,47],[-14,28],[-14,15],[-41,27],[-23,3],[-17,-3],[-32,-31],[-12,-2],[-4,9],[7,96],[-8,12],[-35,5],[-14,-8],[-9,-20],[-32,-17],[0,-30],[-16,-12],[9,-16],[-7,-22],[-33,-7],[-1,-9],[7,-31],[-13,-11],[-13,0],[-19,9],[-10,18],[-10,6],[-19,-17],[-8,1],[-35,36],[-3,27],[-11,4],[-13,-9],[-8,-20],[-11,4],[11,69],[4,36],[20,16],[17,26],[4,21],[9,10],[14,3],[4,15],[-2,23],[8,22],[20,24],[14,-1],[14,27],[4,44],[6,29],[15,31],[9,54],[2,24],[-10,35],[-15,38],[2,31],[7,30],[4,32],[-8,15],[-12,-19],[-14,13],[-8,-23],[-2,-27],[-7,-19],[-19,-19],[-9,-20],[-2,-38],[-22,-31],[-17,-21],[-23,14],[-28,-3],[-29,-20],[-11,-17],[3,-30],[-2,-19],[-12,-14],[-8,-24],[-3,-24],[-10,-22],[-25,-22],[-9,36],[-20,-36],[-14,15],[-19,4],[-29,-19],[-3,21],[6,42],[-9,25],[-21,14],[-7,1],[22,56],[16,17],[3,11],[-4,28],[17,24],[16,17],[14,21],[2,20],[-21,23],[-57,13],[-21,-7],[-21,-3],[-8,10],[-3,25],[4,27],[9,13],[20,17],[5,21],[4,36],[1,33],[-8,54],[-10,16],[-19,62],[-15,56],[7,22],[0,21],[12,2],[2,27],[7,4],[15,-5],[4,7],[-7,20],[13,18],[16,41],[1,26],[13,7],[4,32],[12,22],[9,6],[4,14],[18,40],[-2,28],[11,-2],[5,24],[7,16],[-2,17],[14,5],[15,24],[-1,10],[-33,5],[0,16],[13,-2],[11,22],[-16,37],[4,28],[-10,7],[-1,14],[-8,35],[5,52],[7,35],[-21,51],[-11,16],[0,35],[-3,14],[0,44],[-12,9],[16,34],[-2,33],[8,35],[-9,5],[-5,38],[10,7],[2,38],[8,9],[-3,29],[6,31],[-20,30],[-2,22],[10,12],[-7,26],[4,36],[11,6],[-2,13],[7,18],[10,6],[-5,20],[-9,11],[0,21],[-7,17],[1,16],[9,17],[-3,26],[-8,13],[4,18],[-5,8],[-9,37],[7,13],[-1,16],[19,65],[-2,33],[2,10],[-1,35],[-19,101]],[[6982,59188],[990,-12],[52,2],[75,0],[90,-3],[277,0],[266,1],[268,1],[269,-2],[20,12],[84,-2],[147,4],[131,-3],[56,4],[46,2],[113,-13],[1445,5],[113,-3],[110,4],[27,6],[112,-1],[149,-5],[146,-3],[113,-2],[142,0],[457,2],[58,-1],[191,0],[25,1],[217,-1],[144,1],[87,-1],[80,1],[112,-2],[230,-1],[199,2],[58,-1],[86,1],[81,-1],[94,1],[217,0],[108,-1],[187,1],[153,-1],[89,2],[145,-3],[75,1],[443,2],[631,-1],[365,0]],[[16755,59181],[121,2],[81,-1],[1659,0]],[[18616,59182],[41,0],[531,-3],[1250,6],[262,-6],[679,0],[103,-1],[23,-1],[714,2],[128,3],[260,-1],[604,-1]],[[23211,59180],[16,-54],[14,-17],[6,-21],[-3,-48],[-6,-17],[0,-40],[4,-21],[0,-31],[-5,-20],[-17,-27],[-1,-13],[3,-104],[-4,-34],[-26,-26],[-24,-10],[-23,4],[-16,-14],[-11,-31],[-20,-47],[9,-26],[-4,-30],[-16,-17],[-10,1],[-17,-12],[-19,-20],[-7,-15],[-10,-37],[-20,-44],[-20,-23],[-11,-6],[-33,-35],[-4,-14],[-8,-52],[-38,-30],[-28,14],[-31,-10],[-11,-12],[-23,-9],[-26,-14],[-12,-15],[5,-13],[-2,-18],[-13,-37],[-36,-53],[11,-25],[15,-20],[0,-39],[10,-29],[2,-19],[-7,-19],[-19,-33],[0,-13],[34,-11],[14,-11],[10,-18],[25,-73],[21,-1],[12,-10],[-1,-30],[8,-28],[28,-9],[40,-51],[11,-3],[18,4],[16,28],[19,3],[6,10],[21,58],[5,7],[19,-8],[23,1],[25,-3],[20,15],[4,-24],[13,-34],[-6,-41],[-18,-40],[-6,-24],[9,-19],[18,-18],[5,-36],[10,-6],[22,-1],[7,-17],[18,-1],[23,11],[10,1],[23,-11],[63,-19],[32,-19],[25,-5],[11,-18],[26,-32],[20,-15],[31,-12],[15,-26],[19,-21],[33,28],[18,25],[6,2],[26,-26],[26,-8],[16,1],[29,21],[23,21],[23,16],[23,-16],[4,-13],[-4,-20],[-11,-33],[2,-11],[15,-17],[5,-29],[-4,-27],[1,-51],[-6,-27],[-2,-44],[18,-31],[24,-18],[3,-19],[-6,-16],[2,-20],[55,-11],[43,-26],[55,-59],[25,-10],[25,15],[20,-23],[10,-36],[3,-29],[-12,-48],[-12,-29],[-25,-22],[-37,-11],[-13,-9],[-38,-40],[-53,-39],[-9,-9],[-3,-31],[4,-33],[-5,-29],[-28,-28],[-7,-34],[-4,-8],[0,-26]],[[23731,56441],[-13,-15],[-8,-18],[-28,-31],[-34,-20],[-42,23],[-13,1],[-43,-12],[-11,4],[-19,22],[-12,2],[-20,-7],[-27,12],[-20,21],[-19,6],[-28,0],[-22,-12],[-32,6],[-9,10],[-26,13],[0,27],[-36,3],[-38,-11],[-14,-19],[9,-29],[2,-41],[-5,-29],[2,-15],[8,-34],[-14,-39],[-3,-19],[1,-40],[11,-53],[0,-17],[8,-40],[-7,-30],[-8,-12],[-23,-16],[-33,-8],[-23,-11],[-13,-21],[-15,-9],[-25,-25],[-12,-5],[-35,-7],[-13,-42],[-19,-24],[-19,-14],[-48,-25],[-15,-22],[-3,-17],[-32,-12],[-16,1],[-20,-7],[-16,-11],[-23,-3],[-32,23],[-38,-47],[-32,5],[-36,-1],[-11,-6],[-33,21],[-13,-3],[-35,-1],[-39,36],[-9,17],[0,25],[-10,35],[-25,8],[-17,17],[-16,26],[-22,-10],[-7,-44],[-2,-33],[-11,-20],[2,-34],[-2,-21],[-16,-58],[-12,-29],[-40,-59],[-15,-15],[-17,-30],[-7,-28],[-18,-47],[-43,-24],[-27,9],[-16,2]],[[22219,55484],[-26,-13],[-34,-2],[-23,-21],[-12,9],[-36,-7],[-28,-22],[-14,-26],[-15,-16],[-40,-91],[-24,-39],[-14,-33],[-20,-29],[-20,-6],[-23,-13],[-11,-21],[-43,-20],[-19,-24],[-3,-12],[10,-14],[32,-29],[19,-45],[21,-23],[0,-5],[-45,23],[-29,8],[-38,2],[-31,-5],[-21,-6],[-40,-19],[-57,-42],[-10,-13],[-16,-32],[-1,-23],[8,-31],[1,-43],[-5,-46],[-8,-44],[0,-17],[5,-20],[22,-18],[1,-9],[-8,-20],[0,-21],[-14,-19],[-43,-12],[-37,-7],[-13,-7],[-32,-30],[-36,-21],[-32,-13],[-17,-2],[-39,4],[-44,44],[-28,20],[-22,10],[-14,-1],[-11,-10],[-9,-20],[-10,-48],[-7,-14],[-28,-32],[-18,-14],[-40,-23],[-60,-9],[-34,-20],[-16,-48],[-17,-18],[-36,-49],[-7,-19],[-14,-19],[-15,-12],[-26,-31],[-3,-18],[-12,-8],[-28,0],[-31,-15],[-21,3],[-22,-5],[-24,-16],[-37,-36],[-30,-12],[-18,-41],[-15,-26],[-9,-37],[-10,-22],[-23,-21],[-18,-28],[-10,0],[-32,25],[-15,-4],[-16,-13],[-12,-26],[1,-14],[-4,-27],[-16,-29],[-21,-5],[-26,-15],[-24,-26],[-23,-4],[-20,-33],[-12,-28],[-6,-26],[-4,-42],[-12,-20],[-2,-31],[-9,-22],[-9,-5],[-24,4],[-20,10],[-25,19],[-9,-8],[-21,-31],[-20,-59],[-16,-26],[-28,-36],[-16,-30],[-6,-16],[-31,-64],[-36,-1],[-8,-6],[-22,-63],[-11,-46],[-1,-25],[4,-11],[-5,-27],[-16,-20],[-24,-13],[-15,-33],[-3,-21],[-9,-18],[-46,-53],[-14,-36],[5,-35],[18,-39],[18,-18],[-7,-19],[-20,-21],[-41,-37],[-43,-14],[-32,-7],[-23,-25],[-19,-54],[-5,-26],[-9,-63],[-1,-20],[-36,-17],[-16,-2],[-27,5],[-20,-7],[-3,-30],[-17,-82],[-11,-76],[-33,-44],[-10,-22],[-13,-35],[-10,-15],[-28,-22],[-18,1],[-29,9],[-13,-4],[-5,-13],[0,-43],[-22,-3],[-19,-7],[-43,-22],[-55,28],[-55,-32],[-20,-16],[-15,-21],[-9,-24],[-25,-12],[-10,-13],[4,-30],[-28,-77],[-15,-24],[-3,-18],[-19,-10],[-16,-53],[-17,-32],[-13,-12],[-8,-28],[-11,-6],[-1,-16],[6,-13],[-6,-21],[8,-34]],[[8244,52668],[-7,22],[10,22],[-8,13],[9,24],[5,25],[9,10],[10,26],[5,35],[0,38],[19,52],[23,24],[3,28],[10,21],[12,7],[10,31],[-2,23],[11,6],[11,15],[-11,13],[0,16],[10,17],[-10,28],[-3,16],[31,8],[11,11],[5,52],[-8,7],[-4,20],[2,25],[27,42],[11,32],[-10,25],[-13,10],[11,14],[-3,14],[-12,6],[-15,-3],[-12,9],[16,26],[-11,8],[2,53],[-5,21],[5,20],[-7,23],[4,20],[13,6],[-1,12],[-12,0],[-2,20],[7,58],[11,10],[-3,16],[0,31],[-12,19],[9,11],[4,22],[-10,34],[10,10],[-5,12],[15,20],[13,32],[-7,12],[8,12],[-9,19],[7,18],[22,12],[116,83]],[[8559,54092],[6,-35],[13,-15],[26,-15],[19,-14],[14,-33],[7,-42],[43,-50],[32,-16],[34,-20],[50,-44],[29,-33],[48,-37],[26,-22],[50,-46],[52,-78],[18,-21],[18,-15],[11,-23],[34,-30],[20,-13],[64,-55],[10,-17],[45,-49],[10,-19],[4,-24],[-4,-48],[-4,-15],[5,-62],[9,-34],[14,-9],[17,-4],[32,4],[33,17],[31,26],[8,2],[29,17],[19,9],[27,3],[14,-2],[18,6],[12,-4],[22,1],[22,-5],[10,3],[34,-13],[9,-6],[30,-9],[23,-11],[21,4],[48,-6],[32,2],[16,10],[20,3],[21,-9],[33,-23],[44,-17],[24,-13],[26,-21],[66,-31],[27,-18],[66,-38],[36,-17],[19,-2],[16,4],[23,22],[29,16],[18,6],[38,2],[46,-10],[25,-18],[36,-12],[15,4],[36,28],[23,25],[17,31],[0,21],[-8,32],[-38,65],[-4,36],[0,41],[5,41],[16,28],[67,51],[-1,-11],[-17,-65],[0,-21]],[[10493,53332],[-10,-17],[-8,-22],[-1,-16],[4,-22],[17,-39],[10,-26],[3,-18],[-1,-27],[8,-53],[15,-39],[8,-45],[2,-32],[-5,-44],[-7,-25],[-15,-23],[-27,1],[-10,-3],[-27,-31],[-16,-5],[-15,2],[-81,29],[-42,12],[-31,0],[-37,-17],[-28,-30],[-20,-25],[-25,-44],[-17,-49],[-10,-55],[0,-39],[-6,-45],[4,-11],[2,-47]],[[8983,51699],[6,25],[11,7],[22,38],[18,14],[21,37],[5,26],[-8,24],[-21,19],[-8,13],[-35,71],[-2,11],[5,33],[-11,17],[-8,35]],[[8730,52642],[-35,-28],[-22,-12],[-43,-8],[-31,5],[-192,58],[-30,7],[-37,3],[-96,1]],[[8730,52642],[67,54],[25,17],[6,-15],[7,2],[80,-1],[106,0],[-1,-264],[1,-97],[-2,0],[2,-270],[-43,1]],[[8978,52069],[-127,1],[-8,-5],[-17,-20],[0,-66],[-10,-1],[-257,0]],[[8559,51978],[0,142],[3,18],[8,24],[20,37],[3,20],[-12,24]],[[8581,52243],[66,96],[37,53],[13,22],[7,21],[6,33],[5,41],[6,24],[12,37],[2,26],[-5,46]],[[29977,192],[-212,0],[-419,1],[-4,-4],[-6854,0]],[[22488,189],[4,2340],[-9,739],[0,2274]],[[22483,5542],[0,7]],[[7968,50559],[-6,16],[-1,87],[26,-18],[39,-20],[1,35],[1,237],[0,353],[1,10],[-2,86],[1,39]],[[8028,51384],[8,-3],[56,39],[29,27],[38,17],[15,0],[28,16],[18,21],[21,9],[15,2],[36,-23]],[[8292,51489],[24,-19],[15,0],[30,15],[24,9],[26,-7],[9,-6],[21,-25],[37,-36],[18,-4],[30,1],[32,9]],[[8558,51426],[84,68],[12,6],[29,28],[42,26],[40,-3],[81,67],[60,28],[33,2],[10,8],[34,43]],[[8983,51699],[17,21],[44,32],[13,15],[16,27],[19,22],[11,23],[27,73],[20,43],[53,91],[12,16],[31,29],[30,17],[27,12],[44,25],[52,27],[25,21],[29,32],[15,85],[17,39],[32,36],[15,13],[55,14],[48,3],[36,6],[48,29],[24,24],[50,40],[12,14],[14,5],[66,0],[13,9],[49,22],[14,-3],[18,-12],[31,-30],[37,-19],[30,-5],[27,6],[23,26]],[[10127,52527],[18,3],[18,51],[2,-21],[-9,-30],[3,-15],[11,-23],[-18,-41],[-29,-1],[-6,-8],[-8,-26],[-1,-24],[-17,-22],[-64,-14],[-23,-15],[-12,-2],[-18,-9],[-3,-12],[-17,-8],[-16,-26],[-11,-11],[-6,-17],[-6,-56],[-8,22],[-3,26],[-15,20],[-17,5],[-16,-5],[-12,-20],[1,-25],[-15,-32],[-9,-11],[-5,-23],[6,-19],[21,-18],[12,-21],[-10,-78],[-5,-18],[-13,1],[-13,-17],[-25,26],[-2,-24],[-41,-33],[-58,-43],[-9,0],[-22,31],[-20,0],[-14,34],[-13,-4],[-3,-29],[5,-15],[-1,-44],[-19,16],[-22,-16],[-3,-21],[-14,-10],[-5,19],[1,22],[-5,16],[-13,16],[-7,-4],[-27,-28],[-17,0],[-19,-9],[-5,-38],[13,-12],[-13,-28],[-2,-20],[-7,-21],[7,-19],[7,-6],[27,-37],[18,-6],[32,-41],[-16,-13],[-10,6],[-12,-22],[-2,-21],[-14,-36],[-19,-8],[-9,-13],[-7,-31],[-140,-58],[-7,-2],[-3,24],[-17,-5],[-2,-15],[-9,-18],[-11,11],[-25,-1],[-13,-14],[-2,-24],[-14,-20],[-15,7],[-22,-18],[-15,-7],[15,-34],[-11,-11],[-18,13],[-10,2],[-30,-16],[5,-27],[11,-7],[3,-14],[-19,-24],[1,-31],[-9,-45],[-5,-30],[-8,-3],[-11,29],[-34,14],[-15,11],[-4,10],[-17,19],[-7,-1],[-4,-18],[7,-27],[-17,-12],[-16,-2],[-14,-17],[-25,-18],[-10,-16],[-10,-37],[-24,-5],[-9,9],[-29,8],[-11,26],[-12,1],[0,-19],[-6,-8],[4,-17],[-14,-30],[-19,-3],[-24,-21],[-12,19],[-3,-23],[-9,-15],[-12,12],[-15,3],[4,-33],[-13,-2],[-28,-19],[-12,8],[-4,-20],[-23,-3],[-16,-16],[1,-32],[12,-20],[13,-9],[2,-17],[-8,-12],[-15,-3],[-16,-12],[-10,-17],[-4,-18],[-16,-19],[-26,-11],[-14,11],[-8,-27],[7,-16],[6,-29],[-5,-8],[-42,-15],[-8,2],[-13,-13],[-31,-9],[-10,19],[-17,-13],[-18,12],[-13,-28],[-2,-16],[-8,-22],[-17,-11],[-9,-14],[-39,-2],[-25,-16],[-10,-1],[-12,7],[-9,13],[-7,-13],[-15,-10],[-13,-18],[-18,-38],[-9,12],[-24,-7],[-12,14],[-15,0],[-13,-7],[-24,14],[-9,34],[-12,-1],[-7,-16],[-13,3],[-9,-8],[-18,0],[-6,27],[-31,5],[-15,-11],[-6,-19],[-7,3]],[[46023,64134],[-4,26],[-9,13],[-19,15],[-20,10],[-46,34],[-26,66],[-3,21],[3,16],[38,45],[20,29],[9,6],[11,24],[20,24],[53,25],[13,12],[5,16],[29,-3],[25,0],[30,21],[8,30],[17,-8],[11,-24],[62,39],[5,-5],[17,10],[59,20],[9,12],[21,49],[12,38],[27,61],[27,35],[13,49],[28,14],[34,5],[24,22],[17,46],[22,30],[13,9],[23,6],[31,18],[22,7],[38,16],[19,19],[28,42],[9,21],[18,25],[22,18],[4,34],[-7,46],[3,23],[-4,13],[2,32],[-17,42],[-15,24],[-40,56],[-22,49],[3,36],[-3,28],[5,24],[-6,29],[8,42],[-2,17],[1,44],[-8,21],[3,35],[-8,23],[-9,8],[-11,22],[-14,12],[-34,19],[-12,16],[-33,30],[-9,28],[-18,24],[-29,-2],[-26,5],[-19,-2],[-34,-20],[-36,-3],[-10,-5],[-34,-7],[-16,1],[-28,10],[-23,-1],[-19,-8],[-21,-15],[-41,-22],[-9,0],[-19,34],[2,37],[-9,47],[-1,34],[-14,22],[-3,21],[-12,33],[-21,-9],[-32,-18],[-19,-17],[-19,19],[-16,6],[-75,7],[-8,-6],[-31,24],[-18,29],[-13,12],[-8,25],[-19,13],[-11,2],[-31,-23],[-22,-22],[-12,-7],[-27,-2],[-9,4],[-37,61],[-37,48],[-7,13],[-3,32],[-16,47],[-9,43],[-3,34],[-4,14],[3,20],[-3,28],[-26,9],[-12,13],[-25,54],[-12,35],[-3,25],[-10,42],[-26,56],[-15,-6],[-32,-1],[-41,-15],[-38,-11],[-19,-17],[-8,-2],[-58,-37],[-75,-163],[-48,33],[-81,25],[-41,131],[-98,-6],[-101,-53],[-58,87],[-73,91],[-33,17],[-57,71],[-6,15],[2,41],[-7,37],[34,86],[48,104],[24,149],[-12,56],[6,33],[-65,127]],[[44671,67477],[8,65],[-7,46],[38,117],[6,45],[48,54],[19,37],[71,43],[-4,22],[22,113],[23,56],[20,27],[-12,55],[23,32],[28,31],[29,2],[39,-2],[117,40],[33,29],[35,66],[46,71],[20,82],[-13,87],[13,44],[-12,51],[-26,59],[2,43],[4,29],[7,21],[20,33],[8,18],[5,23],[13,33],[5,32],[-14,31],[-15,61],[-4,10],[-12,4],[-20,15],[-11,16],[-12,30],[-5,27],[-5,43],[-2,42],[-7,25],[-23,54],[1,50],[-7,74],[-14,18],[-15,36],[-8,46],[4,37],[23,56],[44,66],[-3,28],[1,52],[-2,23],[3,22],[-3,24],[5,40]],[[45198,69911],[3,10],[24,5],[34,20],[74,15],[17,12],[20,4],[11,-5],[10,-17],[17,-36],[8,-6],[51,-1],[73,6],[19,-4],[22,8],[9,-2],[39,-29],[23,-7],[13,2],[12,-38],[9,-45],[18,-28],[8,-33],[9,-18],[-3,-33],[17,20],[30,15],[21,1],[32,8],[22,-9],[26,-6],[30,-20],[74,-6],[22,7],[27,1],[21,-18],[19,-12],[21,-4],[39,-31],[11,15],[11,46],[22,36],[21,13],[15,-1],[45,8],[24,10],[28,19],[9,25],[-4,11],[7,51],[10,37],[21,40],[13,14],[25,11],[23,-1],[18,8],[10,53],[17,37],[15,12],[21,-12],[25,0],[19,-20],[10,-5],[13,4],[27,25],[32,-5],[28,-10],[30,-1],[15,-12],[18,-20],[17,-29],[20,-24],[39,-23],[22,-8],[29,-14],[56,-38],[50,-21],[30,3],[15,16],[14,26],[12,11],[38,15],[22,13],[58,42],[12,18],[18,16],[13,-9],[37,10],[11,10],[26,41],[44,28],[20,9],[20,4],[31,-5],[9,12],[-5,16],[8,36],[1,31],[7,40],[14,19],[8,39],[29,44],[20,13],[42,36],[27,26],[14,30],[1,12]],[[47527,70470],[7,-15],[23,-33],[59,-50],[25,-20],[18,-5],[36,-19],[26,-19],[32,-16],[50,-19],[26,-6],[30,-3],[32,5],[70,17],[45,15],[37,3],[23,-3],[82,-24],[22,-10],[56,-31],[43,-27],[60,-54],[43,-50],[18,-12],[47,-9],[32,-12],[45,-20],[14,-3],[76,-28],[35,-11],[19,-26],[21,-44],[12,-9],[48,-27],[22,-9],[78,-36],[19,-23],[43,-39],[30,-24],[49,3],[46,22],[56,17],[52,-8],[42,-3],[30,-25],[-11,-16],[8,-19],[-7,-29],[-14,-4],[11,-20],[3,-18],[24,-30],[14,-2],[36,-17],[30,-19],[14,-16],[19,-8],[20,7],[8,-5],[27,-37],[10,-25],[19,-40],[16,-17],[38,-33],[12,-16],[34,-27],[27,-29],[3,-9],[21,-21],[10,-5],[9,-20],[12,-4],[17,-38],[9,-14],[-1,-47],[4,-26],[-6,-25],[2,-18],[-8,-32],[9,-26],[-3,-12],[17,-14],[73,-67],[103,-79],[-16,-50],[15,-4],[-21,-31],[-19,-18],[-42,-8],[-22,10],[-12,-6],[-12,-17],[-54,-47],[-8,-14],[-14,-13],[-11,-29],[-12,-9],[-29,3],[-11,6],[-23,1],[-47,17],[-7,15],[-17,-30],[-8,-2],[-30,6],[-15,-11],[4,-20],[-40,0],[-27,4],[-14,-4],[-23,-13],[-35,-27],[-17,-18],[-25,-2],[-19,3],[-31,-26],[-6,-13],[17,-13],[37,-16],[-6,-29],[6,-40],[0,-56],[9,-27],[13,-11],[6,-12],[-3,-18],[-12,-23],[-4,-18],[3,-23],[-18,19],[-12,27],[-32,16],[-21,3],[-30,-26],[-31,-6],[-14,-6],[-31,-6],[13,-13],[20,-35],[49,-75],[20,-17],[5,-15],[-1,-37],[-5,-23],[-15,-6],[-29,37],[-8,42],[-16,8],[-21,2],[-21,-26],[-26,-8],[-14,-26],[-7,-26],[-21,-13],[11,-11],[16,2],[26,-14],[21,-59],[11,-28],[16,-16],[17,-4],[41,-32],[19,-5],[18,-31],[26,-24],[16,-2],[17,-7],[11,-20],[9,-6],[26,7],[10,-7],[15,-20],[18,-11],[21,-33],[4,-23],[-13,5],[-31,24],[-10,-3],[-25,-37],[-35,-45],[-28,-31],[-27,-45],[-30,-40],[-8,-15],[-7,-31],[-5,-43],[-27,-32],[-19,-37],[-22,-28],[-11,-24],[-38,-20],[-31,4],[-29,-17],[-12,-1],[-19,-11],[-16,-25],[-16,-19],[-18,-13],[-25,-22],[-16,-5],[-26,3],[-57,-11],[-36,-28],[-57,-57],[-31,-40],[-23,-8],[-10,-18],[-18,-6],[-34,-34],[-45,-40],[-23,-24],[-23,-30],[-9,-18],[-7,-27],[-5,-32],[-13,-55],[6,-18],[-21,-21],[4,-17],[-10,-48],[2,-28],[-4,-22],[-12,-27],[-10,-48],[-1,-63],[3,-8],[-4,-46],[2,-67],[-8,-16],[1,-17],[-6,-35],[-7,-21],[5,-7],[-9,-22],[-14,-70],[0,-18],[-8,-22],[4,-21],[-7,-33],[-1,-16],[-6,-21],[-4,-29],[1,-19],[-8,-40],[3,-20],[-4,-35],[-9,-31],[-18,-39],[-20,-22],[-10,-5],[-2,-30],[2,-15],[9,-18],[13,-17],[23,-19],[28,-15],[30,-19],[7,-37],[-10,-24],[-5,-27],[1,-14],[-13,-35],[-19,-21],[-38,-52],[-26,-29],[-53,-132],[45,0],[35,31],[26,32],[28,17],[30,7],[22,-6],[40,20],[16,32],[24,4],[62,-72],[43,-14],[20,-11],[-58,-109],[-10,-33],[17,-29],[7,-30],[16,-16],[7,-54],[-24,-40],[-35,-18],[-11,-44],[-4,-32],[14,-48],[6,-52],[10,-29],[165,-90],[7,4],[21,-19],[37,-28],[18,-32],[57,-50],[21,-11],[6,-39],[-3,-84],[30,-106],[-10,-38],[-18,-38],[15,-6],[38,-6],[34,-12],[9,-8],[24,-59]],[[21246,24248],[-2,25],[-14,-3],[-22,12],[-16,19],[-32,0],[-38,16],[-16,1],[-22,16],[-14,-8],[-25,-6],[-32,2],[-25,12],[-17,46],[13,45],[45,97],[-3,27],[-11,42],[-26,45],[-9,36],[-9,19],[-10,46],[-12,95],[-1,29],[-5,10],[-17,56],[9,8],[41,17],[15,12],[3,86],[-5,46],[3,9],[36,18],[39,3],[15,8],[15,22],[36,41],[15,20],[21,19],[1,38],[5,5],[23,-11],[39,-14],[23,-4],[23,2],[26,-20],[13,-22],[21,-11],[17,-22],[5,-13],[17,-24],[41,-41],[18,0],[13,8],[28,-17],[25,-11],[19,3],[18,20],[24,39],[13,51],[14,18],[15,54],[18,24],[30,21],[29,33],[-3,70],[4,34],[-6,21],[-15,20],[-3,34],[5,21],[-3,20],[16,39],[10,10],[14,76],[-3,22],[-8,18],[-23,25],[-12,44],[14,28],[22,5],[7,6],[3,20],[-1,26],[-12,44],[4,10],[17,24],[22,18],[15,31],[24,34],[8,27],[1,22],[59,23],[11,-4],[13,-17],[12,13],[3,14],[18,23],[12,25],[2,33],[-5,20],[4,14],[21,25],[-5,22],[-15,29],[-9,5],[12,62],[10,33],[0,10],[-12,37],[0,10],[-15,31],[1,20],[9,28],[11,0],[17,9],[22,16],[22,-10],[19,1],[9,15],[18,11],[38,32],[7,17],[-15,22],[-9,22],[-19,22],[-15,35],[-4,41],[-2,31],[-9,28],[-12,20],[-23,3],[-30,14],[-22,32],[-18,8],[-15,18],[-8,29],[-2,21],[-17,14],[-2,15],[-22,-5],[-17,28],[-15,4],[-9,18],[-14,14],[-18,34],[-2,10],[-40,-16],[-19,0],[-24,9],[-35,-1],[-41,25],[-49,-41],[-6,-9],[-29,-13],[-4,8],[-21,12],[-22,4],[-13,22],[-15,53],[-11,17],[-16,71],[-17,25],[-13,12],[-8,29],[1,30],[-5,26],[8,26],[-9,10],[-8,27],[-26,55],[-25,41],[-11,47],[18,28],[15,11],[12,37],[-5,30],[1,42],[4,9],[2,33],[11,21],[-4,39],[7,10],[4,30],[-7,34],[-3,33],[-6,31],[-26,50],[-7,65],[8,43],[1,26],[6,35],[-7,44],[-9,22],[-6,51],[-47,66],[-6,11],[-8,38],[-9,19],[7,19],[-12,16],[-32,9],[-18,-3],[-10,27],[8,46],[10,5],[3,37],[6,18],[-2,15],[8,14],[4,25],[0,21],[6,7],[28,76],[9,16]],[[21250,28791],[85,-3],[149,0],[736,-2],[190,1],[1473,3],[117,-3],[338,4],[317,-4],[1125,2],[57,1],[1724,-2],[191,-5],[100,-1],[668,6],[92,-4],[10,-2],[40,5],[562,-2],[111,2]],[[29335,28787],[-3,-551],[-8,-803],[5,-2313],[10,-843],[3,-253]],[[29342,24024],[-24,-2],[-34,24],[-13,-5],[-10,-13],[-6,-52],[-1,-76],[0,-46],[-4,-26],[-8,-22],[-19,-19],[-32,11],[-45,23],[-45,28],[-47,82],[-30,37],[-37,18],[-40,-9],[-32,-27],[-9,-20],[-5,-30],[-23,-25],[-42,-17],[-51,-14],[-24,-3],[-30,3],[-17,13],[-47,47],[-20,23],[-25,20],[-24,4],[-19,-16],[-15,-8],[-17,3],[-18,28],[-24,56],[-6,53],[-11,34],[-12,15],[-31,-3],[-27,4],[-3,7],[-17,9],[-4,15],[-9,7],[-10,-13],[-4,-35],[-7,-23],[-39,-77],[-24,-21],[-28,-15],[-33,9],[-31,0],[-53,-14],[-24,-9],[-16,-17],[-24,-56],[-13,-13],[-41,-18],[-35,3],[-39,37],[-39,28],[-20,25],[-4,9],[-5,38],[-6,10],[-10,-4],[-9,-31],[-25,-107],[-6,-40],[-1,-19],[-13,-31],[-20,-32],[-32,-32],[-25,-15],[-48,-18],[-88,-28],[-36,-28],[-16,-15],[-34,-21],[-23,-12],[-24,-6],[-34,1],[-18,5],[-10,17],[-36,8],[0,-1591],[-6,-228],[14,-693],[1,-72],[3,-160],[-37,-1784],[-11,-180],[-29,-827],[-3,-53],[-4,-168],[-27,-809],[278,-8],[25,-4],[1,-361],[1,-886],[-11,-322],[-10,-200],[-6,-89],[-19,-1515],[-12,-990],[-1,0],[-12,-665],[0,-236],[1,-258],[-1,-763]],[[22482,10727],[1,889],[-2,984],[5,54],[-4,2181],[-1,1036],[0,261]],[[35060,50001],[13,19],[41,84],[14,51],[-3,85],[-7,68],[3,86],[-3,77],[3,99],[46,102],[-12,68],[-26,58],[-51,42],[-22,53],[8,75],[17,62],[8,110],[0,28],[32,15],[83,4],[70,40],[50,39],[45,112],[-7,75],[1,42]],[[35363,51495],[1102,-11],[79,-6],[1510,-23],[192,0],[99,4],[306,0],[353,-6],[195,-2],[170,7],[341,0]],[[37159,42530],[-3,11],[28,97],[10,7],[16,50],[10,-3],[30,18],[14,34],[-2,28],[6,17],[11,13],[76,-15],[23,10],[28,6],[22,-15],[19,1],[32,27],[43,7],[16,6],[8,59],[22,87],[6,67],[-10,49],[61,79],[25,42],[11,53],[-1,148],[-25,39],[-22,87],[20,21],[9,59],[-3,78],[0,57],[-3,43],[-17,21],[-5,18],[0,20],[6,26],[12,16],[20,56],[9,15],[22,26],[-15,54],[-3,37],[2,25],[-12,46],[-1,21],[-30,39],[0,8],[17,49],[9,55],[14,11],[14,38],[2,32],[-2,17],[8,13],[1,33],[15,71],[-14,27],[-12,60],[-6,37],[-9,28],[-2,41],[3,19],[16,28],[14,18],[20,13],[3,29],[-8,49],[-9,25],[-4,27],[-2,45],[-6,22],[6,17],[-8,27],[-14,6],[-27,20],[-1,27],[-8,29],[-15,11],[-15,19],[-12,32],[-3,19],[-9,14],[-5,22],[4,42],[20,27],[7,30],[48,44],[16,11],[5,21],[9,16],[1,33],[-5,31],[0,40],[-7,51],[-6,58],[2,9],[19,4],[41,34],[30,45],[33,42],[7,3],[24,-23],[25,-45],[34,-16],[30,-16],[22,-54],[11,-11],[24,-8],[54,9],[48,26],[61,23],[-2,28],[2,66],[8,28],[-1,24],[4,25],[15,32],[18,18],[21,39],[3,24],[40,8],[21,24],[43,17],[19,16],[-3,25],[4,19],[14,26],[11,14],[4,19],[23,46],[20,18],[9,19],[-13,36],[1,73],[-1,29],[4,32],[11,11],[27,-1],[26,10],[34,23],[18,15],[17,-1],[15,7],[28,2],[23,-3],[22,-15],[9,35],[-3,47],[2,92],[-3,18],[2,21],[-3,23],[5,18],[18,22],[10,30],[20,19],[11,16],[30,19],[26,35],[29,24],[37,4],[5,10],[-5,32],[-8,35],[3,19],[7,14],[12,74],[13,20],[4,31],[22,-15],[11,15],[17,11],[43,14],[3,15],[12,30],[0,69],[-3,11],[9,40],[19,39],[24,33],[24,19],[11,53],[-4,29],[-29,54],[-8,33],[-5,35],[-13,54],[8,46],[-14,81],[3,7],[-17,67],[-25,1],[-40,10],[-5,6],[-56,0],[-45,-74],[-9,1],[-76,-28],[-17,-14],[-21,13],[-8,22],[-20,16],[-40,19],[-22,27],[-25,17],[-32,33],[-58,-17],[-6,2],[-38,-35],[-9,-17],[-13,-10],[-24,-74],[-68,-13],[-17,6],[-31,52],[-9,21],[2,56],[5,31],[-14,67],[3,26],[-9,30],[1,63],[-1,26],[2,28],[-29,39],[-19,16],[-7,20],[-30,-43],[-7,-25],[-15,5],[-25,-4],[-9,-47],[-30,-28],[-48,-30],[-9,-26],[-5,-82],[4,-18],[-13,-37],[-78,-7],[-38,-33],[-15,6],[-26,45],[-15,8],[-22,44],[-64,22],[-15,15],[-16,47],[-19,10],[-5,22],[-17,37],[-3,35],[-7,28],[-2,31],[-4,18],[1,31],[-16,26],[-26,10],[-10,0],[-15,-14],[-29,-36],[-36,-4],[-6,-8],[-22,-8],[-12,-9],[-25,-47],[-24,-63],[-9,-13],[-7,-45],[-24,-43],[-6,-3],[-3,-35],[-31,13],[-40,3],[-13,-7],[-9,-16],[-15,-2],[-19,-17],[-28,12],[-27,-34],[-55,-6],[-57,-67],[-13,1],[-46,30],[-14,-5],[-8,-9],[-22,-10],[-4,11],[-25,20],[-6,17],[-22,3],[-14,16],[-31,72],[-39,5],[-69,52],[-16,11],[-18,57],[-27,10],[-23,19],[-15,27],[-9,8],[-21,40],[-5,18],[-11,12],[-11,84],[-23,12],[-22,23],[-34,59],[-36,31],[-26,1],[-17,14],[-13,29],[-17,3],[-7,7],[-17,65],[-4,36],[1,50],[7,37],[-26,42],[-13,-5],[-73,40],[-16,19],[-20,10],[-4,20],[-10,22],[-23,29],[-22,61],[-12,-6],[-19,4],[-16,14],[-20,4],[-25,11],[-5,9],[-6,38],[-20,74],[38,81],[25,27],[13,33],[13,60],[5,18],[-36,60],[-3,31],[-12,50],[-12,56],[-30,104],[-17,1],[-34,15],[-13,15],[-18,8],[-27,29],[-53,77],[-34,43],[-13,6],[-17,15],[-17,31],[-18,18],[-49,11],[-15,13],[-14,35],[-29,131],[-4,1],[-24,-16],[-9,1],[-32,12],[-19,-10],[-16,-31],[-19,-15],[-46,-65],[-15,5],[-19,12],[-19,0],[-11,-13],[-59,-28],[-34,-59],[-26,19],[-8,12],[-20,7],[-26,-13],[-14,13],[-13,3],[-14,15],[-17,0],[-14,-11],[-21,-9],[-17,-16],[-9,1],[-20,-9],[-24,0],[-19,9],[-4,27],[-7,8],[-42,132]],[[42419,43612],[20,73],[6,35],[-2,44],[-10,121],[-8,34],[-10,21],[-86,145],[-22,34],[-23,31],[-63,69],[-15,15],[-71,78],[-16,23],[-18,38],[-11,36],[-17,87],[-11,31],[-22,33],[-39,40],[-12,16],[-12,29],[-7,32],[0,34],[9,78],[1,39],[-9,106],[2,180],[-3,34],[-19,98],[-24,113],[-12,65],[-19,90],[-9,32],[-29,81],[-19,59],[-62,228],[-20,50],[-29,71],[-11,34],[-9,38],[-16,56],[-46,127],[-40,102],[-38,101],[-19,41],[-27,38],[-35,42],[-30,39],[-14,24],[-89,194],[-15,36],[-9,27],[-29,124],[-9,23],[-12,21],[-27,32],[-12,21],[-14,66],[-14,41],[-47,83],[-29,41],[-11,29],[-3,35],[1,152],[-3,15],[-19,34],[-10,30],[-17,32],[-15,34],[-9,32],[-26,108],[-6,36],[-33,389],[-7,31],[-101,269],[-15,41],[-146,388],[-31,84],[-8,27],[-31,117],[-20,42],[-45,67],[-43,86],[-12,47],[-11,68],[-4,22],[-32,84],[-7,30],[-7,100],[-4,32],[-24,129],[-8,22],[-45,72],[-19,18],[-19,6],[-89,16],[-33,13],[-26,23],[-19,27],[-33,57],[-12,38],[-2,22],[5,45],[11,33],[39,74],[7,28],[-3,33],[-11,25],[-46,65],[-13,25],[-10,26],[-12,53],[-10,59],[-6,14],[-14,19],[-28,25],[-13,30],[-18,20],[-13,6],[-68,22],[-18,18],[-11,24],[-32,46],[-32,35],[-8,14],[-7,26],[-16,67],[-1,14],[1,68],[-4,26],[-19,54],[-13,57],[-10,18],[-37,22],[-10,16],[-4,23],[1,38]],[[39710,51458],[98,1],[179,-2],[99,0],[211,2],[579,-10]],[[60237,72481],[131,4],[22,-37],[11,-6],[12,1],[16,15]],[[57891,72482],[1,-154],[-1,-206]],[[58597,71682],[-11,19],[-10,10],[-17,5],[-39,-12],[-26,-4],[-1,12],[-10,4],[-8,-9],[-31,17],[-16,14],[0,19]],[[43374,38930],[63,-99],[12,-28],[22,-82],[16,-38],[11,-16],[27,-23],[16,-7],[27,-3],[12,-19],[63,-99],[-12,-19],[-59,-15],[4,-44],[6,-9],[123,-130],[0,-37],[110,0],[0,-79],[3,-16],[11,-21],[22,7],[29,-6],[7,-5],[15,-26],[14,-3],[-4,40],[11,12]],[[44477,37669],[-62,-84],[-139,-189],[-482,-661],[-205,-280],[-126,-173],[-19,-29]],[[43444,36253],[-36,10],[-39,17],[-14,11],[-10,15],[3,29],[8,49],[-8,11],[-8,36],[-14,18],[-35,1],[-30,-13],[-50,-3],[-20,-6],[-16,4],[-15,-5],[-22,9],[-24,18],[-30,12],[-8,9],[-35,20],[-16,18],[-21,7],[-17,25],[-6,-15],[-46,-33],[-13,-12],[-25,-15],[-25,-22],[-17,-4],[-25,12],[-26,5],[-12,18],[-30,33],[-3,-16],[-15,-18],[-6,-15],[3,-56],[-10,-22],[-16,-22],[-3,-19],[25,-35],[18,-11],[10,-43],[6,-48],[-12,-37],[-13,-21],[-11,-33],[-23,-42],[-7,-4],[-15,-39],[-6,-25],[-15,-19],[-18,-52],[-9,-12],[-26,-9],[-18,-15],[-2,-9],[14,-19],[-1,-26],[-27,-26],[-7,-14],[-6,-30],[-30,-22],[-4,-38],[-14,-25],[-15,-8],[-51,-3],[-20,-8],[-36,-8],[-7,15],[-21,16],[-13,-27],[-17,-19]],[[42419,43612],[20,-8],[14,0],[17,8],[24,-8],[20,-14],[24,4],[21,-8],[7,-11],[28,6],[20,-8],[12,11],[27,14],[9,-14],[-2,-48],[2,-19],[10,-34],[4,-38],[1,-56],[9,-55],[13,-44],[15,-37],[32,-48],[9,-8],[25,-11],[18,-45],[9,-17],[-10,-56],[-1,-42],[3,-30],[30,5],[22,13],[17,-17],[38,-23],[11,0],[26,-13],[13,20],[21,3],[13,-8],[13,1],[16,9],[19,19],[16,35],[18,1],[8,16],[8,1],[31,-15],[25,13],[15,-5],[20,10],[23,3],[9,7],[7,22],[43,24],[11,-2],[11,-15],[14,-11],[11,-22],[20,2],[7,-26],[11,-7],[24,9],[41,32],[26,-5],[26,2],[15,31],[15,10],[21,4],[40,31],[18,-13],[10,2],[12,11],[18,30],[4,12],[14,13],[16,6],[18,14],[8,12],[45,28],[8,21],[17,14],[22,13],[12,40],[-9,42],[1,13],[13,13],[28,12],[24,17],[6,16],[18,28],[20,12],[16,2],[8,12],[-1,16],[13,8],[19,1],[19,17],[7,21],[12,15],[16,13],[10,20],[13,13],[3,29],[31,57],[3,41],[5,12],[20,18],[22,9],[4,20],[9,9],[14,6],[-14,44],[1,14],[8,43],[1,18],[-6,32],[-10,26],[-3,48],[-4,14],[-14,74],[-12,35],[-5,26],[-17,45],[-14,21],[16,23],[6,46],[-3,51],[57,-21],[32,-6],[19,2],[28,-6],[15,-15],[17,-10],[11,-13],[10,-21],[20,-50],[22,-24],[15,-5],[17,-14],[14,-28],[24,-13],[23,-20],[26,0],[15,-16],[2,-22],[22,-32],[12,-25],[6,-67],[16,-44],[6,-7]],[[44028,42411],[71,-28],[32,-31],[51,11],[20,-27],[37,-10],[33,4],[23,15],[38,3],[12,-15],[11,4],[20,-9],[-1,-54],[11,-34],[6,-28],[-1,-18],[29,-22],[39,-6],[15,-14],[24,-13],[63,-19],[22,-28],[65,-21],[3,-26],[8,-18],[12,-16],[28,-13],[4,-48],[-19,-24],[-18,-38],[10,-20],[2,-35],[-5,-12],[-18,-13],[3,-75],[45,-26],[30,-25],[7,-38],[-9,-53],[-7,-22],[16,-8],[37,3],[44,-89],[9,-7],[7,-48],[54,-4],[18,-24],[3,-19],[-3,-24],[-22,-45],[-22,-20],[-3,-33],[-28,-36],[27,-59],[10,-38],[-5,-21],[-3,-42],[-17,-17],[-18,-11],[-20,-39],[-8,-21],[-18,-15],[-7,-13],[-6,-31],[29,-80],[25,-19],[28,-5],[33,-42],[21,-12],[21,5],[24,-25],[10,-32],[11,-5],[14,7],[0,9],[29,-14],[9,-29],[3,-40],[17,10],[30,7],[29,27],[27,-22],[25,-7],[51,-31],[16,-17],[4,-19],[11,-28],[-11,-30],[-1,-50],[7,-30],[16,-37],[12,-15],[21,-55],[20,-40],[18,-28],[9,-52],[1,-32],[5,-46],[1,-38],[-8,-31],[-4,-26],[-14,-34],[-10,-51],[-23,-43],[-23,-23],[-22,-53],[-27,-35],[-23,-17],[-14,-23],[-18,-78],[0,-17],[8,-18],[1,-15],[-7,-72],[7,-30],[-1,-13],[-11,-62],[-12,-17],[-5,-22],[30,-21],[28,-12],[6,-19],[12,-9],[24,-27],[-5,-39],[16,-35],[-1,-11],[8,-22],[-5,-20],[-1,-60],[-11,-24],[-30,-5],[-44,-1],[-11,-10],[-26,-49],[0,-32],[8,-24],[7,-47],[-2,-47],[-2,-14],[-15,-30],[-18,-7],[-34,4],[-16,-9],[-28,-25],[-45,-22],[-5,-14],[1,-65],[5,-58],[-2,-44],[-7,-48],[-12,-46],[-4,-20],[7,-64],[-3,-15],[-13,-21],[0,-9],[18,-12],[9,-11],[7,-52],[-1,-20],[-14,-23],[0,-37],[-18,-23],[-24,-53],[-14,-15],[1,-37],[-7,-83],[0,-20],[8,-22],[4,-27],[15,-27],[17,-23],[8,-31],[-11,-52],[-3,-49],[-11,-33],[-10,-11],[-17,-5],[-284,-37],[-73,-10],[-60,-7],[-3,-3]],[[44477,37669],[-33,-4],[-31,3],[-14,8],[-16,16],[-22,31],[-11,21],[-23,12],[-30,-3],[-24,-12],[-31,-4],[-24,20],[-58,73],[-24,15],[1,5],[-164,195],[-27,57],[-23,63]],[[43923,38165],[-9,69],[-8,31],[-10,59],[-39,108],[-35,41],[-43,58],[-22,24],[-83,160],[-31,58],[-48,93],[-18,24],[-32,55],[-104,0],[-67,-15]],[[43374,38930],[-54,-1],[-45,36],[-100,20],[-14,8],[-67,88],[-8,13],[-31,76],[-20,27],[-17,-3],[-19,-46],[-13,-6],[-17,11],[-15,-16],[-6,-29],[-2,-26],[-12,16],[-9,2],[-132,1],[-267,5],[-90,3],[-25,-161],[1,-28],[6,-22],[11,-19],[18,-24],[13,-31],[2,-17],[1,-201],[-1,-131],[173,-7],[16,-2],[25,-8],[8,-8],[13,-24],[19,-6],[87,42],[17,4],[95,0],[24,-3],[23,5],[26,-1],[-5,-340],[-50,-25],[-115,-52],[-31,-11],[-88,-21],[2,-18],[-13,-3],[0,-20],[-16,-42],[-16,-20],[-44,-25],[-4,-14],[-14,-7],[-41,-36],[-16,11],[-15,-8],[-13,-31],[-4,-19],[-13,-12],[-12,-32],[-19,-37],[-10,-46],[-13,-19],[-6,-35],[13,-20],[-10,-52],[-11,-34],[-1,-35],[-12,-51],[-5,-51],[-19,-105],[-1,-42],[-21,-35],[1,-33],[4,-18],[-2,-37],[-17,-36],[-4,-22],[12,-29],[3,-15],[-3,-17],[-20,-28],[-15,-3],[-9,-20],[3,-36],[-19,-18],[-10,-15],[-8,-24],[-7,-35],[-13,-17],[-25,-54],[-15,-75],[-14,-36],[-1,-27],[-18,-55],[-3,-38],[-6,-33],[-25,-61],[-21,-25],[-11,-8],[-7,-17],[-21,-20],[-7,-32],[-10,-9],[20,-54],[3,-24],[-5,-39],[2,-25],[13,-47],[17,-37],[10,-40],[11,-29],[2,-17],[-5,-25],[4,-35],[37,-75],[27,-35],[15,-7],[61,11],[19,-12],[7,-18],[0,-20],[-6,-34],[1,-25],[11,-31],[20,-21]],[[42341,35648],[-250,-3],[-283,-2],[-105,1],[-10,2],[-47,-2],[-513,7],[-46,-1],[-690,8],[-318,2]],[[40079,35660],[-3,12],[-11,18],[-10,52],[-2,43],[6,21],[-5,23],[-11,92],[19,70],[14,28],[13,32],[5,21],[-30,-2],[-30,9],[-43,36],[-61,19],[-56,14],[-68,-15],[-35,45],[-28,49],[-23,22],[-28,12],[16,19],[10,28],[7,92],[-12,68],[-24,-9],[-21,-2],[-21,-11],[-16,-2],[-32,3],[-9,9],[-36,52],[-7,23],[-17,22],[-44,69],[-10,35],[2,39],[-11,41],[-2,22],[5,81],[4,9],[-16,33],[0,44],[-13,9],[-22,22],[-37,20],[-60,3],[-18,9],[-28,22],[-14,20],[-8,24],[6,33],[-21,29],[-12,28],[-5,45],[-21,43],[-14,52],[-3,35],[3,12],[-5,18],[-13,17],[-10,55],[-2,30],[-6,8],[-17,-7],[-36,-5],[-32,10],[-8,7],[-22,43],[-3,20],[-42,-19],[-40,1],[-20,15],[-9,-6],[-11,-33],[-10,-22],[-12,-36],[-33,21],[-28,27],[-9,17],[-17,9],[-27,39],[-10,26],[2,33],[-8,16],[-11,8],[-18,22],[-21,11],[-20,43],[-17,63],[-1,28],[-16,35],[-9,46],[-13,9],[1,16],[32,61],[11,43],[19,20],[16,101],[-21,27],[-14,47],[-19,44],[-10,63],[-47,67],[-54,48],[-5,69],[3,35],[9,41],[-16,63],[-8,16],[6,12],[9,57],[11,50],[-2,54],[2,16],[22,43],[21,25],[-4,27],[10,45],[21,39],[29,43],[-12,33],[0,21],[11,44],[-3,58],[32,86],[-39,100],[-13,15],[-23,39],[-14,43],[-11,11],[-4,48],[-21,66],[13,13],[15,23],[2,14],[-26,42],[-17,40],[-16,29],[-6,26],[-1,28],[-19,23],[-13,42],[-40,44],[1,16],[-4,19],[13,48],[14,39],[-7,31],[-32,43],[-8,29],[-30,59],[7,33],[1,36],[7,39],[0,36],[-3,49],[-5,22],[-15,35],[-24,33],[-31,36],[-28,21],[-64,43],[-15,-6],[-12,-13],[-24,-9],[-30,24],[-12,16],[-7,42],[-23,12],[-16,28],[-13,69],[7,59],[9,55],[14,37],[32,40],[22,40],[7,36],[-47,11],[-37,-7],[-12,25],[-19,9],[-15,22],[-17,4],[-37,-24],[-64,5],[-17,-13],[-39,-2],[-15,62],[11,23],[-3,67],[-26,11],[-9,13],[-29,11],[-10,-5],[-15,17],[-54,-16],[-13,-15],[-29,-25],[-36,-13],[-7,-11],[-6,18],[-29,38],[-23,2],[-32,51],[-44,46],[-35,14],[-8,56],[15,103],[-4,25],[-28,116],[3,45],[-15,71],[-27,24],[-26,56],[-4,65],[-27,72],[14,36],[1,32],[-11,54],[-1,24],[-33,109],[-15,7],[-7,12],[-28,11],[-32,23],[-4,21],[-31,78],[-38,60],[0,14],[-10,28],[3,19],[-5,13]],[[37159,42530],[6,-2],[88,-10],[10,4],[11,-19],[17,-9],[11,-20],[23,-11],[11,-19],[15,-10],[27,3],[16,-10],[14,-17],[34,-20],[31,-26],[37,-11],[20,-9],[31,-7],[45,1],[22,-7],[14,0],[39,23],[26,0],[55,26],[13,1],[17,18],[42,22],[19,3],[48,23],[11,8],[47,8],[54,-1],[32,13],[48,8],[18,-3],[42,10],[47,24],[5,8],[28,14],[13,1],[44,25],[20,2],[12,9],[57,13],[29,17],[40,-1],[18,11],[31,5],[18,7],[20,3],[41,22],[21,3],[21,-10],[24,-4],[2,-6],[26,4],[13,-4],[8,6],[15,45],[11,12],[17,7],[14,17],[26,-14],[29,6],[17,16],[24,13],[19,3],[18,-7],[10,4],[8,14],[10,7],[15,0],[45,35],[31,-8],[32,13],[9,7],[29,38],[13,27],[14,7],[9,24],[8,7],[27,-4],[16,8],[27,-2],[20,9],[15,-11],[8,-46],[16,-11],[10,-17],[9,-4],[20,4],[23,-6],[11,-14],[9,-2],[16,-13],[21,-9],[34,-2],[18,7],[14,18],[26,8],[28,-13],[16,-3],[69,0],[13,2],[21,10],[31,3],[13,11],[15,33],[27,32],[17,12],[42,6],[23,-3],[68,-13],[24,9],[62,50],[11,4],[64,-9],[25,-10],[52,-42],[41,-62],[24,-23],[28,-17],[2,-6],[21,8],[21,-5],[31,6],[31,2],[39,18],[27,25],[35,10],[19,-4],[17,-11],[60,-24],[17,2],[32,12],[21,2],[35,-6],[131,18],[10,9],[8,25],[12,15],[31,6],[18,-10],[11,-1],[71,39],[87,75],[33,17],[9,12],[17,31],[23,74],[31,32],[28,40],[9,37],[8,70],[10,30],[7,10],[35,19],[42,4],[62,11],[23,14],[10,2],[36,-7],[78,-6],[36,12],[433,184],[22,5],[180,-1],[220,1],[28,-1],[35,-6],[9,-5],[27,-23],[13,49]],[[22481,16132],[-241,0],[-21,3],[-1302,1]],[[20917,16136],[-536,-1],[-1033,-1],[-585,-1],[-106,20],[-118,0],[-1234,-8],[-228,0],[-240,-3],[-112,2],[-342,-2],[-226,-3]],[[16157,16139],[-279,-2],[-228,-1],[-43,1],[-76,-3]],[[15531,16134],[16,17],[12,5],[12,14],[30,13],[25,-5],[18,3],[30,30],[8,27],[7,37],[6,51],[16,24],[5,16],[-5,34],[-13,21],[-38,148],[-10,27],[6,38],[-1,33],[-3,20],[-28,48],[-13,17],[-3,25],[3,12],[1,45],[-21,46],[5,28],[-4,23],[-18,48],[-26,52],[-8,40],[0,52],[-30,45],[-6,20],[-15,18],[-29,27],[38,63],[9,19],[21,18],[-6,21],[4,16],[-7,20],[8,31],[15,33],[4,25],[-1,17],[3,57],[17,16],[8,14],[22,17],[17,22],[10,32],[14,14],[26,11],[20,29],[19,12],[8,37],[8,16],[20,10],[18,19],[24,8],[29,-10],[14,1],[6,10],[25,-12],[31,2],[20,-10],[8,-34],[20,-24],[7,-24],[22,4],[16,-7],[22,-2],[13,13],[6,20],[9,12],[7,22],[33,25],[17,45],[20,28],[25,20],[23,10],[50,2],[17,-7],[68,22],[6,12],[24,18],[56,8],[6,14],[4,34],[-5,17],[-1,20],[8,6],[17,0],[27,36],[19,5],[32,13],[6,9],[24,6],[14,-12],[22,17],[30,0],[21,-14],[4,-19],[10,-8],[69,22],[10,-9],[22,1],[24,-6],[20,4],[19,9],[16,1],[17,-22],[20,-14],[15,-24],[11,7],[36,77],[14,17],[10,58],[-11,22],[-27,63],[0,33],[16,44],[-1,49],[-8,33],[3,53],[0,42],[-3,26],[-7,14],[0,31],[21,42],[18,28],[17,47],[21,24],[8,29],[33,22],[18,8],[1,29],[13,49],[8,14],[-4,18],[3,33],[5,19],[34,66],[-10,5],[-7,15],[4,22],[-7,38],[1,24],[-35,38],[-20,5],[-48,21],[0,18],[10,39],[16,47],[6,10],[30,17],[17,27],[-7,49],[3,16],[29,24],[33,71]],[[17087,19523],[19,1],[36,6],[23,8],[65,4],[23,-17],[39,-16],[27,-32],[26,0],[27,12],[21,86],[10,46],[7,21],[15,17],[17,47],[45,37],[15,28],[7,22],[27,33],[19,36],[13,16],[35,12],[8,30],[6,46],[20,57],[-29,28],[-19,29],[-27,24],[-14,20],[8,37],[25,39],[15,31],[6,24],[-21,13],[-33,62],[-7,19],[-4,30],[1,21],[9,29],[31,30],[32,23],[33,14],[11,13],[21,37],[17,25],[16,45],[18,6],[35,25],[33,11],[8,8],[9,22],[4,29],[15,18],[21,10],[35,10],[5,5],[12,-21],[32,-13],[37,-24],[32,-2],[3,22],[17,48],[-1,18],[8,45],[1,26],[25,38],[4,23],[29,90],[-2,14],[9,32],[-4,9],[17,19],[17,3],[14,21],[26,26],[23,6],[7,14],[-1,21],[7,37],[-4,17],[-16,18],[-5,22],[-12,26],[34,60],[16,0],[22,-8],[14,28],[-4,14],[3,58],[-16,10],[5,23],[5,104],[-15,35],[2,43],[5,24],[-2,11],[-36,80],[-1,11],[6,35]],[[18204,21823],[14,-4],[9,4],[57,3],[27,17],[14,15],[15,38],[35,46],[19,22],[19,39],[7,30],[20,34],[48,-8],[19,4],[42,76],[29,62],[2,7],[-7,48],[5,42],[-2,22],[3,16],[-2,17],[1,25],[33,21],[10,3],[12,14],[24,22],[18,27],[17,34],[-1,14],[-13,56],[2,7],[48,8],[18,7],[20,21],[28,48],[7,36],[19,31],[13,35]],[[18833,22762],[23,-21],[58,-9],[35,-34],[8,-5],[20,-32],[23,-19],[9,-20],[14,-7],[8,-18],[16,1],[11,-18],[23,-17],[15,11],[15,-17],[9,4],[21,-7],[13,17],[29,11],[12,18],[31,-5],[16,17],[9,-11],[17,-3],[2,-17],[-8,-31],[8,-35],[6,-47],[30,8],[29,-20],[19,-5],[5,-18],[10,-5],[22,12],[13,-4],[14,12],[22,-10],[23,27],[0,19],[13,13],[1,27],[8,17],[4,29],[20,8],[13,23],[5,21],[1,35],[6,9],[14,6],[54,-26],[14,4],[39,78],[30,11],[34,-21],[14,-6],[20,3],[30,-16],[20,-1],[32,4],[24,-1],[12,12],[24,2],[13,48],[17,21],[1,14],[-10,8],[1,14],[8,20],[5,22],[7,-1],[43,-33],[15,-2],[37,17],[20,5],[16,21],[14,-2],[16,33],[12,53],[20,8],[12,48],[-6,33],[17,22],[26,9],[35,22],[10,16],[24,20],[15,16],[6,67],[-10,37],[-15,21],[-10,72],[-1,19],[-27,46],[-1,31],[-8,15],[-4,85],[13,33],[18,28],[-1,41],[-6,31],[-1,17],[-11,27],[4,23],[11,32],[0,35],[-25,55],[3,42],[-6,48],[8,28],[4,27],[8,12],[9,30],[13,20],[-14,35],[0,23],[6,22],[1,24],[-12,29],[0,26],[-4,20],[227,-1],[6,0],[802,1]],[[21246,24248],[-1,-48],[10,-29],[15,-15],[33,-3],[5,-11],[2,-26],[11,-62],[4,-33],[10,-12],[50,-43],[19,-7],[18,-13],[53,-46],[19,-20],[6,-14],[51,-17],[46,-8],[35,-10],[12,2],[13,-12],[39,-7],[8,-11],[35,-56],[24,-26],[0,-76],[3,-5],[-27,-62],[2,-25],[-50,-62],[-7,-46],[2,-21],[-4,-9],[2,-21],[-3,-24],[5,-37],[9,-54],[31,-26],[9,-11],[-18,-30],[-10,-26],[-2,-33],[11,-24],[29,-29],[45,-54],[22,-53],[4,-25],[-12,-48],[8,-50],[9,-24],[1,-42],[14,-23],[38,-21],[3,-32],[17,-17],[26,-32],[20,-19],[-21,-23],[-2,-41],[-7,-17],[-11,-14],[-30,-18],[-15,-6],[-3,-9],[5,-64],[-15,-56],[-10,-17],[-17,-17],[-32,-21],[-26,5],[-5,-8],[0,-24],[8,-59],[7,-29],[-1,-13],[-29,-56],[-20,-34],[-8,-8],[3,-38],[13,-37],[5,-53],[-8,-23],[-7,-4],[50,-26],[36,-31],[32,-31],[25,-35],[19,-37],[8,-22],[-4,-36],[15,-22],[12,-5],[2,-16],[18,-39],[5,-23],[-1,-35],[9,-22],[22,-14],[11,-28],[-4,-26],[-3,-45],[3,-5],[-5,-40],[2,-13],[-3,-65],[-7,-23],[-18,2],[-8,-8],[-2,-17],[0,-63],[-11,-4],[-3,-25],[3,-27],[-8,-12],[6,-16],[15,11],[17,-17],[0,-13],[-13,-30],[32,-12],[9,-31],[6,-10],[-2,-18],[18,-52],[-9,-27],[10,-38],[-6,-54],[-11,-10],[2,-28],[9,-45],[17,3],[35,-31],[47,-17],[44,-8],[42,-15],[59,-10],[24,-10],[19,4],[12,10],[9,15],[36,3],[9,5],[21,-3],[32,-20],[21,-18],[16,-8],[28,-45],[5,-13],[12,-6],[2,-23],[12,-9],[22,-33],[13,-14],[16,-12],[23,-3],[8,-12],[8,2],[7,-21],[13,-16],[6,-23],[12,-24],[19,-14],[18,-36],[12,-15],[6,-25],[-5,-23],[10,-11],[1,-18],[18,-50],[-4,-9],[11,-17],[8,-40],[2,-27],[-5,-20],[18,0],[19,-21],[11,2],[8,-14],[-2,-35],[17,-12],[10,-49],[12,-7],[3,-14],[-5,-21],[-1,-30],[4,-23],[-1,-34],[-8,-42],[-11,-26],[2,-10],[14,-10],[5,-25],[-1,-19],[11,-27],[3,-39],[-32,-13],[-2,-36],[-13,-13],[-1,-16],[-12,-18],[-19,-22],[-6,-39],[-12,-28],[2,-31],[-10,-27],[-7,-6],[-3,-23],[-11,-13],[-5,-24],[9,-23],[-7,-16],[10,-17],[-7,-28],[-26,-20],[0,24],[-10,11],[-16,-2],[-9,12],[-20,6],[-6,9],[-21,1],[-21,22],[-17,7],[-14,11],[-8,-1],[-8,-13],[-8,-2],[-11,-14],[-19,7],[2,-458],[-2,-152],[0,-2603]],[[16363,37679],[11,-49],[-9,-45],[7,-15],[45,-12],[13,13],[6,-5],[-2,-33],[9,-25],[-4,-32],[5,-11],[12,8],[7,-5],[7,-27],[27,-15],[11,-11],[10,15],[8,2],[10,-15],[-1,-19],[-10,-27],[-1,-16],[9,-21],[-4,-28],[12,-37],[18,-9],[16,0],[8,-16],[-7,-24],[6,-16],[32,2],[10,-17],[-7,-20],[8,-28],[20,-13],[36,-9],[14,-11],[3,-24],[-13,-9],[2,-13],[32,-23],[7,-22],[8,-52]],[[16352,37862],[-15,-29],[-29,18],[-12,14],[-11,-12],[18,-26],[9,-33],[2,-20],[19,-18],[22,-29],[8,-48]],[[16363,37679],[-144,0],[2,-66],[6,-31],[22,-35],[52,-17],[38,-29],[52,-1],[11,-3],[22,-18],[25,-69],[29,-48],[-9,-9],[-8,-41],[10,-80],[2,-36],[4,-30],[-7,-86],[6,-24],[1,-42],[-10,-24],[-5,-49],[-10,-17],[-8,-23],[-4,-37],[-9,-15],[-3,-26],[-9,-16],[1,-19],[7,-11],[4,-40],[5,-6],[7,-60],[-8,-8],[1,-27],[4,-18],[-1,-31],[9,-14],[2,-22],[-8,-20],[17,-19],[1,-47],[12,-20],[0,-50],[10,-18],[0,-16],[8,-37],[16,-5],[20,-24],[1,-94],[9,-18],[20,-11],[4,-25],[25,-31],[-1,-56],[6,-55],[2,-34],[27,-35],[10,-7],[-5,-17],[17,-32],[14,-3],[24,-31],[9,-1],[13,-23],[18,-19],[7,-1],[20,-16],[13,-23],[-2,-20],[25,-23],[12,-20],[24,-16],[5,-49],[40,-80],[19,-24],[39,-32],[-2,130],[7,3],[213,1]],[[18194,33403],[-491,0],[-698,-1],[-128,14],[-1729,-7],[-52,0],[-158,-13],[-679,-1],[-190,2],[-191,-1],[-274,3],[-14,-2],[-108,-3],[-167,-6],[-96,-2],[9,-269],[115,4],[5,-182],[263,2],[10,-736],[253,4],[-4,-214]],[[57352,72119],[-1,-358]],[[57351,71761],[-94,0],[0,-15],[-17,-34],[-18,-14],[-26,3],[-21,9],[-45,11],[-45,5]],[[59761,71765],[3,-6]],[[59528,71398],[-281,0],[-33,-72],[-120,-268],[-4,-11],[-167,-372]],[[6789,37585],[2914,0],[7,55],[1,2077],[-2,207],[1,1852]],[[9710,41776],[34,1],[613,3],[1028,4],[140,0],[123,1],[790,0],[528,2],[244,-3],[95,0],[183,3],[251,0]],[[13739,41787],[264,-1],[252,-2],[399,0],[124,1],[17,-2],[252,1],[70,2]],[[16005,38391],[-12,-1],[-19,13],[-133,3],[-195,0],[-20,1],[-17,9],[-29,27],[-11,-6],[-39,-90],[-31,-43],[-41,-66],[-14,-9],[-144,6],[-15,-2],[-45,-35],[-9,-4],[-16,11],[-7,25],[-6,6],[-31,1],[-1,171],[-3,12],[-129,0],[-70,2],[-118,0],[-8,21],[-2,69],[-2,27],[-8,30],[-44,145],[-22,37],[-8,20],[-33,136],[-7,21],[-16,28],[-16,10],[-42,-8],[-91,2],[-134,5],[-8,-40],[0,-36],[6,-37],[-4,-20],[-31,-43],[-19,-15],[-25,10],[-31,-24],[-17,-29],[-11,-7],[-7,-27],[-11,-12],[-21,-55],[-13,-19],[-52,-59],[-64,-51],[-24,-3],[-11,-6],[-28,-40],[-41,-31],[-73,-79],[-19,-33],[-34,-63],[-27,-49],[-31,-33],[-37,-58],[-26,-22],[-34,-58],[-51,-74],[-36,-47],[-15,-14],[-12,-25],[-26,-35],[-26,-47],[-12,-39],[-2,-18],[-23,-45],[-17,-37],[-14,-50],[-11,-67],[-13,-31],[-16,-19],[-17,-8],[-17,-15],[-17,-27],[-19,-49],[-18,-20],[-16,-41],[0,-43],[-5,-38],[-14,-48],[-11,-24],[-13,-54],[-16,-31],[-30,-25],[-17,-21],[-20,-49],[-20,-37],[-19,-16],[-76,-80],[-24,-29],[-14,-26],[-30,-46],[-15,-31],[-6,-18],[-4,-29],[-10,-22],[-64,-61],[-17,-15],[-32,-41],[-11,-20],[-35,-77],[-17,-51],[-8,-13],[-56,-63],[-5,-18],[1,-82],[14,-9],[16,-47],[5,-26],[0,-76],[1,-67],[-8,-35],[11,-11],[3,-22],[-12,-55],[1,-49],[2,-31],[-12,-58],[-5,-14],[-36,-158],[-5,-31],[-10,-41],[-3,-1],[-20,-48],[-28,-83],[-8,-50],[-31,-71],[-8,-45],[-5,-10],[-25,-3],[-14,6],[-18,-7],[-12,-12],[-31,-78],[-24,-51],[-59,-39],[-4,-4],[-1,-219],[0,-294],[1,-105],[-1,-146],[1,-67],[0,-127],[15,-46],[20,-46],[-1,-81],[-6,-23],[2,-21],[9,-25],[10,-14],[8,-22],[25,-39],[5,-26],[-10,-150],[6,-2],[17,17],[17,1],[6,-8],[-1,-179],[-2,-54],[-44,-117]],[[16352,37862],[-28,43],[-121,166],[-158,238],[-27,51],[-13,31]],[[16005,38391],[-25,70]],[[17789,37302],[-233,2],[-273,2]],[[17283,37306],[3,74],[12,19],[-27,0],[0,186],[-19,-9],[-19,-21],[-20,-1],[-15,11],[-7,20],[-34,-3],[-81,0],[-58,-2],[-53,2],[-24,-1],[1,-225],[-7,3],[-19,-4],[-36,18],[-26,19],[-12,22],[-10,2],[-8,14],[-14,1],[-4,-11],[-15,2],[-20,35],[-22,21],[-16,5],[-14,30],[2,14],[-12,5],[-4,32],[-7,9],[-14,5],[4,16],[-4,48],[-6,14],[-17,-9],[-4,24],[-11,29],[-18,-1],[-19,27],[-22,25],[-21,-1],[-3,20],[-8,-4],[-14,22],[-14,8],[-5,24],[-20,-3],[-1,16],[-13,2],[-13,23],[-16,11],[-14,-8],[1,17],[-15,10],[-20,23],[-10,-2],[-16,10],[-17,-28],[3,-32],[-14,11],[-5,-8]],[[57892,71219],[98,0],[0,-67],[-3,-19],[-16,-41],[-20,-25],[-2,-43],[9,-29]],[[57958,70995],[-28,-18],[-24,-26],[-121,-90],[-28,-5]],[[57892,71401],[0,-182]],[[57892,71219],[-134,0]],[[17789,37302],[114,0],[49,10],[36,2],[434,-12],[32,-3],[122,-20],[29,0],[195,18],[33,103],[3,22],[1,40],[-2,47],[4,45],[-2,36],[2,14],[12,9],[39,5],[18,-1],[20,7],[28,-1],[6,20],[-7,25],[0,124],[-266,2],[2,271],[3,179],[-6,7],[-59,1],[-1,51],[1,216],[1,65],[-3,5],[-33,6],[-25,21],[-29,26],[-11,16],[-9,30],[-10,19],[-12,11],[2,169],[-1,4],[-113,2],[-17,22],[1,77],[-34,8],[-34,15],[-13,-18]],[[22219,36229],[0,-309],[3,-14],[0,-843],[1,-220],[0,-228],[2,-80],[-1,-68],[2,-232],[1,-1588],[-8,2],[-157,-2],[-667,0],[-219,1],[-19,0],[-412,-1],[-223,0],[-84,-1],[-134,1]],[[20304,32647],[-3,24],[3,28],[19,61],[8,51],[2,26],[-4,10],[-21,30],[-8,25],[-7,64],[-10,36],[11,53],[28,55],[1,41],[21,40],[18,48],[-15,18],[-5,12],[-18,75],[-16,12],[-10,14],[-4,31],[-303,0],[-105,1],[-53,-1],[-701,0],[-21,-1],[-127,5],[-125,-3],[-202,1],[-463,0]],[[18194,33403],[-12,32],[-39,126],[-35,127],[-18,42],[-38,79],[-85,169],[-67,136],[-11,24],[-58,117],[-6,10],[-87,176],[-60,123],[-5,-5],[-141,283],[-72,147],[-274,551],[-47,93]],[[17139,35633],[-40,83],[-9,34],[-46,93],[-24,53],[-11,37],[-3,63],[-13,12],[-11,27],[-9,13],[-1,30],[17,37],[-7,15],[-18,12],[-2,29],[-11,12],[-13,-2],[-17,18],[4,28],[-10,17],[3,63],[-15,32],[3,13],[-4,50],[17,14],[3,20],[-8,25],[-11,20],[14,10],[7,19],[-5,14]],[[17038,36450],[16,-78],[32,-12],[115,-2],[248,2],[-1,228],[218,-2],[0,146],[-4,35],[3,18],[1,72],[1,31],[-1,59],[-197,1],[0,181],[71,0],[8,2],[67,45],[171,117],[3,9]],[[43174,59023],[15,9],[13,19],[14,8],[34,-4],[34,14],[31,43],[31,51],[3,16],[0,35],[-4,21],[3,27],[1,57],[-1,41],[10,40],[-3,54],[-6,21],[-1,30],[-7,11],[-6,27],[0,17],[20,37],[9,37],[11,25],[24,38],[17,0],[31,10],[16,-6],[14,7],[38,45],[11,3],[14,45]],[[43540,59801],[9,17],[21,17],[4,8],[30,26],[24,5],[17,10],[10,15],[25,70],[13,51],[6,50],[33,8],[10,-1],[21,-12],[20,-4],[27,4],[20,19],[9,50],[15,38],[18,18],[28,8],[11,7],[7,22],[8,10],[53,16],[53,26],[10,11],[18,5],[67,27],[50,12],[29,15],[70,26],[9,13],[-4,16],[-24,78],[-3,52],[-17,27],[-5,32],[8,53],[0,31],[-14,23],[-7,18],[-12,8],[-38,11],[-13,10],[-29,55],[-24,39],[-8,16],[-14,61],[-11,54],[11,18],[23,19],[38,14],[31,-3],[19,-7],[25,-32],[8,-3],[33,6],[8,8],[34,15],[47,27],[36,4],[9,5],[2,45],[0,60],[5,27],[7,16],[16,23],[3,12],[-9,56],[5,57],[10,49],[12,45],[13,19],[2,15],[13,15],[24,-1],[33,-14],[13,5],[56,31],[44,2],[68,-24],[35,-6],[31,-2],[3,-4],[27,10],[12,-5],[31,-32],[8,-4],[6,24],[10,17],[30,26],[21,-3],[14,9],[20,39],[9,24],[24,37],[5,14],[9,74],[-6,60],[8,20],[8,12],[20,15],[9,48],[23,44],[2,12],[-8,37],[8,5],[21,-2],[8,6],[13,35],[16,27],[7,26],[-1,63],[4,15],[22,-17],[17,-4],[43,10],[22,10],[79,-9],[5,16],[-6,60],[12,70],[20,24],[32,73],[13,16],[19,16],[19,5],[17,-1],[18,-15],[16,-5],[13,5],[-2,25],[3,32],[9,36],[24,47],[-4,10],[5,31],[8,17],[46,60],[21,3],[10,9],[26,-2],[32,-15],[-6,19],[-3,28],[-32,17],[-35,54],[-7,25],[3,38],[-3,9],[-27,23],[-23,31],[-17,19]],[[45525,62892],[-32,41],[-2,23],[-13,33],[-1,23],[29,31],[18,25],[17,46],[4,58],[9,28],[14,30]],[[43952,47809],[-22,14],[-5,14],[13,16],[-12,28],[5,36],[-27,6],[-23,-9],[-4,25],[-36,30],[-14,1],[-21,32],[-11,7],[-30,-26],[-20,-8],[-33,-24],[-36,-23],[-21,0],[-13,12],[-19,-4],[-17,29],[5,34],[-3,18],[-19,24],[-27,43],[-31,35],[-25,39],[-26,60],[-32,33],[-31,46],[-4,21],[-30,55],[-44,44],[-35,4],[-58,105],[-23,56],[-27,44],[-38,-8],[-21,-23],[-65,-24],[-13,6],[-16,-2],[-70,28],[-15,-8],[-13,-1],[-16,15],[-25,17],[-28,12],[-16,3],[-93,-41],[-3,-17],[0,-49],[-24,-50],[-22,-12],[-26,-25],[-18,-31],[-3,-43],[-3,-14],[-10,-6],[-27,24],[-38,-19],[-15,42],[-35,24],[-32,-5],[-16,15],[-18,3],[-71,67],[-18,37],[-7,1],[-76,-73],[-41,35],[-1,-22],[-18,-7],[-10,10],[-5,21],[-7,5],[-26,-1],[-25,13],[-14,0],[-36,27],[-18,2],[-14,12],[-74,-6],[-24,31],[-7,91],[11,100],[5,47],[-20,47],[-1,38],[-4,25],[6,17],[33,42],[-12,27],[-5,35],[11,26],[12,20],[33,36],[8,17],[12,63],[19,69],[8,15],[3,49],[6,34],[0,19],[-17,48],[-13,11],[-16,81],[-27,47],[-3,15],[6,40],[-3,52],[8,36],[-42,-10],[-19,21],[-51,7],[-27,21],[-13,17],[-41,30],[-7,16],[-37,28],[-28,36],[-29,13],[-31,9],[-12,15],[-47,-18],[-27,-4],[-49,9],[-21,11],[-18,32],[-21,30],[-31,-9],[-28,-13],[-16,2],[-32,-13],[-16,-11],[-32,-34],[-21,-13],[-26,-1],[-13,15],[-41,-23],[-32,-36],[-41,-30],[-12,7],[-6,25],[-4,52],[-44,69],[-25,55],[-14,1],[-3,20],[-12,38],[-2,23],[1,61],[-14,59],[1,35],[-13,41],[-9,12],[-51,15],[-27,19],[0,23],[-16,27],[0,25],[-14,-6],[-17,0],[-20,17],[-25,13],[-22,29],[-4,34],[2,15],[23,11],[24,18],[5,11],[-6,29],[1,16],[-21,68],[-8,47],[-4,39],[8,15],[17,17],[14,30],[5,29],[4,8],[26,-1],[15,21],[5,36],[8,18],[20,20],[13,25],[2,13],[-4,39],[-14,42],[-23,55],[-5,69],[11,58],[2,43],[-22,34],[-22,22],[-31,36],[-13,39]],[[40876,51449],[1,35],[-12,43],[2,17],[13,51],[3,51],[-16,88],[5,23],[40,40],[28,40],[-4,37],[3,26],[6,21],[16,21],[20,16],[28,5],[19,14],[19,44],[26,49],[21,49],[7,6],[29,13],[5,6],[11,35],[13,19],[21,7],[5,35],[-8,23],[0,50],[-10,47],[-11,36],[-3,28],[-14,42],[-6,10],[-35,38],[-11,21],[-17,42],[-11,41],[-15,12],[-58,-1],[-65,8],[-8,-1],[-29,-23],[-13,9],[-23,-2],[-17,24],[-23,12],[-42,-5],[-17,2],[-50,-41],[-15,2],[-10,11],[-38,4],[-24,-8],[-9,21],[35,103],[5,37],[15,22],[34,22],[7,16],[0,16],[-6,24],[5,13],[38,19],[19,17],[114,133],[12,8],[19,-15],[15,21],[4,23],[5,56],[7,10],[18,46],[-3,21],[4,39],[20,2],[30,24],[5,30],[21,36],[29,46],[65,57],[11,26],[2,17],[-18,40],[-9,26],[7,30],[12,24],[1,30],[-20,80],[8,34],[-5,33],[-10,29],[-3,26],[5,26],[-2,59],[-17,39],[-5,61],[-28,75],[-9,43],[13,23],[5,39],[1,33],[-4,39],[0,103],[-11,36],[-15,35],[-18,32],[-19,43],[-7,51],[-16,49],[-15,54],[20,42],[27,35],[10,29],[22,41],[9,25],[-6,35],[4,75],[0,52],[-11,63],[-15,56],[-31,49],[-14,40],[-4,24],[38,16],[40,59]],[[58695,72114],[26,-1],[99,5],[48,1]],[[59075,71847],[-14,-15],[-23,-39],[-33,-27],[-11,-13],[-10,-40],[-19,-35],[-6,-22],[-11,-22],[-12,-5],[-48,-8],[-16,-6],[-11,-17],[-3,-31],[13,-50],[-2,-24],[-14,-42],[-18,-18],[-10,-1],[-45,13],[-29,-5],[-23,-17],[-4,-29]],[[15980,38461],[-54,151],[-59,158],[-5,26],[-25,81],[0,72],[-25,2],[-21,52],[1,13],[-10,14],[-10,31],[-2,24],[-15,43],[-6,1],[-27,89],[-90,3],[-17,19],[-4,17],[-20,8],[-16,18],[-13,2],[-11,-5],[-18,-27],[-20,-11],[-18,-27],[-1,-18],[11,-56],[-4,-9],[-88,-2],[-6,8],[-10,164],[-22,64],[-3,19],[-1,173],[2,180],[-2,80],[3,101],[-7,21],[-60,1],[0,-83],[-8,-7],[-101,-1],[-7,18],[-1,33],[-6,31],[-11,29],[3,35],[0,104],[-8,30],[-3,50],[-21,23],[-3,17],[93,0],[16,-2],[12,43],[3,18],[-17,32],[11,18],[2,19],[-9,17],[-18,13],[-5,22],[4,16],[-2,40],[17,21],[6,15],[5,33],[-9,22],[-21,-4],[-9,5],[5,36],[-12,21],[-17,44],[5,23],[24,20],[3,26],[-7,25],[-14,28],[-11,9],[1,25],[-17,24],[7,17],[-16,53],[1,25],[-10,23],[3,18],[-7,16],[6,14],[-12,13],[1,28],[8,14],[-9,23],[-4,21],[5,18],[-4,22],[49,2],[8,-6],[27,-177],[63,1],[-27,217],[-10,66],[-57,332],[-10,39],[-71,176],[-4,2]],[[15117,41786],[3,0]],[[15120,41786],[985,-5],[529,-4],[267,0],[297,1],[64,-1]],[[17262,41777],[210,-1],[794,-3],[383,2],[29,5],[381,1],[545,2],[333,0],[517,2],[205,0],[262,1],[264,0],[265,1],[264,0],[216,1],[288,0]],[[22218,41788],[1,-85],[0,-5474]],[[22219,36229],[-41,0],[-100,-13],[-37,20],[-48,19],[-35,-6],[-25,-15],[-41,19],[-24,29],[-22,34],[-34,19],[-98,38],[-64,22],[-18,12],[-18,7],[-12,11],[-29,44],[-42,23],[-12,11],[-30,9],[-47,32],[-18,19],[-35,55],[-19,13],[-4,9],[0,34],[-8,44],[-15,43],[-36,58],[-20,22],[-22,12],[-22,24],[-12,43],[-4,57],[1,28],[-7,39],[-6,14],[-13,11],[-20,27],[-10,-1],[-19,15],[-28,-1],[-32,-8],[-28,14],[-42,72],[-31,38],[-32,54],[-16,65],[-8,44],[-27,59],[-37,34],[-26,11],[-43,4],[-32,10],[-28,-1],[-31,-14],[-22,5],[-16,23],[-21,54],[-40,73],[-31,21],[-22,4],[-46,28],[-17,14],[-14,31],[-5,50],[-13,54],[-4,38],[-10,33],[-13,58],[-6,12],[-11,55],[-11,23],[-21,10],[-28,9],[-20,11],[-66,17],[-45,17],[-30,4],[-31,-7],[-22,9],[-22,21],[-11,3],[-12,18],[0,39],[6,13],[1,34],[-1,34],[8,37],[-4,27],[-5,6],[-3,24],[-7,15],[-15,12],[-14,21],[-18,-11],[-11,4],[-9,21],[-20,22],[-24,12],[-16,15],[-28,12],[-9,-6],[-20,6],[-16,0],[-30,12],[-15,-8],[-28,12],[-13,0],[-16,9],[-4,10],[-26,21],[-16,0],[-8,14],[-20,21],[-11,27],[-13,16],[0,26],[-8,33],[-3,63],[10,86],[-1,37],[-9,43],[2,37],[-15,27],[-4,15],[-27,30],[-14,10],[-28,40],[-35,19],[-40,8],[-12,9],[-16,-8],[-18,2],[-23,21],[-9,29],[0,18],[-7,23],[6,17],[1,27],[-7,44],[-9,23],[-7,42],[-21,41],[-16,44],[-12,20],[-31,34],[-14,9],[-11,14],[-13,6],[-35,39],[-19,12],[-17,24],[-50,38],[-9,11],[-10,34],[-33,13],[-26,-6],[-21,-27],[-30,-29],[-18,-24],[-9,-17],[-12,-13],[-11,0],[-8,-9],[-6,-25],[-12,-2],[-23,-15],[-8,-11],[1,-24],[-6,-11],[-29,2],[-18,-14],[-40,-15],[-17,4],[-10,-12],[-28,1],[-21,-5],[-34,0],[-24,12],[-7,-2],[-28,6],[-27,-5],[-18,0],[-50,14],[-17,21],[-8,22],[-27,54],[-9,61],[-19,12],[-13,35],[-39,15],[-33,21],[-21,19],[-25,13],[-14,13],[-64,22],[-8,23],[-9,8],[-19,3],[-21,25],[-4,11],[-42,37],[-19,13],[-31,-2],[-11,10],[-17,3],[-3,-15],[3,-26],[-21,-35],[-3,-22],[-5,-6],[-15,-40],[-4,-22],[9,-27],[8,-37],[-1,-17],[-22,-53],[-1,-25],[26,-59],[-3,-18],[8,-29],[2,-18],[11,-10],[11,-24],[6,-26],[-6,-8],[-4,-25],[11,-18],[-5,-51],[-20,-60],[7,-34],[2,-22],[22,-39],[19,-26],[46,-59],[18,-14],[13,-24],[7,-2],[32,-30],[18,-4]],[[18289,38997],[-12,-20],[-2,-28],[-12,-31],[-25,-24],[-8,-26],[-9,-10],[-17,-27],[-11,-32],[-14,-10],[-11,-25],[3,-25],[-6,-44],[-23,-70],[-16,-7],[-9,-15],[-13,-37],[-22,-21],[-10,-4],[-12,-20],[-14,-11],[-24,8],[-15,10],[-14,-20],[-37,-31],[-20,-28],[-16,-11],[-27,-12],[-28,-18],[-14,-3],[-17,7],[-4,-27],[-19,-33],[-31,-31],[-7,-32],[-14,-33],[-10,-33],[-17,-25],[-15,-7],[-7,-24],[-18,-27],[-14,6],[-25,4],[-2,-11],[-24,-24],[-21,-29],[-6,-12],[-22,-10],[-19,-22],[-27,-26],[-6,-33],[-8,2],[-11,-14],[-27,13],[-8,16],[-9,5],[-16,23],[-19,15],[-17,4],[-17,25],[-21,43],[-27,23],[-1,13],[-10,11],[-5,28],[-9,0],[-34,29],[-35,35],[-16,4],[-25,31],[-24,0],[-7,6],[-12,-12],[-20,-3],[-3,-7],[-33,-10],[-25,13],[-15,26],[-9,-1],[-6,16],[-16,0],[-3,15],[-25,18],[-15,20],[-6,18],[-14,14],[-32,27],[-24,9],[-10,15],[-9,24],[-71,32],[-19,14],[-24,23],[-4,18],[-13,9],[-109,7],[-15,19],[-32,-18],[7,176],[-165,2],[-12,-60],[-7,-103],[-3,-8],[-79,-2],[-257,0],[-26,45],[-15,-19],[7,-58],[0,-19],[-7,-27],[4,-23],[5,-61],[-19,-11],[-21,-6],[-8,5],[-22,29],[-12,21],[-6,-1]],[[58923,70675],[124,0]],[[59047,70675],[40,-1],[-3,-357]],[[58875,70675],[48,0]],[[12509,33191],[17,-20],[21,-40],[30,-13],[66,7],[25,-2],[20,-12],[60,-43],[19,-48],[149,2],[-3,-8],[6,-48],[50,-113],[5,-5],[85,-29],[18,5],[85,53],[56,38],[17,9],[19,-3],[9,-10],[45,-112],[6,-14],[45,-116],[0,-49],[-2,-67],[20,-94],[-29,-138],[1,-27],[12,-53],[7,-21],[84,-194],[10,-13],[114,-68],[29,-15],[45,-6],[18,5],[12,16],[5,44],[23,75],[9,17],[7,33],[13,11],[22,0],[11,-10],[33,-88],[34,-34],[11,-3],[22,5]],[[13870,31995],[-8,-329],[9,-184],[1069,2],[0,-176],[156,2],[57,0],[178,2],[-1,-360],[267,2],[0,-187],[261,-1],[1,-187],[135,1],[-8,-1109],[0,-15],[-137,-4],[11,-530],[-268,-4]],[[15592,28918],[-55,-1],[-317,5],[-21,-2],[-103,1],[-153,6],[-138,-2],[-98,0]],[[14707,28925],[-156,1],[-67,-2],[-248,-4],[-8,1],[-734,-6],[-74,1],[-105,11],[-149,-1],[-485,-10],[-102,1],[-717,3],[-174,2],[-142,1],[-12,6],[-147,-3],[-119,0],[-241,-3],[-409,-2],[-31,2],[-107,0],[-14,-1],[-713,9],[-170,4],[-33,-1],[-141,4],[-214,3],[-317,-2],[-120,3],[-179,-2],[-47,1],[-375,-1],[-185,-1],[-163,1],[-135,2],[-136,-8],[-121,-8],[-252,2],[-692,7],[-282,7],[-84,-5],[-261,0],[-35,-1],[-66,1],[-161,0],[-262,-1],[-263,4],[-262,-2],[-259,0],[-127,7],[-394,-4],[-200,4],[-416,5],[-210,6],[-72,-1],[-207,2],[-45,-1],[-237,7],[-74,-3],[-276,19],[-93,4],[0,-41],[-52,1],[-91,-1],[-180,7],[-181,3],[-104,-5],[-112,1],[-124,-2],[-194,5],[-127,-5],[-142,0],[-281,-6],[-334,-5]],[[265,28935],[-6,61],[4,230],[-183,2004],[-13,148],[-8,66],[-56,544],[-1,2470],[-1,338],[1,217],[-1,110],[-1,2294],[4,168]],[[4,37585],[6785,0]],[[6789,37585],[10,-19],[39,-90],[30,-78],[8,-29],[-1,-19],[11,-79],[42,-10],[16,-8],[4,-13],[11,-144],[-19,-95],[3,-20],[27,1],[28,-9],[21,-60],[10,-21],[13,-3],[20,14],[52,18],[11,-2],[42,-25],[88,-72],[7,-10],[11,-47],[27,-20],[5,-7],[6,-49],[14,-19],[19,-4],[31,-31],[21,-15],[9,-15],[10,-32],[0,-33],[17,-17],[30,-10],[68,55],[126,106],[51,76],[14,7],[100,13],[11,6],[126,84],[12,7],[82,14],[22,-2],[27,-27],[99,-142],[9,-7],[71,-5],[183,-72],[41,-27],[11,-10],[36,-101],[84,-194],[11,-11],[50,-28],[35,0],[41,-5],[11,-26],[-5,-74],[6,-22],[47,-82],[107,-182],[113,-129],[19,-8],[101,-12],[44,-10],[51,-18],[9,0],[29,24],[76,65],[18,8],[55,-2],[26,-3],[24,6],[21,1],[22,-6],[19,6],[47,4],[47,-7],[-4,-28],[20,-36],[25,-29],[18,-40],[3,-18],[-6,-30],[-42,-82],[2,-21],[13,-38],[8,-61],[15,-27],[8,-2],[56,11],[37,-12],[156,-21],[32,-9],[111,-50],[53,6],[46,-1],[27,-10],[40,-7],[34,-24],[38,-13],[28,-25],[27,-11],[37,-27],[19,-20],[17,-26],[13,-26],[28,-33],[11,-10],[16,-23],[23,-24],[44,-28],[44,-33],[11,-11],[14,-25],[48,-40],[15,-16],[30,-48],[84,-123],[51,-46],[30,-5],[19,-22],[15,-3],[17,16],[13,-3],[30,-26],[12,-15],[16,-7],[39,-1],[29,-18],[25,-23],[17,-29],[19,-47],[32,-26],[18,-19],[36,-48],[17,-33],[11,-15],[33,-28],[25,-48],[40,-82],[12,-10],[33,-1],[38,-14],[26,-26],[24,-50],[16,-21],[18,-34],[20,-28],[32,-33],[5,-33],[11,-45],[15,-44],[21,-73],[19,-31],[7,-46],[5,-11],[27,-36],[15,-33],[25,-104],[13,-86],[21,-67],[-1,-59],[12,-47],[29,-46],[11,-11],[47,-5],[33,20],[15,3],[56,-4],[16,-7],[52,-53],[26,-22],[44,-47],[28,-17],[23,2],[12,18],[21,43],[8,5],[52,2],[23,14],[23,4],[30,-18],[29,4],[25,31],[14,28],[25,11],[35,5],[16,-1]],[[17038,36450],[-28,137],[-66,1],[-2,1],[-17,-54],[-6,-11]],[[16919,36524],[-13,13],[-10,19],[-28,3],[-10,7],[-7,53],[-20,26],[-18,15],[-3,11],[7,28],[-7,50],[4,18],[10,23],[0,18],[-10,21],[0,16],[7,16],[-2,33],[-12,14],[-19,0],[-24,18],[-23,4],[-7,35]],[[16734,36965],[11,7],[53,27],[20,22],[14,-30],[13,-41],[42,-115],[5,-6],[44,29],[20,26],[90,108],[-49,77],[57,69],[8,-7],[79,0],[-3,22],[2,36],[0,103],[123,14],[20,0]],[[17283,37306],[-4,-17],[0,-36],[-4,-23],[3,-30],[-5,-20],[-14,-26],[-21,-18],[-14,-5],[-19,-14],[-9,-20],[3,-26],[15,-3],[13,-17],[32,1],[9,-22],[11,-7],[-2,-19],[12,-21],[4,-34],[110,-1],[0,-180],[-109,1],[11,-74],[-2,-49],[-21,-32],[-2,-10],[-17,-25],[-5,-30],[-7,-10],[-13,-40],[-4,-26],[-9,-24],[-187,1]],[[57764,72121],[127,1]],[[57891,72122],[88,0],[40,2]],[[58025,71400],[-133,1]],[[57892,71401],[0,176]],[[57626,73201],[141,0],[19,-2],[64,2],[167,0]],[[58017,73201],[0,-183],[-2,-46],[-10,-60],[-18,-72]],[[57987,72840],[-97,-1]],[[28600,6862],[-10,26],[-8,12],[-21,11],[-104,46],[-21,18],[-81,108],[-58,69],[-39,41],[-20,33],[-13,34],[-18,31],[-13,35],[-18,19],[-57,13],[-17,30],[-9,6],[-44,16],[-23,28],[-8,21],[-27,18],[-14,13],[-36,54],[-11,31],[-24,133],[-20,110],[-7,23],[-26,63],[-26,90],[-5,19],[-4,60],[-9,20],[-31,38],[-23,36],[-44,75],[-27,30],[-49,80],[-22,55],[-9,14],[-45,56],[-15,27]],[[26613,10734],[904,-1]],[[27517,10733],[0,-761],[44,2],[172,0],[40,-1],[279,-1],[28,1],[379,-3],[247,-1],[322,10],[314,11],[356,5],[209,3],[1216,14],[63,-9],[488,16],[509,17],[153,6],[570,19],[300,2],[265,5],[0,199]],[[33471,10267],[70,-2],[392,-14]],[[33933,10251],[0,-175],[1,0],[0,-538],[2,-288],[-8,-2828],[5,-535],[752,-545],[159,-113],[157,-119],[85,-60],[117,-1366],[165,-360],[49,-106],[1048,-2295],[165,-358],[129,-376],[3,-16],[50,-140]],[[36812,33],[-318,-1],[-26,1],[-126,-1],[-552,-9],[-213,-4],[-402,-7],[-358,0],[-16,3],[-168,3],[-321,2],[-140,-1],[-88,-3],[-9,3],[-29,-4],[-69,-2],[-198,2],[-412,-7],[-463,-7],[-346,2],[-100,-1]],[[57487,72844],[90,-3],[179,-1],[134,-1]],[[57890,72839],[1,-76],[0,-281]],[[57891,72482],[-217,-1],[-55,-1]],[[57823,89472],[0,-182],[-2,-183]],[[57354,72843],[116,2],[17,-1]],[[57487,72844],[2,-121],[-2,-86],[1,-157]],[[58439,72837],[128,-2],[128,2]],[[56059,84778],[66,0],[27,-7],[39,-1]],[[56191,84770],[0,-354],[200,-2],[56,2],[37,-3]],[[56484,84413],[-8,-30],[-17,-49],[-1,-23],[-1,-257],[270,-2],[70,3]],[[59047,72482],[-94,1],[-258,-10]],[[58695,72473],[0,364]],[[58429,72476],[257,-3],[9,0]],[[58695,72473],[0,-359]],[[32458,2],[-877,-2],[-375,0],[-83,147],[-20,42],[-4,3],[-1122,0]],[[29977,192],[-2,116],[-142,-1],[9,705],[-358,1],[0,179],[-142,-2],[-13,-1],[-1,454],[-2,469],[-2,624],[-1,555],[8,15],[-3,213],[2,881],[1,546],[4,383],[0,65],[1,154],[-511,3],[-237,8],[-187,-5],[-146,2],[-542,0],[-374,-3],[-429,-4],[-68,14],[-35,2],[-79,1],[-223,-14],[-30,-5],[-7,2],[-363,1],[-641,-1],[-11,1],[-318,-1],[-2652,0]],[[22483,5549],[-3,873],[1,520],[2,876],[-1,393],[-4,66],[5,318],[1,850],[-3,93],[0,57],[1,1132]],[[22482,10727],[1518,23],[279,-13],[1502,-3],[832,0]],[[26613,10734],[-6,-72],[2,-28],[-10,-17],[-12,-7],[-5,-13],[-2,-49],[10,-16],[44,2],[15,-2],[16,11],[11,2],[54,-6],[25,-10],[27,1],[11,-3],[34,-46],[24,-12],[40,-40],[11,-13],[38,-63],[12,-14],[63,-49],[17,-16],[78,-81],[16,-27],[16,-47],[31,-66],[10,-13],[45,-49],[14,-22],[1,-45],[-3,-20],[-62,-179],[-15,-42],[-8,-12],[-66,-86],[-16,-37],[-3,-18],[-17,-179],[-22,-223],[3,-46],[26,-87],[10,-19],[31,-41],[29,-18],[65,-30],[132,-64],[17,-25],[50,-126],[5,-32],[6,-18],[17,-19],[99,-63],[23,-36]],[[27544,8504],[-16,-38],[-5,-31],[-18,-40],[-16,-14],[-17,-4],[-19,-11],[-29,-2],[-25,-9],[-21,15],[-31,7],[-14,1],[-16,10],[-13,-12],[-40,-13],[-23,-34],[-28,-22],[-51,-74],[-35,-44],[-31,-58],[-32,-43],[-8,-20],[-1,-71],[-9,-25],[-34,-61],[-7,-22],[3,-13],[37,-100],[5,-39],[-2,-46],[-10,-66],[-13,-44],[-30,-45],[-36,-37],[-46,-56],[-20,-15],[-4,-25],[5,-28],[-8,-38],[-11,-31],[16,-18],[15,-55],[7,-37],[-3,-32],[5,-50],[12,-67],[13,-24],[7,-96],[-7,-31],[-29,3],[-32,-11],[-28,-1],[-12,-17],[-7,-31],[-32,-57],[1,-23],[-13,-22],[-27,-54],[-7,-18],[-12,-16],[-43,-72],[-16,-15],[-28,-11],[-25,-38],[-1,-13],[-14,-9],[-16,-24],[-4,-21],[-4,-54],[-5,-31],[4,-17],[25,-35],[23,-17],[4,-23],[33,-46],[16,-43],[34,-50],[-2,-16],[7,-19],[3,-30],[5,-22],[-5,-30],[2,-20],[41,19],[29,21],[39,43],[23,11],[54,4],[16,3],[55,25],[49,6],[17,4],[26,16],[13,3],[32,-2],[40,13],[53,32],[33,8],[50,-1],[24,-3],[22,-14],[16,-20],[14,-11],[28,-9],[82,-15],[18,-12],[13,-22],[36,-130],[8,-20],[12,-16],[55,-49],[19,-13],[24,-7],[24,4],[47,23],[40,11],[18,12],[14,22],[32,84],[65,165],[12,23],[45,60],[25,29],[28,27],[171,166],[105,101],[130,127],[100,97],[41,36],[27,18]],[[28600,6862],[142,66],[32,22],[46,40],[25,10],[13,-3],[22,-21],[59,-102],[14,-19],[24,-14],[16,-1],[41,8],[69,-11],[30,-9],[51,-1],[6,3],[31,50],[8,4],[79,11],[59,12],[73,1],[14,-25],[8,-25],[2,-21],[-2,-100],[-5,-43],[-32,-110],[-3,-37],[3,-21],[7,-31],[89,-289],[15,-56],[22,-113],[6,-41],[0,-21],[-6,-113],[1,-48],[9,-112],[19,-159],[6,-36],[6,-19],[16,-29],[75,-92],[21,-16],[113,-77],[24,-21],[17,-20],[16,-28],[126,-240],[12,-19],[19,-24],[16,-11],[18,-6],[22,-1],[61,17],[32,2],[14,-7],[18,-23],[17,-37],[10,-31],[16,-60],[6,-33],[-1,-54],[-6,-33],[-25,-101],[-12,-32],[-14,-23],[-26,-27],[-13,-17],[-5,-19],[-3,-54],[-5,-24],[-21,-57],[-26,-92],[-3,-40],[5,-25],[8,-18],[14,-18],[63,-74],[13,-19],[32,-58],[12,-20],[51,-46],[102,-110],[16,-19],[51,-67],[11,-23],[5,-38],[7,-33],[1,-24],[-3,-28],[3,-24],[24,-86],[-1,-38],[-9,-32],[-6,-32],[-2,-58],[-5,-26],[-19,-20],[-42,-19],[-12,-16],[-6,-17],[-2,-58],[-5,-27],[-32,-41],[-10,-18],[-6,-27],[0,-53],[3,-20],[7,-14],[75,-95],[12,-12],[61,-43],[30,-26],[26,-37],[27,-50],[11,-28],[9,-62],[12,-36],[10,-15],[177,-243],[15,-18],[23,-20],[57,-36],[27,-9],[19,-3],[29,2],[256,23],[28,-2],[32,-12],[217,-124],[27,-8],[60,2],[26,-2],[45,-12],[42,-16],[29,-3],[54,-12],[17,-20],[3,-33],[-5,-13],[-38,-44],[-94,-181],[-25,-55],[-13,-41],[-7,-33],[-82,-417],[0,-40],[10,-26],[23,-19],[134,-71],[23,-19],[21,-24],[131,-197],[22,-30],[170,-195],[14,-18],[190,-261],[26,-42],[49,-102],[77,-133]],[[58581,70762],[46,4],[83,-1],[190,1],[-9,-37],[-16,-54]],[[58875,70675],[-45,-125],[-7,-33],[-4,-58],[-1,-145]],[[53154,42502],[-661,8],[-837,1],[-210,0],[-701,-11],[-33,-12],[-141,-4],[-57,3],[-244,-17],[-560,-2],[-135,1],[-83,-2],[-390,-11],[-37,1],[-257,-6],[-217,-3],[-256,-5],[-400,-3],[-256,-1],[-191,-3],[-274,1],[-64,2],[-128,-2],[-253,0],[-273,-1],[-247,-1],[-528,-15],[-123,2],[-228,8],[-86,-5],[-105,26],[-135,-35],[-321,-7],[-335,-10],[-180,7],[-180,5]],[[44028,42411],[-4,34],[15,57],[18,-2],[33,46],[25,59],[26,118],[30,29],[34,44],[27,42],[34,74],[41,18],[8,16],[48,43],[-19,86],[21,36],[23,3],[14,35],[-37,107],[18,23],[7,54],[12,7],[7,93],[-25,30],[7,33],[-53,115],[5,33],[-3,20],[82,24],[11,21],[0,55],[-2,22],[14,46],[31,78],[3,38]],[[44479,43948],[1,21],[-6,74],[-5,100],[-13,43],[-16,23],[-53,61],[5,16],[24,-6],[15,18],[22,36],[2,31],[35,4],[14,-12],[30,6],[31,14],[9,8],[17,30],[13,15],[1,25],[-6,42],[-13,33],[15,29],[-1,42],[15,5],[12,16],[27,4],[9,7],[-2,28],[-20,42],[28,6],[15,13],[14,29],[15,17],[8,32],[23,9],[20,13],[42,4],[10,19],[10,32],[-11,32],[23,44],[3,46],[12,34],[0,29],[10,14],[8,38],[-11,11],[-2,13],[15,48],[36,37],[16,12],[-26,47],[-30,44],[0,47],[-8,19],[-19,19],[-20,54],[-24,26],[-22,11],[-18,30],[-31,72],[-51,64],[-25,57],[-29,41],[-22,44],[-27,45],[-11,26],[-40,39],[-15,28],[-4,29],[-39,48],[-8,15],[-28,26],[-3,28],[9,30],[15,26],[13,42],[2,21],[-8,51],[-13,28],[-17,21],[-16,11],[-4,45],[52,107],[12,20],[23,25],[30,17],[10,13],[18,36],[14,54],[-7,32],[15,50],[11,5],[22,-19],[10,10],[0,34],[9,28],[-8,23],[19,43],[8,6],[17,2],[3,9],[-20,45],[-5,7],[-25,-1],[-36,12],[-12,46],[-14,42],[-31,51],[-13,29],[-29,39],[-11,8],[-25,44],[-9,13],[-22,-2],[-22,-15],[-52,-41],[-17,-4],[-38,11],[-28,16],[-11,0],[-15,-13],[-26,12],[-36,6],[-23,20],[-28,16],[-20,3],[-81,-69],[-52,-18],[-12,32],[-29,35],[-15,68],[-14,25],[-8,71],[0,31],[5,39],[65,41],[11,12],[7,16],[5,25],[12,23],[21,21],[16,4],[16,12],[7,18],[4,37],[-2,21],[9,29],[24,12],[-1,11],[-17,8],[-11,13],[-6,28],[-18,19],[-12,6],[-23,2],[-12,16],[-13,7],[-14,-2],[-6,8]],[[43952,47809],[47,50],[10,13],[16,31],[6,24],[20,183],[19,-3],[26,24],[35,19],[207,54],[260,68],[19,7],[26,16],[28,28],[256,329],[24,33],[36,57],[215,359],[192,318],[16,27],[15,34],[14,51],[21,98],[13,51],[22,59],[110,248],[16,44],[9,32],[10,60],[17,112],[7,38],[18,45],[16,25],[54,58],[24,23],[34,25],[53,26],[340,146],[35,12],[24,1],[22,-5],[116,-44],[21,-6],[22,-1],[70,2],[26,8],[13,8],[374,237],[277,176],[18,10],[40,16],[21,4],[184,27],[740,105],[516,73],[20,2],[365,-1],[243,0],[569,-1],[172,0],[16,-1],[31,-7],[14,-7],[28,-21],[36,-38],[25,-15],[41,-9],[12,-7],[19,-25],[23,-22],[7,-32],[-3,-32],[5,-15],[11,-7],[56,-21],[40,-19],[49,-39],[22,-27],[13,-10],[29,-12],[59,-38],[16,-8],[33,-6],[52,-2],[87,-13],[35,1],[533,17],[33,5],[33,11],[17,1],[0,13],[-22,24],[-28,37],[-29,33],[-9,19],[-7,21],[-7,45],[-1,86],[-2,12],[-22,54],[-26,113],[-58,196],[-12,49],[-11,21],[-25,21],[-93,100],[-33,31],[-16,18],[-32,49],[-8,21],[-15,70],[-9,22],[-32,43],[-18,49],[-43,144],[-5,10],[-34,28],[-20,44],[-3,17],[7,36],[26,53],[30,101],[29,111],[10,57],[2,77],[7,113],[0,67],[2,23],[10,29],[20,32],[17,21],[25,24],[20,8],[25,18],[12,13],[-5,65],[5,12],[22,8],[32,40],[24,23],[44,25],[15,4],[27,20],[10,13],[4,27],[24,43],[-6,19],[-9,12],[1,21],[10,20],[0,51],[2,48],[-12,28],[1,16],[-7,9],[1,18],[-6,17],[4,27],[-98,45],[-9,33],[-17,36],[-11,14],[-20,32],[-10,2],[-12,26],[-40,9],[-12,-8],[0,-21],[-13,-8],[-20,18],[0,45],[5,16],[21,12],[2,16],[9,17],[1,14],[-13,24],[0,24],[-34,30],[8,49],[22,33],[3,27],[9,25],[1,13],[21,27],[-1,18],[7,17],[28,13],[13,-6],[17,0],[14,9],[16,2],[30,23],[14,25],[4,15],[17,22],[14,-1],[5,-11],[32,-5],[10,6],[18,2],[21,-4],[17,-10],[23,14],[19,-2],[13,-10],[28,-4],[22,-6],[20,4],[26,-6],[14,-30],[6,-21],[14,-26],[29,-15],[24,2],[41,-20],[13,0],[95,9],[51,-14],[10,1],[25,-15],[16,-22],[40,-25],[28,-21],[16,-17],[33,-18],[15,6],[3,19],[19,-7],[28,-1],[27,10],[13,-10],[10,0],[27,-16],[28,-6],[28,10],[25,-10],[12,3]],[[47568,61436],[-45,27],[-21,28],[-29,13],[-42,9],[-32,21],[-17,0],[-33,17],[-50,53],[-17,23],[-25,17],[-5,18],[-21,38],[-35,29],[-27,9],[-32,35],[-35,22],[-7,20],[-34,16],[-20,21],[-32,3],[-26,-9],[-28,24],[-40,16],[-22,13],[-53,49],[-19,10],[-14,13],[-27,10],[-48,31],[-9,12],[-60,19],[-27,12],[-23,1],[-19,6],[-31,20],[-10,0],[-17,-10],[-18,-2],[-70,12],[-40,24],[-31,-4],[-19,6],[-30,18],[-24,4],[-17,8],[-45,29],[-75,38],[-26,22],[-14,28],[-21,59],[1,13],[-21,73],[-28,71],[-10,31],[-9,14],[-65,96],[-12,33],[-10,33],[-12,24],[-64,99],[-36,39],[-30,36],[-27,36],[-40,40],[-22,36],[-37,76],[-21,34],[-22,10],[-16,22],[-19,37],[-10,10],[-21,35],[-7,18]],[[45568,63230],[7,14],[9,33],[20,33],[20,6],[8,-24],[28,-57],[9,-24],[25,-28],[21,-15],[41,-20],[17,-12],[27,-27],[10,44],[5,12],[19,14],[30,9],[33,22],[23,29],[12,8],[50,40],[16,16],[20,12],[29,-4],[12,-12],[46,-21],[12,-17],[4,23],[23,42],[7,38],[6,17],[5,42],[10,30],[23,19],[-5,28],[-1,27],[-8,32],[-7,56],[2,44],[16,25],[14,27],[8,6],[3,19],[-1,33],[5,43],[-8,5],[-34,-2],[-36,14],[-15,9],[-21,27],[-28,40],[-1,29],[-3,15],[-24,51],[-17,51],[6,47],[-17,36]],[[46023,64134],[751,1],[48,-1],[328,0],[378,12],[35,-2],[377,9],[530,18],[61,1],[253,8],[147,6],[24,2]],[[48955,64188],[511,29],[1047,-45],[95,-4],[108,-3],[216,2],[244,-3],[17,-2],[108,-1],[69,1],[135,0],[238,-2],[13,2],[374,0],[29,1]],[[41043,55344],[12,17],[8,84],[10,45],[-15,24],[22,19],[34,21],[30,27],[29,29],[7,66],[-4,62],[14,16],[9,49],[-17,76],[-24,44],[-25,32],[-55,43],[-44,23],[-41,4],[-17,21],[-16,56],[23,42],[22,58],[16,30],[-4,6],[-8,46],[-1,16],[11,45],[-9,28],[3,16],[-3,69],[13,42],[4,31],[-1,29],[-17,55],[-1,21],[4,31],[-5,16],[-26,61],[-7,10],[-22,110],[-1,63],[-11,52],[-4,49],[19,59],[7,29],[-7,59],[6,22],[19,32],[26,51],[-9,42],[-1,35],[24,143],[-2,14],[-19,18],[-10,26],[0,54],[-6,61],[-1,37],[-6,54],[4,23],[10,15],[16,8],[26,-1],[51,22],[15,40],[5,19],[4,67],[8,29],[16,28],[17,18],[34,53],[24,-15],[50,0],[20,-9],[8,9],[37,-10],[11,0],[40,-14],[37,-7],[19,1],[14,6],[11,91],[7,27],[15,26],[25,29],[0,22],[9,31],[10,20],[29,83],[9,14],[14,61],[27,48],[5,18],[-16,29],[-9,23],[-24,37],[-14,42],[-3,51],[-25,36],[-12,40],[1,26],[-1,67],[-6,40],[-9,41],[-3,44],[-32,28],[-19,37],[-13,38],[23,50],[21,56],[15,33],[30,-9],[33,4],[14,10],[25,36],[5,23],[19,8],[21,25],[1,69],[5,14],[4,32],[17,50],[15,17]],[[41666,59513],[23,-3],[35,3],[7,-11],[21,-8],[29,3],[50,-22],[39,-29],[13,-6],[26,-2],[19,2],[33,-3],[41,14],[66,10],[18,12],[30,-2],[29,5],[36,-8],[37,4],[22,-26],[13,-8],[49,-64],[35,-49],[16,-29],[24,-27],[17,-11],[26,1],[19,-5],[7,27],[8,5],[27,-23],[59,-22],[19,-17],[62,-87],[16,-16],[47,-28],[22,-22],[60,-44],[14,-25],[18,-15],[23,-6],[50,-3],[66,-16],[34,-1],[56,14],[36,13],[39,-2],[36,14],[36,23]],[[43174,59023],[61,-159],[9,-6],[-1,-21],[5,-37],[10,-28],[-8,-31],[-40,-44],[-7,-12],[-6,-42],[-31,-47],[-16,-32],[-2,-14],[-27,-66],[-7,-50],[3,-29],[13,-31],[10,-18],[4,-49],[12,-56],[14,-34],[16,-20],[15,-40],[8,-5],[14,-27],[9,-35],[11,-14],[4,-29],[9,-15],[12,-63],[-3,-40],[-8,-25],[-6,-69],[3,-19],[-8,-11],[0,-42],[-16,-23],[-20,-39],[-5,-29],[-9,-32],[8,-23],[-5,-20],[4,-53],[0,-29],[-4,-66],[3,-39],[14,-44],[13,-20],[25,-25],[11,-19],[12,-11],[12,0],[14,-14],[1,-23],[8,-28],[-1,-49],[-2,-14],[12,-27],[20,-32],[8,-24],[22,-43],[7,-31],[14,-34],[3,-13],[-3,-40],[-1,-41],[4,-32],[-3,-54],[2,-61],[1,-63],[-6,-31],[-3,-51],[-11,-41],[-7,-58],[6,-34],[-7,-23],[10,-20],[0,-33],[-11,-29],[5,-26],[1,-26],[8,-43],[10,-25],[16,-53],[11,-16],[-8,-18],[12,-21],[32,-40],[39,-70],[8,-8],[18,-7],[21,-17],[5,-11],[48,-9],[11,8],[5,14],[16,8],[4,-8],[15,-2],[12,-20],[8,-2],[8,-17],[17,-2],[22,-37],[11,-7],[18,-43],[9,-32],[11,-16],[8,-22],[40,108],[10,21],[20,29],[228,257],[22,-47],[16,-16],[13,-23],[27,-10],[8,-10],[8,-33],[-1,-22],[11,-42],[3,-36],[8,-8],[8,-28],[11,-24],[7,-28],[-2,-34],[4,-24],[-5,-10],[4,-19],[-3,-19],[-10,-11],[8,-24],[-10,-49],[5,-24],[-8,-13],[10,-17],[-3,-33],[5,-11],[19,-16],[12,-37],[11,-48],[-3,-21],[3,-59],[0,-44],[4,-18],[-4,-43],[9,-20],[14,-51],[6,-32],[-5,-15],[0,-36],[4,-28],[0,-25],[12,-34],[4,-23],[2,-53],[10,-5],[0,-19],[-6,-15],[2,-21],[12,-20],[5,-25],[-6,-33],[8,-29],[10,0],[6,-34],[8,-17],[4,-22],[-4,-12],[7,-30],[11,-13],[5,-21],[-3,-39],[6,-13],[-9,-19],[15,-67],[9,-10],[-2,-27],[-9,-12],[6,-12],[-5,-24],[10,-19],[-2,-19],[4,-22],[-6,-31],[-9,-22],[5,-9],[15,-5],[-9,-18],[5,-35],[8,-16],[-4,-22],[-327,407],[-21,29],[-350,519],[-18,25],[-10,-201],[-4,-46],[-72,-554],[-4,-36],[-19,9],[-7,8],[-28,13],[-15,-4],[-12,11],[-12,3],[-9,21],[-32,20],[-7,13],[-23,15],[-41,16],[-13,9],[-3,14],[-18,23],[-7,19],[-21,3],[-7,-9],[-20,-7],[-8,-13],[-8,6],[-10,-14],[-18,7],[-6,-9],[-15,-5],[-11,-16],[-37,-12],[-24,-17],[-11,-22],[-17,-18],[-27,-16],[-13,-13],[-15,1],[-28,-13],[-10,4],[-12,-11],[-16,2],[-28,-25],[-14,13],[-6,-10],[-20,0],[-15,-7],[-4,12],[-19,10],[-16,-1],[-25,20],[-7,-1],[-8,16],[-22,13],[-14,21],[-23,64],[-23,33],[-12,14],[-10,18],[-14,9],[-12,18],[1,15],[-20,37],[-18,20],[-7,18],[-14,10],[-1,14],[-13,14],[-4,18],[-14,25],[-20,19],[-8,15],[-1,20],[-11,30],[-22,32],[-14,16],[-15,1],[-2,13],[-15,13],[-4,24],[-11,11],[-10,21],[-12,14],[-14,7],[-14,26],[-13,10],[-9,-1],[-16,21],[-18,10],[-13,17],[-17,5],[-1,12],[-13,17],[-28,21],[-17,17],[-11,6],[-6,14],[-9,4],[-31,27],[-1,11],[-13,9],[-18,6],[-7,7],[-24,0],[-18,-6],[-20,-13],[-16,1],[-24,-18],[-41,-27],[-32,-11],[-17,-22],[-9,-3],[-17,6],[-8,-16],[-9,8],[-47,-32],[-16,-2],[-9,-23],[-12,-4],[-10,-37],[-19,-33],[-14,-8],[-1,-16],[-11,-5],[-13,-24],[-15,-8],[-51,-2],[-11,-10],[-20,-6],[-25,-1],[-38,-20],[-14,0],[-19,22],[-27,18],[-36,7],[-16,10],[-35,-1],[-23,9],[-32,15],[-22,30],[-54,32],[-44,45],[-26,31],[-8,15],[-13,4],[-16,40],[0,21],[-15,11],[-17,-8],[-68,23],[-26,13],[-13,23],[-34,23],[-27,12],[-18,-21],[-3,-20],[-11,5],[4,41],[-1,32]],[[52175,55119],[-25,37],[-32,31],[-8,60],[-21,26],[-25,17],[-6,13],[-11,8],[-6,30],[4,20],[-15,13],[-11,-5],[-17,9],[-9,21],[-14,40],[2,23],[34,10],[14,16],[3,17],[-12,9],[-15,24],[-14,44],[3,14],[-10,22],[-9,-12],[-38,-6],[-9,27],[5,35],[9,28],[0,22],[-18,-2],[-23,7],[-7,25],[-47,47],[0,13],[9,8],[1,34],[-13,26],[-20,3],[-13,17],[-24,19],[-4,-5],[-41,-15],[-19,-1],[-6,11],[1,25],[-13,35],[-14,13],[-5,16],[-24,23],[-12,-2],[-12,15],[-3,13],[-33,26],[-3,60],[-35,28],[-37,5],[-62,3],[-10,10],[-11,-5],[-10,25],[-17,1],[-13,11],[-8,39],[-16,24],[-1,66],[-4,51],[2,27],[-14,35],[0,13],[-10,29],[-24,20],[-13,43],[1,28],[-6,5],[-10,38],[1,37],[-23,-6],[-11,5],[-15,-3],[-12,22],[-5,23],[-15,40],[10,42],[-6,18],[-18,7],[-11,-6],[-5,-12],[-12,-4],[-5,12],[-39,15],[-64,-14],[-21,10],[-20,-10],[-4,-11],[-19,14],[-15,-9],[-37,-3],[-7,6],[-17,-5],[-19,17],[-10,-4],[-12,6],[-13,-18],[-24,10],[-11,16],[-18,9],[-14,16],[-4,31],[-11,29],[-15,26],[-10,1],[-14,24],[-3,20],[-20,21],[-12,39],[-1,17],[8,14],[-9,27],[-14,12],[-14,-8],[-15,15],[-43,1],[-13,9],[-8,-7],[-26,-10],[-18,-12],[-17,-24],[-14,2],[-17,-11],[-26,12],[-20,24],[-28,29],[-56,24],[-29,21],[-9,13],[-27,23],[-23,37],[-53,28],[0,11],[-38,21],[-16,17],[-8,24],[-18,63],[-8,13],[-47,54],[-51,39],[-17,18],[-24,36],[-12,28],[-16,71],[-35,53],[-21,62],[-17,29],[-27,23],[-30,40],[-9,5],[-21,-5],[-25,7],[-23,10],[-46,33],[-38,12],[-79,60],[-24,16],[-21,28],[-26,36],[-35,15],[-17,12],[-26,34],[-21,-3],[-16,8],[-13,13],[-15,4],[-39,27],[-20,22],[-12,37],[1,50],[-13,25],[-16,13],[-24,43],[-19,28],[-10,20],[-59,102],[-7,-18],[19,-31],[-5,-6],[-28,39],[-9,17],[-46,110],[-31,25],[-12,14],[-24,7],[-11,8],[-18,33],[-4,-9],[-23,-16],[-21,-9],[-15,5],[-31,-10],[-26,-3],[-37,7],[-27,12],[-22,18],[-40,9],[-31,15],[-23,18],[-12,0],[-26,7],[-27,15],[-38,26],[-50,26],[-34,22],[-13,0],[-37,17],[-62,38],[-57,17],[-13,1],[-8,10],[-45,11],[-43,-6],[-37,-8],[-22,-17],[-16,1],[-20,-29],[-6,-18],[-14,-10],[-5,-29],[-30,-22],[2,-14],[-9,-28],[-31,-26],[-9,-13],[-9,9],[-20,2],[-23,27],[-11,29],[-16,16],[-76,50],[-36,33],[-15,19],[-44,3],[-26,7],[-34,18],[-38,3],[-19,10],[-41,39],[-17,29],[-21,71],[-13,20],[-19,24],[-17,14],[-20,22],[-5,18],[1,45],[-11,36],[-17,14],[-30,18],[-10,13],[-16,45],[-4,20],[-22,19],[-23,29],[-52,56],[-12,22],[-3,44],[-7,17],[-46,40],[-24,29],[-17,7],[-22,5],[-13,-3],[-18,5],[-8,13],[-3,35],[-35,57],[-20,40],[-17,6],[-23,-2],[-98,4],[-180,5],[-123,2],[-59,2],[105,306],[13,27],[18,20],[41,18],[21,-1],[40,-18],[41,-26],[19,-15],[36,-33],[19,-13],[42,-7],[20,2],[19,11],[16,15],[8,21],[1,23],[-24,128],[-8,27],[-11,26],[-81,152],[-12,26],[-9,31],[-4,34],[4,108],[6,34],[23,67],[13,29],[18,21],[53,55],[36,43],[23,38],[46,83],[25,25],[7,20],[14,5],[9,-16],[22,5],[15,12],[35,39],[13,35],[20,28],[28,18],[32,5],[18,9],[12,19],[17,37],[19,34],[29,36],[24,23],[21,26],[19,19],[25,13]],[[47568,61436],[55,12],[66,7],[77,30],[29,28],[21,9],[22,-4],[27,-11],[14,-1],[67,13],[32,3],[68,0],[18,5],[47,17],[23,5],[48,5],[32,1],[19,-4],[81,-22],[103,-22],[17,-8],[62,-39],[41,-22],[37,-16],[24,-7],[87,-14],[23,-9],[36,-27],[14,-21],[25,-61],[15,-27],[20,-9],[88,-14],[30,-1],[35,8],[24,-9],[26,-31],[28,-13],[24,-5],[18,-7],[27,-37],[37,-31],[26,-29],[13,-6],[49,-9],[49,-22],[19,-13],[33,-48],[16,-14],[162,-103],[27,-16],[55,-28],[16,-11],[47,-39],[47,-29],[73,-41],[23,17],[15,30],[13,11],[7,23],[48,-50],[9,-37],[12,-6],[4,-17],[15,-19],[28,-27],[7,-13],[-11,-19],[3,-14],[18,8],[28,-37],[36,-10],[16,-7],[10,7],[19,-9],[18,-17],[-40,-16],[-18,-3],[-20,3],[-22,11],[14,-28],[14,-10],[69,-29],[28,-7],[21,-11],[7,-25],[33,-12],[20,-16],[7,-9],[7,-23],[22,-2],[40,-18],[44,-26],[-1,-21],[21,-9],[3,-27],[16,6],[18,-2],[14,-8],[4,-10],[15,-13],[2,-37],[25,1],[11,-12],[7,-21],[6,5],[6,44],[4,11],[24,23],[33,1],[27,-10],[21,-1],[41,-21],[16,-20],[18,5],[10,-6],[-2,-19],[-8,-21],[23,5],[28,11],[10,-1],[13,-17],[30,0],[9,-24],[17,0],[14,-7],[10,-19],[17,-2],[9,-19],[9,-1],[15,13],[9,-3],[7,14],[12,13],[18,-11],[8,-11],[9,-31],[-12,-30],[5,-13],[20,-3],[21,-7],[23,-4],[29,-15],[-3,-21],[15,-5],[5,-10],[40,20],[27,9],[13,-4],[11,-13],[18,0],[17,21],[17,27],[32,15],[20,6],[12,19],[-23,71],[-20,21],[-17,10],[-28,8],[-32,7],[-28,16],[12,23],[0,31],[-8,38],[-5,40],[2,44],[18,104],[9,74],[5,14],[17,21],[22,11],[14,12],[10,22],[3,49],[6,31],[20,81],[11,37],[16,40],[31,69],[26,32],[93,72],[75,61],[15,19],[62,100],[9,21],[11,45],[14,67],[10,37],[7,13],[22,-24],[38,-34],[25,-20],[22,-13],[35,-49],[44,-30],[53,-55],[17,-36],[10,-13],[33,-25],[31,-5],[21,-14],[21,4],[38,-17],[16,-30],[7,-30],[15,-21],[0,-17],[8,-2],[5,-26],[15,-21],[0,-20],[14,-27],[10,-26],[1,-15],[11,-8],[-4,-35],[-6,-13],[23,-48],[20,-16],[3,-20],[20,7],[6,-7],[-6,-18],[8,-23]],[[57489,71219],[0,142],[-1,38]],[[57488,71399],[-1,90]],[[57758,71485],[0,-266]],[[57487,72120],[-135,-1]],[[57352,72119],[-36,2],[-229,3]],[[57088,72484],[120,-3],[132,-1],[148,0]],[[57622,72121],[115,1],[27,-1]],[[57764,72121],[-1,-274]],[[57354,70676],[-4,-315],[-1,-45],[0,-213]],[[57216,70104],[-1,211],[0,149],[-106,66],[-25,11]],[[55304,91240],[-18,16],[-18,11],[7,32]],[[56473,88036],[-150,-1],[-25,12],[-5,-12],[-71,0],[-19,-2]],[[56473,88399],[-270,2]],[[55934,88868],[0,-111],[269,8]],[[56203,88765],[0,-364]],[[56203,88401],[0,-183]],[[55856,90463],[15,-7],[29,-5],[18,0],[44,-28],[11,-4],[34,7],[10,-4],[10,-19],[6,-25],[10,-13],[9,-23],[67,-37],[8,-12],[0,-32],[19,-3],[14,25],[22,12],[14,-3],[14,-19],[5,-30],[12,-12],[15,2],[21,-3],[17,7],[17,12],[15,-1],[13,-23],[5,-32],[6,-20],[21,-24],[13,-33],[48,-47],[12,-13],[51,-40]],[[57354,70969],[25,-17],[111,-54]],[[57490,70676],[-136,0]],[[57354,70676],[-270,0]],[[58387,71758],[0,-33],[8,-15],[24,-1],[-1,-39],[-3,-14],[-16,1],[-35,-13],[-27,1],[-1,-64],[-22,-19],[-10,-15],[-4,-21],[-9,-16],[-14,-10],[26,-62],[16,-10],[-10,-30]],[[58309,71398],[-150,2]],[[57055,82958],[-271,-1],[-1,187],[0,177],[-78,-2],[6,-180],[-42,-1],[-139,0],[-16,-1],[0,-148],[2,-32],[6,-63],[2,-31],[-7,-48],[-17,-8],[-15,-17],[-37,-3],[-25,12],[-14,14],[-30,1],[-1,-75],[0,-126],[1,-71],[1,-239],[50,1],[19,-7],[29,-20],[13,-4],[23,6],[35,-5],[22,-13],[10,-16],[11,10],[15,-13],[12,6],[12,-13],[11,5],[14,-11],[23,-33],[2,-17],[-6,-37],[0,-36],[14,3],[21,21],[31,23],[16,16],[21,5],[3,24],[9,3],[49,-4],[11,5],[13,17],[35,22],[16,-8],[1,19],[12,7],[8,13],[14,-6],[11,32],[39,9],[4,30],[8,26],[12,13],[18,10],[16,-5]],[[54462,81511],[-2,24],[-11,39],[3,41],[-2,14],[-17,51],[5,18],[-3,26],[-28,62],[-8,18],[-6,31],[-13,89],[0,68],[-10,27],[0,22],[12,21],[3,14],[15,21],[11,-28],[19,-8],[12,15],[14,5],[14,28],[-9,22],[-3,49],[-14,35],[7,34],[-1,47],[7,23],[-6,53],[5,75],[-14,15],[-8,53],[2,16],[-17,11],[11,24],[2,14],[3,128],[9,57],[15,23],[3,22],[-5,9],[-8,52],[-2,52],[11,66],[-4,23],[5,13],[-9,75],[-5,20],[5,44],[-2,98],[1,18],[-5,31],[-10,2],[-2,39],[3,21],[-4,27],[-10,1],[-13,14],[4,69],[-3,8],[22,16],[11,36],[-1,27],[10,32],[-3,49],[-6,31],[1,55],[8,31],[-4,11],[23,52],[-1,34],[12,27],[11,40],[2,89],[-9,29],[-15,14],[15,16],[14,77],[0,8],[22,67],[-24,18],[14,16],[34,49],[23,34],[11,6],[45,-2],[23,8]],[[55920,83696],[277,-2],[215,1],[201,-1],[169,-3]],[[58002,69774],[15,113],[18,77],[30,103],[9,36],[6,39],[1,31],[1,249],[1,25],[0,223],[-1,25]],[[58082,70695],[-5,161]],[[58077,70856],[12,0],[66,-11],[1,56],[2,5],[0,40],[267,0],[2,105],[2,13],[40,82],[14,63],[1,17]],[[58484,71226],[-9,57],[19,11],[-1,16],[3,86]],[[58694,71391],[32,3]],[[58726,71394],[-4,-34],[4,-31],[2,-47],[-3,-30],[1,-32],[-2,-24],[-9,-46],[-17,-17],[-22,-30],[-7,-1],[-14,-16],[-17,-34],[-1,-18],[-16,-31],[-19,-27],[-34,-23],[-5,-10],[0,-25],[14,-26],[8,-79],[-4,-51]],[[58581,70762],[-4,-18],[0,-32],[-4,-41],[-1,-31],[-12,-16],[0,-21],[12,-24],[-1,-23],[-23,-40],[-2,-22],[2,-24],[11,-17],[-2,-25],[-17,-24],[-4,-14],[1,-27],[-12,-33],[-35,-13],[-43,-6],[-17,-15],[-10,-51],[1,-45],[28,-79],[3,-29],[-5,-18],[-18,-25],[-14,-28],[-5,-23],[-8,-12],[-25,-48],[-43,-56],[-16,-40]],[[60429,72458],[29,28],[60,2],[140,3],[41,2],[131,1],[0,-2],[139,-1],[130,0],[0,132],[1,0]],[[60786,71762],[10,24],[-5,27],[16,33],[-14,9],[6,21],[-14,17],[2,16],[-16,23],[0,14],[14,-4],[2,18],[-14,13],[-12,-12],[-22,8],[7,18],[-20,25],[11,9],[-9,18],[6,11],[-17,14],[-4,-7],[-24,37],[-16,-7],[-12,10],[-6,24],[13,16],[-19,3],[-8,26],[-26,-7],[4,33],[-3,10],[-18,9],[-7,10],[-11,-13],[-8,1],[-8,26],[-11,-4],[3,22],[-23,46],[-8,9],[0,26],[-19,16],[-15,-9],[-6,5],[3,25],[-11,10],[-6,-21],[-10,1],[-3,26],[-19,3],[3,24],[10,-1],[0,19],[-7,23],[-16,3]],[[57487,72120],[1,360]],[[57488,72480],[131,0]],[[57619,72480],[0,-30],[-2,-94],[2,-235]],[[58695,72114],[0,-189]],[[58695,71925],[-25,6],[-142,3],[-100,1]],[[58428,72118],[57,-3],[20,2],[190,-3]],[[58695,73010],[0,186]],[[58695,73196],[194,2],[67,1]],[[58956,73199],[0,-195]],[[58339,73198],[-85,2],[-190,1],[-47,0]],[[58017,73201],[-3,421],[-2,302]],[[61106,74293],[157,0],[126,2],[147,245],[59,98],[24,32],[172,208],[18,20],[68,63],[30,34]],[[63484,74996],[-17,-7],[-5,-25],[-1,-41],[-13,-36],[-6,-39],[-1,-28],[-17,-31],[-12,-56],[-15,-23],[-14,-14],[-14,-38],[-40,-15],[-56,-64],[1,-102],[14,-45],[-4,-15],[-17,-30],[-8,-22],[-17,-19],[-5,-25],[-10,-19],[12,-38],[-16,-23],[-4,-18],[9,-28],[2,-18],[-4,-25],[-27,-27],[2,-28],[-2,-20],[3,-46],[21,-41],[24,-24],[18,-1],[9,-17],[-2,-19],[-16,-33],[-12,-46],[4,-18],[21,-24],[11,-7],[26,-6],[3,-16],[-6,-24],[-22,-31],[-11,-11],[1,-41],[10,-9],[32,-17],[7,-9],[3,-18],[-2,-63],[-17,-10],[-1,-27],[7,-45],[22,-30],[6,-18],[-5,-24],[-12,-21],[-6,-27],[6,-35],[16,-7],[6,-9],[-1,-33],[-25,-17],[0,-15],[9,-16],[42,-36],[12,-18],[4,-27],[-1,-12],[6,-51],[8,-41],[-11,-34],[-10,-13],[-36,-7],[5,-27],[37,-38],[8,-13],[1,-17],[-7,-37],[5,-41],[14,-17],[11,-39],[-5,-45],[-32,-13],[-18,-12],[-7,15],[-7,-14],[-5,-22],[-11,-12],[0,-24],[7,-7],[2,-35],[34,-14],[14,9],[8,-4],[11,-21],[16,-14],[9,-22],[14,-10],[2,-17],[-4,-18]],[[60823,71403],[4,-2],[265,1],[0,355],[3,302],[5,458],[0,106]],[[61100,72623],[2,224],[-49,-1],[-510,0],[-58,1],[-63,-1]],[[58376,72119],[52,-1]],[[58428,72118],[-1,-33],[1,-150]],[[58428,71935],[0,-178]],[[58428,71757],[-41,1]],[[58387,71758],[-112,1],[-10,1],[-36,20],[-11,-1],[-26,-14],[-31,-6]],[[58160,72842],[21,-2],[201,-1],[57,-2]],[[58439,72837],[-2,-54],[-8,-103],[0,-204]],[[58429,72476],[-107,1]],[[76282,75016],[-2,-34],[2,-69],[0,-302],[-5,-293],[-3,-361],[1,-122],[0,-532],[1,-428],[0,-173],[-1,-204],[-2,-283],[0,-781],[1,-197],[-1,-393],[1,-136],[-2,-810],[-2,-314],[0,-206],[-1,-241],[1,-640]],[[66674,68453],[-6,10],[-27,20],[-7,14],[-28,142],[-11,38],[-9,20],[-121,226],[-15,22],[-67,28],[-40,13],[-56,-1],[-14,-2],[-80,-23],[-14,6],[6,31],[1,180],[0,365],[-1,90],[0,363],[4,778],[2,212],[1,941],[-1,340],[1,163],[0,364],[-1,243],[-1,117],[-2,361],[-2,362],[-1,335],[-1,203],[-2,288],[0,296]],[[49836,81502],[0,23],[2,147],[77,-1],[3,81],[0,101],[-82,1],[-4,155],[0,31],[76,-1],[-1,74],[-74,0],[1,31],[0,154],[127,2],[-2,173],[112,3],[24,25],[-2,151],[-50,-4],[-84,-3],[-2,127],[0,230],[-71,0],[0,89],[-339,0],[3,33],[24,73],[12,46],[8,19],[-46,97],[-73,2],[-1,-83],[-64,2],[3,260],[1,8],[50,24],[32,20],[20,0],[17,-18],[29,3],[54,12],[12,8],[15,28],[10,8],[14,0],[9,18],[17,15],[-10,54],[4,109],[72,-2],[5,121],[6,4],[21,0],[-1,31],[17,-24],[13,-5],[55,9],[33,-6],[-1,135],[5,10]],[[51027,84128],[16,-3],[36,5],[23,-11],[7,-14],[4,-32],[16,-20],[136,-89],[21,-19],[46,-48],[54,-39],[-4,-6],[-24,14],[-27,-8],[-19,5],[-8,-46],[13,-27],[20,-7],[2,-13],[-29,-32],[-15,-3],[-18,5],[-14,-7],[-23,15],[-7,-2],[-19,-19],[-41,-8],[-13,4],[-8,-5],[13,-21],[11,-11],[-1,-14],[3,-49],[-7,-30],[-30,-42],[-38,-21],[-4,-18],[-31,-25],[-28,-12],[-7,-21],[22,-46],[2,-16],[15,-41],[18,-6],[6,-11],[20,16],[13,-16],[23,6],[16,-2],[38,3],[6,-6],[13,15],[16,5],[14,13],[15,41],[25,45],[6,14],[17,10],[50,-6],[38,5],[12,-8],[12,-29],[25,-46],[-11,-16],[-29,-17],[-23,4],[-15,-11],[-10,-27],[-30,-44],[-12,-33],[-27,-42],[-9,-27],[-16,-29],[-9,-36],[16,-4],[23,-23],[17,-12],[8,-33],[6,-14],[-5,-29],[-17,-55],[-13,-27],[-10,-64],[4,-45],[13,-28],[44,-45],[13,-7],[21,-22],[22,-35],[-9,-9],[-3,-14],[9,-14],[18,-4],[20,-14],[16,-21],[0,-8],[23,-34],[-7,-37],[6,-35],[-9,-36],[-19,-12],[-17,20],[-10,0],[-2,-25],[-5,-10],[-22,-15],[-6,-11],[-1,-17],[-14,-29],[11,-14],[22,-10],[18,-52],[9,-1],[8,-28],[7,-7],[-2,-35],[3,-27],[8,-20],[18,-26],[1,-9],[-16,-58],[5,-42],[13,-23],[5,-36],[15,-22],[10,-42],[19,-38],[8,-39],[-1,-20],[8,-46],[5,-13],[-2,-16],[-9,-4],[-27,-1],[-12,4],[-50,45],[-11,-3],[-40,35],[-22,1],[-28,13],[-39,23],[-12,-3],[-6,-12],[-15,2],[-38,25],[-8,-6],[-2,-24],[-10,-39],[2,-19],[-6,-17],[2,-19],[-9,-24],[-6,-65],[1,-27],[9,-44],[-2,-65],[5,-52]],[[59236,72121],[-292,0],[-76,-2]],[[58868,72119],[0,14],[12,43],[1,27],[28,58],[28,37],[19,43],[75,118],[16,23]],[[59047,72482],[31,34],[13,19],[76,136],[55,73],[1,97],[1,2]],[[59224,73039],[0,163]],[[56875,92005],[-107,1],[-253,11],[-12,3],[-14,12],[-50,26],[-20,28],[-11,4],[-53,6],[-7,7],[13,63],[-1,13],[-28,16],[-31,5],[-138,3],[-205,3],[1,155],[-18,3],[-5,7],[3,204],[0,65],[-9,-6],[-39,-73],[-15,-18],[-14,-1],[-29,19],[-9,2],[-14,-8],[-6,-23],[-5,-60],[-22,-69],[-8,-64],[-4,-39],[-8,-21],[-4,-75],[5,-18],[21,-45],[1,-23],[-4,-19],[-27,-43],[-1,-24],[4,-25],[8,-100],[-5,-39],[7,-19],[13,-21],[6,-36],[-4,-25],[-9,-13],[-25,-12],[-13,0],[-29,-7],[-12,-33],[-4,-43],[-10,-14],[-31,-23],[-32,-51],[-27,-17],[-23,-29],[-24,-8],[-1,-198],[-3,-15],[-10,-10],[-31,26],[-13,7],[-11,-7],[-36,-52],[-24,-30],[-20,-12],[-41,-4],[-10,-4],[-23,28],[-18,34],[-12,17],[-10,2]],[[55275,91299],[-13,25],[-11,33],[-15,55],[-20,39],[-34,39],[-16,21],[-15,32],[-20,81],[-7,34],[-1,21],[6,44],[10,27],[11,19],[27,26],[27,12],[38,12],[17,12],[19,21],[11,21],[9,29],[39,236],[4,32],[34,424],[4,54],[14,289],[3,64],[18,571],[-1,127],[-6,117],[-3,36],[-12,39],[-19,34],[-18,19],[-21,14],[-65,34],[-19,19],[-25,41],[-12,38],[-4,27],[2,135],[-2,49],[-8,60],[-19,73],[-67,231],[-9,28],[-13,28],[-18,23],[-19,16],[-35,15],[-18,1],[-91,0],[-37,3],[-104,11]],[[54771,94790],[-26,7],[-43,29],[-34,27],[-35,35],[-27,31],[-92,117],[-24,33],[-29,56],[-57,138],[-11,35],[-4,32],[1,64],[12,83],[2,30],[-6,44],[-26,86],[-88,268],[-75,241],[-7,24],[-106,390],[-23,68],[-15,35],[-22,44],[-137,236],[-41,63],[-199,276],[-324,447],[-225,311],[-34,39],[-44,38],[-26,35],[-12,26],[-12,47],[-14,106],[-4,36],[-13,198],[-6,45],[-16,53],[-21,44],[-20,28],[-66,76],[-21,24],[-42,34],[-180,123],[-14,8],[-31,27],[-63,55],[-29,33],[-18,30],[-11,22],[-44,102],[-28,53],[-33,54],[-17,23],[-29,32],[-27,22],[-119,92],[-35,29],[-16,18],[-35,48],[-20,37],[-13,29],[-16,48],[-10,44],[-8,60]],[[51963,99858],[530,2],[171,0],[274,2],[41,1],[761,4],[123,1],[54,0],[4,-3],[80,3],[187,0],[86,2],[24,4],[1282,-3],[54,-2],[423,1],[231,1],[458,1],[31,-1],[876,-1],[182,0],[541,-2],[84,1],[190,0]],[[57959,87661],[0,-181],[-3,-459],[1,-87],[-2,-366]],[[57560,87677],[-277,-3]],[[57146,87314],[0,147],[-1,142],[3,40],[8,45],[46,230],[19,104],[1,8]],[[57282,88026],[1,-352]],[[57283,87674],[0,-358],[-1,-181],[0,-181],[-39,-1]],[[56479,89849],[2,165]],[[57822,90192],[0,-360]],[[56059,85198],[30,55],[7,26],[21,36],[25,60],[10,-21],[23,-24],[11,-2],[36,12],[13,7],[16,32],[36,38],[13,39],[-4,13],[-23,30],[114,-2],[77,-2]],[[56464,85495],[-1,-38],[1,-102],[-2,-40],[14,-37],[2,-24],[-11,-28],[6,-13],[27,-26],[12,-42],[2,-21],[30,-36],[39,-10],[14,-1]],[[56597,85077],[-11,-6],[-44,12],[-10,8],[-34,37],[-16,6],[-68,0],[-21,1],[-75,0],[-123,5],[-75,-5]],[[99848,85952],[-1,-545],[-1,-177],[2,-449],[-1,-450],[-4,-372],[3,-271],[4,-270],[-1,-396],[-3,-1007],[-1,-800],[-1,-186],[3,-181],[0,-125],[1,-26],[-4,-47],[2,-84],[-3,-133],[-1,-30],[0,-57],[3,-65],[-3,-92],[-1,-183],[2,-247],[-1,-154],[3,-163],[-3,-406],[3,-10],[-1,-79],[1,-116],[-1,-142],[-3,-8],[1,-349],[1,-234],[0,-1507],[1,-1594],[0,-15],[1,-370],[-1,-170],[4,-1751],[0,-22],[2,-804],[-3,-627],[-2,-53],[2,-4],[1,-88],[2,-13],[3,-1326],[1,-635],[1,-370],[5,-770],[-2,-288],[3,-797],[0,-121],[1,-244],[6,-172],[-2,-192],[-3,-7],[2,-127],[0,-398],[1,-349],[2,-428],[2,-84],[2,-409]],[[94449,64282],[-10,7],[-49,74],[-21,44],[-4,20],[-6,254],[-4,133],[-9,339],[-8,270],[-18,663],[-305,1],[-6,272],[-2,90],[-7,380],[-8,469],[-4,382],[-2,307],[-1,19],[-3,248],[-3,362],[-2,134],[-1,43],[-7,62],[-1,32],[4,177],[1,163],[-1,124],[-2,229],[1,308],[-1,96],[-3,318],[-2,189],[-6,319],[-1,41],[-11,611],[-2,146],[-9,450],[-7,421],[-7,302],[-4,164],[-1,48],[1,262],[-1,94],[1,75],[0,1585],[-3,8],[-64,73],[-5,13],[-1,41],[-1,222],[0,302],[-1,217],[-1,392],[-2,418],[-1,278],[0,265],[4,363],[250,4],[120,-1],[34,-4],[658,-124],[219,-41],[37,-11],[15,32],[2,20],[1,116],[-2,298],[-2,122],[1,123],[0,35],[-35,144],[-8,10],[-91,1],[-75,3],[-8,7],[-46,57],[-2,17],[2,87],[-4,15],[-119,168],[-17,13],[-197,5],[-193,1],[-3,-164],[-11,-18],[-18,0],[-48,-33],[-15,3],[-20,31],[-132,1],[-540,-8],[-11,1],[2,90],[1,220],[2,140],[1,91],[2,84],[3,325],[-1,196],[0,91],[-3,129],[-1,99],[4,99],[0,74],[2,348],[-110,0],[-149,2],[-11,1],[-2,362],[-2,185],[-3,168],[2,432],[3,294],[2,833],[1,270],[3,299],[1,395],[-1,7],[-33,0],[-4,282],[-2,248],[2,234],[-1,326],[204,2],[79,2],[78,1],[95,2],[89,1],[-5,813],[0,168],[-1,107]],[[58695,73010],[17,-4],[26,9],[42,-4],[32,4],[28,-2],[33,-9],[43,-6],[40,6]],[[58956,72839],[-209,-2],[-52,0]],[[58695,72837],[0,173]],[[61102,74993],[1,-158],[-7,-6],[7,-42],[0,-133],[3,-361]],[[61106,74293],[-171,-1],[-171,1],[-40,-1]],[[58423,73557],[0,46],[-1,318]],[[58694,73920],[0,-363]],[[58339,73198],[-10,34],[-2,25],[3,40],[10,33],[83,204],[0,23]],[[58423,73557],[154,1],[83,-2],[34,1]],[[58694,73557],[1,-28],[-1,-150],[1,-183]],[[58695,73196],[-31,0],[-20,-6],[-23,-20],[-12,-6],[-18,4],[-12,15],[-17,28],[-18,5],[-26,-3],[-40,-14],[-120,0],[-19,-1]],[[58953,73921],[-166,-2],[-93,1]],[[58694,73920],[-132,1],[-71,-1],[-69,1]],[[58422,73921],[-270,2],[-140,1]],[[58012,73924],[-117,1],[-24,1],[-251,2]],[[58954,74458],[-359,6],[-107,1],[-15,-4],[-15,5],[-37,0],[0,181],[-196,0],[-64,2],[-11,-2],[-132,1]],[[58956,72839],[0,165]],[[58956,73004],[17,2],[35,15],[23,-2],[8,5],[47,15],[14,0],[6,-15],[14,5],[37,-7],[25,9],[19,-2],[23,10]],[[59224,73039],[0,-196]],[[59224,72843],[-268,-4]],[[51027,84128],[-29,20],[-105,124],[-29,18],[-279,63],[-12,6],[-18,19],[-18,13],[-28,9],[-17,0],[-8,-9],[-9,8],[-13,-7],[-78,-33],[0,-78],[-4,-12],[-35,-6],[-27,-18],[-29,-40],[-18,-16],[-46,-32],[-28,-27],[-65,-52],[-42,-12],[-19,-10],[-14,-13],[-24,-9],[-25,6],[-8,14],[-18,14],[-31,18],[-39,16]],[[49912,84102],[-5,14],[-38,22],[-67,36],[-30,20],[3,45],[1,93],[1,34],[44,-1],[154,-7],[2,95],[-54,-1],[-80,6],[-61,7],[11,191],[-8,29],[2,14],[-1,47],[0,69],[-50,0],[-89,-4],[-59,1],[-2,84],[-132,3],[2,62],[-4,73],[0,35],[134,3],[-1,-41],[2,-44],[200,7],[-2,-90],[132,1],[0,-91],[66,-2],[-1,-179],[125,-2],[67,1],[110,3],[0,19],[21,2],[9,-22],[22,-1],[50,1],[8,43],[3,55],[17,48],[12,12],[15,1],[7,43],[51,1],[0,21],[33,1],[1,-28],[30,1],[1,66],[57,1],[3,54],[39,0],[2,109],[47,13],[85,-2],[8,447],[-84,1],[-4,93],[7,0]],[[50724,85614],[17,-28],[10,-6],[41,-8],[31,10],[24,12],[16,-3],[42,-28],[39,-9],[32,-1],[3,-12],[-8,-13],[-6,-53],[0,-65],[-12,-44],[-27,-73],[-5,-16],[59,31],[19,16],[40,21],[50,36],[40,13],[17,11],[44,6],[12,10],[14,-8],[-5,-31],[28,23],[2,-16],[13,-6],[21,11],[42,-16],[10,4],[18,-7],[-20,-42],[-15,-18],[-2,-15],[-19,-43],[-31,-12],[-10,-10],[-39,-77],[-44,-70],[-5,-34],[3,-44],[34,-52],[29,-52],[5,-26],[21,-3],[16,-15],[40,-58],[17,21],[13,-5],[-13,-62],[15,-25],[-33,-11],[-14,12],[-20,-6],[0,-15],[-27,-11],[-23,-5],[-17,-13],[-11,-21],[-7,-25],[-7,-46],[-11,-9],[-15,-1],[-12,-20],[2,-23],[-4,-27],[-10,-28],[-23,-14],[-8,-14],[-14,-5],[-26,23],[-11,-5],[-17,-22],[0,-22],[31,-9],[6,-5],[-1,-22],[-8,-11],[-1,-21],[-13,-29],[-13,4],[-12,-22],[31,-17],[8,-21],[16,-19],[-1,-21],[-13,-30],[-4,-27],[-20,-25],[-11,-22]],[[54840,87131],[58,0],[11,5],[18,35],[13,6],[48,11],[13,9]],[[55931,85138],[140,-5],[49,2]],[[56120,85135],[-33,-176],[-18,-37],[-4,-18],[-6,-126]],[[56059,84778],[-88,-1]],[[55105,84565],[-47,3],[-27,0],[-52,-4],[-32,-36],[-31,-64],[-12,-11],[-64,-13],[-41,-5],[-90,-49],[-62,-24]],[[54647,84362],[-1,15],[6,44],[50,34],[8,28],[-1,23],[8,32],[2,30],[10,22],[0,30],[11,13],[8,29],[7,9],[4,117],[-3,46],[-13,29],[-1,34],[-4,12],[-10,77],[-2,66],[-8,62],[3,20],[-6,17],[-1,21],[-7,26],[-1,25],[-19,46],[-18,37],[-9,30],[-19,26],[-1,33],[-6,19],[-5,44],[-13,73],[-6,79],[-3,50],[-7,24],[-1,34],[-7,56],[2,28],[-1,29],[134,124],[-1,34],[-7,14],[-1,18],[-12,64],[-8,21],[-14,89],[-8,35],[-13,30],[-1,22],[7,21],[-5,17],[-8,4],[-13,29],[-1,28],[-16,55],[-8,12],[9,54],[21,64],[-1,39],[-12,54],[-21,25],[-4,78],[18,19],[8,38],[-5,64],[6,36],[9,21],[15,11],[8,15],[19,5],[26,-7],[9,-28],[42,-2],[17,16],[16,34],[18,12],[20,28],[3,12],[1,95]],[[57821,89107],[1,-142],[5,-86],[5,-57],[52,-317],[21,-119],[18,-89],[18,-105],[7,-70],[3,-99],[8,-362]],[[57959,87661],[-127,3],[-136,6],[-136,7]],[[57560,87677],[-6,351]],[[57228,89120],[50,1],[41,7],[46,-1],[56,-7],[135,-3],[265,-10]],[[58648,91268],[-88,-1],[-193,2],[-30,4],[-23,14],[-49,-9],[-19,-7],[-95,1],[-135,2],[-107,0],[-81,1]],[[56805,91292],[4,59],[3,19],[23,66],[6,33],[0,102],[5,34],[-5,13],[1,46],[3,66],[10,98],[20,177]],[[56875,92005],[2,28],[0,48],[-6,306],[2,36],[9,66],[1,31],[-7,170],[-3,33],[-61,294],[-8,25],[-30,46],[-13,41],[-3,26],[1,180],[1,64],[0,243],[1,156],[255,2],[65,-1],[206,-3],[29,0],[253,12],[55,0],[229,-2],[123,1],[-15,55],[-2,16],[4,78],[8,50],[94,512],[228,-1],[21,9],[30,2],[35,-11],[99,-1],[170,-6]],[[57016,88035],[-1,-443],[8,-62],[-9,-56],[0,-163]],[[56548,87312],[7,20],[119,350],[11,36],[2,26],[4,291]],[[56691,88035],[190,0],[93,1],[42,-1]],[[58953,73921],[1,360],[0,177]],[[58954,74458],[0,184],[2,2],[-1,174],[-2,2],[-1,170]],[[60302,74992],[-10,-24],[0,-17],[8,-30],[20,-53],[5,-25],[-10,-24],[-33,-22],[-6,-25],[1,-38],[-38,-55],[-9,-21]],[[59963,74291],[-16,-54],[1,-16],[20,-34],[13,-5],[15,-16],[6,-14],[1,-30],[-60,-91],[-47,-151],[-10,-49],[-24,-170],[5,-14]],[[59224,73202],[-173,-4],[-95,1]],[[58956,73199],[-3,722]],[[58953,73921],[134,1],[1,-249],[11,-23],[11,5],[-3,26],[14,18],[19,-5],[13,5],[32,24],[13,3],[49,-43],[12,-5],[9,12],[9,25],[-8,31],[16,7],[0,9],[78,-1],[0,-197],[128,0],[-1,91],[0,92],[5,132],[46,-24],[36,-13],[45,-20],[53,-17],[25,-6],[21,-9],[37,-26],[37,-38],[72,-79]],[[59867,73647],[9,-36],[-40,-45],[4,-123],[-22,-78],[25,-43],[-3,-29],[-14,-12],[-21,-4],[-24,2],[-16,-16],[0,-15],[15,-31],[-6,-25],[-28,-25],[-6,-22],[7,-12],[0,-32],[-15,-44]],[[59732,73057],[-42,33],[-35,19],[-26,5],[-130,-1],[7,32],[4,37],[-9,26],[-17,-4],[-27,-1],[-233,-1]],[[59761,71773],[-9,-14],[-223,1],[-48,-3],[-19,2],[-151,1],[-205,0],[-31,87]],[[59075,71847],[35,7],[33,-7],[22,4],[20,23],[17,31],[7,23],[4,29],[12,45],[12,22],[0,31],[-8,34],[7,32]],[[59236,72121],[3,26],[-9,26],[-20,34],[-1,40],[5,13],[18,21],[23,15],[19,29],[4,20],[-3,36],[6,28],[9,23],[-9,34],[9,38],[18,26],[3,14],[-7,48],[9,33],[20,26],[12,1],[60,21],[13,18],[4,29],[-6,15],[-26,35],[2,11],[20,8],[28,-13],[13,-10],[17,-4],[24,6],[12,8],[22,39],[27,6],[20,0],[43,8],[7,20],[-14,30],[3,27],[-4,21],[15,25],[40,26],[12,2],[11,20],[8,32],[27,10],[9,15]],[[59732,73057],[35,-28],[18,-4],[167,2]],[[60237,72481],[-77,-116],[-198,-297],[-61,-91],[-34,-53],[-106,-159]],[[59761,71765],[0,8]],[[59761,71773],[0,405],[1,352],[1,9],[110,247],[23,56],[-3,3],[59,182]],[[59952,73027],[75,2],[286,-3],[118,0],[1,-42],[-2,-56],[-8,-82]],[[60422,72846],[-11,-34],[-13,-10],[-36,-15],[-14,-11],[-11,-26],[1,-25],[11,-102],[-4,-34],[-9,-21],[-12,-16],[-28,-18],[0,19],[-43,-60],[-5,5],[-11,-17]],[[60230,74658],[55,0],[43,-4],[185,-1]],[[60514,74292],[-48,-1],[-116,0],[-80,2],[-45,0],[-23,-18],[-22,20],[-61,1],[-102,-2],[-54,-3]],[[59963,74291],[3,37],[6,16],[25,28],[19,11],[38,12],[29,23],[11,19],[-1,14],[-14,41],[-1,18],[10,21],[17,-2],[21,-15],[24,12],[28,32],[12,21],[36,20],[4,11],[0,48]],[[59217,70319],[1,162],[4,240],[1,220]],[[59223,70941],[177,269],[94,142],[34,46]],[[59528,71398],[109,163],[36,61],[91,137]],[[59764,71759],[57,0],[207,-1],[39,1],[228,0],[261,4],[192,1],[38,-2]],[[60786,71762],[15,-20],[5,-21],[14,-71],[3,-31],[-2,-200],[2,-16]],[[60823,71403],[-1,-54],[0,-306]],[[58695,71925],[17,7],[109,6],[1,-157],[0,-97],[-3,-16],[-81,-195],[-12,-12],[-32,-3],[0,-67]],[[58694,71391],[-8,1],[-190,4]],[[58496,71396],[-5,0]],[[58491,71396],[16,55],[90,231]],[[58597,71682],[10,-6],[24,13],[15,2],[12,21],[4,36],[15,2],[18,40],[0,135]],[[55971,84777],[7,-113],[10,-46],[1,-26],[-2,-26],[-7,-23],[-14,-11],[-33,-3],[-10,-15],[-1,-23],[-2,-346],[0,-449]],[[55920,83696],[-215,0],[-3,-2],[-2,-371],[-191,-5],[-14,2],[-80,48],[-13,5],[-72,13],[-33,9],[-50,32],[-17,31],[-8,64],[1,84],[-10,196],[-11,94],[-15,69],[-19,63],[-16,97],[-9,36],[-33,112],[-2,18],[-2,110],[-3,100],[2,64]],[[55105,84565],[-3,122],[48,-2],[21,-24],[24,-4],[23,-19],[21,-9],[42,5],[7,9],[18,76],[13,34],[23,32],[83,0],[43,-6],[253,0],[117,-1],[133,-1]],[[60734,74993],[5,-33],[-2,-36],[-4,-16],[7,-13],[-7,-20],[4,-28],[6,-13],[4,-25],[-3,-11],[2,-24],[9,-18],[-3,-17],[4,-14],[-16,-30],[-1,-14],[8,-29]],[[60549,74652],[0,180],[-114,2],[29,158]],[[56059,85198],[-20,-21],[-18,-6],[-7,18],[5,71],[-2,37],[-6,15],[-4,47],[-8,-6],[2,-27],[-2,-29],[-24,9],[2,-26],[-13,-11],[-17,-51],[-7,5],[-8,18],[-7,-17],[8,-21],[-2,-65]],[[55931,85138],[-83,0],[-33,-16],[-19,-2],[-84,21],[-40,14],[-29,45],[-99,13],[-23,23],[-41,12],[-8,9],[-17,36],[-18,33],[-4,21],[-1,86],[-7,26],[-28,23],[-15,25],[-17,1],[0,262],[-5,11],[-58,11],[-26,16],[-22,8],[-17,80],[-50,221],[-6,22],[-32,142],[-43,234],[-6,53],[-16,35],[-15,61],[0,9],[-32,160],[-3,37],[-4,25],[-19,62],[-14,94],[-6,70],[3,24],[10,41],[-3,11]],[[55001,87197],[5,21],[-6,124],[0,58],[4,59],[10,109],[5,34]],[[55836,88158],[16,-5],[22,13],[5,-4],[21,-102],[9,-6],[6,8],[12,113],[5,16],[12,10],[103,15],[15,1],[141,1]],[[56203,88218],[0,-185]],[[56203,88033],[-2,-360],[-5,-365],[274,2],[78,2]],[[56548,87312],[192,6]],[[56740,86228],[-53,-1],[-218,-1]],[[56469,86226],[-272,0],[1,-364],[0,-207],[-2,-151],[-139,-4],[2,-302]],[[57035,83690],[-253,1]],[[56782,83691],[1,50],[14,314]],[[56797,84055],[7,171],[-4,174],[-1,14]],[[57010,85672],[0,51],[-9,13],[-18,-16],[-28,-18],[-81,3],[3,159],[1,126],[-1,154],[-3,19],[-1,64],[-133,1]],[[56740,86228],[-1,184],[1,178],[0,363]],[[57243,86953],[32,-55],[17,-35],[11,-29],[69,-242],[166,0],[58,-4],[229,-17],[130,-3]],[[57955,86568],[135,2],[270,0],[6,1],[-2,188],[1,174],[117,-1],[10,-9],[22,-8],[16,-35],[4,-32],[7,-18],[12,-3],[35,17],[14,3],[18,-22],[7,-31],[12,-10]],[[56740,87318],[135,-1],[139,-6]],[[57014,87311],[132,3]],[[57146,87314],[1,-145],[2,-21],[9,-34],[14,-31],[71,-130]],[[57243,86953],[-230,-4],[-273,4]],[[56740,86953],[0,365]],[[57828,91275],[2,-362],[-8,-327],[0,-394]],[[57822,90192],[-396,3],[-132,2],[-1,115],[-2,66],[-26,0],[-6,-8],[-3,-27],[-8,-16],[-14,-8],[-37,12],[-46,19],[-26,22],[-22,9],[-213,3],[-73,0],[-3,-17],[-23,-19],[-36,-3],[-11,-6]],[[56481,90573],[4,15],[1,63],[4,283],[68,0],[192,-3],[25,-4],[35,-1],[-3,52],[-12,69],[0,31],[3,108],[7,106]],[[56805,91292],[68,-2],[14,8],[36,34],[14,10],[20,7],[33,-5],[32,-20],[53,-36],[11,-3],[98,-2],[44,0],[15,5],[29,-6],[387,-6],[169,-1]],[[57018,89391],[26,-24],[79,-58],[60,-43],[22,-22],[14,-27],[9,-44],[0,-53]],[[56942,89479],[76,-88]],[[57018,89391],[0,-272]],[[55936,89318],[264,-7],[4,-2]],[[56203,89130],[-268,8]],[[56476,89308],[-1,-184]],[[56203,89130],[1,179]],[[56477,89397],[-1,-89]],[[56476,89308],[-36,1],[-32,-3],[-140,3],[-20,-2],[-44,2]],[[56204,89309],[0,183]],[[56479,89668],[-1,-49]],[[56477,89486],[-90,2],[-26,-14],[-15,-1],[-22,16],[-120,3]],[[56204,89492],[-234,5],[-33,-9]],[[55938,89679],[268,-6]],[[56479,89849],[2,-35],[-1,-143],[-1,-3]],[[56479,89668],[-273,5]],[[56206,89673],[2,180],[132,-1],[139,-3]],[[56693,89395],[-153,2],[-63,0]],[[56477,89397],[0,89]],[[56477,89486],[1,133]],[[56478,89619],[139,-1]],[[60724,74292],[-210,0]],[[60514,74292],[-1,361]],[[60513,74653],[36,-1]],[[60549,74652],[99,1],[99,-1]],[[60747,74652],[-4,-26],[-15,-34],[-1,-20],[-14,0],[-8,-28],[12,-29],[-5,-29],[-13,-19],[-2,-28],[25,-60],[-2,-30],[11,-13],[3,-23],[-10,-21]],[[56799,84414],[-1,89],[0,91],[1,122],[37,0],[0,34],[31,1],[0,23],[39,1],[0,63],[-69,2],[1,78],[-38,1],[1,94]],[[56801,85013],[1,122]],[[57325,85137],[217,1],[-1,-252],[-3,-15],[-9,-8],[-76,0],[-56,1],[9,-62],[0,-32],[-68,2],[-19,17],[-23,-14],[-12,-2],[-81,1],[-3,-8],[-34,-37],[-81,-69],[-16,-22],[-11,-5],[-15,-20],[-28,-24],[-9,-5],[-14,11],[-39,6],[-20,11],[3,-48],[-1,-150],[-136,0]],[[57325,85137],[-117,-1],[-87,3],[-115,-1],[-109,-3],[-95,0]],[[56802,85135],[0,99],[1,159],[-6,37],[-16,32],[-22,33]],[[56759,85495],[22,0],[227,5],[2,172]],[[57010,85672],[19,8],[87,-2],[28,-2],[34,-19],[16,6],[5,-43],[6,-28],[20,-25],[14,2],[19,-21],[1,-34],[-24,-10],[-7,-24],[13,-15],[1,-14],[-9,-85],[-2,-44],[7,-35],[15,-22],[32,-11],[35,10],[6,-4],[-1,-123]],[[56696,88397],[-5,-362]],[[56691,88035],[-218,1]],[[56473,88036],[0,363]],[[56696,88397],[-223,2]],[[56473,88399],[1,363]],[[56703,88759],[-229,3]],[[56475,89124],[243,-4]],[[58161,71759],[-2,-359]],[[58159,71400],[-134,0]],[[58025,71400],[-6,56],[-1,48],[0,282],[1,338]],[[58162,72121],[-1,-362]],[[58163,72479],[159,-2]],[[58322,72477],[-1,-141],[7,-32],[43,-114],[5,-28],[0,-43]],[[58376,72119],[-214,2]],[[58162,72121],[-46,0],[-97,3]],[[58019,72124],[-1,291],[0,18]],[[58018,72433],[-7,64],[-8,38],[-24,95],[-6,55],[0,70],[7,48],[7,37]],[[57987,72840],[40,2],[133,0]],[[58160,72842],[1,-230],[2,-133]],[[58163,72479],[-1,-12],[-51,3],[0,20],[-58,0],[-7,4],[-17,-41],[-11,-20]],[[57757,70765],[-1,-89]],[[57490,70676],[-1,41],[1,181]],[[57484,70090],[-1,226],[3,154],[1,91],[3,115]],[[57490,70676],[266,0]],[[57756,70676],[-1,-180],[0,-317],[-2,-27],[0,-118]],[[57489,71219],[135,0]],[[57622,70832],[-132,66]],[[57490,70898],[0,229],[-1,92]],[[57757,70856],[0,-91]],[[57757,70765],[-135,67]],[[57622,70832],[1,249],[1,138]],[[57624,71219],[134,0]],[[57758,71219],[0,-174],[-1,-189]],[[57758,71579],[0,-94]],[[57758,71485],[-92,1],[-31,-23],[-23,26],[-64,-1],[-61,1]],[[57487,71489],[0,90]],[[56474,88762],[-271,3]],[[56203,88765],[0,365]],[[56203,89130],[173,-3],[99,-3]],[[56475,89124],[-1,-362]],[[57222,88030],[-14,2],[-126,3],[-66,0]],[[57016,88035],[0,90],[4,16],[28,36],[6,29],[16,36],[10,49],[1,105]],[[57226,88395],[-145,1]],[[57081,88396],[-64,0]],[[57017,88747],[0,-351]],[[57017,88396],[-321,1]],[[56696,88397],[3,192],[4,123],[0,47]],[[57018,89119],[132,0],[78,1]],[[57228,89120],[-1,-362]],[[57227,88758],[-146,-1],[-41,-16],[-23,6]],[[57555,88391],[-1,-363]],[[57554,88028],[-43,-5],[-229,3]],[[57282,88026],[-30,1],[-30,3]],[[57222,88030],[4,38],[-1,96],[0,167],[1,64]],[[57018,89119],[-1,-372]],[[57017,88747],[-22,10],[-292,2]],[[56703,88759],[3,158],[12,146],[0,57]],[[56718,89120],[29,0]],[[56890,89120],[128,-1]],[[56481,90573],[51,-1],[30,-2],[13,-5],[21,-16],[55,-60],[82,-127],[11,-23]],[[56744,90339],[10,-46],[0,-19]],[[56750,89821],[-20,11],[-7,16],[-7,45],[-9,9],[-35,12],[-28,-2],[-16,7],[-13,35],[-16,11],[-18,5],[-45,-6],[-36,42],[-19,8]],[[56481,90014],[0,2]],[[56481,90016],[1,197],[3,350],[-4,10]],[[56890,89120],[-143,0]],[[56747,89120],[0,42],[-2,47],[0,186]],[[56895,89478],[-1,-85],[1,-135],[-4,-41],[-1,-97]],[[57487,71579],[0,182]],[[57622,71762],[22,6],[11,21],[34,11],[57,-32],[17,-6],[0,85]],[[57763,71847],[18,-4],[56,-33],[9,-3],[46,0],[0,-230]],[[57892,71577],[-2,2],[-93,1],[-39,-1]],[[57758,71579],[-165,-1],[-106,1]],[[57085,71420],[6,-24],[14,-35],[28,-60],[19,-34],[112,-194],[18,-28],[38,-46],[34,-30]],[[57354,70969],[0,-112],[-270,0]],[[57622,71762],[-135,-1]],[[57487,71761],[-2,34],[2,325]],[[57487,72120],[132,1]],[[57619,72121],[3,0]],[[57622,72121],[0,-359]],[[56944,89479],[-2,0]],[[56942,89479],[-47,-1]],[[56895,89478],[-108,1],[0,-85],[-42,1]],[[56745,89395],[-52,0]],[[56693,89395],[0,84],[-74,1],[-3,2],[1,136]],[[56617,89618],[51,0],[0,128],[81,-1],[1,76]],[[55836,88158],[-37,-28],[-39,-126],[-3,-5],[-35,-103],[-30,-89],[-3,-21],[-1,-68],[26,-92],[3,-31],[-5,-12],[-13,-11],[-27,-2],[-15,5],[-16,16],[-12,22],[-7,32],[-3,23],[-22,93],[-10,34],[-11,18],[-23,17],[-10,22],[-16,16],[-18,10],[-8,-8],[-12,-56],[-13,-17],[-13,7],[-28,72],[0,14],[9,43],[-4,10],[-48,44],[-63,38],[-20,6],[-31,-18],[-35,0],[-13,-6],[-8,-11],[-20,-52],[-17,-53],[-8,-40],[-6,-19],[-16,-33],[-11,-31],[-36,-63],[-20,-28],[-48,-49],[-21,-26]],[[55019,87602],[-13,27],[1,14],[9,22],[-5,35],[5,30],[-3,17],[-23,14],[-11,0],[-15,9],[-10,16],[-3,27],[10,22],[3,30],[-4,35],[-14,12],[-13,-3],[-5,9],[-4,45],[-11,50],[0,19],[-15,7],[-12,13],[-5,25],[-1,46],[-7,21],[-18,29],[-9,62],[-12,30],[-26,6],[-9,36],[2,28],[-5,30],[-9,39],[-1,23],[20,14],[8,26],[-14,10],[-5,37],[-21,9],[-1,9],[7,28],[-9,7],[-20,-10],[-22,16],[-3,19],[16,7],[16,15],[4,22],[-3,17],[-9,13],[-23,-6],[-8,7],[0,18],[-5,23],[-1,85],[-8,17],[-16,22],[-15,33],[2,51],[-12,8],[-9,-22],[-11,-2],[-15,19],[-1,42],[7,21],[0,25],[-3,19],[-7,7],[-23,-2],[-17,11],[-6,26],[2,23],[-7,9],[-4,29],[-6,20],[-16,9],[-20,43],[-9,12],[-19,8],[-6,33],[-13,8],[-30,29],[-7,16],[-26,35],[-38,17],[-12,10],[-18,38],[10,27],[-2,19],[-15,27],[-36,29],[-23,26],[-23,22],[-2,32],[-7,13],[-15,6],[-13,-4],[5,22],[-6,8],[-25,3],[-7,25],[5,33],[-30,23],[-11,21],[-28,79],[-17,40],[5,33],[-3,37],[9,17],[-2,24],[5,14],[15,16],[3,10],[0,28],[4,23],[7,16],[2,24],[15,35],[-2,28],[3,13],[-3,28],[3,33],[5,19],[-3,23],[10,23],[0,25],[-4,41],[-8,45],[-1,77],[9,21],[-40,19],[-6,26],[-18,37],[-6,21],[-12,24],[0,14],[8,23],[37,41],[44,1],[23,-6],[23,8],[11,13],[30,11],[16,-8],[17,4],[9,-25],[9,-13],[36,-25],[22,-6],[21,-2],[16,-14],[25,4],[32,-6],[18,-8],[25,-3],[28,10],[19,1],[13,8],[13,-24],[15,-7],[27,4],[8,-3],[19,-25],[19,-6],[16,2],[27,-9],[18,56],[6,5],[17,-19],[13,9],[27,10],[10,-5],[9,17],[-9,16],[7,40],[1,24],[25,22],[13,25],[10,2],[17,-6],[35,-6],[25,13],[21,-14],[27,8],[-2,16],[1,322],[13,1],[22,-23],[23,-8],[15,10],[2,21],[58,4],[73,12],[18,11],[33,43],[53,42]],[[55304,91240],[39,-57],[4,-12],[23,-23],[5,-46],[-7,-41],[1,-23],[10,-39],[17,-43],[36,-54],[22,-35],[4,-37],[-4,-44],[-17,-42],[4,-50],[9,-21],[10,-14],[18,-7],[29,-24],[11,-3],[10,10],[8,20],[17,0],[28,-12],[18,-19],[20,-1],[28,-32],[34,-3],[29,7],[26,-6],[20,-14],[21,-5],[21,-14],[28,-14],[12,-13],[8,-45],[10,-21]],[[55856,90463],[-2,-34],[-9,-114],[4,-30],[23,-18],[2,-47],[66,-1],[1,-4],[0,-157],[-3,-46],[-13,-30],[-2,-15],[12,-25],[5,-19],[-1,-63],[-1,-181]],[[55938,89679],[-1,-191]],[[55937,89488],[-1,-170]],[[55936,89318],[-1,-180]],[[55935,89138],[-1,-270]],[[55934,88868],[-92,-25],[-44,-13],[-14,-11],[-4,-16],[2,-45],[6,-67],[-6,-19],[-19,-5],[-13,10],[-7,21],[-7,-14],[8,-73],[11,-53],[-5,-45],[20,-85],[61,-183],[-1,-21],[3,-57],[3,-9]],[[57226,88395],[0,146],[1,217]],[[57227,88758],[57,1],[262,-6],[13,-15],[-1,-68],[4,-54],[-1,-137],[-6,-15],[0,-73]],[[57555,88391],[-26,0],[-246,4],[-57,0]],[[57822,89832],[1,-360]],[[57823,89472],[-101,0],[-93,2],[-162,3],[-46,-3],[-102,-10],[-61,-1],[-163,14],[-23,1],[-128,1]],[[56944,89479],[-91,110],[-24,40],[48,76],[-10,28],[-41,-13],[-10,32],[-12,19],[-10,32],[-16,9],[-28,9]],[[56750,89821],[0,24]],[[57022,89841],[130,3],[137,4],[269,-7],[264,-9]],[[57022,89841],[-72,-1],[-111,-3],[-22,7],[-67,1]],[[56750,89845],[3,360],[1,69]],[[56754,90274],[20,19],[27,-4],[7,-28],[24,-36],[31,-20],[12,1],[11,14],[13,4],[20,-15],[27,17],[9,15],[8,2],[21,-5],[30,7],[11,36],[-3,-440]],[[57085,71038],[-1,-181]],[[57084,70857],[0,-181]],[[57083,71391],[1,-44],[6,-24],[0,-17],[-5,-72],[0,-196]],[[57085,71038],[-91,0],[-15,-3],[-29,-11]],[[56921,71406],[31,-21],[1,-170],[-5,-17],[5,-21],[-6,-22],[4,-45],[-5,-17],[4,-18],[0,-51]],[[56950,71024],[-20,-2],[-73,1],[-59,16]],[[56679,71403],[-2,-365]],[[56921,71406],[-104,0],[-138,-3]],[[57084,71411],[-1,-20]],[[57083,71391],[-18,24],[-1,-13],[-143,4]],[[56549,70240],[-104,48],[-14,9],[-25,32],[-15,39],[-14,53]],[[56609,71038],[68,0]],[[56548,70674],[-1,75],[-8,14],[-37,1],[-70,0],[-81,1],[-41,6],[-32,2]],[[56410,71402],[0,-155],[18,-3],[34,-19],[64,-6],[8,-10],[-3,-20],[22,-48],[15,-47],[9,-16],[27,-23],[5,-17]],[[56609,71038],[-87,-1],[-113,3],[-108,1],[-26,1]],[[56313,71428],[-18,-22],[-7,-25],[-3,-26],[-13,-19],[-1,-10]],[[56680,71582],[-13,-2],[-15,-12],[13,-29]],[[56275,71042],[3,-269]],[[56278,70773],[2,-80],[1,-123]],[[56011,70898],[45,-55],[225,-273]],[[56281,70570],[29,-33],[46,-60],[9,-18],[12,-38]],[[56377,70421],[-5,-1]],[[75058,75015],[-94,0],[-263,-1],[-415,-1],[-223,-1],[-31,7],[-35,-6]],[[74918,81685],[-1,-40],[1,-88]],[[74514,81313],[-439,3],[-283,4],[-56,-69],[-30,-34],[-41,-43],[-50,-43],[-36,-26],[-51,-26],[-37,-15],[-64,-14],[-23,-4],[-236,-10]],[[56665,71539],[11,-33],[4,-28],[-1,-75]],[[56679,71403],[-137,-4],[-132,3]],[[56410,71402],[-95,1],[-2,25]],[[56313,71428],[21,18],[11,21],[28,15],[54,-4],[28,1],[20,-3],[21,-10],[29,2],[21,-7],[2,83],[48,-21],[24,0],[45,16]],[[73997,75013],[-24,-1],[-330,1],[-188,-1],[-604,-1],[-115,-1],[-614,1],[-40,-3],[-350,2],[-172,0],[-27,-1],[-336,-1],[-19,1],[-78,-2],[-88,1],[-20,-2],[-268,0],[-237,-1],[-121,0],[-289,-1],[-88,1],[-42,-2]],[[73189,83006],[-1,-69],[-2,-69],[-14,-1007],[-5,-360],[2,-380],[-1,-85]],[[73168,81036],[0,-322],[-1,-403],[1,-187],[0,-487],[-1,-318],[0,-325],[1,-93],[10,-40],[14,-34],[19,-4],[23,-30],[0,-18],[-17,-1],[5,-20],[15,0],[28,7],[2,-8],[-15,-34],[10,-8],[19,15],[6,0],[23,-34],[-3,-22],[4,-26],[6,-9],[22,1],[7,-11],[11,-30],[-7,-24],[9,-9],[0,-18],[-13,1],[-6,-8],[8,-52],[-4,-93],[4,-18],[3,-43],[15,-40],[13,-8],[18,1],[2,-14],[-9,-12],[-5,-15],[16,-20],[-2,-27],[11,-37],[14,-14],[-1,-27],[20,-20],[-4,-16],[4,-16],[-25,-22],[-13,-17],[1,-9],[18,-4],[-2,-17],[-18,-30],[17,-28],[17,-18],[0,-28],[9,-24],[-10,-20],[6,-7],[14,4],[4,-19],[-6,-18],[19,-4],[4,-13],[-5,-30],[12,-4],[11,9],[4,-11],[1,-30],[-5,-19],[11,-6],[19,7],[16,0],[2,-12],[-21,-7],[-4,-22],[15,-5],[2,-15],[12,-34],[4,-22],[-2,-12],[-15,-21],[-4,-21],[6,-15],[16,-1],[-5,-25],[11,-8],[2,-15],[16,-15],[23,-7],[5,-20],[-13,-7],[-24,17],[-6,-5],[7,-44],[15,-3],[-4,-26],[6,-5],[21,9],[-5,-19],[0,-29],[8,-5],[15,10],[10,-12],[-18,-31],[14,-11],[1,-17],[8,-18],[-4,-18],[0,-23],[-18,-23],[13,-9],[11,-26],[-14,-16],[-5,-16],[14,-1],[14,19],[12,4],[-7,-26],[-12,-19],[4,-13],[10,8],[8,-9],[-6,-31],[17,-3],[-7,-15],[-11,-9],[-8,-31],[0,-18],[13,-6],[-6,-16],[23,-20],[-4,-24],[13,-10],[0,-14],[-7,-19],[7,-15],[10,15],[10,-1],[4,-24],[8,-12],[-5,-44],[-4,-12],[12,-26],[0,-23],[27,-61],[17,-8],[-2,-40],[20,-1],[2,-16],[-21,4],[-2,-9],[19,-8],[7,-16],[14,10],[1,-44],[-15,18],[-25,-39],[25,-24],[17,-8],[14,-17],[-9,-12],[-9,11],[-5,-12],[6,-20],[-14,-11],[-1,-26],[-17,-12],[2,-10],[18,4],[0,-16],[-11,-13],[-18,-9],[-2,-8],[115,28],[11,-26],[8,-3],[29,15],[2,-10],[-16,-12],[-13,-16],[-7,-21],[5,-17],[20,1],[-9,-20],[1,-30],[-12,-7],[-1,-15],[18,-32],[15,-61],[11,-4],[21,4],[-17,-24],[-6,-29],[17,-5],[-12,-15],[-3,-15],[6,-21],[-14,-16],[3,-50],[-13,-32],[2,-14],[13,-30],[4,-24],[20,-33],[-7,-11],[-3,-55],[15,-31],[-5,-12],[13,-24],[6,-21],[0,-42],[4,-23],[0,-45],[-6,-23],[5,-32],[-4,-65],[-16,-22],[0,-41],[20,-6],[14,-9],[-2,-35],[-9,9],[-18,-8],[-9,7],[-4,-36],[24,4],[-8,-24],[36,-18],[-13,-13],[-1,-18],[8,-35],[-10,0],[0,-21],[34,-28],[12,-21],[-7,-12],[-14,21],[-10,-12],[4,-37],[-17,-1],[-3,-9],[7,-20]],[[76183,81864],[-25,-19],[-14,-2],[-31,5],[-30,-18],[-20,-6],[-29,-19],[-31,-53],[-20,-27],[-12,-10],[-14,-3],[-32,7],[-16,6],[-30,-9],[-31,-21],[-16,-7],[-58,-5],[-16,6],[-36,24],[-28,12],[-31,9],[-20,3],[-15,7],[-10,-1],[-41,-20],[-38,-24],[-17,-4],[-18,3],[-14,8],[-66,10],[-21,-6],[-8,-33],[-16,-10],[-19,3],[-28,29],[-10,4],[-38,-8],[-23,-16],[-54,-75],[-30,-16],[-106,-17],[-34,5],[-30,13],[-23,38],[-20,45],[-22,16],[-24,-3]],[[74918,81685],[-20,-6],[-35,7],[-8,6],[-19,37],[-27,36],[-24,16],[-18,6],[-17,1],[-34,-10],[-23,0],[-25,17],[-14,18],[-10,5],[-28,6],[-23,9],[-56,-20],[-19,-1],[-27,11],[-25,3],[-24,16],[-12,16],[-61,57],[-14,8],[-45,19],[-22,21],[-15,6],[-23,20],[-41,25],[-25,30],[-37,16],[-26,-1],[-9,3],[-7,21],[-10,-20],[-11,-11],[-30,35],[-8,17],[-28,30],[-38,21],[-16,-1],[-24,21],[-34,21],[-16,19],[-22,1],[-5,-8],[-36,3],[-33,9],[-11,7],[-26,30],[-19,35],[-41,41],[-14,21],[-42,41],[-12,15],[-9,32],[-6,38],[-16,34],[-10,57],[-10,9],[-40,13],[-13,11],[-48,68],[-17,54],[-10,13],[-29,24],[-14,18],[-33,7],[-33,16],[-22,-1],[-22,13],[-8,11],[-9,27],[-3,31],[-14,42],[-17,27],[-30,24],[-27,28]],[[73189,83006],[-17,12],[-10,-1],[-24,-11],[-19,6],[-59,9],[-63,-15],[-23,9],[-17,18],[-8,3],[-34,-5],[-13,13],[-6,27],[-17,5],[-6,10],[-8,43],[-20,36],[-42,29],[-42,36],[-34,33],[-12,2],[-31,-12],[-32,-4],[-13,7],[-24,20],[-8,11],[-26,23],[-12,8],[-27,2],[-22,26],[-36,18],[-36,27],[-18,24],[-7,37],[-8,13],[-37,23],[-17,22],[-12,34],[-11,21],[-11,10],[-40,16],[-30,21],[-24,25],[-17,36],[-21,28],[-19,39],[-16,30],[-12,8],[-34,13],[-27,15],[-5,-6],[-43,-12],[-21,-1],[-40,19],[-29,7],[-16,-1],[-31,-14],[-35,-1],[-22,-8],[-35,3],[-30,-5],[-9,2],[-28,20],[-20,3],[-13,-4],[-39,-33],[-30,-17],[-20,-2],[-17,-8],[-26,-3],[-26,-15],[-38,-15],[-27,-8],[-24,2],[-12,9],[-20,25],[-20,1],[-17,7],[-14,-1],[-18,-29],[-17,-3],[-17,-12],[-17,-45],[-23,-40],[-18,-20],[6,-7],[11,3],[12,-15],[2,-15],[-8,-7],[-10,9],[-21,2],[-12,-4],[-26,5],[-37,-26],[-26,-16],[-8,-11],[-36,13],[-45,42],[-24,-1],[-20,11],[-27,-3],[-16,-14],[-8,-35],[-11,-27],[-16,-19],[-28,-23],[-20,-8],[-30,-1],[-28,-13],[-9,-19],[-25,-35],[-6,-38],[-19,-19],[-5,-18],[-1,-36],[5,-58],[-6,-93],[-25,-87],[1,-41],[-5,-20],[-46,-17],[-33,-22],[-27,1],[-21,-9],[-12,4],[-27,-5],[-17,4],[-17,14],[-11,24],[-45,20],[-40,10],[-27,15],[-13,27],[-8,-3],[-38,-25],[-17,-6],[-28,4],[-28,-5],[-25,-20],[-8,-16],[-4,-29],[-14,-28],[-12,-47],[5,-10],[5,-32],[-6,-23],[-6,-5],[-25,-1],[-18,-15],[-15,-48],[-7,-11],[-8,-31],[-12,-16],[-40,-16],[-27,-3],[-20,7],[-30,-13],[-14,-19],[-19,-15],[3,-23],[-13,-2],[-7,9],[-28,-3]],[[75255,81315],[-1,-130],[-5,-12],[-7,-38],[-70,1],[-130,-2],[-68,0],[-94,-6],[-55,2],[-41,-1],[0,12],[-68,-6],[-68,-2],[-134,-2],[0,182]],[[74514,81313],[178,1]],[[76282,75016],[-158,1],[-186,-5],[-56,3],[-128,1],[-438,-1],[-258,0]],[[75058,75015],[-11,16],[-1,267],[0,302],[-3,1196],[0,38],[-1,343],[0,228],[3,1122],[1,256],[1,188],[2,351],[0,331],[31,27],[1,37],[12,3],[16,-12],[9,4],[10,39],[-2,8],[-17,3],[-6,29],[4,38],[23,5],[5,8],[-6,18],[0,24],[8,0],[20,-16],[13,11],[-8,23],[4,12],[17,1],[9,6],[9,22],[12,10],[-2,12],[-13,9],[1,12],[22,30],[19,14],[6,12],[28,11],[25,1],[16,19],[34,14],[28,0],[29,14],[52,-3],[12,-4],[13,10],[2,34],[25,-8],[12,8],[6,24],[-4,11],[-13,11],[-9,21],[-17,18],[9,24],[2,22],[17,5],[9,13],[9,-5],[4,-21],[20,9],[34,-3],[21,17],[-5,11],[-17,2],[-22,15],[-18,-16],[-4,20],[1,18],[15,29],[9,4],[12,-7],[15,5],[2,111],[10,28],[12,48],[2,22],[-7,44],[-18,22],[39,32],[20,5],[10,16],[14,11],[3,12],[-18,22],[2,19],[43,8],[18,-4],[14,7],[-11,38],[2,22],[-15,4],[0,34],[-21,47],[-6,31],[0,18],[8,3],[11,-20],[12,-31],[24,43],[27,-1],[-10,-42],[9,-31],[-6,-31],[2,-17],[10,-9],[11,3],[24,26],[34,20],[17,-11],[12,2],[23,13],[3,15],[-16,23],[8,23],[0,13],[-18,25],[15,9],[12,14],[1,25],[10,25],[27,18],[15,20],[37,7],[50,29],[14,15],[31,22],[20,19],[37,45],[7,19],[-13,18],[-30,-7],[-10,10],[-2,25],[8,13],[12,-4],[33,4],[9,17],[2,16],[-13,59],[10,22],[18,6],[63,1],[18,5],[3,32],[-12,21],[-23,21],[-11,17],[0,15],[7,27],[9,7],[25,6],[9,9],[8,17],[20,6],[9,-5],[17,-27],[20,5],[6,19],[-12,41],[-17,35],[-15,12],[-26,6],[-22,12],[-8,13],[1,16],[18,59],[-3,19],[-16,16],[-9,20],[-16,14],[-17,-4],[-19,5]],[[76183,81864],[3,4],[44,20],[32,9],[24,29],[57,45],[12,11],[27,37],[13,21],[10,7],[43,6],[47,13],[10,5],[16,20],[25,12],[29,23],[15,2],[31,28],[19,20],[16,11],[20,4],[29,2],[19,7],[26,18],[28,25],[22,26],[51,34],[14,6],[19,1],[50,-12],[45,1],[34,-10],[8,11],[35,-6],[24,10],[37,51],[30,16],[39,4],[20,10],[28,32],[9,38],[12,21],[28,26],[11,7],[29,-2],[36,16],[19,22],[32,22],[14,-1],[21,16],[12,14],[9,20],[24,16],[20,30],[35,26],[10,36],[30,33],[15,28],[33,25],[17,20],[34,11],[9,11],[4,17],[17,17],[47,25],[17,12],[49,54],[26,22],[36,20],[20,6],[63,-3],[33,0],[28,9],[26,20],[27,44],[20,24],[17,9],[30,8],[56,11],[25,1],[45,-4],[29,6],[19,8],[18,19],[8,27],[5,34],[13,15],[42,13],[12,6],[30,49],[7,38],[13,31],[21,25],[24,19],[14,18],[12,30],[3,19],[0,47],[19,50],[17,32],[15,48],[18,42],[14,29],[9,10],[40,25],[34,26],[53,33],[20,19],[23,16],[74,33],[44,11],[87,-1],[29,9],[26,2],[24,-1],[56,-1],[36,-13],[31,-3],[44,10],[12,9],[20,28],[4,24],[51,73],[40,79],[30,29],[11,17],[10,52],[14,25],[15,52],[9,19],[31,43],[10,34],[0,32],[-6,36],[-1,41],[-12,83],[-1,30],[4,31],[21,93],[21,27],[16,49],[16,23],[4,31],[15,30],[16,44],[-2,45],[2,10],[18,39],[31,15],[14,21],[8,27],[33,43]],[[79611,75020],[-89,-3],[-414,0],[-402,1],[-361,-1],[-79,0],[-8,-5],[-134,9],[-76,-1],[-11,-3],[-48,0],[-146,-2],[-164,1],[-167,0],[-51,1],[-96,0],[-2,-7],[-407,0],[-296,2],[-378,4]],[[76935,81430],[-19,-259],[-1,-19],[4,-444],[12,-17],[15,-10],[13,-19],[10,-4],[36,9],[38,-11],[12,-15],[19,6],[10,-4],[38,-27],[14,5],[22,26],[8,32],[7,13],[55,30],[27,11],[21,-3],[13,12],[7,-2],[16,-19],[11,-6],[20,2],[14,-12],[23,-49],[14,-8],[49,10],[18,9],[0,-212],[12,-19],[90,0],[18,-1],[106,1],[26,-8],[2,28],[16,17],[2,180],[-5,488],[-1,30],[14,74],[17,76],[25,-5],[6,21],[2,23],[-2,30],[-12,40],[-19,10],[-19,57],[5,200],[0,180],[-266,-7],[-261,-4],[-10,0],[-267,-6],[1,-316],[-1,-43],[-5,-71]],[[75255,81315],[-216,-1],[-255,1],[-92,-1]],[[74692,81314],[-19,77],[-27,96],[11,14],[13,-5],[157,-3],[90,1],[1,63]],[[74918,81557],[35,-7],[63,-3],[9,-9],[24,-2],[15,-6],[21,-14],[16,-6],[46,-4],[29,-6],[76,-29],[43,-12],[31,-6],[-3,-139],[-68,1]],[[56478,71943],[12,-39],[9,-21],[-8,-13],[-22,-5],[-10,-21],[-19,2],[-23,-21],[-12,-42],[-15,-14],[4,-13],[-19,-1],[-9,-25],[-22,-8],[-16,-16],[-17,-6],[-19,-41],[-16,-13],[42,-126],[-10,-30],[-6,-1],[-17,-33],[-1,-63],[-9,-41],[-9,-11],[-6,12],[-14,-22],[5,-13]],[[56753,70045],[-2,38],[-16,75]],[[56478,71943],[-222,3]],[[56179,72308],[0,-23],[8,-33],[-2,-14],[-29,-56],[-16,-47],[16,-15],[71,-73],[24,-31],[5,-37],[0,-33]],[[56256,71946],[-234,0],[-12,3]],[[57084,70676],[0,-135]],[[56884,70496],[-201,1]],[[56683,70675],[-4,191],[-2,172]],[[56677,71038],[121,1]],[[56798,71039],[4,-35],[25,-60],[4,-13],[-4,-19],[-12,-27],[2,-208],[127,0],[18,-3],[32,-12],[33,2],[20,11],[37,1]],[[57084,70541],[0,-383],[6,-53],[0,-46]],[[56884,70004],[0,492]],[[56884,70496],[0,45],[200,0]],[[56213,70300],[2,52],[8,31],[0,36],[149,1]],[[56372,70420],[10,-36],[0,-74],[8,-23],[25,-15],[0,-225]],[[57090,72833],[-2,-123],[0,-226]],[[56675,72127],[-45,-71],[-26,-37],[-14,-25],[-34,-51],[-28,-1],[-10,-4],[-4,11],[-14,-6],[-22,0]],[[56478,71943],[-3,21],[-3,71],[1,90],[4,180],[-194,5],[-104,-2]],[[56179,72308],[-168,0],[0,-266],[-1,-93]],[[56010,71949],[-33,-3],[-188,2],[-46,-1],[0,-133],[-12,-35]],[[56822,72485],[48,0],[91,-1],[127,0]],[[57088,72484],[-1,-360]],[[57087,72124],[-1,-253],[-1,-145]],[[57085,71726],[0,-144]],[[57085,71582],[0,-38],[5,-34],[-6,-20],[1,-38]],[[57085,71452],[0,-32]],[[57085,71420],[-1,-9]],[[57084,71411],[-23,73],[-25,97]],[[56709,72455],[-12,29]],[[55490,70306],[183,4]],[[54420,71639],[129,-19],[422,-62],[23,-6],[33,-18],[22,-20],[77,-75],[79,-89],[7,-6],[73,-52],[25,-9],[179,-25],[0,-86]],[[55490,70669],[0,-91],[-1,-93],[2,-77],[-1,-102]],[[55490,70306],[-67,1]],[[55033,70313],[-1,12],[-10,23],[-2,13],[0,204],[4,22],[9,15],[33,17],[13,11],[15,27],[7,7],[22,4],[79,1],[7,3],[77,-1],[24,-20],[14,0],[20,19],[12,1],[74,-2],[60,0]],[[57036,71581],[-43,-1],[-124,5],[-74,0],[-115,-3]],[[56680,71582],[0,91],[1,124],[2,78],[3,229],[-11,23]],[[56675,72127],[-6,24],[16,34],[2,15],[1,206],[6,22],[15,27]],[[56709,72455],[34,-105],[8,-21],[86,-206],[134,-316],[22,-63],[43,-163]],[[56271,71326],[4,-20],[0,-264]],[[56275,71042],[-77,1],[-191,1]],[[55738,71140],[0,195],[2,395],[-1,9],[-14,23],[6,17]],[[55731,71779],[25,-9],[5,-8],[17,-6],[9,-10],[17,-32],[8,-1],[6,-17],[18,-12],[11,-18],[-2,-13],[-22,-13],[-19,-4],[-3,-13],[-10,-8],[-14,1],[-11,-8],[17,-17],[14,-3],[28,-22],[-24,-24],[4,-13],[14,9],[37,4],[3,11],[15,5],[14,-13],[-1,-9],[-18,-23],[9,-12],[2,-18],[-14,-7],[-7,-27],[53,-42],[38,-8],[7,4],[48,-9],[40,-2],[23,-12],[33,-10],[49,-26],[40,-16],[34,12],[22,13],[-4,-21],[9,-14]],[[56251,71318],[20,8]],[[52174,68646],[0,31]],[[54439,72847],[-20,-89],[-7,-40],[-4,-69],[1,-164],[-1,-52],[0,-306],[1,-269],[-1,-140],[5,-52],[7,-27]],[[54420,71639],[5,-14],[50,-105],[39,-78],[13,-29],[6,-26],[9,-22],[-15,-170],[-30,-70],[-3,-52],[2,-27],[6,-21],[17,-33],[24,-34],[14,-27],[27,-88],[4,-26],[9,-84],[7,-27],[18,-31],[36,-43],[17,-29],[9,-35],[1,-71]],[[55673,70310],[0,90],[-3,17],[-24,50],[-3,16],[-1,54],[17,7],[40,1],[9,6],[6,18],[0,102]],[[55879,70313],[-19,-4],[-9,3],[-138,0],[-40,-2]],[[55490,70669],[0,178],[-1,325]],[[55489,71172],[52,-7],[197,-25]],[[55738,71140],[22,-3],[34,-11],[39,-22],[30,-29],[30,-36],[16,6],[98,-1]],[[56007,71044],[1,-83],[3,-63]],[[56011,70898],[2,-103],[0,-123]],[[55879,70671],[-165,0]],[[55714,70671],[-103,-2],[-121,0]],[[91272,99971],[399,1],[63,6],[201,-3],[444,-5],[4,-2],[188,6],[68,0],[11,-6],[186,1],[616,2],[176,3],[226,0],[169,-1],[423,1],[735,0],[54,-1],[208,1],[225,-6],[763,0],[45,3],[227,-2],[61,5],[141,-1],[157,-1],[194,0],[63,-2],[239,5],[211,-3],[116,-1],[9,3],[485,0],[380,1],[40,0],[44,-3],[224,1],[513,0],[67,-1],[198,0],[2,-81],[0,-2430],[1,-365],[-1,-176],[1,-326],[0,-627],[1,-893],[-1,-495],[1,-65],[0,-844]],[[56735,70158],[-115,51],[-71,31]],[[56549,70240],[0,278],[-1,156]],[[56548,70674],[135,1]],[[56683,70675],[0,-178]],[[56683,70497],[0,-120],[5,-29],[10,-32],[37,-158]],[[56213,70300],[62,-98],[8,-20],[11,-12],[51,-85],[5,-17],[0,-23]],[[56083,70313],[106,0],[24,-13]],[[55878,70041],[1,272]],[[56014,70314],[69,-1]],[[56083,70313],[-1,-81],[-1,-18],[0,-89],[2,-32],[0,-52]],[[56014,70314],[-135,-1]],[[55879,70313],[0,358]],[[55879,70671],[134,1]],[[56013,70672],[1,-187],[0,-171]],[[99848,85952],[-414,-6],[-134,-1],[-506,0],[-1275,-3],[-39,6],[-57,-5],[-34,3],[-363,-7],[-13,0],[-722,2],[-287,-1],[-28,0],[-234,1],[-349,3],[-62,-2],[-283,1],[-126,1]],[[95136,93664],[374,-1],[284,-1],[479,-4],[221,0],[142,-3],[212,-2],[246,0],[216,2],[88,0],[465,-2],[294,3],[23,0],[252,4],[1177,15],[69,1],[171,-6]],[[99849,93670],[-1,-802],[0,-798],[1,-314],[-1,-106],[0,-1307],[-1,-91],[1,-336],[0,-651],[-1,-143],[1,-225],[-1,-266],[0,-207],[-1,-36],[2,-77],[0,-362],[-1,-4],[0,-497],[4,-343],[-2,-124],[-1,-393],[0,-636]],[[93832,85931],[-272,-4],[-125,-3],[-84,0],[-301,-3],[-88,-2],[-89,0],[-145,-2],[-182,0],[-302,-2],[-235,-1],[-80,0],[-108,2],[-143,1],[-205,-1],[-80,-1],[-44,1],[-239,-2]],[[91303,93665],[305,1],[215,2],[242,1],[412,-2],[228,0],[125,2],[214,0],[198,-3],[156,-1],[648,-3],[298,-1],[260,-2],[270,5],[262,0]],[[95136,93664],[-4,-27],[1,-77],[3,-119],[4,-181],[0,-83],[4,-100],[8,-317],[6,-189],[68,0],[-9,-457],[-10,-359],[-4,-144],[-3,-37],[2,-41],[-3,-140],[-5,-361],[-4,-246],[-6,-384],[-1,-90],[-1,-157],[0,-207],[-225,0],[-21,2],[-28,8],[0,-513],[-2,-588],[0,-364],[1,-361],[1,-8],[2,-358],[2,-363],[2,-165],[3,-460],[0,-104],[3,-365],[2,-218],[0,-147]],[[94922,85944],[-263,-2],[-8,8],[-547,-11],[0,-4],[-272,-4]],[[56585,79320],[-80,-2],[-122,0]],[[54632,75349],[-78,1],[-56,1],[-60,0],[-24,-3]],[[56785,78799],[0,165],[-96,-1],[-15,4],[-20,17],[-2,15],[-33,16],[-32,26],[0,186],[-2,11],[0,82]],[[56383,79318],[-1,-452]],[[56382,78866],[-47,29],[-37,17],[-22,-4],[-13,-25],[-16,-10],[-15,1],[-36,45],[-13,12],[-15,23],[-44,48],[-27,1],[-30,16],[-32,42],[-1,35],[-21,22],[-34,11]],[[55978,79321],[0,363]],[[56183,79320],[-205,1]],[[56383,79318],[-83,1],[-117,1]],[[56183,79320],[0,91],[-4,272]],[[56386,79683],[-3,-348],[0,-17]],[[54439,72847],[-90,-7],[-266,-2],[-14,5],[-65,-5],[-188,-8],[-344,8],[-112,-3]],[[54141,74486],[-4,-5],[0,-201],[68,0],[23,28],[18,1],[4,-18],[4,-32],[35,-21],[20,7],[15,-3],[6,17],[16,12],[35,0],[17,10],[7,18],[1,65],[5,11]],[[56179,79683],[-201,1]],[[56076,74275],[1,20],[-55,3],[1,64],[-2,53]],[[56377,75356],[0,-343],[1,-26]],[[55976,74986],[-1,12],[1,182],[-1,169]],[[54393,75989],[-12,-27],[-19,-21],[-53,-10],[-46,0],[-26,-2],[-30,-11],[-46,-27]],[[54170,74990],[15,-26],[26,-27],[245,-249],[45,-40]],[[54088,74986],[98,-245],[17,-28],[9,-11],[40,-33],[20,-24],[12,-22]],[[54284,74623],[-28,-30],[-24,-20],[-27,-54],[-7,-9],[-57,-24]],[[54141,74486],[-17,-13],[-17,-5],[-10,-17],[-19,-18],[-7,-15],[-10,-7],[-15,-46],[-30,-40],[-22,-16],[-16,6],[-21,-14],[-17,8],[-3,9],[-23,21],[-20,7],[-29,14],[-37,-2],[-12,-26],[-25,-33],[-17,-7],[-29,-6],[-27,-13],[-19,0],[-11,-7],[-20,-23],[-43,-21],[-31,-12],[-12,3],[-27,21],[-17,-4],[-15,9],[-5,14],[-23,15],[-4,35],[-15,-13],[-12,5],[-5,34],[-7,17],[-3,22],[-18,15],[-6,12],[-28,7],[-17,9],[-22,1],[-24,26],[-20,27],[-26,16],[-27,3],[-10,-4],[-17,5],[-20,16],[-31,20]],[[56179,80048],[-165,1],[-39,0]],[[55577,81495],[145,-2],[254,-2],[12,13],[18,0],[268,-8],[37,3],[103,0],[5,2],[180,3],[61,-2],[286,5],[112,2]],[[56382,78866],[29,-25],[14,-3],[14,7],[27,5],[19,-9],[18,9],[9,-6],[22,7],[32,3],[13,6],[20,-4],[13,4],[32,-12],[25,2],[20,-7],[34,-5],[32,-23],[30,-16]],[[56785,78799],[33,-9],[34,-4],[13,-8],[17,2],[20,17],[16,-16],[16,-2],[9,15],[25,-3],[20,6],[14,0],[25,-13],[28,-5]],[[55978,78421],[90,0],[68,-2],[78,-2],[50,4],[58,0],[63,7],[-2,57],[-1,381]],[[55975,80049],[2,-6],[2,-167],[-1,-4],[0,-188]],[[55978,79684],[-138,0],[-49,1],[-152,0]],[[55307,80051],[66,-1],[186,0],[147,1],[123,-1],[103,-1],[43,0]],[[55979,78556],[-1,-135]],[[55978,78421],[-1,-159],[-1,-111],[1,-271],[-3,-78],[-4,-256],[-1,-254],[1,-132],[3,-363]],[[55132,77198],[36,57]],[[56386,79683],[-207,0]],[[56179,79683],[2,186],[-2,179]],[[56179,80048],[154,0],[52,2]],[[54559,74601],[-1,19],[-9,9],[-5,21],[-1,50],[1,216],[-1,17],[-10,45],[11,7]],[[54544,74985],[89,0]],[[53656,75353],[49,22],[-5,24],[31,5],[9,10],[56,20]],[[53826,74984],[-81,0],[-25,-11],[-13,-11],[-6,6],[5,27],[-18,48],[-9,11],[2,30],[-13,13],[0,40],[-10,18],[-9,-2],[-6,-17],[-3,-29],[-9,-15],[5,-17],[17,-15],[1,-28],[-6,-5],[-27,12],[-3,-12],[-20,1],[-11,-29],[-5,17],[-3,26],[-7,-2],[0,-23],[-14,-17],[-20,-2],[-4,-9],[-24,-11],[-41,-48],[-20,-9],[-11,-10]],[[54526,76256],[116,163],[24,36],[161,257],[122,194]],[[54949,76906],[183,292]],[[55132,77198],[34,-34],[-1,-83],[-2,-264],[0,-21],[137,-1]],[[54935,76252],[-4,29],[-12,40],[-23,19],[0,94],[33,1],[19,4],[22,15],[9,24],[89,46],[20,24],[7,20],[0,19],[-29,57],[-5,19],[-8,86],[1,26],[-5,18],[-69,68],[-12,22],[-12,2],[-7,21]],[[53053,81506],[15,3],[107,2],[13,3],[69,2],[122,3],[304,12],[36,3],[171,-5],[57,-3],[59,0],[77,-2],[55,0],[19,-3],[54,0],[47,-2],[204,-8]],[[54462,81511],[30,-2],[125,-8],[178,-5],[12,-2],[106,0],[131,-3],[13,7],[11,-7],[180,0],[22,5],[14,-5],[156,2],[9,2],[41,-2],[87,2]],[[55577,81495],[4,-44],[-7,-49],[-10,-23],[-15,-22],[0,-12],[19,-17],[4,-14],[-5,-187],[2,-352],[-125,-2],[-132,1],[-3,-8],[0,-202],[-1,-212],[-1,-224],[0,-77]],[[55307,80051],[0,-162],[-2,-202]],[[54633,74985],[-1,284],[0,80]],[[55303,75347],[2,-183],[-2,-49],[1,-96],[1,-33],[46,0],[-7,-333],[104,1],[38,1]],[[55501,74298],[12,-25],[3,-16],[1,-172]],[[54811,74398],[0,328],[5,99],[0,53],[-4,27],[-1,79],[-178,1]],[[48543,75575],[46,99],[80,138],[39,22],[8,21],[0,21],[7,35],[20,38],[2,20],[-7,22],[4,34],[7,27],[-4,16],[5,19],[10,15],[1,23],[-14,22],[-23,12],[-9,-2],[-7,15],[-16,10],[-24,44],[-6,-1],[-9,20],[-7,50],[-12,20],[-29,12],[-5,24],[-28,66],[-4,22],[23,39],[12,49]],[[53279,77636],[18,-7],[4,11],[-10,29],[9,35],[9,9],[35,-3],[31,6],[33,-8],[22,8],[22,-2],[12,5],[16,15],[3,19],[-4,17],[-22,61],[1,26],[8,17],[6,24],[-2,76],[5,57],[4,23],[8,22],[12,24],[6,40],[25,15],[6,10],[11,35],[22,45],[22,23],[36,17],[13,1],[29,-8],[30,7],[64,20],[24,6],[35,4]],[[53821,77836],[0,-26],[7,-85],[0,-29],[-4,-74],[0,-48],[2,-89],[-2,-82],[-1,-415],[-7,-47],[-21,-73],[-8,-39],[3,-26],[27,-156],[4,-15]],[[53618,76046],[10,-46],[-3,-27],[-7,-102],[0,-69],[40,-90],[-31,-97],[-3,-40],[2,-18],[-8,-40],[18,-6],[-3,-14],[-9,-8],[12,-26],[2,-30],[16,-25],[2,-55]],[[53656,75353],[-30,-31],[-22,-6],[-17,4],[-18,12],[-12,3],[-13,-16],[-5,-25],[-16,-14],[-42,5],[-20,-14],[-11,-2],[-12,12],[-6,21],[-9,15],[-28,34],[-10,7],[-17,-11],[-9,-31],[-11,-16],[-13,-2],[-30,16],[-15,29],[-10,8],[-30,-4],[-24,16]],[[48215,73298],[8,22],[-37,-11],[-15,-1],[-25,12],[-15,2],[-17,9],[-10,14],[-13,29],[-30,49],[-43,29],[-9,22],[-15,19],[-26,24],[-8,29],[4,40],[13,34],[11,22],[-15,48],[-10,7],[-12,31],[0,11],[10,25],[35,46],[26,13],[8,14],[4,19],[-1,26],[7,22],[43,49],[-44,23],[-2,81],[-11,18],[-2,28],[8,42],[-2,33],[-14,36],[-7,14]],[[48009,74228],[9,31],[11,79],[7,31],[29,58],[1,16],[19,24],[-6,22],[-1,29],[7,31],[-2,12],[-34,58],[20,51],[-2,39],[4,17],[29,47],[11,32],[-1,44],[-26,-4],[-41,14],[-16,8],[-17,14],[-14,34],[0,55],[10,34],[-1,43],[-7,29],[9,19],[9,36],[19,24],[-19,37],[-3,22],[10,43],[-7,12],[2,59],[-3,16],[3,26],[11,10],[15,0],[21,-22],[47,-23],[21,1],[16,-4],[35,13],[32,31],[18,10],[62,17],[19,-9],[24,-5],[35,4],[44,0],[13,23],[7,24],[20,18],[19,11],[28,8],[34,14],[17,12],[-13,22],[0,50]],[[48543,75575],[26,-2],[43,-12],[37,-12],[67,-30],[29,-1],[9,7],[17,46],[20,27],[13,4],[66,50],[42,15],[11,9],[27,44],[29,22],[14,6],[17,-5],[36,-24],[29,1],[13,-11],[18,-2],[17,16],[42,22],[56,-45],[29,-2],[42,8],[8,-16],[13,-2],[31,12],[75,-12],[14,8],[35,-1],[70,-7],[48,5],[30,-13],[22,19],[13,-6],[10,-12],[46,-11],[7,20],[14,17],[9,-4],[30,-33],[9,-16],[10,-5],[14,-23],[7,-18],[25,-24],[7,-21],[9,-9],[11,-39],[0,-28],[-3,-21],[4,-10],[0,-25],[-3,-44],[1,-30],[6,-18],[19,-9],[18,-16],[27,-41],[18,-14],[18,-5],[12,-22],[15,-7],[13,20],[2,28],[15,7],[19,-3],[29,23],[8,2],[75,2],[23,8],[9,-1],[18,-20],[11,-1],[11,9],[25,9],[10,18],[2,15],[-1,49],[3,16],[12,29],[1,19],[-12,83],[-13,27],[5,25],[-5,28],[3,59],[3,9],[21,17],[9,-1],[44,-34],[11,1],[54,23],[18,5],[4,15],[-10,46],[0,23],[7,11],[53,-44],[10,-14],[13,-34],[3,-25],[-3,-36],[0,-24],[6,-24],[19,-52],[17,-30],[19,-18],[23,13],[28,3],[14,-9],[15,-24],[28,-15],[40,-3],[31,-11],[32,5],[49,15],[30,19],[20,17],[7,29],[27,41],[19,18],[20,0],[34,13],[29,26],[19,8],[19,25],[22,3],[13,-4],[37,-16],[12,-24],[3,-37],[10,-15],[27,-9],[8,-7],[12,-25],[25,8],[31,2],[24,5],[20,-4],[28,-9],[26,5],[27,-31],[19,-3],[24,19],[16,2],[17,-11],[20,5],[6,-8],[2,-25],[11,-13],[10,-4],[13,10],[22,41],[51,57],[12,9],[25,27],[12,6],[28,-8],[12,-19],[7,-1],[24,14],[44,-1],[27,6],[15,-16],[12,17],[-11,12],[-22,1],[-20,-7],[-50,5],[-10,-4],[-36,24],[-26,4],[-19,-11],[-18,-22],[-10,-4],[-14,8],[-20,51],[30,47],[-1,22],[-13,2],[-37,-10],[-6,8],[8,34],[1,20],[-7,8],[-17,4],[-5,17],[-9,6],[-16,1],[-5,24],[-8,5],[-22,-1],[-12,4],[-19,-8],[-10,-19],[-9,-6],[-21,16],[-10,4],[-9,-7],[-5,-28],[-25,-18],[-5,9],[2,22],[-6,8],[-51,-22],[6,25],[15,11],[15,23],[-7,13],[-26,-7],[-12,1],[-34,14],[-13,2],[-16,-8],[-11,-12],[2,28],[24,11],[20,4],[30,-4],[50,13],[29,15],[40,-27],[70,14],[36,-2],[32,-8],[20,-13],[43,-9],[20,-1],[36,-28],[15,-6],[31,-3],[28,-6],[43,10],[8,4],[35,32],[27,37],[67,53],[180,-65],[19,-20],[25,11],[13,0],[30,21],[62,15],[23,9],[27,15],[38,9],[39,15],[12,-1],[25,9],[17,17],[11,6],[18,0],[20,18],[-1,31],[3,11],[16,22],[5,20],[16,7],[8,31],[19,12],[31,54],[11,13],[28,11],[9,-23],[24,2],[5,-11],[-3,-43],[11,-19],[-5,-26],[21,-17],[16,2],[15,-29],[1,-14],[-12,-45],[14,-29],[10,-3],[18,6],[11,-12],[17,-6],[11,6],[11,-19],[36,-8],[29,-10],[19,-53],[6,-5],[17,10],[5,17],[-8,27],[7,4],[11,-13],[12,-3],[0,-21],[7,-9],[13,0],[12,-9],[10,1],[0,-21],[7,-17],[18,-3],[15,-11],[10,-1],[20,-33],[16,-4],[1,-23],[-29,-34],[-3,-19],[6,-11],[19,0],[10,-11],[1,-17],[15,-11],[2,-31],[12,-8],[8,-18],[20,-18],[20,7],[18,-11],[14,8],[31,-15],[6,-15],[5,-27],[9,-10],[12,-45],[13,-22],[10,-39],[11,-23],[7,-35],[7,-19]],[[53226,75363],[-30,-3],[-10,-23],[9,-17],[15,-7],[8,-19],[-5,-14],[-20,-25],[-1,-14],[7,-32],[14,0],[3,-23],[15,-23],[-1,-13],[16,-8],[14,10],[3,-13],[-5,-19],[1,-22],[17,-23],[41,-25],[20,-25],[19,10],[19,-16],[10,13],[9,-31],[8,-6],[4,-36],[-11,-4],[1,-24],[-9,-1],[-4,-13],[18,-7],[26,7],[11,-6]],[[53438,74911],[-9,-13],[-20,-14],[-3,-13],[16,-12],[5,-29],[-8,-10],[-26,-20],[-33,-13],[-13,-20],[-12,10],[-30,-22],[-14,-3],[-8,-43],[-1,-18],[3,-47],[-25,-28],[-7,-13],[5,-12],[-9,-17],[-23,-15],[-22,-24],[-21,-14]],[[53183,74521],[-48,-29],[-38,-6],[-7,-40],[-6,-12],[-12,-48],[-17,-17],[2,-37],[-7,-32],[-15,-27],[1,-34],[-5,-12],[-11,-7],[-5,-15],[12,-12],[-6,-20],[12,-25],[-10,-19],[5,-26],[-1,-17],[-7,-28],[-6,-43],[11,-29],[0,-49],[10,-14],[6,-38],[23,10],[13,-8],[3,19],[18,0],[15,-12],[4,-11],[9,19],[29,-17],[29,-10],[17,4],[16,-35],[-2,-8],[14,-32],[9,-4],[21,0],[15,6],[10,-6],[4,-20],[24,-37],[-4,-21],[14,-29],[-3,-23],[6,-12],[17,-6],[4,-21],[-1,-29],[16,-21],[0,-11],[-15,-15],[18,-52],[6,-36],[5,-14],[2,-29],[-2,-13],[-10,1],[-11,-10],[-3,-20],[15,-11],[18,10],[32,-12],[26,-23],[13,-20],[-10,-21],[-21,42],[-12,12],[-27,11],[-4,-11],[-11,-4],[-14,-21],[-13,-28],[-19,-20],[-11,-29],[-17,-15],[-2,-19],[5,-18],[-1,-13],[-13,1],[-15,-21],[0,-23],[-17,-5],[-11,-51],[6,-38],[-2,-22],[9,-19],[3,-24],[94,-141],[8,-14]],[[53360,72835],[-354,-2],[-164,-6],[-97,-2],[-148,-5],[-63,0],[-18,-2],[-304,-8],[-37,0]],[[55233,77788],[-201,0],[-2,3],[0,83],[-3,4],[-360,0],[-294,2],[-217,0],[-1,-83],[-4,-8],[-85,-1],[-111,1],[-2,42],[-3,4],[-129,1]],[[53821,77836],[0,339],[1,140]],[[53822,78315],[-1,59],[1,311],[5,38],[14,39],[88,147],[41,54],[14,39],[9,54],[10,30],[31,48],[35,81],[52,96],[26,36],[40,45],[26,39],[11,31],[18,91],[3,24],[0,54],[5,31],[9,35],[20,-4],[117,-1],[29,-1],[195,-1],[24,18],[52,6],[13,-5],[19,-17],[11,-3],[296,0],[229,-2],[41,-25]],[[53796,75434],[-12,56],[1,35],[-11,34],[-1,69],[2,20],[49,1]],[[53822,75244],[-5,13],[-12,60],[3,38],[-8,42],[-4,37]],[[51213,81448],[38,1],[268,-17],[162,-8],[35,0],[27,-3],[164,-6],[204,-6],[162,2],[224,85],[292,13],[94,0],[16,-3],[154,0]],[[53053,81506],[-11,-204],[12,-28],[0,-11],[-17,-116],[-25,-347],[-258,-2],[2,-319],[1,-36],[268,-6],[0,-12],[-14,-336],[557,-8],[8,-35],[-12,-54],[-29,-591],[-261,14],[3,-255],[-1,-204],[2,-74],[9,-99],[11,-189],[5,-109],[4,-149],[-19,-79],[3,-82],[1,-86],[-13,-453]],[[53279,77636],[-28,2],[-10,-7],[-18,-25],[-15,2],[-10,10],[-14,2],[-19,-3],[-10,4],[-20,30],[-19,0],[-8,6],[1,17],[-20,8],[-19,15],[-16,-3],[-11,-33],[4,-13],[1,-31],[-7,-20],[-21,-15],[-20,-34],[-32,-15],[-16,12],[2,26],[-7,9],[-30,5],[-7,15],[-27,21],[-28,31],[-12,6],[-39,0],[-23,20],[-5,27],[-10,12],[-16,5],[-21,-3],[-13,-17],[-26,-25],[-14,-2],[-14,15],[-36,-5],[-83,3],[-14,-4],[-6,64],[-15,10],[-163,145],[-36,33],[-47,-15],[-34,106],[-5,28],[-21,58],[16,17],[-2,25],[-20,-5],[-5,14],[5,21],[-46,-33],[-14,25],[-14,17],[-20,12],[-25,29],[-20,13],[-26,33],[-19,32],[1,18],[-10,42],[-10,18],[-7,43],[-48,3],[-8,11],[-16,-19],[-26,-7],[-20,15],[-14,2],[-37,24],[-11,-25],[-22,-6],[-15,9],[-5,-22],[-28,-25],[-11,-39],[-28,-35],[-1,-35],[-18,-33],[-5,-37],[-21,-55],[-8,-28],[-43,-38],[-1,-25],[-58,-5],[-20,-19],[-14,-4],[-22,0],[-17,-12],[-29,-8],[-46,20],[-11,10],[-8,14],[-22,17],[-13,-20],[-37,20],[-35,13],[-13,9],[-40,4],[-58,17],[-44,-8],[-22,-1],[-11,-10],[22,-22],[9,-24],[-3,-38],[-9,-18],[-48,-50],[-12,-15],[-29,-46],[-7,-28],[2,-62],[-5,-19],[-29,-86],[-3,-6],[-53,-68],[-20,-29],[-6,-21],[-31,-11],[-4,-8],[-1,-33],[-14,-21],[-29,-10],[-11,-17],[-16,-53],[-22,-31],[-7,-35],[-19,-8],[-13,-23],[-10,-3],[-11,8],[-6,-5],[-3,-22],[-14,-15],[-49,-27],[-25,-1],[-53,-21],[-15,9],[-17,-1],[-27,-24],[-25,-7],[-13,2],[-22,-10],[-40,9],[-12,8],[-25,2],[-24,23],[-36,-4],[-23,-4],[-30,-23],[-10,8],[-18,3],[-52,-18],[-21,-12],[-28,1],[-28,-18],[-25,-6],[-11,-19],[-58,-35],[-56,-17],[-29,-24],[-9,-16],[-21,-8],[-39,23],[-12,-6],[-27,9],[-19,1],[-6,-13],[-15,-8],[-10,-32],[-16,-41],[-28,-5],[-8,-26],[-26,-30],[-12,-7],[-18,-2],[-13,6],[-15,17],[-20,3],[-53,-27],[-4,-23],[-24,-15],[-10,2],[-18,-17],[-48,-41],[-35,-54],[-30,-35],[-45,-26],[-14,-12],[-20,-5],[-18,1],[-30,8],[-14,-14],[-18,3],[-17,-12],[-30,17],[-11,-12],[-22,-3],[-15,27],[-19,1],[-13,14],[-12,-3],[-24,15],[-13,0],[-22,-10],[-54,-39],[-7,-10],[-31,-20],[-12,-21],[-24,1],[-9,-20],[-20,-9],[-30,-55],[-32,-14],[-22,-28],[-29,-10],[-16,6],[-15,33],[-2,25],[-21,11],[-23,-2],[-45,-37],[-18,-9]],[[48603,76527],[15,58],[8,6],[4,17],[46,40],[6,0],[18,26],[5,0],[36,-21],[-26,71],[-3,17],[0,64],[30,7],[22,26],[27,13],[5,14],[5,38],[-2,54],[4,19],[19,30],[-15,8],[-19,34],[-6,42],[13,11],[1,14],[-6,25],[4,16],[20,29],[0,24],[-7,21],[-4,43],[2,18],[-4,31],[2,41],[18,-1],[17,32],[-2,21],[-21,23],[-3,18],[-21,30],[-9,23],[-8,29],[6,17],[1,38],[-8,57],[3,16],[11,16],[-5,25],[5,10],[4,37],[11,51],[15,9],[28,-3],[23,17],[1,34],[11,38],[21,35],[16,5],[-24,43],[0,11],[9,31],[-17,36],[9,37],[30,59],[-9,15],[-20,13],[-15,17],[-12,32],[-2,44],[4,26],[-3,33],[10,39],[-1,33],[-10,16],[-34,8],[-24,18],[-18,32],[2,60],[3,34],[-3,34],[-5,11],[-12,9],[-24,8],[-41,22],[-23,4],[-20,11],[-10,-2],[-21,13],[-15,15],[-3,21],[3,19],[-20,-8],[-26,2],[-52,11],[-25,7],[-5,7],[-8,34],[-19,26],[-29,19],[-16,44],[-31,2],[-16,4],[-25,15],[-19,23],[-4,40],[7,33],[-33,32],[-10,5],[-7,24],[-1,26],[-5,18],[2,27],[25,25],[1,28],[17,25],[20,7],[-17,24],[-2,38],[-5,30],[-16,17],[9,49],[12,17],[-36,39],[-14,38],[-3,34],[4,16],[15,22],[5,13],[-1,30],[-4,19],[-9,8],[-17,-2],[-19,3],[-24,16],[-18,24],[-12,29],[1,41],[-3,20],[6,19],[-6,31],[3,94],[-2,12],[10,27],[8,30],[-18,54],[0,16],[18,16],[16,6],[22,31],[18,32],[2,12],[20,27],[5,13],[-2,21],[-7,26],[5,17],[-4,45],[13,36],[-10,24],[-5,62],[14,57],[12,17],[25,8],[26,-4],[19,-10],[12,14],[-20,20],[-31,35],[-19,18],[-6,22],[7,39],[11,24],[0,11],[-10,25],[3,19],[14,23],[-1,28],[18,13],[14,19],[10,24],[1,28],[-2,19],[-11,25],[-3,29],[7,33],[41,98],[-1,18],[20,29],[8,20],[-1,50],[1,29],[8,20],[10,6],[74,-2],[47,1],[33,-7],[40,10],[18,11],[-48,36],[-34,38],[-15,20],[-5,14],[0,75],[-7,31],[-20,33],[-3,16]],[[48536,81476],[160,1],[91,-1],[141,2],[114,3],[119,0],[198,7],[206,9],[271,5]],[[49836,81502],[35,0],[114,-1],[173,-5],[24,-2],[34,2],[116,-7],[381,-18],[74,-14],[130,0],[199,-4],[97,-5]],[[55303,76301],[-2,199],[-1,114],[0,181]],[[55300,76795],[267,0],[117,-1],[289,3]],[[83686,90397],[-36,10],[-17,10],[-133,97],[-74,54],[-60,-143],[1,-13],[-15,-36],[-4,4],[-19,-47],[-3,2],[-2,132],[-2,112]],[[61890,85118],[0,-156]],[[83322,90579],[-19,-18],[-58,-45],[-20,-10],[0,-6],[-25,-1],[-2,-15],[-95,-72],[0,-35],[-29,-2],[-13,-16],[0,21],[-59,-45],[-34,-24],[-56,-36],[-54,-43],[-92,-65],[-55,-45],[-110,-81],[-58,-45],[-82,-51],[-86,-49],[-15,-11],[-159,-89],[-52,-32],[-43,-23],[-126,-77],[-12,-5],[-131,-81]],[[84052,92051],[-175,-413],[-20,-31],[-21,-19],[-16,-22],[-5,-19],[-6,-37],[-6,-28],[-28,-69],[-40,-94],[-81,-193],[-53,-126],[-23,-55],[-19,3],[-108,-3],[0,-23],[-135,-5],[0,-79],[6,-259]],[[84564,92853],[-136,-2],[-11,-12],[-15,16],[-63,-125],[-10,-23],[-245,-580],[-32,-76]],[[84052,92051],[-202,-5],[-8,4],[-121,-5],[-129,-9],[-10,-4],[-19,-42],[-51,-27],[-6,-1],[-63,23],[1,47],[-273,-6],[1,-343],[-4,-21],[-305,-7],[-17,-8],[-160,-19],[-38,-3],[-196,1],[-69,-1],[-256,2],[-151,2],[-139,0],[1,-74],[1,-276],[1,-44],[-2,-75],[-1,-126],[-1,-96],[1,-190],[-1,-214],[-5,-163],[-1,-146],[-2,-6],[-24,-24],[-8,-17],[34,0],[5,-249],[2,-190],[0,-161]],[[81837,89578],[0,-122],[12,-376],[-1,-32],[36,-13],[17,-1],[6,-9],[-1,-19],[-7,-9],[6,-16],[-9,-30],[8,-31],[9,-9],[22,-2],[30,7],[9,8],[11,31],[-10,39],[-22,36],[8,14],[21,6],[3,47],[9,3],[15,-23],[22,-26],[26,-40],[20,-40],[6,-24],[-3,-33],[4,-63],[9,-30],[17,-6],[10,14],[3,34],[14,24],[5,45],[8,17],[31,21],[10,16],[14,40],[13,15],[19,15],[17,-2],[8,-8],[5,-19],[-9,-47],[8,-14],[28,16],[22,0],[24,4],[9,14],[-12,42],[2,13],[22,16],[5,10],[1,34],[18,20],[17,-10],[9,-22],[16,-15],[49,-28],[12,1],[1,24],[10,22],[15,5],[29,-16],[15,-17],[1,-11],[-6,-31],[9,-32],[-6,-14],[-20,-32],[0,-24],[6,-12],[21,-20],[7,-11],[14,-8],[30,2],[10,4],[22,25],[10,20],[-2,16],[-16,32],[4,10],[12,3],[9,17],[-1,24],[-16,16],[2,11],[29,15],[12,-3],[14,-18],[1,-15],[-16,-21],[-5,-26],[4,-13],[19,-20],[12,2],[21,20],[19,3],[37,-9],[13,-31],[2,-46],[4,-29],[13,-16],[14,12],[2,23],[-2,31],[8,21],[0,24],[-13,23],[12,37],[19,21],[-3,12],[-24,2],[1,13],[10,9],[15,-2],[22,-25],[8,-39],[16,-19],[6,9],[-11,34],[-8,34],[-4,29],[-5,8],[-22,9],[-6,14],[6,10],[17,7],[15,0],[22,-12],[12,-18],[15,-51],[17,-23],[15,-1]],[[79705,85861],[2,527],[-9,23],[-2,172],[0,3],[2,178],[-6,181],[-2,180],[-1,5],[-1,176],[-3,169],[1,32],[-3,218],[-4,302],[-337,-2],[-30,-2],[-139,5],[-576,3],[-271,-3],[-62,1],[-214,-3],[-3,4]],[[91291,97037],[3,-240],[2,-238],[5,-1808],[1,-840],[1,-224],[0,-22]],[[91303,93665],[1,-240],[2,-218],[3,-640],[-197,-4],[0,-477],[-4,-560],[-2,-474],[-2,-249],[-2,-241],[-3,-287],[0,-132],[1,-211],[1,-388],[0,-128],[2,-226],[2,-278],[0,-94],[1,-362],[1,-71],[0,-288],[-1,-33],[1,-73],[-1,-228],[1,-33],[-1,-64],[2,-529],[-1,-151],[1,-214],[0,-230],[2,-173],[0,-455]],[[91110,85914],[-100,1],[-154,-1],[-10,2],[-261,2],[-11,-3],[-387,1],[-26,0],[-244,-1],[-202,2],[-194,-4],[-51,0]],[[89470,85913],[-65,1],[-134,1],[-173,-1],[-85,-1],[-81,0],[-268,-2],[-178,-2],[-126,0],[-353,1],[-150,-1],[-263,-4],[-145,-1],[-40,-1],[-89,-1],[-38,1],[-124,-3],[-96,-1],[-26,-3],[-121,-1],[-142,-2],[-62,0],[-185,-3],[-94,0],[-218,-2],[-280,-5],[-486,-8],[-38,0],[-264,-3]],[[83108,85854],[-2,251],[-5,418],[-1,54],[-7,51],[-11,50],[-12,35],[-58,141],[-19,42],[-18,32],[-27,37],[-37,39],[-135,126],[-36,39],[-24,34],[-21,38],[-22,54],[-109,347],[-10,34],[-5,41],[-2,414],[-2,170],[-7,84],[-18,72],[9,20],[19,29],[13,4],[8,13],[0,13],[11,14],[29,6],[24,11],[22,22],[39,8],[25,22],[20,6],[15,0],[14,14],[20,29],[25,12],[7,9],[-4,25],[11,8],[5,13],[0,36],[15,5],[5,18],[17,-2],[7,23],[13,2],[7,22],[9,19],[16,10],[4,12],[3,40],[5,20],[16,22],[17,10],[7,32],[8,19],[0,26]],[[82981,89049],[17,6],[12,12],[9,33],[13,8],[0,20],[11,24],[-1,11],[-9,39],[1,7],[23,25],[2,23],[22,17],[13,4],[6,10],[-3,16],[6,28],[10,10],[15,5],[7,12],[4,29],[10,20],[-4,33],[21,22],[3,18],[15,2],[34,23],[20,33],[27,11],[9,10],[11,-5],[17,11],[7,18],[8,51],[3,32],[10,20],[-9,26],[1,19],[11,25],[14,20],[12,10],[19,37],[17,18],[17,9],[17,26],[-2,12],[12,17],[23,12],[6,13],[19,15],[10,1],[16,18],[18,8],[9,13],[7,42],[5,10],[22,13],[22,39],[15,10],[13,17],[-3,32],[4,34],[9,12],[8,27],[1,25],[9,31],[-20,-15],[-10,-18],[-6,13],[6,16],[3,26],[7,11],[25,12],[26,28],[15,35],[-12,11]],[[83686,90397],[1,16],[11,26],[2,14],[19,41],[18,12],[10,14],[18,18],[1,26],[-19,61],[-3,33],[9,44],[1,26],[8,23],[1,35],[-4,31],[-8,25],[-3,40],[3,13],[13,19],[4,42],[10,13],[13,28],[15,43],[8,32],[-1,33],[9,25],[0,25],[15,45],[33,46],[21,55],[21,25],[10,4],[17,-5],[23,5],[13,30],[14,9],[24,0],[19,17],[13,6],[16,-1],[23,8],[9,11],[7,20],[63,39],[14,15],[4,15],[12,8],[25,-2],[14,6],[6,10],[16,8],[10,14],[18,0],[8,7],[9,23],[8,7],[24,4],[27,15],[12,0],[24,21],[6,10],[4,30],[15,35],[0,15],[9,11],[10,56],[10,37],[-7,21],[-9,13],[0,32],[-7,20],[-1,36],[6,39],[-7,36],[8,17],[-4,33],[2,11],[-5,42],[9,46],[-1,34],[17,26],[0,22],[7,24],[-6,40],[-12,32],[1,16],[-10,24],[-4,36],[3,17],[-3,16],[8,20],[25,41],[15,14],[8,30],[17,29],[-1,35],[10,24],[26,18],[15,14],[19,34],[7,23],[4,33],[0,22],[-12,27],[-2,42]],[[84564,92853],[9,-3],[5,12],[4,45],[27,47],[15,49],[10,11],[0,34],[-7,21],[4,27],[25,21],[7,13],[3,22],[10,10],[2,12],[16,17],[15,7],[26,28],[2,9],[43,16],[34,-3],[19,11],[33,7],[25,-18],[41,26],[25,-3],[46,-1],[24,22],[38,15],[18,2],[32,16],[41,-1],[26,2],[42,-9],[8,6],[47,17],[48,-4],[11,8],[22,45],[13,11],[7,21],[17,16],[11,24],[32,18],[57,95],[31,24],[12,20]],[[78150,99956],[253,-3],[312,-4],[490,7],[44,-2],[21,6],[132,1],[241,-1],[311,-3],[274,5],[96,0],[122,-1],[128,8],[106,8],[206,-8],[100,1],[145,-11],[590,0],[525,4],[267,2],[254,-8],[21,11],[42,-3],[61,2],[78,-3],[89,5],[151,-6],[124,6],[270,-4],[173,1],[103,1],[102,-2],[49,2],[259,4],[149,-3],[109,-1],[150,5],[530,-2],[14,-1],[245,3],[4,-1],[226,1],[68,-3],[273,5],[248,1],[4,-4],[272,-1],[18,-4],[254,2],[16,-3],[27,4],[79,-2],[146,4],[24,-7],[251,6],[18,1],[4,-4],[251,4],[22,-3],[250,3],[21,1],[3,-6],[143,5],[135,0],[4,-8],[204,6],[70,4],[2,-6],[37,3],[193,2],[38,-1],[5,-4],[765,6],[68,0],[31,-3],[171,2],[160,-2],[4,-2],[491,0],[45,1],[186,1],[64,1],[491,0]],[[91272,99971],[0,-58],[12,-1987],[3,-37],[2,-228],[1,-307],[1,-189],[0,-128]],[[91291,97037],[-31,3],[-26,8],[-17,1],[-33,-8],[-30,-1],[-14,-17],[-11,12],[-12,1],[-41,-13],[-25,-16],[-11,0],[-39,-13],[-22,14],[-18,2],[-21,-7],[-38,-20],[-20,-22],[-48,-86],[-15,-47],[-21,-20],[-16,-28],[-21,-10],[-21,-16],[-14,-18],[-33,-33],[-29,-20],[-33,-8],[-20,4],[-16,-8],[-23,-33],[-17,-14],[-9,10],[-20,-13],[-36,-12],[-25,-22],[-22,-8],[-17,-26],[-25,2],[-23,-6],[-13,-11],[-29,-17],[-7,-18],[-13,-7],[-21,13],[-25,7],[-11,-5],[-4,-16],[-12,-17],[-23,-10],[-7,-10],[-21,-2],[-25,-24],[-13,-2],[-34,-48],[-25,-4],[-16,-20],[-12,7],[-55,-11],[-13,-7],[-25,3],[-37,18],[-39,-1],[-12,-11],[-15,-2],[-13,-8],[-20,-20],[-28,-19],[-5,-10],[-31,-13],[-22,11],[-30,-5],[-7,-18],[1,-45],[-15,-7],[-15,8],[-16,1],[-16,-13],[-6,-22],[-8,-10],[-16,-2],[-12,-23],[-19,-13],[-21,-20],[-13,-4],[-7,11],[-18,-11],[-14,-17],[-17,-13],[-14,-16],[-23,-17],[-3,-11],[-12,-14],[-20,-5],[-25,-15],[-13,6],[-41,-70],[-10,4],[-42,-28],[-10,6],[-15,-2],[-26,17],[-9,16],[-20,1],[-18,8],[-34,0],[-53,-6],[-23,-8],[-20,3],[-23,-8],[-23,11],[-32,-6],[-21,9],[-31,-9],[-11,1],[-33,14],[-20,-1],[-10,9],[-27,6],[-12,-13],[-35,-1],[-14,4],[-34,1],[-23,-11],[-30,-4],[-33,15],[-17,1],[-34,-28],[-27,-12],[-10,-11],[-11,-28],[-19,-17],[-8,-18],[-14,-8],[-18,1],[-24,6],[-9,9],[-30,-40],[-10,-8],[-13,3],[-17,-19],[-9,-36],[-11,-16],[-17,-8],[-20,-34],[-14,-14],[-4,-13],[5,-22],[-33,-39],[-6,-19],[-11,-17],[-36,-95],[-11,-24],[-29,-6],[-30,-22],[-13,2],[-35,-12],[-44,-23],[-33,-5],[-4,-8],[-20,-12],[-15,-20],[-32,-14],[-24,11],[-104,-58],[-28,-22],[-19,-13],[-21,-5],[-22,-1],[-37,-15],[-12,-18],[-16,-11],[-25,-10],[-40,2],[-16,-4],[-21,-18],[-15,-31],[-15,-11],[-17,-5],[-22,13],[-23,1],[-19,-6],[-21,-16],[-20,-26],[6,-15],[-15,-15],[-31,-8],[-22,0],[-1,-15],[-14,-9],[-11,-16],[-9,-23],[-21,-31],[-36,-24],[-47,-23],[-30,-11],[-34,-33],[-23,-8],[-23,-17],[-30,-52],[-22,-20],[-15,-4],[-23,11],[-20,-13],[-18,-4],[-12,-15],[-14,-10],[-26,-6],[-18,-13],[-29,-28],[-20,-9],[-9,-11],[-16,-36],[-29,-35],[1,-22],[-26,-31],[-13,-7],[-38,-3],[-33,5],[-19,-1],[-21,-12],[-16,14],[-17,-1],[-35,-12],[-14,1],[-28,11],[-41,1],[-26,-8],[-18,-12],[-22,-24],[-20,-9],[-10,-9],[-16,4],[-11,-16],[-15,-5],[-10,11],[-47,-3],[-7,-18],[-20,-5],[-24,-23],[-43,-17],[-24,-56],[-9,-6],[-18,-22],[-18,-5],[-18,-13],[-15,-3],[-2,-29],[-11,-23],[-6,-31],[-5,-14],[-25,-17],[-26,-32],[-34,-12],[-14,-35],[-15,-8],[-3,-10],[-43,-57],[-39,-19],[-28,-19],[-34,-50],[-33,-35],[-25,-42],[-25,-17],[-3,-10],[-16,-25],[-7,-21],[-18,-33],[-3,-20],[-19,-14],[-45,1],[-18,-13],[-9,-22],[-19,-26],[-11,-22],[-20,-24],[-22,-17],[-19,-6]],[[85540,93618],[0,68],[-2,248],[-1,44],[-2,463],[0,232],[-4,364],[-3,366],[-3,195],[1,170],[-6,399],[-10,12],[-23,5],[-21,16],[-11,19],[-10,26],[-17,28],[-18,40],[-20,20],[-6,17],[1,29],[-83,69],[-27,19],[-2,16],[3,22],[-17,-1],[-7,9],[-42,29],[-15,18],[-1,14],[-10,2],[-13,-34],[-3,-41],[-11,-26],[4,-29],[-12,-10],[-40,36],[-20,12],[-15,0],[-15,-14],[-2,-20],[7,-36],[-5,-26],[-11,-5],[-22,0],[-22,-7],[-12,10],[-36,46],[-14,11],[-25,34],[-28,25],[-40,12],[-24,-2],[-14,-10],[-10,-13],[-2,-15],[20,-48],[-7,-20],[-12,1],[-15,13],[-12,0],[-16,-22],[-46,-39],[-8,-24],[10,-42],[-1,-22],[8,-41],[-6,-28],[-17,-55],[0,-8],[16,-53],[20,-28],[9,-28],[2,-27],[-10,-25],[-20,-28],[-12,0],[-40,36],[-38,43],[-22,38],[-10,13],[-21,9],[-27,-4],[-9,-16],[-15,-37],[-7,-7],[-20,-8],[-69,-2],[-16,-14],[-24,-56],[-4,-17],[1,-26],[16,-44],[7,-29],[10,-15],[23,-13],[9,-33],[-169,0],[-116,-1],[-165,-4],[-113,-4],[-85,-2],[-158,-1],[-28,0],[1,-363],[-282,-5],[-247,-2],[-280,2],[-143,-6],[-178,3],[-101,1],[-125,4],[-198,2],[-76,0],[-78,-1],[-195,-3],[-128,2],[-139,-1],[-4,4],[-1,188],[-3,161],[0,86],[1,287],[-255,0],[-238,1],[-107,0],[-87,-4],[-244,-2],[-149,2],[-147,1],[-137,-1],[-311,4],[-246,3],[-141,4],[-49,19],[-74,2],[1,54],[1,337],[-2,311],[3,310],[0,48],[-113,0],[-57,2],[-100,1],[-114,-4],[-151,-2],[-114,0],[-160,-2],[-100,0],[-184,-6]],[[56557,73936],[2,135],[0,313],[-5,18],[-1,43],[-4,12],[5,19],[-1,181]],[[56554,74988],[53,-1],[446,1]],[[56787,79323],[-110,-3],[-92,0]],[[56585,79320],[0,364]],[[56517,79684],[-131,-1]],[[56386,79683],[-1,132],[-2,142],[4,31],[-2,62]],[[56385,80050],[133,-3]],[[55641,79324],[201,-3],[47,1],[89,-1]],[[55978,79321],[1,-192]],[[55979,79129],[2,-66],[1,-100],[-1,-181],[-1,-78],[-1,-148]],[[55979,78556],[-25,-131],[-12,-32],[-146,-250],[-41,-64],[-15,-19],[-29,-30]],[[55744,72835],[-239,0],[-18,6],[-11,-2]],[[55480,73205],[36,0],[17,3],[33,12],[111,-2],[27,-7],[40,-1]],[[54305,74984],[-78,-1],[-57,7]],[[57056,79335],[-218,-10],[-51,-2]],[[56787,79323],[-1,254],[0,109]],[[56786,80050],[223,9],[48,1]],[[56518,80047],[28,0],[240,3]],[[56786,80050],[0,-364]],[[56786,79686],[-123,0],[-78,-2]],[[56585,79684],[-68,0]],[[56517,79684],[1,153],[0,210]],[[55711,78030],[-143,-145],[-17,-21],[-102,-163],[-54,-80],[-38,-62],[-34,-57],[-155,-247]],[[55168,77255],[-2,22],[2,167],[6,17],[33,51],[10,6],[17,0],[-1,270]],[[55233,77788],[0,274],[-1,96],[3,12],[43,64],[17,6],[6,9],[1,280],[0,286],[1,65],[1,473],[1,110],[0,199]],[[55305,79662],[0,25]],[[55305,79687],[6,0],[193,-1],[135,-1]],[[55639,79685],[-1,-108],[3,-253]],[[55641,79324],[2,-293],[-2,-228],[3,-62],[9,-34],[43,-103],[12,-45],[1,-21],[0,-176],[-1,-34],[-2,-285],[5,-13]],[[54305,74984],[0,180]],[[54429,75196],[5,-12],[71,-149],[23,-49]],[[54528,74986],[-106,-1],[-64,2],[-53,-3]],[[55747,73210],[-3,0]],[[55744,73210],[3,35],[17,46],[5,22],[1,29],[-9,47],[-16,32],[-21,22],[-23,13],[-47,11],[-12,5],[-25,23],[-16,30],[-22,67],[-19,25],[-16,5],[-22,-4],[-11,-6],[15,-86],[0,-29],[-13,-38],[-19,-32],[-7,-15],[-6,-37],[-1,-170]],[[55480,73205],[0,-67],[3,-52],[28,-147],[-2,-38],[-10,-25],[-23,-37]],[[55476,72839],[-6,-4],[-347,5],[-82,3],[-51,-5],[-85,2],[-89,4],[-16,-15],[-25,10],[-23,-1],[-17,-8],[-60,13],[-128,-3],[-102,8],[-6,-1]],[[54439,72847],[15,62],[43,188],[7,46],[-4,54],[-25,137],[-4,41],[1,32],[14,112],[-1,45],[-11,63],[0,35],[10,28],[18,32],[11,27],[34,103],[2,27],[-2,19],[-8,23],[-22,33]],[[54692,74494],[119,-96]],[[54811,74398],[59,-47],[23,-17],[124,-84],[468,-319]],[[55485,73931],[4,44],[7,35],[17,44],[4,31]],[[55517,74085],[18,1],[50,24],[122,3],[98,0],[14,11],[1,57],[2,11],[12,9],[67,2],[48,0],[1,-39],[22,28],[12,8],[33,13],[11,25],[14,7],[6,15],[10,-1],[9,14],[9,2]],[[56076,74275],[7,-2],[15,25],[114,1],[26,-4],[48,-1],[-1,-362],[32,1]],[[56289,73900],[-4,-2]],[[55883,73478],[-185,210],[-30,36],[-92,124],[-26,31],[-37,33],[-28,19]],[[55817,74658],[139,0],[65,-1]],[[56021,74657],[0,-242]],[[56021,74415],[-33,-10],[-79,-1],[-83,0],[-71,-54],[-9,-5],[-56,-2],[-18,8],[-22,52]],[[54501,74648],[58,-47]],[[54559,74601],[133,-107]],[[54692,74494],[-10,-41],[-10,-27],[-5,-34],[-8,-60],[-1,-46],[-27,-36],[-20,-21],[6,-28],[-10,-23],[-2,-33],[-14,-24],[-23,-3],[5,-21],[-11,-20],[0,-16],[-20,-5],[4,-17],[-6,-40],[-8,-15],[1,-16],[-16,-14]],[[54517,73954],[-21,27],[-23,41],[-9,27],[-7,42],[0,58],[11,79],[0,29],[-10,32],[-47,86]],[[54411,74375],[-27,51],[-100,197]],[[54284,74623],[9,5],[120,1],[53,1],[23,8],[12,10]],[[54163,75348],[134,1],[49,-2],[68,1]],[[54414,75348],[5,-47],[-1,-51],[3,-26],[8,-28]],[[54429,75196],[-32,-20],[-29,-8],[-25,-1],[-12,-7],[-26,4]],[[54305,75164],[-34,0],[-11,3],[-37,2],[-31,11],[-33,6]],[[55486,74655],[331,3]],[[55817,74658],[1,-12],[-11,-30],[-25,-39],[3,-35],[-2,-14],[-18,-33],[-46,-45],[-27,-22],[-42,-25]],[[55650,74403],[-69,-37],[-22,-19],[-32,-18],[-26,-31]],[[55501,74298],[-10,17],[-9,37],[0,209],[4,18],[0,76]],[[53826,74984],[0,243],[-4,17]],[[53822,75244],[76,0]],[[54088,74986],[-3,-2],[-259,0]],[[54159,75186],[0,-144],[2,-22],[9,-30]],[[54170,74990],[-42,3],[-40,-7]],[[54088,74986],[-21,50],[-17,21],[-29,16],[-90,89],[-17,38],[-16,44]],[[53898,75244],[47,0],[15,16],[0,86]],[[54159,75186],[-18,2],[-21,-2],[-37,1],[-3,33],[3,20],[8,19],[4,25],[1,60],[-69,-1],[-34,3],[-33,0]],[[53960,75346],[0,39],[-3,25],[-24,127]],[[54162,75618],[1,-4],[0,-119],[1,-120],[-1,-27]],[[54163,75348],[-4,-39],[-1,-90],[1,-33]],[[54161,75891],[1,-273]],[[54162,75618],[-28,-9],[-201,-72]],[[53933,75537],[-75,-26],[-11,56],[-1,46],[4,10],[0,26],[-26,0]],[[53824,75649],[1,241]],[[53821,76632],[7,-21],[15,-22],[223,-243]],[[53958,75890],[-133,0]],[[53825,75890],[-1,112]],[[53824,76524],[0,51],[2,18],[-5,39]],[[53618,76046],[-6,19],[24,111],[12,91],[-14,48],[-3,42],[1,115],[2,44],[6,55],[26,10],[35,-4],[63,-53],[40,-2],[20,2]],[[53824,76524],[0,-522]],[[53824,76002],[-155,0],[-27,12],[-8,16],[-16,16]],[[56442,74659],[-152,1],[-269,-3]],[[56021,74657],[1,81],[-2,140],[-8,30],[-23,36],[-10,24],[-3,18]],[[55976,74986],[36,1],[129,-1],[237,1]],[[58399,78259],[0,-288],[1,-311],[-2,-207],[-2,-285]],[[56557,73936],[-14,-10],[-164,3],[-33,-10],[-57,-32],[0,13]],[[56289,73900],[0,9],[28,24]],[[56317,73933],[10,14],[37,14],[47,1],[0,-24],[15,1],[66,-1],[12,-3],[53,1]],[[54393,75989],[-8,5],[52,126],[14,30],[16,25],[59,81]],[[54526,76256],[21,-1],[217,-1],[101,-2],[70,0]],[[54935,76252],[193,1],[49,1],[15,7],[37,28],[38,14],[36,-2]],[[55303,76301],[0,-29],[38,-12],[33,5],[14,18],[9,5],[21,-26],[29,4],[22,15],[23,-4],[12,2],[25,15],[7,10],[13,1],[20,-47],[15,-4],[17,17],[7,2],[30,-11],[11,1],[15,19],[22,22],[12,1],[4,-21],[-12,-9],[1,-20],[6,-6],[30,-4],[22,-18],[17,-1],[15,17],[14,-40],[21,13],[24,-23],[14,-3],[24,4],[12,-21],[31,-6],[53,8]],[[55975,75349],[-69,-1],[-244,-1],[-359,0]],[[55303,75347],[-161,0],[-267,2],[-37,2],[-56,0],[-26,-2],[-124,0]],[[54632,75349],[0,244],[1,17],[8,38],[-4,25],[-9,11],[4,27],[-131,0],[0,104],[-9,38],[5,15],[2,70],[17,45],[-117,0],[-6,6]],[[56554,74988],[0,-236],[-1,-95]],[[56553,74657],[-111,2]],[[56442,74659],[1,45],[-6,33],[-57,107],[-5,18],[-1,34],[6,58],[-2,33]],[[56378,74987],[176,1]],[[53958,75890],[-1,110],[0,299],[1,45],[108,2]],[[54066,76346],[40,-43],[25,-36],[15,-35],[11,-47],[3,-31],[1,-263]],[[54161,75891],[-203,-1]],[[57053,75350],[-35,0],[-282,3],[-19,-5],[-75,2],[-182,-3],[-19,4],[-27,12],[-37,-7]],[[56377,75356],[-22,-6],[-335,-2],[-45,1]],[[55975,75349],[2,189],[0,201],[-1,175],[-2,69],[0,192]],[[55974,76175],[0,408],[-1,214]],[[55973,76797],[261,4],[149,-1],[108,-3],[59,1],[100,3],[0,-66],[5,-11],[22,-11],[103,2],[81,0],[192,-4]],[[60502,85123],[131,2],[140,1],[274,-3]],[[60911,84761],[3,40],[-1,51],[9,31],[10,13],[86,81],[19,20],[10,31],[0,95]],[[61618,84572],[-26,0],[0,14],[-58,57],[-47,9],[-36,4],[0,-70],[-267,-2],[-136,-3],[-136,0],[1,-136],[-39,-5],[-50,40],[-5,-12],[-35,35],[-6,2],[0,-105]],[[60503,84970],[74,-66],[30,-30],[64,-68],[22,-22],[22,-14],[36,-9],[49,-1],[111,1]],[[60911,84761],[14,-1],[273,0],[118,1]],[[58639,86932],[1,275],[-2,484],[0,212],[-1,112]],[[57053,76623],[0,88]],[[57053,76711],[0,453]],[[58121,77167],[22,-4]],[[56822,73930],[96,0],[81,-1],[0,24],[20,0],[0,-24],[73,-2]],[[56549,73396],[1,89],[-2,79],[73,2],[138,0],[0,184],[62,0],[-1,180]],[[57353,73020],[1,-177]],[[57354,72843],[-265,1]],[[60302,74992],[-305,0],[-530,-1]],[[60379,74992],[-77,0]],[[57724,77161],[-116,-3],[-28,1],[-258,12],[-40,-3],[-84,-1],[-145,-3]],[[57053,77164],[0,607],[1,390],[0,333],[1,278]],[[60574,77521],[-2,362],[-62,0],[-15,5],[-34,3],[-68,-8],[-227,1],[-119,-2],[5,-28],[-9,-25],[-9,-10],[-17,-5],[-38,8],[-13,5],[-11,14],[-18,35],[-10,7],[-282,2],[-180,1]],[[58127,79352],[-9,-2],[-29,5],[-20,-25],[-10,-7],[-32,-7],[-28,-12],[-33,-33],[-3,-7],[-2,-44],[-25,-24],[-21,-1],[-12,22],[-27,17],[-27,35],[-14,-2],[-12,-14],[-5,-13],[4,-28],[-4,-15],[-18,-10],[-17,2],[-21,-9],[-5,-14],[1,-22],[21,-45],[1,-16],[-6,-18],[-31,-39],[-7,-34],[-19,-25],[-10,-20],[-33,-15],[-17,-5],[-16,-9],[-31,-11],[-20,-29],[4,-19],[-1,-20],[-6,-16],[-15,-9],[-27,3],[-34,-20],[-6,-9],[-25,9],[-10,-8],[-1,-31],[-15,-22],[-31,-8],[-15,-18],[-8,-2],[-12,13],[-21,7],[-6,-11],[-26,11],[-12,17],[-11,6],[-27,-9],[-11,6],[-40,-20],[-32,-1],[-12,21],[2,27],[-8,31],[-6,7],[-40,-27],[-27,-31],[-26,12],[-30,5]],[[57055,78772],[0,7]],[[57055,78779],[0,201],[1,355]],[[57056,79335],[1,161],[-1,178],[1,196],[0,190]],[[57057,80060],[0,478],[1,248],[4,172],[-3,143],[-1,89],[0,319]],[[57058,81509],[0,142],[-1,281],[0,449]],[[57057,82381],[0,197],[1,137],[-1,40],[0,80],[-3,41],[1,82]],[[57055,82958],[1,28],[0,134],[1,39],[0,180],[-10,148],[-12,203]],[[57035,83690],[257,-1],[169,0],[385,-1],[263,-1]],[[59158,87673],[-5,350],[-211,-3],[-58,2],[-82,-4],[-165,-3]],[[58637,88015],[0,224],[2,584],[0,642]],[[61620,85979],[-141,-1]],[[61061,85685],[-16,-200]],[[61045,85485],[-137,2],[-131,3],[-13,-1],[-264,-3]],[[61619,84396],[-1,176]],[[61618,84572],[0,192]],[[61618,84764],[138,-2],[78,-1],[57,-3]],[[61891,84758],[0,-183]],[[62167,84084],[4,125]],[[62162,84586],[-1,170]],[[62359,84788],[-77,-35],[-51,0],[-13,2],[-57,1]],[[62166,85110],[2,10],[1,178]],[[62359,85104],[-17,1],[-167,2],[-9,3]],[[62327,85296],[-158,2]],[[62170,85517],[2,237],[-6,26]],[[62021,85071],[7,17],[11,11],[32,16],[83,-1],[12,-4]],[[62166,85110],[-6,-25],[0,-149]],[[62160,84936],[1,-96],[0,-84]],[[62161,84756],[-135,0],[-135,2]],[[61891,84758],[-1,204]],[[61890,84962],[11,2],[46,-3],[12,12],[8,26],[37,39],[17,33]],[[62021,85071],[4,-4],[-1,-130],[136,-1]],[[61891,85528],[65,-8],[214,-3]],[[62170,85517],[-1,-219]],[[62169,85298],[-279,2]],[[61890,85300],[0,-182]],[[61890,85118],[-76,-1],[-13,-3],[-83,0],[-75,-1],[-26,3]],[[61617,85116],[0,205]],[[61891,85675],[0,-147]],[[61617,85704],[3,275]],[[61620,85979],[2,263],[0,71]],[[61617,85321],[-1,91],[-1,113]],[[61615,85525],[139,0],[137,3]],[[61891,85528],[-1,-9],[0,-219]],[[61890,85300],[-17,1],[-23,15],[-15,6],[-218,-1]],[[61294,78607],[-268,0],[-333,-1],[-142,-1],[-19,-1],[-20,183],[-96,-7],[-158,-5],[-29,14],[-33,-12],[-75,6],[-37,-2],[-83,3],[0,-181],[-264,3],[-269,3]],[[58672,79530],[26,10],[12,1],[17,-6],[43,2],[9,6],[18,27],[25,20],[21,31],[33,8],[38,15],[37,33],[33,24],[19,8],[5,20],[-12,11],[-7,31],[-9,15],[4,17],[16,3],[14,-11],[10,1],[14,13],[-1,36],[-21,14],[-1,17],[-7,13],[-9,-1],[-8,-17],[-11,5],[-3,37],[11,11],[40,16],[27,29],[29,34],[16,4],[34,0],[11,8],[9,35],[17,9],[-4,44],[6,15],[1,22],[-9,28],[0,14],[21,58],[19,-1],[2,17],[-8,27],[7,15],[6,31],[-2,32],[13,14],[16,-7],[24,6],[9,22],[-12,24],[23,35],[2,17],[-13,15],[-26,5],[-21,15],[-8,12],[2,28],[17,55],[17,20],[15,7],[23,3],[12,16],[-2,15],[-13,14],[-21,9],[-12,13],[-1,17],[23,34],[0,28],[3,10],[27,32],[15,21],[33,26],[11,21],[-2,14],[-29,21],[0,29],[6,7],[19,2],[10,12],[0,13],[-8,20],[5,20],[17,16],[5,20],[0,23],[15,14],[29,7],[56,27],[5,10],[-9,27],[-22,14],[-16,30],[8,27],[14,12],[4,23],[-23,27],[-7,20],[21,22],[63,16],[7,4],[17,52]],[[62216,86244],[22,-67]],[[62275,85737],[-19,0],[-7,8],[-26,13],[-57,22]],[[62166,85780],[-20,7],[-51,22]],[[61891,85889],[0,27],[-63,55],[-6,10],[-3,84],[-7,85],[5,59],[0,52]],[[63509,81861],[-269,-2],[-267,3],[-267,0],[-2,-358],[-539,-8],[-265,9],[-20,0],[-155,-8],[-80,-5],[-248,-1],[-27,-3],[-21,3],[-110,-1],[-113,-2],[-57,1],[-251,-2],[-15,-4],[-23,3],[-96,-1],[-51,1],[-177,-2],[-188,-2],[-194,13],[-72,5],[-7,3],[-180,15],[0,25],[-9,16],[-22,14],[-29,12],[-24,41],[-11,5],[-17,-13],[-19,6],[-22,19],[-7,17],[-12,85]],[[61580,83944],[8,3],[27,-30],[41,-37],[15,4],[28,35],[33,20],[41,-3],[21,-89],[27,-26],[26,1],[36,23],[38,39],[19,25],[27,7],[23,28],[27,23],[54,40],[27,25],[21,34],[48,18]],[[62167,84084],[31,10],[22,-10],[62,1],[11,31],[61,58],[16,27],[0,18],[15,24],[51,47],[27,19],[11,68],[10,14]],[[62491,84391],[109,3],[103,0],[0,-892],[2,-27],[1,-159]],[[60507,84399],[104,1],[167,0]],[[60778,84400],[136,0],[78,1],[158,0],[70,6],[47,-7],[153,4],[119,1],[51,-1],[29,-8]],[[61619,84396],[0,-377],[-14,-2],[-37,-20],[12,-53]],[[61580,83944],[-156,-71],[-8,-16],[-49,5],[-18,-7],[-82,-40]],[[69949,82610],[0,-12]],[[69949,82598],[4,-1384],[-5,-135],[2,-122],[-2,-172],[1,-67],[0,-802],[5,-396],[0,-186],[-3,-440],[1,-165],[-1,-124],[-2,-507],[2,-29],[-1,-177],[-1,-1081],[0,-532],[-1,-194],[-1,-1082]],[[69947,75003],[-270,-1],[-299,0],[-238,1],[-175,0],[-685,2],[-364,-2],[-122,-2],[-279,2],[-107,1],[-143,1],[-272,-4],[-272,0],[-65,-2],[-200,4],[-274,-5]],[[66182,74998],[-114,0],[-11,-1],[-80,3],[-158,0],[-173,-2],[-384,0],[-80,-1],[-223,1],[-120,3],[-267,1],[-82,-1],[-185,3],[-555,-6],[-235,-3],[-31,1]],[[63484,74996],[-254,0],[-138,-1],[-130,1],[-147,1],[-114,-1],[-736,-1],[-58,0]],[[61907,74995],[-21,0]],[[63499,78608],[2,360],[0,721],[1,363],[0,357],[1,366],[4,722],[2,364]],[[61886,74995],[-424,-1],[-166,0]],[[61293,77514],[0,584],[1,509]],[[61294,78607],[248,4],[303,8],[50,1],[130,-3],[130,1],[269,1],[269,-1],[275,-4],[265,-1],[266,-5]],[[63499,78608],[1,-363],[2,-404],[2,-312],[-26,-28],[-31,-38],[-249,-304],[-20,-22],[-251,-234],[-96,0],[-1,-121],[2,-55],[-20,-97],[-60,-124],[-222,-411],[-101,-187],[-171,-315],[-40,-72],[-203,-356],[-27,-46],[-66,-77],[-10,-10],[-24,-13],[-2,-24]],[[63515,86193],[-6,-2],[-68,0],[-195,2],[-276,0],[-272,5],[-145,9],[-121,7],[-134,21],[-82,9]],[[62216,86244],[-52,6],[-82,0],[-179,2],[-26,2],[-60,7]],[[61817,86261],[-66,7],[-30,7],[-35,16],[-64,22]],[[61622,86313],[-34,14],[-34,11],[-65,4],[-23,5],[-30,-9],[-20,-20],[-6,-27],[-10,-21],[-10,-13],[-10,-2],[-241,0],[-72,1],[-267,-6],[-154,-5],[-119,-5]],[[60460,86960],[137,7],[405,9],[70,2],[0,530],[-2,192],[-1,18],[-16,276],[-3,58],[11,358]],[[57620,73928],[0,-51],[-18,-51],[-1,-21],[8,-34],[22,-12],[37,-15],[19,22],[1,-36],[55,0],[0,-95],[94,1],[47,-1],[0,-68],[-113,-2],[-53,0],[-98,-2]],[[63522,88513],[-11,10],[-25,13],[-21,29],[-17,17],[-14,20],[-10,23],[-5,38],[-3,67],[-6,30],[-18,15],[-50,2],[-66,-5],[-59,43],[-28,12],[-11,-2],[-17,-14],[-15,-3],[-29,0],[-5,-5],[-2,-33],[-135,15],[-245,1],[-27,2],[-65,-2],[-202,1],[0,-23],[-133,6],[-182,7],[-124,4],[-7,-32],[-10,-16],[-18,1],[-19,23],[-6,26],[-55,2],[-171,-1],[-95,0],[0,-364],[-277,-6],[-164,-2],[-114,-2]],[[61061,88410],[10,364],[-243,-1],[-273,-5],[-182,-6],[-125,-5],[-153,-3],[-128,-1],[0,-123],[1,-14],[11,-43],[-277,1],[-6,6],[0,174],[-159,1],[-111,0],[0,126],[2,388],[-7,8],[-24,10],[-33,61],[7,14],[47,54],[1,8],[-12,56],[-103,0],[-88,1],[-306,0],[-33,-1],[-113,-8],[-125,-7]],[[58639,89465],[0,428],[2,317],[0,602],[2,95]],[[62381,84796],[-22,-8]],[[62359,84788],[1,204],[-1,112]],[[62359,85104],[-16,102],[-16,90]],[[62327,85296],[-30,152],[-10,68],[-7,116],[-5,105]],[[62275,85737],[-14,319],[-3,28],[-11,60],[-9,33]],[[62238,86177],[58,-26],[21,-16],[13,-16],[16,-30],[36,-115],[9,-50],[26,-272],[1,-61],[0,-84],[-2,-26],[-10,-49],[-2,-26],[-3,-200]],[[66184,83688],[-49,-84],[39,-43],[0,-204],[-9,-258],[-692,612],[-26,-3],[-26,-25],[-9,-20],[-3,-47],[-6,-16],[-17,-12],[-15,-31],[-29,-20],[-7,-21],[5,-17],[16,-34],[0,-15],[-14,-17],[-6,-16],[-8,-38],[-13,-28],[-21,2],[-4,-18],[3,-30],[-31,-35],[-11,-25],[-20,-31],[-12,-26],[-8,-34],[-6,-11],[-12,-2],[-57,15],[-22,13],[0,-222],[-267,4],[-20,0],[-7,-31],[12,-40],[-1,-12],[-14,-17],[-9,-20],[7,-19],[-3,-33],[26,-3],[9,-38],[-2,-37],[16,-42],[3,-17],[-8,-29],[15,-21],[-5,-19],[-19,-5],[-13,-12],[-1,-26],[-17,-21],[0,-26],[-4,-11],[-15,-1],[-10,-18],[-9,-86],[-10,-29],[-15,-59],[-19,-24],[-31,-16],[-42,-2],[-78,2],[-8,-18],[-2,-358],[-538,-1],[-526,-1]],[[63509,81861],[0,365],[3,359],[-1,262],[-61,2],[-24,7],[-33,-18],[-23,-6],[-12,5],[-27,1],[-9,-8],[-25,-34],[-4,-10],[-18,-84],[0,-13],[6,-45],[-2,-56],[-34,1],[-266,-1],[-4,34],[2,328],[-135,1],[1,178],[-137,3],[0,184]],[[62706,83316],[268,-4],[269,0],[21,-1],[11,12],[18,0],[25,-13],[194,-5],[0,363],[273,1],[-3,358],[-1,120],[0,236],[-3,17],[-1,315],[1,103],[-2,270],[1,7],[29,-14],[7,1],[58,32],[26,2],[150,2],[17,144],[-6,16],[-18,30],[-23,53],[-8,25],[-16,25],[-22,11],[-35,4],[-17,5],[-24,21],[-20,29],[-26,13],[-38,2],[-38,13],[-28,32],[-32,23],[-10,2],[-7,19],[-20,14],[-1,16],[5,21],[11,19],[87,1],[0,182],[-1,167],[-1,42],[-1,148],[-260,-2]],[[63515,86193],[0,143],[-2,10],[-2,207],[4,0],[-2,177],[0,185],[2,2],[2,359],[1,255],[2,468]],[[56118,73770],[4,-21],[6,1],[158,-2],[-1,-133],[4,-49],[-135,0],[-2,-7],[-1,-175],[4,-17],[-5,-34],[63,-92],[14,-74],[22,-34],[29,-31],[10,-6],[2,38],[-35,40],[-13,29],[-16,51],[-1,34],[5,17],[13,21],[47,52],[0,21],[21,-3],[238,0]],[[56549,73396],[3,0],[0,-188]],[[55883,73478],[0,5],[144,-1],[-1,87],[-1,280],[76,0],[12,-56]],[[57353,73020],[0,183]],[[57626,73201],[0,-181],[-84,0],[0,-58],[-28,0],[0,57],[-161,1]],[[63520,87999],[1,369],[1,145]],[[63522,88513],[1,208],[0,361],[1,361],[64,-2],[30,11],[22,15],[17,16],[22,27],[107,171],[550,858],[181,283],[22,30],[21,22],[45,27],[-269,-1],[-271,-3],[-279,-10],[-266,1],[-267,9],[-170,5],[-40,6],[-27,-4],[-302,10],[-411,20],[-256,13],[-17,1],[-132,21],[-32,0],[-248,-13],[-183,-11],[-99,-5],[-193,3],[-200,2],[-140,0],[-231,-5],[-303,-5],[-73,-3],[-115,1],[-191,0],[-116,3],[-246,0],[-143,-1],[-181,0],[-49,-2],[-250,-17],[-262,-9]],[[58643,90907],[4,283],[1,78]],[[58648,91268],[0,122],[3,558],[3,275],[-1,123],[-6,1],[2,739],[1,512],[-2,206],[0,706]],[[58648,94510],[0,528],[-1,654],[-1,679],[3,425],[2,16],[1,166],[2,65],[-1,451],[1,198],[-3,1517],[-1,660]],[[58650,99869],[509,-1],[30,1],[91,-1],[238,0],[98,2],[78,1],[211,-7],[236,21],[121,4],[169,4],[29,3],[263,4],[271,7],[273,6],[130,0],[199,6],[863,18],[719,12],[0,-1],[683,4],[391,-1],[319,2],[188,2],[389,0],[279,-5],[282,0],[389,-1],[641,2],[0,-1],[282,0],[172,2],[95,3],[319,-1],[271,2],[543,-1],[99,1],[0,-2],[388,-1],[97,1],[72,-1],[424,4],[117,0],[155,-5],[528,4],[24,-2],[274,-2],[490,1],[45,-2],[37,-5],[156,2],[28,3],[102,-1],[73,1],[226,9],[73,-7],[253,5],[179,-2],[224,-1],[14,-4],[256,4],[286,0],[17,3],[168,-2],[85,0],[31,-2],[115,1],[96,0],[13,6],[10,-5],[265,0],[265,1],[223,-2],[665,2],[184,-5],[183,-2],[100,0],[198,2],[102,1],[229,0],[154,2],[394,3],[198,-7],[68,-2],[168,2],[83,1],[152,2],[64,0],[153,-2],[76,4],[650,0]],[[78150,99956],[9,-43],[7,-182],[-1,-49],[2,-304],[-5,-274],[-3,-106],[2,-336],[0,-43],[2,-317],[-1,-11],[2,-243],[-4,-53],[3,-146],[-1,-382],[3,-82],[-1,-41],[-3,-151]],[[78161,97193],[-1,-174],[-5,-113],[1,-110],[4,-211],[7,-2334],[-4,-362],[-1,-248],[-4,-71],[2,-363],[-2,-386],[0,-29],[-2,-311],[-87,2],[-1,-155],[0,-411],[-5,-260],[0,-73],[-3,-287],[-2,-9],[0,-280],[-7,-444],[2,-226],[-3,-54],[2,-76],[-2,-25],[1,-133],[-1,-51],[0,-146],[1,-13],[-2,-298],[0,-63],[2,-167],[-1,-193],[-2,-186],[1,-180],[-2,-723]],[[78047,88030],[-1,1],[-274,-7],[-83,-3],[-70,-4],[-103,-2],[-16,-1],[-76,1],[-193,-4],[-273,-7],[-44,-3],[-51,0],[-22,-1],[-80,-1],[-46,-2],[-89,1],[-196,-1],[-22,-2],[-75,2],[-180,7],[-5,-3],[-131,4],[-374,24],[-34,-1],[-855,18],[-135,1],[-142,-1],[-400,-3],[-272,-2],[-218,-1],[-326,-1],[-128,0],[-174,2],[-174,0],[-103,4],[-390,5],[-210,4],[-29,2],[-145,-1],[-303,0],[-216,-1],[-420,-1],[-100,1],[-332,0],[-276,1],[-279,0],[2,-231],[3,-290],[2,-303],[6,-512],[4,-393],[1,-66],[2,-209],[2,-152],[-4,-363],[-4,-351],[-3,-213],[-4,-522],[2,-146],[-4,-568],[0,-22],[-42,0],[-1,-69],[2,-151],[0,-195],[2,-372],[1,-317]],[[69949,82610],[-12,8],[-60,45],[-40,21],[-28,4],[-28,7],[-40,-14],[-37,-37],[-24,-33],[-37,-28],[-23,13],[-22,7],[-49,-12],[-34,-12],[-20,-37],[-9,-43],[-7,-19],[-16,-11],[-42,40],[-9,22],[-18,-11],[-22,-30],[-16,-7],[-21,5],[-31,24],[-9,-5],[-18,-34],[-30,-2],[-17,-24],[-24,-12],[-26,16],[-18,22],[-21,11],[-9,11],[-20,42],[-1,8],[-18,11],[-50,15],[-23,19],[-24,13],[-15,0],[-24,-8],[-23,15],[-32,38],[-19,3],[-10,-12],[-7,-19],[-2,-20],[-17,-10],[-51,9],[-22,1],[-26,16],[-33,13],[-23,5],[-45,1],[-35,-16],[-44,5],[-47,15],[-51,-3],[-37,-6],[-56,-49],[-25,-20],[-31,-10],[-56,11],[-81,40],[-98,20],[-44,-22],[-46,-30],[-41,-3],[-54,-11],[-30,-20],[-9,-21],[-26,0],[-52,11],[-17,5],[-45,22],[-44,64],[-38,35],[-20,34],[-43,17],[-69,24],[-38,15],[-61,2],[-92,-1],[-92,-6],[-52,3],[-37,9],[-31,17],[-29,18],[-43,-3],[-26,-5],[-56,13],[-32,18],[-25,9],[-50,-3],[-18,5],[-32,33],[-37,18],[-17,23],[-17,7],[-38,7],[-21,19],[-13,27],[-6,23],[-33,25],[-13,14],[-9,21],[-24,91],[-17,60],[-10,63],[-8,19],[-15,114],[-11,37],[-16,37],[-37,8],[-42,31],[-13,6],[-23,-3],[-26,-30],[-10,-1],[-20,12],[-14,21],[-10,41],[-12,22],[-31,41],[-36,23],[-20,19],[-10,19],[-1,23]],[[66184,83688],[-3,33],[-6,21],[-22,26],[-14,23],[-19,24],[-32,30],[-12,39],[0,39],[-9,21],[-12,8],[-30,6],[-25,23],[-15,31],[-9,8],[-18,-8],[-8,-11],[-14,-4],[-13,7],[-15,18],[-5,25],[-18,52],[-14,19],[-38,25],[-17,18],[-10,24],[-15,48],[-16,27],[-31,3],[-7,23],[-1,29],[-16,10],[-28,-5],[-32,-26],[-19,-7],[-19,12],[-52,69],[-40,19],[-219,81],[-33,3],[-83,-41],[-69,12],[-4,310],[-139,1],[4,173],[-13,8],[-124,2],[-1,179],[2,183],[3,547],[1,463],[1,75],[-1,179],[-1,359],[4,364],[-2,361],[2,362],[-272,-1],[-272,-4],[-268,-1],[-248,-1],[-19,2],[-259,-4]],[[61891,85889],[69,-24],[29,-14],[106,-42]],[[62095,85809],[-1,-142],[-2,0],[-195,2],[-6,6]],[[61891,85675],[-1,26],[1,188]],[[79611,75020],[-3,726],[2,307],[-3,415],[1,370],[2,350],[-4,373],[-12,1079],[-3,20],[-1,106],[3,125],[-3,246],[1,389],[3,289],[8,581],[4,250],[-3,149],[0,136],[4,93],[-1,68],[8,122],[10,1760],[1,303],[-3,17],[2,216],[2,192],[90,4],[-3,117],[1,8],[0,228],[2,545],[1,177],[1,155],[1,120],[-1,54],[-2,48]],[[79716,85158],[0,58],[-11,645]],[[79705,85861],[831,0],[277,-20],[8,-3],[165,1],[7,-4],[111,-1],[358,4],[1305,15],[242,1],[99,0]],[[83108,85854],[2,2],[499,7],[340,4],[108,2],[126,1],[10,2],[150,-1],[62,0],[48,-4],[94,3],[66,-1],[273,2],[163,2],[11,-1],[86,0]],[[85146,85872],[0,-721],[270,3],[-1,-356],[0,-384],[-1,-175],[-2,-503],[3,-10],[13,-13],[24,1],[1,-56],[0,-660],[3,-740],[3,-275],[1,-360],[4,-266],[2,-211],[2,-265],[2,-361],[7,-370],[6,-447],[4,-289],[7,-368],[-67,-2],[0,-138],[1,-41],[0,-185],[68,2],[1,-363],[-3,-327],[1,-268],[3,-405],[2,-125],[7,-322],[2,-402],[0,-337],[1,-144],[2,-283],[5,-296],[1,-371],[101,1],[14,-31],[1,-333],[3,-326],[-3,-333],[6,-356],[-9,-1],[-335,-23],[-192,-12],[-359,-6],[-175,-2],[-168,-2],[-116,-1],[-218,3],[-76,1],[-230,-1],[-433,-6],[-95,-1],[0,362],[-531,-4],[0,-362],[-224,-5],[-302,-7],[1,-332],[0,-38],[4,-122],[8,-240],[-68,-2],[-461,-15],[-400,-13],[-131,-3],[-100,0],[-216,2],[-21,-13],[-33,7],[-13,7],[-87,1],[-68,1],[-262,-1],[-260,3],[-217,4],[-58,2],[0,36],[-4,295],[3,386],[2,358],[10,359],[7,351],[0,394],[-105,0],[-97,-1]],[[59461,76977],[1,-55],[1,-309],[-1,-190],[1,-337],[-3,-18],[-16,-24],[0,-19],[18,-16],[1,-8],[2,-299],[2,-322],[0,-389]],[[59467,74991],[-184,0],[-84,-1],[-247,0]],[[58952,74990],[-271,0]],[[58109,83687],[510,-2],[1,226],[4,383],[3,309],[3,271],[3,254]],[[59467,81516],[-381,8],[-172,5],[-241,6],[0,1452],[-137,0],[-120,-1],[-294,-4],[0,183],[1,0],[-1,349],[-1,34],[-12,139]],[[60500,85486],[2,-363]],[[60502,85123],[1,-153]],[[60503,84970],[2,-93],[0,-158],[2,-320]],[[60507,84399],[2,-189],[-1,-169],[14,-5],[120,2],[0,-161],[2,-29],[17,-46],[6,-35],[-4,-31],[-19,-77],[-2,-16],[5,-151],[3,-101],[13,7],[-1,33],[24,30],[4,22],[23,25],[17,-7],[14,22],[15,5],[17,-2],[1,32],[10,25],[23,22],[20,33],[-1,27],[37,28],[27,2],[27,25],[31,-10],[13,15],[53,5],[15,10],[19,0],[34,12],[14,10],[33,-12],[14,20],[-1,22],[37,23],[36,-5],[49,5]],[[61267,83815],[-17,-25],[-24,-58],[-14,-104],[-3,-110],[-38,-22],[-25,0],[-42,29],[-39,13],[-24,-3],[-37,-19],[-44,-3],[-30,-85],[-3,-43],[-17,-91],[-20,-70],[-14,-7],[-23,0],[-76,34],[-84,-32],[-20,-40],[-40,-125],[-24,-45],[-43,-47],[-37,-11],[-48,-24],[-43,-72],[9,-49],[20,-35],[3,-48],[-11,-20],[-12,-14],[-48,-24],[-46,-87],[-3,-9],[-113,-206],[-41,-63],[-88,-10],[-14,-14],[-18,-30],[-24,-70],[-8,-17],[-32,-54],[-28,-30],[-16,-4],[-23,5],[-41,3],[-32,-10],[-109,-105],[1,-55],[-4,-20],[-13,-29],[-20,-25],[-29,-17],[-53,-55],[-2,-18]],[[59643,81745],[-12,-34],[-8,-14],[-7,3],[-14,-20],[0,-28],[-5,-24],[-2,-56],[-10,-37],[-10,-20],[8,-30],[-3,-23],[-9,-19],[-20,-26]],[[59551,81417],[-8,35],[-1,45],[-15,17],[-60,2]],[[59467,81516],[-2,526],[-3,435],[-1,259],[-2,373],[-2,37],[-1,166],[-93,4],[-183,6],[-2,221],[-1,125],[-2,25],[-12,30],[-4,22],[-1,137],[2,306],[1,257],[1,273],[2,183],[1,223]],[[59165,85124],[-276,2],[-226,0],[-30,2]],[[58633,85128],[3,265],[0,332],[2,126],[-1,243],[0,116],[2,242],[0,332]],[[58639,86784],[0,3]],[[58672,79357],[108,-1],[109,-1],[47,-2]],[[60500,85486],[-225,6],[-45,-1],[-195,-8],[-26,-5],[-30,-9],[-29,-12],[-43,-29],[-25,-22],[-69,-68],[-113,-111],[-80,-78],[-24,-16],[-15,-5],[-27,-4],[-389,0]],[[59165,85124],[1,355],[3,19],[7,112],[-2,0],[15,202],[3,41],[-3,40],[-12,80],[-5,12],[-53,60],[-7,13],[-8,45],[-16,120],[0,150],[3,73],[2,22],[-1,22]],[[59157,86522],[15,-3],[9,-8],[11,-22],[0,-11],[-16,-11],[-2,-8],[0,-51],[2,-36],[10,-10],[13,-37],[14,-9],[21,24],[23,-15],[7,0],[4,-21],[19,-19],[14,-5],[13,3],[19,29],[18,19],[7,-9],[4,-33],[30,-39],[0,-23],[15,-63],[15,-23]],[[59891,86940],[71,-1],[166,3],[123,3],[209,15]],[[60460,86960],[1,-162],[-1,-198],[0,-184],[17,1],[22,-6],[22,-24],[5,-14],[0,-108],[1,-25]],[[60527,86240],[1,-19],[1,-205],[0,-128],[-2,-25],[-27,-377]],[[58639,86787],[0,145]],[[58639,86932],[35,-1],[93,3],[121,1],[60,4],[75,2],[135,7]],[[59158,86584],[-1,-62]],[[59157,86522],[-37,-7],[-12,-8],[-16,-17]],[[59092,86490],[-4,-17],[-10,-24],[-9,-8],[-20,9],[-12,25],[-4,19],[3,15],[22,26],[13,7],[17,26],[-5,25],[-16,18],[-20,46],[-18,23],[-18,5],[-11,-6],[-9,-21],[-22,-33],[9,-27],[18,-22],[-3,-23],[-71,-11],[-8,9],[-18,44],[-33,12],[-13,22],[-13,51],[-8,8],[-44,2],[-9,5],[-14,36],[-20,14],[-15,-9],[-8,-38],[-25,0],[-17,12],[-5,10],[3,29],[-36,38]],[[59422,86579],[-51,0],[-50,8],[-44,9],[-17,0],[-58,-12],[-44,0]],[[59158,86584],[-1,68],[1,296]],[[56285,73898],[0,-14],[-57,-35],[-64,-38],[-27,-21],[-19,-20]],[[56118,73770],[-5,23]],[[56113,73793],[30,24],[57,41],[28,17],[57,31],[0,-8]],[[57089,72844],[1,-11]],[[57090,72833],[-36,0],[-1,-22],[-33,0],[0,34]],[[57001,72844],[0,-33],[-20,1],[-1,32]],[[56544,72847],[9,0]],[[56956,72845],[3,-174],[0,-7],[-49,1],[-90,-1],[2,-80],[0,-99]],[[56822,72485],[-39,-2],[-83,1]],[[55744,72835],[3,375]],[[55747,73210],[136,0],[-1,23],[1,245]],[[55883,73478],[27,-25],[203,-161],[25,-24],[19,-24],[94,-128],[23,-28],[29,-28],[164,-132],[43,-39],[34,-42]],[[56544,72847],[31,-53],[10,-23],[115,-287]],[[56700,72484],[-3,0]],[[56697,72484],[-52,1],[1,-22],[-92,-1],[0,23],[-80,0],[-1,20],[-58,26],[5,98],[1,73],[-13,2],[-24,19],[-63,56],[14,27],[-10,10],[-11,-21],[-13,12],[8,16],[-18,25],[-105,-7],[-69,0],[-37,1],[-65,-2],[-66,3],[-203,-8],[-2,-10],[0,-158],[3,-176],[114,1],[109,-1],[36,4],[0,-187],[2,-71],[-17,2],[-20,66],[-19,0],[-14,-12],[-59,2],[-1,-29],[36,-44],[-168,-6],[-134,27],[-111,15],[-17,10],[0,216],[-1,172],[0,94],[23,14],[29,10],[52,3],[61,34],[11,4],[40,5],[30,13],[15,2]],[[58012,74524],[0,-140],[-93,-2],[0,-49],[-35,0],[0,-45],[67,-1],[29,-3],[32,0],[0,-97],[-129,2],[0,189],[-17,1],[0,44],[-16,0],[0,21],[32,0],[0,73],[-265,-4],[2,-222],[39,0],[0,-49],[-39,-1],[1,-313]],[[57620,73928],[-268,0]],[[57092,73927],[1,47],[-3,80],[0,39],[-21,-6],[-59,78],[-3,122],[2,59]],[[57009,74371],[82,52]],[[57091,74423],[0,220],[-1,346]],[[57715,75167],[7,1],[1,-179],[7,0],[-1,179],[127,5],[134,1],[1,179],[-135,0],[0,26],[17,25],[2,19],[22,37],[8,26],[-3,9],[-13,9],[0,64],[-33,0],[-1,60],[180,2],[0,85],[92,0],[0,294],[2,29],[8,40]],[[58393,74990],[-279,0],[-3,-20],[-18,-60],[-55,-178],[-11,-36],[-9,-48]],[[58018,74648],[-6,-61],[0,-63]],[[58012,74524],[-184,63],[-28,9],[-34,6],[-34,2],[-34,-2],[-163,-19],[-40,-7],[-30,-7],[-42,-14],[-283,-110],[-49,-22]],[[57626,73201],[-20,1],[-253,3]],[[57353,73567],[264,-2],[3,-2]],[[57620,73563],[1,-145],[4,-148],[1,-69]],[[59158,86948],[2,132],[-1,22],[-1,157],[-2,282],[0,42],[2,90]],[[59158,87673],[113,0],[156,-1],[-2,-260],[0,-111],[268,2],[-2,-227],[0,-131],[67,-1],[73,-3],[60,-1]],[[59891,86940],[0,-361],[51,0],[13,-2],[5,-11],[-1,-154],[1,-370],[1,-6],[23,-31],[-9,-20],[-11,0],[-37,42],[-12,-10],[-13,-39],[-34,-14],[-10,-17],[-20,-13],[-12,13],[0,54],[-19,30],[-11,43],[-33,14],[-8,-7],[-11,-26],[7,-23],[-6,-47],[-12,-14],[-24,-12],[-23,-7],[-20,-46],[-16,-27],[-35,-20],[-22,2],[-17,27],[5,15],[21,27],[0,14],[10,15],[-2,41],[-6,10],[-11,1],[-26,-24],[-25,5],[-11,29],[-26,9],[-13,26],[6,34],[2,27],[-7,15],[-18,13],[-31,-7],[-22,3]],[[59422,86141],[1,375],[-1,63]],[[59422,86579],[1,246],[0,117],[-86,0],[-179,6]],[[58679,77172],[-1,198],[0,94],[-7,0],[1,67]],[[57860,77532],[0,271],[1,456],[0,184],[259,-2]],[[58119,78260],[1,-75],[-2,-653]],[[57860,77532],[258,0]],[[58118,77532],[0,-110],[3,-3],[0,-252]],[[58121,77167],[-123,-2],[-96,1],[-178,-5]],[[57724,77161],[-1,114],[1,252],[121,3],[15,2]],[[59462,77526],[-2,-21],[0,-321],[1,-207]],[[59461,76977],[-193,0],[-18,3],[-19,10],[-23,28],[-11,29],[-4,21]],[[58924,77169],[4,360]],[[60734,74993],[-46,0],[-224,-1]],[[60464,74992],[-85,0]],[[60379,74992],[13,63],[32,146],[4,47],[8,366],[0,59],[-2,45],[-8,58],[-5,59],[-14,235],[-3,66],[1,27],[25,495],[-1,71],[-10,132],[-2,31],[-13,66],[-2,21],[78,3],[63,1]],[[60901,77521],[201,1],[-1,-8],[192,0]],[[61293,77514],[1,-350],[0,-179],[1,-179],[0,-265],[-1,-99],[2,-173],[-3,-189],[2,-362],[1,-362],[0,-362]],[[61296,74994],[-194,-1]],[[61102,74993],[-246,-1],[-122,1]],[[60574,77521],[266,1],[61,-1]],[[60901,77521],[32,-33],[9,-13],[14,-38],[18,-20],[1,-62],[12,-26],[11,-41],[-4,-30],[-17,-24],[-9,-2],[-21,19],[-29,13],[-10,-6],[-7,-22],[-33,-20],[-25,-5],[-6,-9],[2,-19],[8,-16],[-2,-19],[-6,-10],[-4,-22],[-13,-33],[-4,-35],[15,-27],[10,-11],[56,-33],[15,-5],[32,-4],[-1,-167],[-134,-1],[-268,1],[0,182]],[[60543,76983],[-1,358],[32,0],[-1,48],[1,132]],[[58671,78616],[74,-1],[179,-2],[1,94],[9,572],[2,74]],[[58936,79353],[13,-1],[147,-2],[239,-4],[136,-5],[-2,-372],[-1,-360]],[[59468,78609],[0,-63],[-2,-296]],[[57087,73565],[2,1],[1,301],[2,60]],[[57092,73927],[25,2],[98,0],[34,-1],[103,0]],[[57352,73928],[0,-341],[1,-20]],[[57353,73567],[1,-344],[-1,-18]],[[57353,73205],[0,-2]],[[57353,73203],[-266,2]],[[57009,74371],[0,-25]],[[57009,74346],[-22,-15],[-49,-43],[-1,6],[-31,-26],[-32,-48],[-19,-31],[-17,-32],[-54,-92],[-50,-52],[-36,-28],[-29,-15],[9,-16],[29,-22],[115,1],[0,-3]],[[56822,73930],[-2,0]],[[56820,73930],[-121,0],[-42,3],[0,9],[-23,-2],[-14,-8],[-27,8],[0,34],[13,10],[40,12],[49,23],[28,20],[42,61],[13,28],[24,39],[17,31],[20,29],[43,39],[12,16],[44,38],[36,28],[35,23]],[[57087,73285],[0,-80]],[[57087,73205],[0,-4],[1,-291],[1,-66]],[[57089,72844],[-69,1]],[[57020,72845],[-19,-1]],[[57001,72844],[-21,0]],[[56980,72844],[-24,1]],[[56956,72845],[-75,1],[-22,-1],[-39,2]],[[56820,72847],[-75,0],[-52,1],[-7,-3],[-130,0],[-3,2]],[[56553,72847],[-5,100],[3,17],[1,75]],[[56820,73114],[0,-267]],[[56819,73208],[1,-94]],[[56820,73114],[-38,-5],[-22,-8],[-58,-29],[-32,-14],[-31,-9],[-46,-8],[-41,-2]],[[56552,73039],[0,169]],[[56552,73208],[85,0],[1,43],[46,0],[32,-10],[15,-18],[3,-15],[85,0]],[[56819,73208],[-1,144],[0,216],[269,-3]],[[57087,73565],[0,-280]],[[57087,73285],[-37,-2],[-48,-65],[-8,-7],[-46,-2],[-108,1],[-21,-2]],[[59462,77526],[-257,1],[-138,0],[-139,2]],[[58928,77529],[-228,2],[-28,0]],[[58672,77531],[-3,0],[1,261],[-1,45],[0,64],[1,349],[-15,8]],[[58670,78258],[244,-7],[74,-1],[74,0],[139,2],[137,0],[128,-2]],[[59466,78250],[-2,-237],[1,-127]],[[59465,77886],[-2,-350],[-1,-10]],[[58671,78436],[-1,-178]],[[58670,78258],[-15,0]],[[58655,78258],[-121,1],[-135,0]],[[58399,78259],[-80,0],[-187,1]],[[58132,78260],[-13,0]],[[58119,78260],[1,181]],[[58120,78441],[0,176],[3,-1],[4,86],[10,117],[2,46],[1,113],[-1,32],[-12,193],[0,149]],[[58127,79352],[73,18],[36,5],[39,11],[11,8],[13,17],[31,9],[37,23],[48,20],[26,24],[42,30],[25,36],[29,25],[14,2],[6,-14],[0,-24],[-5,-12],[-15,-14],[-13,-25],[4,-15],[19,0],[25,-15],[26,13],[13,32],[18,14],[43,10]],[[58672,79530],[0,-173]],[[58672,79357],[-1,-741]],[[58671,78616],[0,-180]],[[58671,78436],[-4,1],[-153,2],[-379,2],[-3,0],[-1,-129],[1,-52]],[[57715,75167],[1,-178],[-126,1],[-141,-1],[-134,0]],[[57318,75350],[48,1],[219,1],[128,6],[2,-191]],[[57053,76623],[56,-2],[51,0],[148,-2],[-2,-87],[12,-3],[-3,-25],[-1,-264],[2,0],[-1,-165],[-1,-4],[1,-77],[0,-32],[2,-15],[-5,-93],[-35,-8],[-5,-16],[12,-19],[0,-9],[-16,-4],[15,-32],[-1,-23],[-20,-25],[6,-26],[50,0],[1,-296],[-1,-46]],[[57318,75350],[0,-1],[1,-239],[-4,-121]],[[57315,74989],[-225,0]],[[57090,74989],[-37,-1]],[[57053,74988],[0,207],[-1,23],[1,132]],[[57053,75350],[1,74],[0,286],[-1,185],[-1,184],[1,68],[0,476]],[[58195,75802],[32,0],[0,-80],[-94,0],[1,77],[19,14],[7,-12],[35,1]],[[58137,76078],[-9,94],[1,229],[-1,402]],[[58665,76804],[-4,-1040],[0,-587],[2,-23],[18,-164]],[[58681,74990],[-288,0]],[[58393,74990],[-1,153],[1,220],[0,354],[1,157],[2,211],[-99,-4],[-160,-3]],[[58128,76803],[1,203],[1,39],[8,23],[14,13],[25,11],[14,18],[6,23],[-1,25],[-53,5]],[[58143,77163],[91,3],[67,0],[95,2]],[[58396,77168],[91,-1],[110,0],[82,5]],[[58679,77172],[131,0],[114,-3]],[[58924,77169],[194,-1],[26,-6],[21,-17],[10,-16],[11,-26],[7,-35]],[[59193,77068],[0,-41],[2,-226],[-4,-5],[-264,3],[-176,5],[-86,0]],[[58665,76804],[-86,1],[-12,-2],[-230,3],[-70,-2],[-13,-2],[-113,-2],[-13,3]],[[62818,84795],[-9,-25],[-26,-48],[-28,-10],[-23,-15],[-47,-7],[-17,20],[-23,-3],[-21,-94],[-2,-23],[-21,-40],[-16,-57],[-46,-45],[-48,-57]],[[62491,84391],[-7,0]],[[62484,84391],[-51,-1],[-1,377]],[[62401,85206],[313,0],[25,-11],[19,-19],[272,-356],[10,-15],[-3,-23],[-34,21],[-24,1],[-161,-9]],[[62818,84795],[-115,-5],[-58,-7],[-49,-13],[-49,-8],[-96,0],[-19,5]],[[62432,84767],[0,7],[-26,19],[-25,3]],[[62381,84796],[15,28],[4,22],[4,63],[-2,141],[-1,156]],[[61891,84575],[102,-1],[17,-6],[17,2],[0,-11],[68,0],[5,28],[62,-1]],[[62162,84586],[2,-196],[45,0],[-22,-88],[-12,-61],[-4,-32]],[[62171,84209],[-110,0],[-149,3],[-18,1],[-1,272],[-2,90]],[[61314,85492],[13,183]],[[61327,85675],[34,-3],[70,8],[130,18],[56,6]],[[61617,85704],[-2,-179]],[[61615,85525],[-6,-2],[-100,-13],[-44,-7],[-53,-5],[-98,-6]],[[61061,85685],[9,184],[15,18],[0,11],[27,18],[55,15],[21,-1],[30,11],[11,9],[23,8],[18,15],[22,3],[187,2]],[[61479,85978],[3,-2],[-2,-124],[-56,24],[-3,8],[-68,-1],[1,-35],[-15,0],[-12,-173]],[[61327,85675],[-34,11],[-122,0],[-110,-1]],[[61316,84761],[-1,365]],[[61315,85126],[300,-9],[2,-1]],[[61617,85116],[1,-164],[0,-188]],[[61618,84764],[-130,3],[-61,-6],[-111,0]],[[61047,85123],[-2,273],[0,89]],[[61045,85485],[152,1],[117,6]],[[61314,85492],[1,-111],[0,-255]],[[61315,85126],[-90,1],[-99,0],[-79,-4]],[[56282,68867],[-83,-2],[-62,1],[-16,3],[-30,-4],[-173,0],[-18,23],[-51,1],[-35,-3],[1,-24]],[[52175,72810],[0,-109],[2,-13],[0,-97],[-2,-140],[-1,-30],[1,-48],[3,-303],[-4,-53],[0,-116],[-2,-63],[3,-176],[4,-19],[-5,-112],[0,-30],[7,-166],[-7,-318],[0,-187],[-2,-433],[2,-30],[0,-1690]],[[52174,68677],[-17,7],[-43,38],[-16,33],[-13,4],[-25,22],[-9,3],[-23,-9],[-16,-18],[-5,-10],[-25,-5],[-27,2],[-24,-7],[-47,-57],[-37,-31],[-11,-2],[-23,58],[-4,42],[16,24],[4,32],[-6,31],[8,40],[-36,9],[-10,6],[-30,5],[-23,-25],[-18,-4],[-33,16],[-17,-3],[-29,7],[-8,5],[-24,5],[-25,-9],[-23,1],[-16,-13],[-56,-28],[-23,-17],[-32,-8],[-11,23],[-19,16],[-32,34],[-95,-5],[-19,35],[-43,-16],[-41,3],[-8,6],[-10,-5],[-29,13],[-8,12],[-38,15],[-35,12],[-20,12],[-25,-4],[-34,9],[-14,-2],[-33,-20],[-21,2],[-24,-8],[-17,-24],[-32,-8],[-34,20],[-22,3],[13,17],[-10,29],[0,17],[11,26],[29,33],[-5,27],[-11,4],[-17,-9],[-19,-2],[-24,-8],[-31,-4],[-25,6],[-13,-2],[-29,18],[-18,8],[-13,-2]],[[50033,69542],[-6,25],[-2,46],[21,28],[19,30],[-8,12],[-38,36],[-16,10],[-12,23],[-24,19],[-21,26],[-13,55],[-20,15],[-24,12],[-30,-11],[-16,25],[-4,19],[-13,26],[-9,38],[-10,29],[-33,-1],[-37,10],[-34,13],[-8,28],[-9,5],[-39,40],[-31,21],[-8,14],[-2,79],[-7,14],[2,42],[-13,28],[-4,18],[13,22],[39,15],[2,24],[20,54],[-3,24],[8,15],[-22,42],[-13,17],[-12,7],[-8,15],[-18,7],[-25,-1],[-28,8],[-14,-2],[-29,-20],[-37,27],[-33,0],[-15,-8],[-12,-17],[-11,-27],[-15,-20],[-39,-33],[-65,-22],[-6,3],[-8,37],[4,22],[-11,9],[-17,30],[-20,21],[-24,5],[-54,43],[-23,-44],[-7,-7],[-10,19],[-14,18],[-14,34],[-18,15],[-53,70],[-16,9],[-9,-5],[-7,19],[-29,33],[-28,22],[-7,13],[-1,21],[-31,77],[-12,12],[-5,16],[4,42],[-19,55],[-8,44],[-8,11],[-36,20],[-22,2],[-34,7],[-15,7],[-23,24],[-16,7],[-23,1],[-36,-4],[-27,11],[-26,37],[-41,24],[-83,34],[-41,-14],[-32,-30],[-26,-31],[-62,10],[-24,19],[-14,21],[-13,5],[-18,-20],[-11,-39],[-20,-5],[-27,7],[-11,0],[-22,22],[-49,21],[-11,13],[-23,41],[-22,15]],[[48008,71292],[-11,15],[-22,60],[-14,56],[1,25],[-36,82],[-6,51],[5,26],[-11,22],[-4,30],[-8,32],[2,15],[10,47],[2,30],[-7,16],[-21,33],[-5,12],[-1,21],[-7,39],[-7,18],[-8,47],[34,45],[-1,40],[10,37],[-1,10],[-13,10],[-10,26],[5,50],[-9,39],[2,24],[-2,27],[25,62],[10,14],[24,17],[23,27],[18,8],[21,19],[-9,25],[10,20],[12,67],[17,31],[26,20],[1,7],[-19,73],[0,23],[8,42],[2,49],[19,28],[3,13],[1,45],[7,17],[25,20],[14,15],[4,16],[-1,64],[6,12],[1,24],[16,39],[14,45],[1,31],[18,28],[19,19],[13,4],[-18,37],[0,17],[29,43]],[[48215,73298],[85,-2],[88,0],[39,-1],[64,1],[48,-2],[98,0],[248,-5],[45,7],[453,0],[246,-2],[250,0],[246,2],[583,0],[461,-2],[158,-3],[25,3],[17,33],[14,14],[28,9],[29,17],[15,25],[19,17],[35,10],[17,16],[22,8],[26,3],[22,-21],[5,-20],[12,-16],[19,-11],[4,-13],[13,-9],[32,-34],[4,-13],[20,-28],[22,-14],[25,-4],[24,1],[28,12],[26,1],[18,-18],[8,-23],[17,-31],[6,1],[19,48],[10,5],[16,17],[6,15],[0,27],[15,29],[12,2],[5,-17],[18,-28],[23,-12],[12,1],[16,-10],[27,-3],[20,17],[38,50],[16,15],[10,2],[14,-7],[17,1],[1,-47],[-3,-85],[1,-60],[-1,-30],[3,-163],[-2,-36],[3,-22],[0,-105]],[[63442,72474],[93,1],[2,-428],[-79,-1],[1,-210],[-200,-1],[0,-448],[2,-313],[-3,-414],[-110,6]],[[60822,69952],[-2,305],[1,59],[1,171],[3,187],[-3,369]],[[60822,71043],[409,-3],[1,89],[165,0],[262,-9],[4,268],[-1,486],[3,356],[2,224],[370,-3],[3,198],[159,6],[23,-1],[-5,189],[181,1],[1,-191],[657,-10],[3,-3],[-2,-169],[116,0],[269,3]],[[92888,16238],[-127,-1],[-151,-2],[-76,4],[-225,-4],[-207,-1],[-251,-1],[-110,-1],[-70,3],[-110,0],[-91,1],[-139,0],[-130,1],[-175,-2],[-338,-1],[-259,0]],[[85109,195],[-530,1],[-32,-3],[-433,2],[-1,-6],[-245,0],[-62,-1],[-152,-2],[-887,-8],[-266,-1],[-57,1],[-559,0],[-192,-1],[-155,1],[-177,-2],[-377,-1],[-243,-1],[-193,1],[-509,-3],[-82,0],[-211,-2],[-533,-1],[-22,1],[-194,-4],[-494,-6],[-330,-2],[-372,-3],[-377,0],[-258,-4],[-5,1],[-432,-5],[-82,10],[-80,4],[-228,-17],[-273,-2],[-177,-3],[-103,-1],[-143,0],[-249,-5],[-172,-2],[-40,0],[-171,-2],[-74,-2],[-252,-4],[-219,-2],[-107,1],[-403,-2],[-118,-4],[-211,-5],[-182,-2],[-454,-4],[-291,-1],[-222,-2],[-182,-3],[-212,-4],[-107,0],[-462,-6],[-1209,-15],[-5,-1],[-532,-4],[-262,-4],[-490,-7],[-46,2],[-451,-5],[-700,-14],[-179,-3],[-139,-2],[-240,-8],[-392,-2],[-36,-1],[-95,2],[-467,-1],[-74,3],[-232,4],[-60,0]],[[64863,4485],[-8,31]],[[62538,12530],[57,-262],[16,-83],[22,-128],[24,-127],[8,-39],[85,-285],[60,-203],[95,-320],[46,-157],[14,-45],[71,-168],[150,-350],[21,-50],[32,-73],[45,-90],[96,-181],[152,-290],[75,-141],[42,-77],[54,-101],[24,-48],[111,-213],[42,-79],[21,-50],[117,-352],[48,-143],[10,-32],[79,-234],[12,-27],[59,-96],[180,-289],[147,-236],[135,-215],[51,-84],[12,-23],[90,-207],[14,-44],[33,-112],[7,-28],[55,-282],[5,-29],[12,-116],[15,-129],[8,-31],[11,-22],[25,-44],[16,-33],[10,-36],[20,-84],[11,-66],[2,-59],[-1,-39],[-11,-100],[-10,-120],[-15,-157],[-21,-208],[-6,-70],[-17,-175],[-3,-103],[-9,-163],[-3,-30],[-6,-23],[-17,-32],[-46,-68],[-23,-37],[-42,-76]],[[64855,4516],[-16,43],[0,76],[-67,3],[-36,-4],[-15,6],[-42,3],[-1,18],[-18,72],[-8,0],[0,64],[-18,23],[-39,-6],[-17,6],[-30,23],[-58,37],[-7,-16],[-22,-25],[-24,-13],[-21,5],[-24,45],[-20,20],[-1,-32],[9,-4],[13,-26],[20,-25],[0,-18],[7,-23],[-4,-14],[2,-19],[26,-37],[22,-24],[3,-31],[8,-30],[-4,-19],[10,-26],[-2,-17],[12,-33],[28,-19],[20,-30],[26,-13],[6,-10],[-4,-22],[14,-14],[31,-20],[5,-19],[7,-1],[6,-21],[7,-9],[7,-27],[9,-16],[-3,-15],[2,-29],[10,-11]],[[65245,36],[-94,0],[-75,-5],[-16,5],[-63,0],[-83,-1],[-221,-2],[-255,6],[-373,-4],[-95,1],[-69,6],[-210,0],[-361,1],[-138,6],[-14,-20],[-85,0],[-193,-5],[-512,2],[-291,0],[-86,1],[-353,-2],[-2,1],[-259,1],[-1774,-5],[-7,-1],[-359,1],[-1422,-1],[-408,-13],[-33,1],[-317,23],[-181,4],[-270,15],[-504,24],[-68,-5],[-158,-2],[-262,3]],[[57430,8652],[-1,-170],[12,-81],[22,-66],[12,-57],[15,-57],[21,-58],[-1,-35],[14,-23],[24,-3],[116,-171],[73,-113],[67,-100],[545,-299],[368,-203],[156,-72],[438,-202],[408,-188],[103,-45],[108,-71],[121,0],[97,-2],[112,35],[369,33],[15,-2],[515,-40],[227,-332],[303,-279],[130,-65],[138,-72],[17,-3],[95,-50],[88,-11],[27,-2],[118,-78],[110,-93],[198,-182],[15,-13],[8,-18],[37,-38],[79,-87],[260,-281],[209,-227],[346,-126],[29,-17],[2,-20],[19,-24],[-5,-19],[12,-36],[1,-16],[10,-12],[19,-38],[17,-25],[0,-44],[30,-2],[1,-40],[4,-4],[18,4],[21,-6],[17,-26],[2,-16],[14,-8],[14,0],[13,-7],[30,-43],[10,-5],[19,0],[32,-26],[18,-6],[-2,-18],[4,-20],[25,-3],[6,-20],[-18,-19],[0,-16],[22,-32],[-13,-32],[5,-17],[12,-6],[1,-40],[13,-24],[-1,-13],[15,-15],[-7,-19],[10,-47],[6,-8],[24,-4],[12,-21],[7,3],[13,-25],[25,8],[7,-7],[6,21],[7,-23],[22,-2],[4,-8],[3,-47],[6,-11],[10,23],[12,-6],[2,-22],[7,-12],[7,12],[-2,30],[39,-84],[19,25],[17,87],[16,-4],[14,9],[21,36],[15,21],[14,11],[15,-4],[10,-13],[25,22],[20,14],[20,37],[14,22],[16,32],[11,10],[35,12],[14,3],[13,12],[20,28],[31,65],[35,34],[13,7],[18,4],[38,27]],[[64664,4242],[60,1],[10,-4],[15,6],[14,10],[6,14],[22,91],[14,20]],[[64863,4485],[19,6],[76,-1],[30,18],[27,29],[12,23],[23,21],[13,21],[10,45],[13,24],[19,52],[19,41],[7,23],[14,22],[15,30],[2,22],[-12,33],[-25,16],[3,12],[13,12],[18,9],[5,-31],[27,-30],[9,-33],[-2,-29],[7,-46],[7,-6],[-50,-114],[-19,-32],[81,-126],[21,17],[59,43],[23,1],[16,-21],[23,-21],[10,-31],[6,-7],[33,-3],[40,-14],[23,-21],[44,-53],[15,-13],[13,-20],[33,-60],[49,-39],[11,-1],[76,-2],[28,1],[26,-4],[83,-45],[69,-41],[30,-11],[63,-18],[63,-25],[59,-22],[48,-31],[61,-2],[9,-8],[26,-159],[6,-17],[8,-2],[17,29],[31,30],[29,16],[68,21],[14,6],[38,27],[35,32],[17,9],[34,-4],[20,-28],[8,-32],[2,-21],[6,-15],[12,-9],[50,-5],[39,-12],[47,-8],[54,-6],[-18,-47],[-8,-56],[-4,-74],[6,-19],[13,-19],[4,-40],[22,-25],[23,-174],[9,-82],[-3,-20],[-23,-41],[-8,-26],[-10,-71],[-49,-107],[-62,-94],[-90,-119],[-8,12],[-16,-15],[-65,-66],[-39,-43],[-21,-27],[-15,-29],[-17,-46],[-1,-37],[-7,-30],[-29,-99],[-11,-20],[-13,-43],[-9,-15],[-3,-27],[-1,-45],[-4,-16],[-13,-15],[-19,-30],[-15,-12],[-38,-13],[-9,-19],[-26,-31],[-14,-27],[-14,-18],[-21,-16],[-24,-3],[-20,-16],[-14,-1],[-13,-14],[-23,-10],[-19,-23],[-22,-14],[-24,-9],[-8,-14],[-15,-8],[-21,-3],[-31,-30],[-212,-142]],[[64805,4380],[21,17],[5,13],[4,31],[7,23],[21,21]],[[64863,4485],[17,-79],[8,-26],[48,-118],[10,2],[27,19],[54,0],[-1,-44],[66,-3],[21,-12],[19,-25],[12,-34],[7,-43],[17,-24],[10,-31],[0,-56],[4,-20],[22,-10],[28,-45],[2,-20],[16,-23],[-9,-37],[8,-25],[-1,-23],[7,-12],[1,-19],[14,-53],[27,-41],[8,-5],[7,-21],[12,-12],[20,-33],[47,-38],[36,-57],[13,-30],[11,-4],[-2,-71],[-4,-24],[4,-35],[-7,-65],[7,-35],[6,-16],[5,-27],[1,-61],[6,-26],[8,-49],[-4,-16],[16,-16],[34,-81],[-14,-92],[6,-28],[23,-37],[9,-27],[23,-32],[4,-29],[-5,-86],[1,-29],[7,-31],[9,-27],[10,-46],[2,-26],[-9,-33],[0,-30],[11,-34],[44,-58],[11,-26],[8,-44],[15,-59],[13,-66],[47,-199],[11,-53]],[[65747,1869],[12,-45],[5,-43],[0,-26],[-6,-46],[0,-32],[13,-44],[24,-42],[35,-48],[29,-30],[23,-32],[9,-24],[-2,-32],[-8,-16],[-14,-42],[0,-31],[14,-47],[-5,-7],[13,-63],[10,-25],[11,-18],[8,-43],[0,-23],[-9,-18],[-12,-6],[-1,-58],[11,-28],[0,-20],[-8,-26],[-6,-35],[23,-125],[11,-20],[12,-115],[7,-34],[13,-28],[4,-48],[8,-35],[12,-38],[13,-24],[7,-23],[2,-28],[-3,-20],[-11,-29],[-8,-12],[-13,0],[-7,-18],[4,-30],[-7,-18],[-1,-19],[-26,-11],[4,-27],[13,-11],[-4,-12],[-11,8],[-14,-8],[-2,-19],[19,-39],[-2,-20],[-9,-29],[-24,-15],[3,-39]],[[65906,33],[-235,-1],[-163,3],[-263,1]],[[65245,36],[-2,25],[-7,23],[-17,40],[-4,19],[0,23],[27,153],[8,52],[0,44],[-38,180],[-11,28],[-16,23],[-11,9],[-64,36],[-76,36],[-17,17],[-10,20],[-8,51],[-8,35],[-27,50],[-6,45],[-11,36],[-62,87],[-47,68],[-29,53],[-60,83],[-62,84],[-25,44],[-9,26],[-9,43],[-3,52],[2,99],[-5,40],[-1,36],[8,30],[25,40],[25,60],[11,58],[12,83],[2,26],[-3,40],[-17,106],[-5,77],[-7,34],[-11,31],[-20,44],[-6,18],[-3,35],[2,19],[11,30],[18,31],[10,25],[8,29],[1,46],[-6,28],[-35,91],[-21,48],[-10,30],[-5,23],[-1,39],[3,24],[30,112],[14,80],[3,32],[3,85],[6,166],[-2,49],[-15,136],[2,40],[19,134],[5,63],[1,223],[0,65],[4,27],[8,33],[14,32],[25,53],[22,33],[-4,4],[21,54],[14,45],[8,36],[4,37]],[[55517,35006],[19,3],[191,-160],[77,-60],[25,-25],[284,-238],[192,-6],[98,-2],[328,-10],[7,16],[12,9],[7,30],[-5,18],[-10,15],[11,8],[6,38],[-5,14],[-13,4],[-6,18],[1,19],[45,20],[11,16],[2,18],[13,26],[8,-6],[36,5],[14,-2],[7,8],[7,23],[24,-5],[13,1],[40,27],[16,31],[2,23],[16,58],[23,25],[33,30],[-2,8]],[[56581,33902],[-262,1],[-3,229],[3,135],[118,0],[5,1],[82,-6],[52,1],[5,-361]],[[55880,35271],[-7,-14],[-12,-12],[4,-57],[1,-46],[-5,-18],[-10,-13],[-35,-18],[-24,3],[-28,-15],[-19,2],[-8,21],[-34,-2],[-18,4],[-26,-1],[-28,4],[-19,-3],[-23,16],[-13,-3],[-18,13],[-6,-3],[-27,-41],[-22,-13],[-17,1],[-1,-10]],[[58222,67780],[0,-91]],[[58687,33541],[-11,3],[-25,16],[12,40],[-6,28],[-8,2],[-12,-11],[-27,1],[-2,17],[17,11],[-11,45],[-12,22],[-31,9],[-7,13],[2,63],[-2,17],[-12,41],[-17,36],[-2,43],[-14,24],[-22,13],[-17,17],[-5,20],[-25,48],[-12,17],[-2,15],[-17,144],[-8,10],[-54,37],[-29,25],[-22,10],[-6,20],[2,52],[-9,26],[-25,42],[-12,12],[-18,10],[-22,2],[-24,-20],[-11,-2],[-14,28],[-5,23],[-26,44],[-17,23],[-26,17],[-22,-6],[-12,-11],[-12,-25],[-5,5],[-1,29],[-9,9],[-22,-4],[-50,-16],[-23,6],[-16,26],[-12,5],[-24,-11],[-50,10],[-25,-3],[-18,32],[-26,38],[-7,16],[-14,48],[-21,35],[-23,12],[-37,-15],[-31,9],[-14,19],[-11,24],[-24,30],[-20,15],[-13,3],[-14,-5],[-17,9],[-21,51],[-18,55],[-18,42],[-11,18],[-21,13],[-33,3],[-13,-16],[-17,1],[-17,17],[-19,7],[-25,-9],[1,-20],[21,-30],[2,-26],[-11,-18],[-9,-4],[-38,5],[-16,-24],[-10,1],[-13,13],[-21,7],[-10,-16],[-2,-16],[-19,-8],[-27,-16],[-23,-5],[-20,5],[-24,18],[-13,41],[-10,21],[-21,15]],[[57044,35003],[-14,78],[8,28],[-8,63],[0,51],[7,68],[-2,14],[6,42],[-7,27],[5,17],[19,15],[8,11],[-7,20],[4,9],[-6,21],[12,8],[17,42],[-9,21],[6,13],[2,65],[-9,16],[-182,84],[-167,77],[-292,132],[-212,94]],[[55922,36155],[-1,-30],[7,-56],[-2,-11],[12,-24],[1,-18],[11,-31],[6,-35],[4,-85],[18,-14],[15,-47],[0,-16],[11,-23],[-10,-21],[3,-25],[-3,-28],[10,-20],[0,-22],[-12,-44],[2,-13],[28,-33],[4,-21],[-11,-22],[-35,-17],[1,-10],[28,-28],[1,-7],[-7,-43],[-3,-46],[0,-26],[14,-22],[46,-19],[11,-11],[12,-27],[1,-14],[-27,-25],[-51,-5],[-46,13],[-34,8],[-14,9],[-22,23],[-10,2]],[[55880,35271],[-36,13],[-83,89],[-20,34],[-34,13],[-22,-3],[-28,-9],[-41,6],[-18,13],[-21,22],[-33,14],[-13,-5],[-21,2],[-20,9],[-19,19],[-17,-10],[-8,8],[-47,99],[-7,9],[-28,4],[-24,10],[-31,32],[-11,4]],[[55485,35066],[2,-22],[19,-21],[11,-17]],[[55517,35006],[-25,-4],[-50,5],[-24,-2],[-13,-10],[-35,-47],[-68,-86],[-6,-16],[-6,-36],[-17,-64],[-11,-16],[-42,-32],[-21,-7],[-9,-7],[-35,-51],[-57,-47],[-17,-10],[9,-36],[-11,-44],[-8,-9],[-28,-7],[-11,-14],[-12,-1],[-24,-18],[-14,2],[-15,13],[-9,1],[-12,-11],[-19,-3],[-13,-17],[2,-18],[9,-19],[-3,-45],[-8,-12],[-29,-26],[-20,-36],[-8,1],[-33,-11],[-30,-21],[-14,-16],[-4,-50],[-22,-41],[-20,-15],[-7,-19],[-13,-14],[-12,-25],[-12,-10],[-8,-16],[-6,-36],[-11,-28],[-32,-8],[-13,-32],[-18,-13],[-8,-16],[-21,-25],[-16,-6],[-16,-27],[-18,-5],[-15,-22],[7,-55],[-6,-29],[-15,-21],[-7,-3],[-35,-3],[-11,-11],[2,-17],[19,-4],[13,-12],[24,-9],[22,-4],[-1,-15],[-10,-18],[11,-12],[-6,-21],[-12,-14],[-16,28],[-25,-8],[-10,-21],[7,-16],[11,1],[0,-18],[-6,-16],[9,-20],[-7,-25],[1,-19],[-8,-16],[7,-23],[-3,-8],[7,-21],[10,-16],[15,-14],[-12,-23],[-31,4],[-21,-19],[-21,-1],[-11,-13],[-3,-29],[7,-13],[2,-20],[14,-76],[-16,-15],[-3,-17],[4,-19],[15,-25],[5,-23],[-3,-15],[-1,-43],[10,-13],[28,-11],[-2,-18],[-28,3],[-17,14],[-9,-1],[-16,-16],[-32,-23],[-9,-13],[-9,-25],[-16,-9],[-17,1],[-7,-7],[-3,-30],[-8,-17],[-29,-27],[-5,-28],[-8,-11],[-28,-10],[-15,-20],[2,-41],[-3,-15],[-14,-26],[2,-43],[-5,-13],[-18,-8],[0,-38],[-4,-7],[-18,-3],[-9,-14],[-12,-3],[-17,9],[-18,-5],[-15,1],[-29,-20],[-18,-5],[-29,-3],[-16,-7],[-12,-30],[-20,-18],[-29,4],[-25,12],[-19,2],[-16,-7],[-18,-33],[-12,-5],[-31,21],[-25,-2],[-11,-12],[-4,-20],[0,-25],[-8,-22],[-12,2],[-2,-30],[9,-19],[5,-22],[9,-3],[3,15],[9,-57],[16,-45],[4,-23],[20,-66],[3,-29],[11,-17],[10,-25],[-3,-8],[16,-24],[7,-27],[11,-5],[-10,-35],[-8,-6],[2,-18],[1,-48],[13,-8],[-6,-14],[8,-16],[7,-53],[-4,-13],[-1,-31],[-19,-11],[10,-23],[-4,-20],[8,-9],[13,-29],[-4,-18],[3,-21],[-6,-19],[-3,-33]],[[52588,31587],[24,0],[13,17],[24,5],[19,13],[23,49],[20,11],[23,19],[8,11],[4,24],[-11,35],[8,5],[20,-2],[24,3],[6,6],[4,26],[-13,27],[-4,30],[13,-1],[14,-18],[35,-4],[1,66],[6,33],[-4,25],[-14,27],[-32,28],[-11,22],[-3,13],[1,32],[18,39],[-11,18],[-7,31],[5,29],[-1,35],[-12,23],[1,15],[9,13],[8,40],[-8,18],[-21,25],[5,40],[-21,8],[-22,22],[4,33],[-10,17],[3,9],[19,-2],[14,16],[0,32],[-6,20],[-11,13],[-4,14],[7,15],[21,27],[13,12],[-1,20],[5,46],[0,27],[-7,62],[10,38],[3,22],[25,12],[8,15],[4,23],[11,13],[0,30],[14,23],[5,17],[-1,38],[6,26],[9,14],[16,13],[10,28],[0,25],[-5,27],[14,16],[18,-2],[12,-7],[13,3],[9,10],[6,25],[-9,31],[2,23],[21,20],[23,10],[10,16],[11,33],[12,22],[-2,19],[6,17],[21,21],[9,27],[19,24],[3,17],[-4,37],[-14,32],[-1,18],[14,32],[-11,30],[-11,23],[-12,39],[-21,20],[-12,23],[-17,17],[-5,12],[1,24],[-3,11],[-14,12],[-1,22],[-11,19],[-7,2],[-20,-9],[-7,2],[-6,25],[-21,19],[-25,5],[-18,18],[-12,0],[-16,11],[-6,16],[8,31],[0,19],[-7,22],[-3,26],[-15,20],[9,28],[2,23],[-20,26],[-27,6],[-9,14],[0,37],[-15,18],[-8,30],[9,25],[31,30],[3,13],[-7,37],[-2,26],[3,16],[36,54],[3,21],[9,8],[43,24],[22,18],[10,4],[44,87],[6,24],[-14,18],[-3,15],[6,11],[16,13],[27,47],[5,25],[0,33],[5,16],[18,20],[20,8],[22,-6],[25,43],[11,8],[21,8],[6,-15],[16,-8],[15,17],[5,41],[-7,9],[-31,9],[-10,17],[3,13],[9,-3],[11,9],[10,21],[-1,56],[4,32],[7,12],[24,1],[-1,32],[5,11],[26,24],[13,8],[4,11],[-3,20],[-15,14],[-10,25],[-3,15],[12,26],[14,5],[9,10],[8,21],[-13,7],[-7,34],[6,9],[-2,17],[-24,12],[-12,0],[-17,18],[-10,29],[-10,4],[-18,-8],[-2,9],[10,16],[-2,65],[-5,45],[-27,54],[-20,21],[-22,33],[-14,15],[-4,25],[-62,151],[-55,136],[-77,185],[-8,12],[-33,39],[-11,3],[-27,-20],[-12,-1],[-70,47],[-15,8],[-60,1],[-63,34],[-25,22],[-2,19],[4,46],[3,44],[-30,60],[-4,28],[-22,196],[-15,91],[0,91],[-27,158],[4,15],[41,74],[24,54],[48,26],[15,11],[36,34],[16,17],[37,49],[12,28],[7,45],[20,31],[8,22],[4,21],[16,22],[21,1],[17,-15],[14,-6],[16,4],[31,19],[32,7],[98,-15],[94,-14],[172,-26],[39,-4],[162,5],[26,0],[195,-30],[30,-1],[33,15],[17,4],[19,-2],[22,-15],[33,-33],[20,-29],[36,-35],[21,-40],[13,-18],[133,-114],[17,-20],[56,-83]],[[54478,35602],[82,-53],[111,-65],[98,-56],[175,-71],[155,-64],[194,-79],[27,-8],[165,-140]],[[54478,35602],[-17,-58],[-2,-16],[-45,-1],[-13,-6],[-44,-44],[-18,36],[-8,10],[-29,2],[-2,73],[3,30],[-8,30],[5,47],[-9,8],[-16,59],[-14,-6],[-12,17],[-4,32],[-34,46],[1,23],[-9,0],[-64,-32],[-41,-10],[-12,-21],[0,-23],[-9,-19],[-14,-59],[-11,-21],[-13,-14],[-16,-9],[-9,2],[-8,-10],[-4,-28],[-10,-11],[17,70],[25,4],[12,13],[13,38],[-5,24],[-14,24],[-4,29],[-15,12],[-7,30],[18,10],[24,24],[55,22],[47,4],[57,13],[13,-5],[11,-12],[21,-5],[16,6],[26,23],[16,10],[25,6]],[[54624,36068],[0,-10],[24,2],[32,-5],[55,-16],[19,6],[25,-2],[0,-57],[-75,0],[0,-93],[-82,1],[0,-91],[-17,0],[1,-90],[-134,0],[1,-42],[7,-43],[-2,-26]],[[54342,36007],[-28,-16],[-18,-6],[-53,-13],[-11,3],[-11,19],[-2,15],[27,187]],[[54527,36076],[-32,-5],[-28,-1],[-21,-19],[-14,-27],[-11,-13],[-34,-10],[-27,-26],[-17,-6]],[[54343,35969],[-1,38]],[[54342,36007],[-1,34],[-21,46],[14,12],[-5,14],[7,12],[-3,16],[8,8],[-6,16],[0,32],[6,8],[-7,17],[4,13],[-7,23]],[[54604,36465],[-20,-8],[-18,-1],[-28,-25],[-21,-3],[-17,-9],[-38,-57],[0,31],[-43,0],[-22,3],[-44,0],[-8,-19],[7,-13],[-10,-96],[-11,-10]],[[54331,36258],[-51,-45],[-34,-17]],[[54246,36196],[7,66],[0,97],[3,46],[-1,27],[-10,67],[-8,76],[-10,94],[-3,20],[-42,139],[-17,66],[-19,81],[-17,36],[-45,82]],[[54084,37093],[13,16],[4,22],[9,8],[22,4],[14,7],[14,-2],[4,17],[-1,26],[7,92],[0,30],[6,52],[12,30],[1,248],[-2,182],[-9,24],[-25,34],[-23,21],[-15,33],[0,70],[22,9],[6,23],[10,1],[7,23],[18,4],[13,-6],[21,4],[20,11],[16,3],[5,-22],[-1,-38],[5,-35],[22,-10],[18,-26],[14,-7],[13,9],[8,-3],[7,-23],[11,-16],[23,17],[18,1],[8,-8],[8,-23],[9,-12],[45,-37],[17,-19],[5,-11],[-10,-25],[6,-13],[16,6],[21,-9],[9,-14],[13,5],[-8,26],[12,4],[30,-10],[18,-23],[22,0],[8,-27],[17,-7],[6,-27],[19,-20],[18,-8],[18,3],[11,11],[19,8],[49,-1],[24,3],[20,7],[11,-1],[25,-33]],[[55527,36331],[0,-250],[-132,-1],[6,-187],[-22,3],[-81,0],[-1,-61],[1,-191]],[[55298,35644],[-34,11],[-27,14],[-19,15],[-21,22],[-20,27],[-17,31],[-44,31],[-26,32],[-23,18],[-15,39],[-30,54],[-23,24],[-7,3],[-19,25],[-61,60],[-12,9],[-57,30],[-57,10],[-35,1],[-48,-7],[-44,-12],[-19,-10],[-16,-3]],[[54624,36068],[-19,-5],[-26,0],[-52,13]],[[54527,36076],[-4,8],[36,31],[-26,60],[74,61]],[[58699,69771],[9,41],[0,15],[22,41],[21,44],[48,93],[10,30],[7,35],[0,143],[2,15],[0,86]],[[58818,70314],[266,3]],[[59084,70317],[133,2]],[[59217,70319],[0,-363]],[[57090,70059],[126,45]],[[57216,70104],[34,7],[73,-8],[26,0]],[[57349,70103],[102,-10],[33,-3]],[[57485,69846],[-1,244]],[[57484,70090],[35,-4],[114,-12],[35,-8],[85,-32]],[[57753,70034],[0,-237],[-1,-24]],[[60551,69327],[-1,-37],[0,-50],[-2,-193],[0,-543]],[[54604,36465],[38,-1],[30,18],[0,228],[67,0],[0,181],[-67,0],[1,132],[13,71],[4,13],[47,60],[11,11],[22,7],[10,8],[12,31],[6,36],[7,13],[34,35],[9,18],[6,30],[7,17],[30,53],[2,24],[-9,31],[-11,81],[1,43],[-17,39],[0,27]],[[54857,37671],[10,39],[10,29],[-6,31],[0,28],[-29,45],[-19,48],[-6,29],[-8,20],[-5,30],[-3,58],[-8,37],[-13,47],[-9,14],[-12,5],[-9,16],[-10,60],[2,21],[-4,17],[2,41],[-6,29],[-14,18],[0,11],[11,20],[-2,16],[-20,40],[-7,25],[-14,14],[-5,25],[5,23],[25,33],[7,19],[9,59],[11,33],[0,30],[-15,103],[-3,25],[-9,18],[-27,15],[4,136],[-11,52],[1,43],[-5,14],[-28,23],[-23,39],[-15,46],[-11,8],[-33,1],[-7,13],[1,96],[1,60],[0,80],[-4,11],[-51,44],[-10,14],[16,25],[27,14],[7,22],[24,41],[8,22],[26,24],[4,10],[25,110],[-3,37],[-7,44],[18,44],[3,33],[4,18],[21,8],[3,7],[6,37],[8,14],[-2,23],[2,44],[-13,15],[-14,58],[-16,21],[12,11],[25,-4],[13,29],[1,18],[10,38],[14,26],[-4,16],[-13,21],[5,36],[-10,27],[0,12],[7,24],[1,19],[16,22],[14,2],[9,14],[1,22],[8,30],[8,17],[-12,15],[9,24],[-9,30],[-20,30],[-10,35],[8,14],[11,10],[22,2],[16,16],[11,32],[-1,25],[4,21],[-5,15],[12,29],[-7,26],[4,8],[15,7],[11,15],[22,-13],[27,-5],[36,28],[18,-10],[29,-8],[23,-9],[10,0],[21,11],[32,-12],[17,19],[2,40],[10,28],[12,9],[10,19],[3,20],[11,25],[-4,26],[8,10],[17,-5],[5,24],[-2,25],[-8,31],[-8,12],[12,34],[7,13],[1,29]],[[56280,41264],[1,-20],[-24,-27],[-18,-37],[3,-32],[-12,-25],[36,-61],[-11,-44],[2,-22],[23,-13],[9,-14],[16,-4],[9,-12],[0,-22],[-9,-21],[-8,-5],[-23,-3],[-39,-16],[-15,4],[-17,-13],[-49,-25],[-5,-20],[-23,-5],[-4,-34],[-13,-11],[-5,-24],[-11,-14],[-4,-24],[-8,-14],[-1,-21],[6,-12],[-10,-32],[7,-22],[-3,-10],[-20,-6],[-21,-1],[-9,-9],[-13,4],[-5,-9],[-1,-26],[-8,-20],[-12,-5],[-7,-32],[-15,5],[-1,-31],[-14,-3],[-7,-17],[-17,-16],[-2,-34],[9,-18],[21,-18],[17,-26],[-6,-28],[20,-48],[30,-23],[26,-32],[5,-31],[10,-9],[17,-38],[15,-19],[0,-32],[9,-21],[28,-23],[-6,-11],[3,-13],[15,-14],[3,-19],[12,-11],[6,-29],[18,-25],[0,-15],[22,-12],[12,-17],[22,-18],[-6,-19],[13,-9],[15,6],[7,-25],[23,10],[8,-3],[39,-53],[3,-18],[-7,-34],[11,-14],[-9,-30],[11,-11],[22,4],[9,-40],[-14,-12],[-2,-19],[12,-15],[3,-17],[-9,-23],[6,-17],[16,-18],[31,-18],[14,-21],[11,-8],[15,-1],[20,-17],[3,-20],[20,-11],[5,-16],[10,-10],[6,-22],[12,-12],[3,-13],[16,-22],[34,19],[14,3],[8,32],[19,-4],[3,-22],[-28,-36],[-20,-6],[-17,-27],[-4,-16],[5,-13],[27,-29],[9,-30],[-6,-27],[-27,-15],[-7,-25],[9,-17],[-6,-19],[-39,-2],[-15,-15],[1,-23],[8,-31],[-13,-26],[3,-13],[12,-13],[1,-13],[-10,-32],[-15,-6],[-14,-12],[-18,3],[-16,-11],[-14,-34],[-20,-10],[-18,-2],[-15,-17],[-9,-3],[-37,-66],[-22,4],[-10,-9],[-16,0],[-9,-7],[-1,-37],[-19,-18],[-11,-2],[-12,-12],[-4,-28],[10,-18],[-16,-46],[-15,-8],[-5,-16],[4,-24],[-5,-12],[-17,-7],[-9,-11],[-15,-2],[-30,22],[-11,-4],[-1,-30],[-4,-20],[-12,-7],[-9,9],[-22,8],[-25,0],[-6,-17],[9,-24],[16,-21],[-4,-22],[-36,11],[-8,-14],[6,-42],[23,-24],[-2,-38],[4,-13],[-24,-52],[12,-39],[1,-13],[-16,-26],[-2,-21],[4,-23],[10,-19],[24,-6],[20,-2],[31,13],[11,-17],[21,6],[4,-24],[-8,-24],[18,-13],[1,-45],[-17,-24],[3,-12],[29,-3],[6,-14],[-10,-19],[3,-11],[16,-6],[13,16],[13,3],[9,-12],[20,-48],[11,-43],[-4,-29],[11,-13],[16,-6],[9,-11],[4,-21],[20,-20],[15,-1],[9,-7],[9,-17],[-8,-24],[-41,-28],[-7,-32],[-6,-15],[-9,-48],[-5,-38],[3,-109],[-5,-45],[-21,-58],[-15,-29],[-35,-38],[-35,-54],[-10,-25],[-18,-56],[2,-40],[-9,-24],[-1,-31],[8,-26],[19,-15],[22,-3],[16,-20],[28,-106],[2,-13],[7,-153],[11,-179],[-6,-207],[-5,-149],[-1,-76],[-4,-11]],[[56223,36019],[-301,136]],[[55922,36155],[-143,63],[-130,59],[-122,54]],[[55527,36331],[-39,12],[-30,-1],[-35,-13],[-78,-48],[-24,-11],[-40,-4],[-177,-1],[-142,0],[-66,21],[-152,1],[-54,-2],[-27,-9],[-21,-13],[-35,-27]],[[54607,36236],[-4,13],[1,216]],[[60312,68769],[15,-62],[3,-39],[-1,-161]],[[60024,68871],[-2,-277]],[[55769,68863],[46,-1]],[[55815,68862],[0,-180]],[[61084,68506],[1,119],[2,335],[0,86],[1,14],[1,224]],[[61225,69957],[-3,36],[2,34],[0,58],[-3,194],[0,42],[6,248],[100,1],[476,4],[70,1],[91,-2],[438,-7],[195,0],[1,-221],[153,1],[0,210],[225,2],[1,108],[134,-2],[37,2]],[[63148,70666],[0,-10],[-14,-45],[3,-11],[29,-26],[14,-26],[5,-38],[-4,-47],[1,-61],[-3,-22],[-17,-47],[-28,-40],[-12,-40],[-6,-38],[1,-49],[-16,-46],[-1,-13],[26,-12],[2,-7],[-13,-35],[4,-16],[13,-25],[0,-12],[-7,-31],[7,-15],[9,-6],[29,-10],[14,-21],[-1,-19],[-15,-34],[-11,-15],[1,-20],[17,-46],[11,-16],[10,0],[14,22],[13,4],[7,-14],[-4,-39],[-14,-38],[2,-65],[-9,-37],[8,-19],[31,-25],[13,-2],[23,10],[15,-4],[17,-28],[40,-38],[20,-28],[39,-31],[20,-52],[26,-156],[29,-85],[14,-62],[6,-44],[10,-38],[46,-84],[41,-67],[18,-37],[18,-25],[33,-38],[4,-22],[41,-81],[23,-22],[29,-42],[22,-89]],[[59755,68594],[-251,0],[-18,1]],[[59753,68871],[2,-24],[0,-253]],[[46490,31728],[192,-1],[255,0],[37,-3],[176,3],[187,-5],[230,6],[96,0],[387,-2],[44,1],[27,-5],[237,0],[79,2],[59,5],[58,-3],[72,3],[92,2],[213,-7],[10,-1],[332,0],[137,1],[327,-13],[182,-8],[123,6],[151,-23],[16,-1],[429,-14],[74,0],[13,-8],[39,-1],[57,1],[209,-8],[157,-3],[42,-4],[526,-21],[250,-16],[256,-15],[232,-6],[95,-3]],[[52588,31587],[115,-3],[279,-8],[175,-1],[354,-17],[94,2],[21,0],[239,9]],[[53865,31569],[232,9],[177,-2],[73,0],[100,-2],[1200,-25],[25,-1],[382,-7],[33,3],[223,1],[7,0],[451,3],[14,6],[89,-2],[67,1],[204,-2]],[[51102,22526],[-2,17],[-39,69],[-15,-3],[-25,30],[-4,20],[2,33],[9,18],[-41,27],[-19,15],[-28,44],[-15,32],[-8,3],[-28,41],[-4,19],[-39,115],[-27,25],[-15,22],[-44,81],[-13,4],[-16,24],[-19,13],[-24,24],[-13,19],[-25,87],[-11,17],[-19,78],[-3,38],[-16,89],[-17,25],[-22,50],[-36,11],[-14,9],[-16,52],[-112,150],[-28,9],[-23,29],[-46,95],[-42,46],[-62,-4],[-27,13],[-34,12],[-11,12],[-49,-12],[-56,-54],[-24,-82],[-65,10],[-56,22],[-29,47],[-69,85],[-8,1],[-42,26],[-37,83],[-10,5],[-23,55],[-30,39],[-51,16],[-19,-6],[-10,24],[-9,7],[-7,17],[4,30],[-13,34],[16,64],[35,55],[-5,33],[0,36],[-19,50],[-26,-12],[-13,5],[-4,34],[-14,86],[-14,54],[-25,19],[-31,117],[-22,16],[-30,57],[-2,32],[-26,15],[-10,2],[-18,41],[1,15],[-9,18],[1,29],[-6,28],[-10,13],[-16,5],[-5,10],[-16,8],[-11,32],[4,28],[-7,31],[7,34],[43,33],[22,21],[13,8],[23,36],[2,24],[-17,67],[0,31],[4,19],[1,42],[-8,34],[-2,32],[-17,23],[-13,4],[-6,26],[-9,9],[-5,25],[-13,25],[1,34],[-5,22],[4,31],[-6,15],[-17,6],[-26,3],[-26,13],[-7,16],[4,23],[-4,31],[-5,10],[-21,21],[-9,16],[-21,20],[-6,11],[-11,37],[1,12],[-7,25],[-8,65],[-18,38],[-14,19],[-4,22],[-7,11],[-1,21],[7,42],[0,36],[-3,51],[-9,-2],[-21,10],[-19,17],[-33,21],[-29,14],[-21,22],[-14,29],[18,36],[11,50],[0,34],[-4,25],[-9,26],[0,27],[-4,41],[-18,4],[-12,7],[-30,9],[-10,6],[-29,27],[-15,34],[-14,14],[-16,36],[12,69],[-42,73],[-5,5],[-21,5],[-22,31],[-14,28],[-22,28],[-11,28],[-5,38],[-27,27],[-26,21],[-9,25],[-18,21],[1,15],[-24,37],[-23,11],[-8,24],[10,32],[-1,28],[-6,20],[-46,44],[-21,40],[-17,51],[1,55],[-11,30],[10,51],[-10,12],[14,73],[-2,43],[22,23],[-1,20],[20,49],[12,56],[-36,16],[-24,14],[-11,13],[-11,36],[2,23],[-25,68],[-13,18],[-7,22],[-54,67],[2,43],[5,16],[-14,22],[-19,56],[-12,48],[-7,35],[1,30],[11,41],[-26,28],[-5,18],[-10,48],[-10,32],[-2,22],[14,22],[31,23],[6,9],[1,26],[13,18],[9,24],[9,45],[-13,25],[-21,73],[-3,58],[-26,2],[-37,8],[-26,11],[-22,13],[-9,13],[-22,38],[-22,31],[-23,38],[-10,39],[-42,-4],[-22,-5],[-27,-19],[-41,19],[-27,17],[-17,20],[-17,30],[-8,28],[-2,42],[-16,55],[-13,11],[-32,45],[-5,17],[-16,25],[-17,55],[-4,38],[-16,13],[-49,21],[-16,16],[-28,33],[-6,12],[-13,61],[-22,43],[-17,18],[-17,25],[-11,47],[-21,41],[-20,53],[-14,22],[-16,40],[-12,3],[-52,29],[-16,-8],[-10,27],[-13,82],[-22,54],[-8,50],[-6,9],[-34,6],[-22,12],[-53,85],[-6,22],[-29,-8],[-23,-3],[-30,2],[-16,19],[-27,42],[-34,36],[-7,21],[3,41],[5,35],[-9,73],[-23,41],[-19,46],[-87,59],[-23,25],[-11,27],[-3,22],[-13,11],[-18,6],[-10,10],[-20,6],[-42,19],[-47,45],[-31,37],[-21,2],[-22,10],[-35,41],[-21,20],[-27,57],[8,48],[0,53],[-2,40],[3,45],[-4,9],[-40,66],[-8,37],[-6,8],[-15,32],[-20,55],[-15,89],[-3,34]],[[75684,27939],[478,1],[182,1],[137,-3],[256,-3]],[[74895,27926],[168,-3],[142,5],[156,7],[126,4],[154,3],[43,-3]],[[75684,27939],[3,-299],[1,-113],[-1,-175],[-2,-134],[8,0],[251,1],[2,-8],[-1,-389],[0,-242],[-5,-15],[14,-10],[-8,-23],[-1,-19],[-2,-200],[120,-1],[67,-47],[26,69],[26,-18],[11,31],[94,-67],[14,-5],[38,-26],[-6,17],[6,25],[0,168],[-1,33],[119,1],[12,20],[0,113],[2,19],[7,16],[11,12],[31,5],[14,9],[45,45]],[[80575,16234],[-324,2],[-352,3],[-237,-3],[-241,-4],[-36,-3],[-180,-11],[-173,5],[-603,8],[-104,2],[-901,11],[-749,-3],[-1032,-8],[-4,4],[-1004,23],[-172,4],[-312,-1],[-26,2],[-262,-9],[-1114,-10],[-195,-2],[-352,-3],[-120,5],[-317,0],[-144,-1],[-361,1],[-12,1697],[-4,550],[-26,13]],[[72827,28315],[52,-37],[58,-19],[54,-23],[23,-5],[15,-9],[18,0],[38,14],[15,58],[44,58],[36,20],[34,-23],[13,-6],[3,-44],[17,-49],[34,-20],[28,0],[13,8],[35,37],[2,35],[-12,48],[-26,43],[7,49],[8,19],[33,6],[31,0],[25,7],[28,-14],[31,-8],[26,-24],[25,-47],[0,-16],[-8,-50],[-17,-30],[-8,-32],[2,-14],[60,-16],[20,-1],[36,12],[54,5],[27,-4],[45,-17],[37,-1],[44,3],[68,41],[33,37],[32,25],[34,-1],[40,-17],[45,-48],[28,-18],[26,-6],[21,8],[32,-4],[35,-7],[18,-15],[41,-26],[23,-66],[41,-85],[18,-30],[39,-50],[30,-20],[19,2],[40,19],[39,5],[13,-7],[27,-26],[21,-1],[37,12],[46,33],[69,64],[27,11],[29,-8],[36,-28],[33,-46],[28,-50]],[[74895,27926],[25,-28],[40,-72],[7,-56],[3,-53],[8,-19],[15,-13],[47,-13],[15,-17],[13,-33],[4,-20],[33,-27],[20,12],[20,22],[2,-6],[-16,-31],[-4,-153],[-2,-37],[-9,-30],[-1,-24],[-17,-74],[-7,-21],[-28,-28],[-23,-4],[-40,-53],[-15,-17],[-21,-17],[-22,-4],[-26,-18],[-17,-27],[-17,-42],[-48,-128],[0,-62],[-7,-21],[0,-31],[-10,-36],[-19,-16],[-6,-36],[7,-19],[-4,-23],[-19,-38],[-8,-10],[0,-60],[-11,-10],[-8,-27],[-14,-23],[-72,-2],[-7,-11],[-7,-27],[-10,-18],[0,-308],[29,0],[20,32],[7,3],[19,-13],[15,17],[15,31],[13,36],[-2,39],[19,19],[34,2],[15,9],[14,19],[17,36],[16,15],[11,-2],[11,-37],[14,-3],[15,38],[35,59],[12,16],[23,13],[16,0],[36,-23],[34,-48],[17,-56],[-11,-37],[1,-30],[5,-32],[9,-32],[12,-25],[8,-8],[20,-3],[22,33],[24,14],[23,-10],[20,-38],[8,-7],[41,-13],[20,3],[18,-6],[28,-19],[27,-27],[13,-8],[51,6],[15,-5],[18,-23],[8,-19],[3,-20],[-7,-45],[-2,-34],[-22,-48],[-3,-40],[-9,-32],[-6,-36],[-2,-26],[-13,-31],[7,-22],[11,0],[22,25],[42,28],[21,-2],[8,3],[28,32],[10,-3],[6,-19],[4,-27],[3,-81],[6,-4],[16,9],[16,29],[5,24],[12,21],[2,29],[17,10],[24,20],[8,1],[0,-221],[-1,-44],[0,-241],[-1,-178],[-43,-8],[-12,-18],[-18,-19],[-16,-26],[-17,-14],[-27,-4],[-29,-55],[-6,-18],[-16,-65],[-34,-66],[-12,-49],[-33,-17],[1,-30],[13,-20],[26,-14],[45,-1],[35,8],[9,-2],[29,-47],[8,-17],[25,-19],[4,-20],[14,-23],[2,-21],[-11,-22],[3,-27],[21,-29],[0,-13],[-11,-24],[-10,-40],[-15,-20],[-51,-22],[-29,-21],[-19,-22],[-20,-40],[-18,-49],[-31,-46],[-9,-27],[-11,-21],[-22,-29],[-31,-16],[-49,-17],[-29,-8],[-74,-12],[-23,-12],[-25,-27],[-12,-27],[-1,-14],[36,-139],[100,-148],[16,-41],[8,-7],[14,8],[7,14],[14,7],[32,-10],[16,-10],[24,-40],[105,-1],[25,1],[1,106],[111,-32],[4,-28],[30,-56],[7,-3],[32,16],[31,-6],[52,0],[45,-2],[42,-17],[7,5],[11,34],[28,40],[31,14],[34,68],[0,15],[8,56],[9,4],[20,-7],[6,12],[30,39],[35,17],[3,14],[-1,40],[3,28],[40,42],[30,7],[20,14],[22,20],[17,9],[36,11],[40,18],[30,19],[26,10],[57,-5],[18,11]],[[56485,64167],[-85,1],[-28,9],[-8,10],[-13,36],[-20,22],[-15,6],[-43,0]],[[79588,25442],[1,-86],[5,-26],[9,-5],[30,-35],[56,-79],[-65,-66],[-20,-18],[-37,-22],[-236,-145],[-89,-54],[-87,-54],[10,-40],[22,-38],[13,-31],[0,-30],[12,-26],[12,-9],[3,-26],[13,-18],[1,-23],[5,-16],[-6,-15],[10,-53],[22,-42],[0,-32],[-9,-52],[-8,-22],[1,-15],[-13,-45],[-12,-77],[-34,9],[-8,9],[-18,32],[-13,14],[-19,2],[-5,-9],[-3,-25],[-15,-18],[-15,-5],[-6,-11],[20,-29],[4,-23],[-6,-18],[-130,-2],[-11,39],[-4,33],[-15,43],[-10,15],[-15,39],[-15,15],[-13,-24],[10,-20],[-12,-19],[7,-43],[-5,-5],[-26,5],[-3,-14],[-13,-7],[0,-10],[14,-15],[6,-21],[-8,-33],[15,-2],[7,-19],[14,-22],[-1,-17],[13,-10],[3,-51],[-15,1],[-92,-77],[-1,-16],[6,-29],[10,-13],[-15,-18],[23,-31],[-8,-20],[2,-26],[13,-13],[-2,-75],[3,-9],[14,-11],[28,-6],[13,-12],[36,-21],[11,-37],[-7,-34],[-17,-5],[-11,13],[-25,0],[-10,-27],[-13,-2],[-11,30],[-15,20],[-10,7],[-26,4],[-12,-10],[-6,-21],[-2,-45],[-4,-23],[4,-26],[-3,-27],[-7,-8],[-20,36],[-4,58],[-7,20],[-3,48],[8,29],[0,29],[-5,9],[-24,-58],[-25,-26],[-18,-4],[-61,-1],[-25,-9],[-41,1],[-1,-115],[-101,-15],[-2,-20],[-14,3],[-9,9],[-27,71],[-19,30],[-20,4],[-18,-10],[-9,-11],[-13,-35],[-6,-63],[-11,-15],[-8,-55],[-9,-21],[-6,-47],[-18,-39],[-12,-13],[-4,-18],[-24,-11],[-19,1],[-14,12],[-5,17],[0,24],[7,45],[17,49],[5,22],[-1,33],[4,16],[-3,20],[2,27],[-5,25],[-14,16],[-13,3],[-4,12],[21,38],[3,47],[-24,24],[0,14],[14,24],[-5,37],[8,22],[-1,13],[6,39],[-15,11],[-17,-21],[-15,8],[-23,-8],[-11,18],[3,21],[13,31],[-1,31],[21,40],[0,40],[-4,12],[-15,7],[-17,41],[-23,-7],[-18,3],[-39,56],[-18,-2],[-11,-7],[-28,-34],[-17,-15],[-14,-21],[-32,-28],[-100,-115],[-29,-48],[-18,12],[-7,15],[-5,46],[-11,20],[-40,30],[-16,-5],[-10,-29],[-25,-7],[-11,-17],[-7,-48],[-5,-49],[-10,-36],[-11,-9],[-8,10],[-2,33],[-11,45],[-12,28],[-27,33],[-21,0],[-15,4],[-27,44],[-21,1],[-17,-10],[-14,-23],[0,-54],[-9,-14],[-17,1],[-10,-12],[-19,-8],[-6,-10],[4,-29],[-5,-7],[-20,-8],[-7,5],[-19,31],[-12,1],[-8,-9],[2,-39],[-2,-23],[-15,-26],[-13,6],[-4,23],[-6,4],[-16,-13],[-17,-1],[-18,-14],[-10,-12],[1,-21],[7,-23],[11,-21],[1,-29],[-3,-25],[-14,-41],[-16,-10],[-37,-39],[-25,-12],[-7,-8],[-25,14],[5,20],[-11,10],[1,25],[12,13],[-33,31],[-12,17],[-11,26],[-18,3],[-17,-3],[-18,26],[-5,15],[4,24],[11,32],[9,16],[8,29],[26,47],[16,39],[25,44],[10,74],[-2,57],[-14,34],[-17,23],[-79,65],[-32,6],[-13,-2],[-32,8],[-37,24],[-55,25],[-38,25],[-20,4],[-30,3],[-48,-13],[-43,-28],[-59,-27],[-38,-11],[-39,-20],[-19,-2],[-25,-29]],[[76462,24107],[0,233],[1,113],[0,227],[-51,0],[1,20],[6,18],[21,12],[-3,30],[22,44],[14,12],[21,30],[8,-1],[15,38],[26,8],[15,10],[20,-12],[28,2],[9,11],[21,4],[10,25],[15,11],[9,15],[15,7],[2,17],[56,63],[5,0],[10,-31],[13,-9],[0,26],[17,10],[1,22],[10,6],[14,-8],[0,-27],[-9,-1],[-5,-12],[9,-10],[5,-25],[10,3],[4,19],[14,10],[12,-29],[22,6],[11,28],[14,5],[3,30],[13,15],[11,2],[11,-8],[31,12],[4,7],[-2,26],[16,20],[-5,39],[3,19],[20,1],[30,-7],[8,2],[-2,28],[-5,8],[7,26],[-3,19],[13,4],[8,16],[1,15],[9,10],[12,3],[28,22],[-3,23],[14,31],[6,69],[13,16],[13,1],[12,-13],[13,21],[-1,8],[-24,25],[14,8],[13,1],[4,36],[16,12],[3,18],[16,32],[11,36],[19,17],[20,-10],[13,7],[18,1],[35,-5],[5,24],[-21,45]],[[78481,24910],[-12,-22],[-6,-50],[-8,-17],[-16,-8],[-8,-11],[7,-27],[-1,-181],[99,1],[-1,-91],[17,0],[-1,-181],[196,2],[2,125],[-1,55],[65,-1],[0,184],[67,0],[0,90],[-96,47],[-27,-1],[-3,29],[6,35]],[[71259,28772],[33,-12],[34,4],[45,10],[17,-7],[19,-26],[6,-59],[-2,-15],[8,-22],[15,-2],[28,7],[16,-2],[48,0],[47,-3],[28,-15],[16,-5],[85,-3],[71,12],[21,9],[18,14],[23,5],[40,18],[23,24],[23,31],[22,18],[16,1],[20,-5],[17,-27],[20,-23],[37,-20],[22,14],[25,61],[13,12],[52,10],[20,-7],[29,-23],[52,-66],[48,-47],[21,-6],[29,-2],[42,12],[25,-7],[14,-11],[12,-28],[1,-15],[-10,-36],[-10,-14],[-21,-57],[8,-33],[29,-22],[62,-13],[46,2],[53,-20],[42,-12],[74,10],[35,-6],[17,-9],[22,-30],[22,-21]],[[72827,28315],[-13,-9],[-12,-44],[-17,-47],[7,-15],[15,-2],[20,-16],[5,-20],[5,-34],[-3,-13],[-18,-7],[-15,15],[-8,-1],[-17,-19],[-39,-27],[-9,1],[-25,14],[-5,-3],[-5,-29],[-8,-13],[-52,-27],[-30,-4],[-16,-6],[-15,-19],[-2,-24],[6,-37],[-2,-18],[10,-59],[-2,-9],[-39,-21],[-19,-27],[-2,-20],[8,-61],[11,-1],[11,18],[10,-17],[-13,-42],[-24,-13],[-1,-14],[17,-26],[-1,-19],[-17,1],[-16,16],[-23,44],[-15,-6],[1,-15],[11,-28],[-4,-32],[22,-36],[-5,-14],[-16,-1],[-27,15],[-6,-33],[7,-9],[21,7],[11,-3],[10,-24],[4,-25],[-14,-6],[-27,12],[-23,5],[-34,2],[-12,-8],[-24,-28],[-13,-27],[-5,-38],[-8,-21],[-14,-16],[-22,-13],[-33,-41],[4,-23],[-6,-15],[-27,-6],[-21,-11],[-5,-16],[12,-10],[2,-17],[-23,-30],[-29,-46],[-14,-17],[0,-21],[8,-22],[0,-14],[-13,-2],[-34,38],[-6,2],[-28,-10],[-6,-22],[-26,-9],[-14,-19],[-13,-34],[-8,-13],[-1,-16],[11,-25],[-11,-28],[-42,-39],[-11,-22],[-14,-46],[1,-27],[-9,-13],[-10,-6],[-12,-18],[-10,10],[10,37],[-8,28],[7,35],[-3,38],[13,38],[-2,30],[3,39],[1,42],[2,7],[36,42],[13,18],[36,39],[27,21],[5,66],[7,14],[0,21],[20,75],[27,29],[13,37],[14,24],[13,8],[10,22],[15,17],[0,17],[-6,36],[-19,39],[6,36],[17,24],[10,33],[-17,30],[-9,28],[-4,25],[1,25],[24,64],[-3,12],[-26,31],[-20,13],[-8,15],[-8,5],[-35,-6],[-14,8],[-16,-9],[-17,5],[-12,-5],[-30,5],[-23,-10],[-28,-1],[-20,-8],[-13,2],[-32,-9],[-10,-10],[-10,-31],[-1,-32],[7,-30],[-5,-20],[-28,-17],[-8,-9],[-21,-42],[-15,-19],[-15,-33],[-14,-24],[-10,-25],[-54,-100],[-17,-13],[-12,-15],[-20,-16],[-30,-40],[-17,-40],[-17,-27],[-19,-56],[-10,-23],[-22,-26],[-30,-24],[-34,9],[-21,1],[-66,0],[-19,-3],[-15,11],[-12,21],[-14,33],[-22,89],[-13,18],[-10,48],[-20,36]],[[90015,27527],[1,-9],[2,-255],[0,-197],[1,-878],[1,-756],[1,-312],[3,-52],[2,-375],[0,-696],[3,-1267],[1,-514],[3,-368],[1,-139],[0,-283],[-1,-471],[0,-221],[-8,-14],[-96,-2],[-4,-5],[3,-483],[-1,-102],[1,-637],[0,-565],[1,-330],[0,-136],[-1,-180],[1,-605],[1,-353],[-1,-91],[1,-218],[1,-777]],[[85253,16230],[-77,-1],[-64,1],[-411,0],[-42,-3],[-111,7],[-38,-3],[-48,5],[-216,-2],[-236,0],[-58,-1],[-112,-1],[-176,4],[-203,10],[-53,1],[-236,-2],[-173,0],[-225,-1],[-126,0],[-125,4],[-327,-7],[-156,2],[-95,0],[-105,-2],[-105,-1],[-57,-1],[-30,-5],[-27,3],[-58,-1],[-97,-4],[-52,0],[-225,-4],[-5,-2],[-63,3],[-135,4],[-161,-1],[-250,2]],[[80575,16234],[-1,5],[0,360],[6,118],[1,255],[-3,45],[1,49],[-5,248],[5,230],[4,138],[2,815],[3,390],[-1,226],[-3,1589],[55,0],[0,1814],[1,101],[7,852],[2,159],[6,186],[7,287],[2,37],[-2,196],[-2,282],[0,49],[-8,194],[1,119],[0,142],[1,238],[1,58],[-1,51],[2,211],[0,475]],[[79588,25442],[-27,-10],[-25,-53],[-7,-29],[-64,-65],[-26,-9],[-21,7],[-39,22],[-21,-1],[-14,8],[-10,13],[-24,12],[-11,-7],[-1,-72],[10,-31],[14,-23],[5,-30],[-10,-25],[-9,-10],[-14,1],[-63,-4],[-26,-10],[-14,-19],[-30,-70],[-12,-65],[-13,-34],[-7,-12],[-11,-1],[-11,11],[-27,46],[-27,16],[-16,0],[-31,-14],[-13,-15],[-22,-48],[-29,-27],[-26,-16],[-45,-18],[-22,1],[-11,6],[-24,4],[-9,-2],[-24,5],[-21,14]],[[78760,24888],[-19,17],[-9,23],[-19,33],[-16,16],[-14,3],[-26,-9],[-45,-12],[-9,1],[-40,-19],[-12,-12],[-37,-23],[-33,4]],[[78481,24910],[-35,26],[-43,37],[-41,14],[-40,-4],[-27,1],[-52,-7],[-19,1],[-36,12],[-11,19],[8,56],[-10,33],[6,37],[-16,11],[-34,1],[-17,13],[-25,86],[-23,30],[-28,17],[-16,3],[-11,9],[-30,15],[-10,18],[-9,27],[-19,30],[-3,13],[-22,9],[-44,9],[-63,17],[-41,24],[-57,35],[-25,27],[-39,64],[-25,59],[-39,51],[-21,45],[-10,31],[-25,45],[-16,21],[-19,13],[-22,21],[-24,14],[-8,-2],[-13,-15],[-17,-45],[-22,-28],[-27,-16],[-23,-20],[-18,-28]],[[77320,25739],[-15,-20],[-19,-16],[-35,-6],[-9,14],[1,21],[7,35],[11,27],[-2,32],[-13,22],[-39,33],[-15,20],[-11,-1],[-46,-23],[-15,5],[-9,18],[-6,49],[-9,18],[-22,11],[-37,-2],[-13,15],[-4,32],[10,21],[43,44],[14,21],[6,35],[-9,40],[-15,33],[-11,20],[-34,36],[-32,14],[-11,0],[-38,-11],[-29,-16],[-29,-7],[-51,9],[-27,22],[-20,34],[-6,17],[-8,49],[-16,24],[-22,20],[-20,5],[-23,-10],[-30,-19],[-10,-11],[-37,-14],[-25,-16],[-25,1],[-13,10],[-14,26],[-6,27],[5,41],[7,25],[20,38],[18,43],[10,35],[6,51],[-6,41],[-13,31]],[[76579,26732],[38,38],[41,57],[9,6],[59,1],[1,91],[10,1010]],[[76737,27935],[687,11],[90,0],[1,403],[1,31],[1,309],[-2,304],[-2,402],[31,0],[228,6],[244,25],[337,1],[12,-2],[337,-1],[377,-3],[-1,273],[0,237],[-2,277],[0,302],[-1,48],[-1,262],[2,56],[-2,31],[0,69],[-2,331],[1,47],[-2,350],[-2,27],[118,-4]],[[80638,31738],[-1,-8],[2,-377],[3,-221],[3,-708],[2,-376],[5,-1400],[2,-211],[0,-200],[-3,-82],[5,-131],[1,-50],[-1,-195],[-2,-5],[1,-124],[-2,-63],[0,-108],[1,-77],[2,-171],[2,-31],[-2,-17],[1,-486],[-3,-22],[3,-18],[0,-157],[-2,-2],[2,-76],[0,-149],[-1,-120]],[[80656,26153],[-5,-28],[-7,-12],[-21,-16],[-21,3],[-11,25],[12,57],[0,17],[-8,46],[0,18],[7,31],[15,34],[-6,21],[-16,4],[-32,-8],[-17,-10],[-12,-12],[-25,-17],[-8,-11],[-6,-29],[-20,-28],[-23,-5],[-25,15],[-20,30],[-7,26],[-16,28],[-17,17],[-33,11],[-22,-6],[-18,-14],[-6,-15],[0,-26],[-7,-18],[-14,-14],[-5,-17],[2,-24],[11,-18],[13,-45],[14,-29],[7,-23],[2,-50],[-4,-10],[-20,-17],[-25,1],[-25,27],[-13,7],[-28,-1],[-22,-14],[-14,-12],[-4,-14],[-22,-24],[-10,-14],[-4,-22],[-13,-17],[-21,-3],[-13,6],[-17,-1],[-17,-15],[-2,-11],[24,-83],[10,-24],[-7,-33],[-11,-20],[-18,-11],[-30,9],[-18,12],[-23,27],[-11,49],[-8,12],[-22,11],[-9,-3],[-12,-21],[-15,-17],[-13,-24],[-44,-52],[-22,-1],[-15,-15],[-17,-8],[-15,-20],[-17,-5],[-18,-14],[-8,-12],[-3,-20],[13,-43],[-1,-47],[-14,-34],[-10,-38],[-24,-25],[-10,-6],[-36,-34],[-24,-8],[-21,13]],[[62641,59077],[72,-1],[271,-1],[105,-3],[43,-3],[252,-5],[60,1]],[[56682,67529],[20,-5],[9,3],[15,-11],[23,2],[43,-14],[23,4],[0,77],[2,40],[0,112],[-1,42]],[[58228,68501],[0,-199]],[[99918,51224],[2,-725],[0,-25],[2,-423],[3,-454],[0,-214],[7,-2168],[2,-280],[-2,-43],[3,-409],[-1,-352],[1,-419],[-1,-306],[0,-26],[2,-329],[-1,-401],[0,-331],[1,-368],[-1,-25],[1,-108],[-1,-194],[2,-940],[0,-173],[1,-225],[0,-332],[1,-7],[0,-134],[-2,-275],[1,-2],[1,-103],[0,-613],[1,-118],[3,-241],[-4,-4]],[[62645,55454],[1,1],[142,-2],[124,-1],[0,245],[-2,99],[0,563],[68,-2],[241,-4],[59,0],[4,-19],[-13,-33],[2,-9],[15,-6],[18,18],[17,10],[39,-6],[17,-9],[18,3],[9,14],[35,-33],[50,-17],[12,-2],[113,-1],[5,-1],[33,-53],[28,-37],[29,-1],[135,-2],[57,0],[199,-2],[105,0],[124,-37],[76,-40],[31,-14],[50,-4],[0,86],[2,30],[7,34],[31,128],[12,43],[124,338],[19,51],[152,413],[85,175],[11,18],[26,32],[14,22],[64,115],[52,101],[17,39],[21,65],[13,49],[7,41],[16,124],[31,313],[4,21],[38,147],[18,45],[58,101],[18,43],[17,47]],[[65486,58692],[-127,-1],[-16,2]],[[65343,58693],[-13,6],[-51,33],[-88,41],[-241,82],[-74,22],[-16,1],[-68,0],[-42,14],[-104,41],[-227,88],[-34,12],[-68,21],[-30,5],[-59,1],[-147,-1],[-132,1],[-72,9],[-47,0],[-59,-6],[-32,-1],[-119,1],[-72,0],[-77,2],[0,-7],[-27,7]],[[63444,59065],[2,255],[0,107],[-6,380],[4,60],[1,99],[-1,36],[-6,26],[-23,65],[-5,21],[0,35],[13,144],[7,42],[19,189],[1,152],[1,216],[1,317],[2,385]],[[58345,68500],[-117,1]],[[58228,68501],[-6,0]],[[58416,68673],[0,-173]],[[65486,58692],[1,189],[-15,346],[-2,97],[-4,195],[1,155],[-3,105],[9,315],[-1,315],[5,28],[14,34],[24,33],[12,27],[7,23],[48,206],[47,182],[37,139],[38,139]],[[64896,53280],[5,43],[-1,20],[19,12],[56,26],[6,8],[-6,20],[-7,52],[2,40],[6,58],[-15,48],[4,44],[-4,13],[-70,97],[-4,10],[-8,40],[8,21],[-2,63],[1,98],[15,10],[116,-1],[-1,202],[0,266],[-1,105],[0,223],[-2,284],[-1,115],[0,607],[51,-3],[133,-2],[42,1],[45,-1],[23,4],[149,41],[29,7],[89,1],[77,-2],[18,7],[73,61],[26,46],[11,6],[95,2],[0,189],[18,81],[32,156],[6,24],[43,99],[17,38],[19,29],[54,24],[13,11],[52,68],[11,11],[62,33],[40,9],[8,10],[17,52],[9,52],[11,147],[1,33],[-4,37],[5,20],[17,22],[24,44],[26,89],[16,93],[8,25],[21,37],[21,24],[49,85],[22,51],[34,101],[6,27],[5,98],[-4,18],[-61,155],[-3,12],[1,183],[-233,149],[-23,12],[-47,17],[-45,22],[-231,163],[-35,20],[-312,144],[-25,6],[-32,0]],[[63454,61594],[-101,2],[-93,1],[-38,2],[-295,2],[-102,2],[-10,4],[-43,-3],[-118,3]],[[66086,64105],[-15,-36],[-3,-287],[0,-181],[-1,-243],[1,-524],[1,-167],[-1,-359],[4,-722],[-269,-3],[-6,-25],[-43,-152],[-50,-186]],[[65704,61220],[-45,1],[-312,2],[-133,-1],[-292,4],[-165,3],[-74,1],[-140,0],[-50,-1],[1,129],[0,234],[-372,5],[-82,1],[-99,-2],[-284,-3],[-132,0],[-71,1]],[[58416,68767],[0,-94]],[[58416,68673],[-71,0],[0,-22],[-52,1],[0,22],[-54,0]],[[67963,53261],[-5,24],[-31,88],[2,643],[0,330],[-60,0],[-10,8],[-1,18],[5,149],[6,25],[56,77],[5,23],[0,61],[-1,357],[-3,5],[-70,0],[-189,1],[-1,364],[2,358],[1,352],[0,89],[1,266],[0,602],[1,209],[1,35],[60,-53],[112,-67],[280,-169],[39,-22],[36,-19],[295,-124],[44,-14],[47,-4],[158,-1],[1,224],[1,290],[-1,84],[1,125],[60,1],[93,-1],[145,0],[123,-1],[-9,39],[-12,29],[-3,16],[-10,91],[-19,79],[-5,27],[-4,61],[-12,26],[-5,50],[-5,35],[11,74],[-6,15],[-31,20],[-14,17],[-17,55],[-19,39],[-2,23],[1,62],[6,33],[2,56],[-3,34],[0,27],[7,19],[10,15],[14,32],[3,43],[15,45],[1,55],[14,42],[-6,46],[-26,64],[-12,49],[0,16],[116,200],[3,26],[-7,57],[2,88],[8,30],[6,77],[10,24],[10,32],[-2,37],[-7,20],[-25,46],[-4,21],[-10,128],[1,17],[8,21],[-3,14],[-31,78],[-57,87],[-17,37],[-8,48],[-22,64],[-2,47],[148,-2],[11,1],[4,10],[1,22],[-7,45],[-3,34],[17,85],[34,43],[7,31],[-8,70],[2,20],[24,28],[37,31],[5,14],[1,168],[0,299],[-48,18],[-14,11],[-16,22],[-45,85],[-10,36],[-2,17],[-2,361],[-5,62],[19,86],[13,81],[1,65],[3,21],[30,126],[13,78],[-1,16],[-39,85],[-41,79],[-23,57],[-6,25],[-3,51],[5,30],[6,19],[31,22],[36,13],[15,10],[39,52],[36,67],[18,23],[21,11],[12,13],[8,29],[5,41],[9,40],[15,52],[27,53],[2,15],[10,138],[9,46],[5,64],[-8,52],[-10,47],[-21,42],[-14,34],[-4,34],[-5,79],[-4,115],[11,108],[0,39],[-28,127],[-3,35],[4,35],[2,56],[3,194]],[[60022,68594],[-1,-89]],[[59755,68505],[0,89]],[[59755,68594],[267,0]],[[47608,85],[-10,7],[-7,15],[10,32],[10,16],[1,18],[-8,13],[-25,13],[-21,2],[-12,8],[-7,19],[-1,17],[8,34],[-3,11],[-20,24],[-10,8],[-20,30],[-3,19],[2,20],[7,23],[9,14],[19,13],[5,17],[-6,39],[-11,26],[-13,18],[-20,17],[-17,4],[-43,-23],[-16,3],[-18,16],[-42,-14],[-15,-8],[-18,-22],[-19,-1],[-14,17],[-24,1],[-27,5],[-14,7],[-7,14],[0,21],[19,33],[-2,16],[-18,15],[-9,2],[-29,-6],[-14,36],[-7,47],[7,24],[18,30],[-1,44],[-10,35],[-31,32],[-14,0],[-17,-9],[-37,-33],[-27,-8],[-25,0],[-9,5],[-16,33],[-16,52],[-7,17],[-21,73],[-8,44],[-5,6],[-37,32],[-1,28],[16,41],[18,26],[-2,19],[-8,11],[-14,2],[-9,-6],[-19,-2],[-9,13],[0,36],[4,19],[-2,16],[-12,28],[5,19],[10,18],[22,15],[18,0],[7,12],[1,18],[-5,27],[-8,15],[0,12],[20,45],[17,44],[15,24],[1,12],[-28,55],[-10,12],[-13,38],[-35,19],[-9,34],[8,51],[24,24],[12,4],[15,13],[14,56],[22,61],[11,46],[9,16],[22,14],[7,16],[1,30],[4,16],[10,14],[37,28],[8,13],[9,36],[21,54],[6,31],[17,42],[21,36],[15,11],[25,47],[-3,18],[5,42],[19,68],[13,29],[49,87],[25,67],[3,26],[-2,20],[-12,19],[-28,14],[-10,8],[-16,34],[-24,72],[-14,29],[-15,45],[-9,62],[4,26],[-5,48],[0,52],[17,68],[3,57],[8,51],[2,46],[-5,32],[-1,84],[-9,44],[2,19],[10,28],[2,14],[16,30],[14,35],[8,43],[11,20],[4,22],[15,18],[23,11],[12,10],[21,27],[27,40],[18,15],[26,39],[13,32],[9,42],[7,11],[10,73],[-4,28],[2,16],[-10,34],[-27,41],[-24,58],[-14,9],[-17,45],[1,15],[17,61],[1,17],[-3,37],[10,14],[3,16],[12,25],[19,27],[16,13],[25,37],[17,86],[-1,30]],[[47446,4693],[-21,67],[-14,30],[-1,35],[-8,45],[1,11],[-12,25],[-14,10],[-17,-5],[-21,6],[-12,12],[-11,30],[-5,45],[4,39],[13,34],[14,12],[8,16],[4,37],[4,16],[-6,23],[-27,14],[-14,32],[0,17],[18,28],[-1,30],[-5,8],[-3,23],[4,25],[-6,27],[-7,14],[-9,39],[5,32],[-2,9],[-19,28],[-33,27],[-13,15],[-21,78],[2,19],[19,39],[10,26],[2,26],[-5,25],[-8,15],[-24,61],[-8,40],[-2,54],[10,24],[15,19],[20,15],[26,31],[8,16],[6,41],[0,57],[-2,60],[-24,49],[-7,5],[-11,22],[2,19],[-7,46],[-20,19],[-7,11],[-2,30],[11,52],[11,23],[17,43],[10,42],[5,3],[22,-4],[21,20],[26,38],[4,28],[9,33],[-11,28],[0,12],[-19,46],[16,49],[21,23],[26,-3],[4,-6],[17,7],[4,16],[14,27],[5,25],[23,56],[34,29],[48,52],[6,23],[0,29],[-9,36],[-18,48],[2,24],[-10,19],[-18,23],[-8,3],[-8,18],[3,38],[9,20],[19,16],[28,-4],[26,-25],[12,-4],[17,11],[5,12],[-1,21],[-7,18],[0,20],[6,34],[-5,32],[-26,32],[-2,58],[-16,10],[-29,9],[-13,23],[-2,20],[-17,41],[1,32],[-3,33],[-13,50],[-4,35],[-15,3],[-17,-9],[-12,-38],[-16,-13],[-17,2],[-18,29],[-12,45],[-25,28]],[[55647,7497],[-6,-1075],[-2,-894],[-3,-1247],[0,-29],[-2,-946],[1,-347],[1,-1683],[0,-537],[-2,-550],[0,-118]],[[55634,71],[-88,1],[-871,-4],[-403,12],[-144,-1],[-424,0],[-629,2],[-582,2],[-625,3],[-265,2],[-137,-2],[-106,0],[-144,3],[-6,-1],[-71,1],[-198,0],[-199,-5],[-30,3],[-92,-1],[-55,2],[-23,-4],[-57,2],[-172,-2],[-78,2],[-200,0],[-204,1],[-230,1],[-249,-1],[-128,-2],[-65,1],[-125,-2],[-72,-2],[-84,-1],[-230,2],[-217,1],[-58,2],[-244,-1],[-169,-1],[-56,-1],[-221,3],[-75,-1]],[[55489,7436],[8,-39],[-49,-13],[-35,-28],[-32,-10],[-9,-9],[-46,-9],[-24,-8],[-21,-22],[-12,0],[-35,-7],[-24,5],[-16,-11],[-13,-21],[11,-25],[5,-21],[-3,-30],[-5,-18],[-10,-16],[-37,-34],[-18,-36],[-8,-30],[-8,-46],[-5,-20],[-31,-41],[-11,-4],[-24,-40],[-31,-13],[-26,-24],[-9,-2],[-30,-37],[-16,-29],[-2,-12],[-16,-21],[-9,-29],[-6,-5],[-33,-55],[-33,-6],[-23,-22],[-5,-14],[-12,-2],[-7,-22],[-14,-17],[-10,-22],[-12,-8],[-9,-20],[-21,-24],[-5,-16],[-18,-15],[-10,-29],[-11,-16],[-33,-71],[-13,-16],[-14,-3],[-10,-16],[-14,-10],[-14,0],[-30,-29],[0,-8],[-24,-18],[-12,-2],[-4,-10],[-39,-33],[-14,-15],[-25,-1],[-14,-10],[-30,-32],[-22,-16],[-13,-19],[-8,5],[-22,0],[-12,-10],[-9,-15],[-50,-42],[-12,0],[-26,-23],[-5,1],[-15,-16],[-4,-11],[-33,-30],[-36,-8],[-19,5],[-20,-9],[-8,-27],[-24,-17],[-15,-33],[-22,-28],[-16,0],[-21,-11],[-17,-19],[-10,29],[-4,25],[-22,-4],[-11,-13],[-27,-2],[-20,-6],[-23,11],[-12,-1],[-13,-15],[-19,4],[-15,30],[-14,8],[-8,27],[-16,6],[-9,22],[-17,27],[-30,8],[-8,38],[-7,13],[-22,-1],[-4,17],[9,30],[-1,14],[-9,22],[1,17],[-13,10],[-4,17],[-9,-10],[0,-46],[-15,-30],[-11,10],[-17,-13],[-14,1],[-11,12],[-17,-4],[-6,6],[12,28],[23,27],[9,21],[0,13],[-19,-15],[-20,-1],[-9,16],[-13,4],[-25,-8],[-13,0],[-33,10],[-11,-14],[-16,-45],[-1,-36],[-24,-28],[-19,-8],[-22,-17],[-33,-10],[-15,-14],[-37,-10],[-20,-11],[-17,-5],[-17,-16],[-18,-2],[-16,12],[-18,4],[-9,9],[-23,35],[-22,16],[-11,21],[-28,78],[-8,15],[-6,89],[3,18],[-1,46],[-14,23],[-8,21],[-1,19],[8,41],[-3,24],[4,8],[12,-1],[19,13],[26,7],[-1,17],[-15,-11],[-31,0],[-27,-9],[-16,2],[-13,14],[-17,10],[-48,11],[-86,8],[-61,-13],[-99,-34],[-35,-24],[-27,-23],[-47,-35],[-44,-30],[-57,-34],[-32,-18],[-44,-34],[-81,-50],[-19,-4],[-45,5],[-17,-1],[-102,-27],[-115,11],[-148,13],[-90,9],[0,160],[-68,0],[-15,144],[-5,79],[-4,227],[-4,165],[-3,143],[-2,74],[-1,114],[-97,0],[-212,1],[-181,2],[-200,0],[-90,1],[-258,2],[-135,0],[-526,2],[-302,1],[-328,1],[0,360],[-1,121],[0,254],[-141,-1],[-334,-5],[-398,-7],[-146,-2],[-66,-2],[-255,-3],[-195,-3],[-91,-1],[-153,-3],[-34,0],[-40,-25],[-7,-11],[-36,-117],[-6,-16],[-36,-37],[-13,-6],[-34,0],[-31,-10]],[[47323,7837],[7,23],[20,10],[5,14],[-5,23],[-11,13],[-8,21],[-1,19],[12,39],[-6,19],[-9,5],[-29,-1],[-13,8],[-5,14],[-14,20],[3,29],[9,11],[36,17],[12,17],[-1,30],[-9,16],[-19,11],[-22,5],[-22,15],[-36,48],[-6,26],[-18,53],[3,43],[-3,22],[10,32],[-16,19],[-14,27],[-14,8],[-9,13],[-4,25],[2,34],[17,42],[1,35],[-11,47],[-6,13],[-22,12],[-5,8],[-9,35],[-1,21],[10,26],[35,30],[30,31],[9,19],[-2,18],[-26,-11],[-6,7],[0,34],[-4,12],[95,140]],[[47253,9084],[134,202],[81,120],[90,132],[454,664],[762,1114],[0,1],[157,241],[26,39],[24,41],[6,5],[242,341],[33,48],[76,128],[28,41],[100,136],[60,96],[118,170],[38,49],[55,81],[114,164],[98,146],[72,103],[95,140],[92,130],[504,738],[60,92],[2,11],[-7,39],[-9,25],[5,14],[13,66],[16,21],[10,32],[7,10],[14,9],[30,63],[14,9],[19,27],[40,25]],[[60289,69227],[4,-49],[1,-75],[34,-14],[89,-43],[0,-103],[-1,-20],[-1,-146],[-91,0],[-12,-8]],[[60312,68769],[-23,4],[-11,9],[-57,4],[0,85],[-37,-2],[-160,2]],[[56753,69988],[51,11],[80,5]],[[56884,70004],[52,6],[46,10],[108,39]],[[57090,70059],[0,-37],[-4,-45],[-1,-158],[-1,-46]],[[55949,67743],[-3,53],[-16,-1],[-21,11],[-124,2],[-15,-3],[-25,-22]],[[55803,69045],[-4,-55],[-10,-62],[-20,-65]],[[55769,68863],[-32,-76],[-23,-48],[-23,-56],[-17,-37],[-23,-37],[-78,-109]],[[54488,68818],[15,7],[21,0],[12,-5],[19,9],[17,21],[37,3],[18,15],[13,20],[32,29]],[[76262,64169],[114,-1],[214,2],[3,1],[230,-1],[111,1],[17,-8],[8,6],[290,-1],[38,-12],[47,0],[36,12],[359,-2],[81,-1],[222,0],[272,-1],[274,0],[212,1],[93,-1],[287,-2],[156,0],[11,-8]],[[76146,53248],[-1,132],[-1,44],[1,557],[3,351],[0,160],[2,22],[-3,557],[0,348],[1,360],[3,360],[-2,144],[2,684],[0,193],[-8,429],[5,188],[4,864],[-1,731],[-5,28],[-1,490],[1,221],[0,363],[2,230],[0,133],[3,361],[1,20],[1,351],[1,140],[2,406],[0,168],[3,233],[0,282],[-1,565],[4,369],[-4,438]],[[91585,27237],[0,14],[-16,-4],[-1,78],[4,18],[13,1],[0,140],[-1,172],[-42,28],[-21,7],[-67,14],[-43,16],[-9,11],[-2,21]],[[92030,27754],[0,-58],[2,-170],[-57,0],[0,-6],[-72,-1],[1,-47],[43,2],[0,-45],[28,0],[0,-79],[23,-1],[0,-23],[-11,0]],[[56340,64529],[5,-22],[1,-28],[-5,-28],[-6,-17],[-53,-93],[-8,-30],[-1,-60]],[[56273,64251],[4,-83],[-1,-205],[-142,2],[-22,-7],[-6,-11],[3,-52],[7,-21]],[[79146,37995],[-1543,36],[-1,117],[-507,1],[-417,-10],[-60,6],[-80,-2],[-169,-3],[-88,0],[-11,-8],[-31,1],[-12,-3],[-56,-1],[-29,-6],[-50,6],[-207,3],[-247,8],[-141,-3],[-132,1],[-130,-10],[-1033,6],[-298,3],[-41,16],[-64,0],[-88,-3],[-31,2],[-116,4],[-54,-2],[-85,2],[-61,11],[-123,-5],[-68,0],[-23,-1],[-84,2],[-227,1],[-6,1],[-58,-5],[-1,4],[-147,0],[-5,-2],[-320,-9],[-199,-1],[-260,-3],[-177,-6],[-68,-1],[-25,-3],[-14,7],[-41,-5],[-18,1],[-119,2],[-60,0]],[[71298,46782],[305,-2],[368,-1],[85,1],[298,-1],[10,-2],[1452,-29],[119,-6],[104,-3],[27,-8],[11,6],[55,-3],[65,-1],[191,1],[877,-6],[171,-6],[1,2],[107,0],[101,-3],[438,10],[3,203],[-1,40],[-5,387],[-5,338],[-6,668],[0,166],[-3,299],[-7,884],[-2,268],[1,67],[7,277],[0,782],[-1,239],[0,78],[-3,192],[-8,420],[-4,108],[2,14],[2,70],[13,282],[1,183],[-1,65],[1,56],[0,223],[-5,210],[84,-2]],[[76146,53248],[236,-2],[740,-5],[640,-1],[113,0],[433,1],[251,1],[236,1],[633,-1],[13,-3],[18,-18],[31,-58],[9,-13],[-2,62],[8,21],[-11,11],[-12,37],[-11,54],[-22,53],[-25,19],[-29,4],[-17,25],[-10,26],[-1,47],[-8,20],[-12,7],[-13,28],[-12,8],[-9,-13],[-10,6],[-47,8],[-26,-5],[-11,-19],[-14,-9],[-16,21],[4,76],[-5,41],[0,28],[-13,44],[-6,-16],[-21,-16],[-8,21],[9,47],[-1,32],[-31,33],[5,26],[208,-246],[2,9],[0,77],[2,501],[1,406],[1,174],[0,2113],[46,4],[32,8],[49,20],[48,12],[163,9],[320,19],[146,8],[0,231],[-266,1],[-263,3],[-276,-3],[1,552],[0,936],[-1,719],[1,170],[0,126],[-2,278],[1,111],[0,362],[-1,355],[1,516],[-1,255],[2,161],[3,160],[1,70],[-1,286],[1,385],[-1,279],[1,276],[0,151],[1,328],[-1,166],[0,271],[-3,18]],[[79337,64154],[145,8],[127,-6],[4,5],[36,-1],[225,-1],[84,1],[27,2],[252,0],[25,2],[29,-2],[117,2],[8,-1],[315,2],[81,0],[3,1],[262,2],[87,1],[31,-1],[155,2],[25,2],[273,0],[85,1],[52,-1],[18,4],[65,0],[142,-1],[408,-1],[124,-2],[38,1],[597,-5],[138,-2],[426,0],[387,-5],[8,-8]],[[84013,50989],[0,-735],[-1,-203],[-3,-1603],[-1,-215],[-1,-1299],[-5,-250],[1,-384],[1,-90],[-1,-231],[-2,-36],[0,-485],[1,-1640],[-4,-609],[-1,-501],[0,-382],[-119,-2],[-2,-1525],[-5,-410]],[[56538,65975],[-125,0],[-135,-1]],[[55752,68479],[29,17],[13,20],[21,26],[0,140]],[[55815,68682],[84,1],[34,0],[100,2],[149,0],[54,1],[46,-1]],[[56665,64168],[-106,0],[-74,-1]],[[56485,64167],[1,181],[-80,0],[1,181]],[[54353,68804],[22,16],[19,4],[11,7],[19,-2],[19,-10],[17,-3],[28,2]],[[54488,68818],[28,-36],[27,-16],[24,-1],[24,-9],[16,-21],[27,-54],[21,-45],[49,-101],[88,-176],[26,-53],[21,-34],[13,-15],[23,-13],[28,-10],[21,-14],[9,-12],[30,-54],[21,-19],[31,-10],[60,2]],[[93747,31800],[2,-25],[-6,-33],[-11,-25],[-1,-31],[-14,-35],[-30,-53],[4,-34],[9,-6],[19,-52],[-8,-32],[-10,-12],[-11,-40],[-19,-30],[-7,-33],[-17,-15],[-5,-14],[3,-40],[8,-27],[10,-15],[2,-21],[8,-16],[-9,-49],[2,-39],[10,-30],[-8,-45],[4,-20],[-3,-41],[16,-36],[-1,-21],[16,-20],[8,-35],[-7,-13],[-4,-20],[-31,-28],[-1,-14],[23,-36],[5,-17],[-11,-23],[-10,-12],[-13,-5],[-4,-14],[4,-22],[5,-50],[19,-25],[18,-6],[11,-12],[13,-43],[14,-82],[-10,-25],[-12,-18],[-9,-34],[1,-9],[-8,-35],[4,-29],[-8,-35],[-5,-7],[-29,-24],[-10,-17],[0,-11],[8,-30],[2,-31],[-15,-51],[12,-38],[10,-5],[11,-27],[14,-19],[6,-17],[12,-8],[5,-21],[29,-34],[4,-33],[6,-16],[-2,-34],[-11,-21],[-28,-15],[-17,-36],[-18,-17],[-6,-11],[1,-27],[7,-25],[20,-27],[6,-26],[-7,-34],[2,-34],[6,-9],[20,-16],[10,-14],[14,-30],[16,-26],[6,-33],[-8,-16],[-15,-4],[-15,13],[-13,-9],[-2,-43],[-10,-17],[-17,-15],[-15,-4],[-11,-22],[2,-21],[12,-31],[-7,-28],[-15,-31],[0,-28],[10,-23],[21,-23],[10,-25],[0,-19],[-19,-55],[-7,-25],[-17,-13],[-11,-2],[-22,12],[-14,-11],[-4,-13],[4,-13],[20,-13],[3,-15],[-19,-49],[7,-40],[6,-10],[7,-37],[-6,-22],[1,-30],[19,-17],[14,-32],[19,-17],[10,-44],[5,-38],[-2,-32],[-22,-29],[-7,-19],[-22,-36],[-4,-41],[3,-22],[-8,-32],[-4,-42],[-7,-27],[13,-39],[-2,-29],[-18,-28],[-20,-21],[-1,-19],[18,-14],[13,-2],[32,-21],[61,-27],[13,-11],[10,-29],[0,-45],[-18,-34],[-21,-5],[-21,-23],[-1,-68],[8,-17],[-19,-27],[-7,-25],[-45,-66],[-19,-36],[-22,-16],[-15,-25],[-10,-44],[-14,-28],[-11,-61],[3,-37],[-3,-34],[-20,-29],[-21,-14],[-18,1],[-7,15],[-4,30],[-16,24],[-21,3],[-11,14],[1,35],[-6,9],[-31,-1],[-17,-19],[-5,-10],[-7,-46],[-6,-19],[-32,-44],[-7,-5],[-18,1],[-27,-6],[-7,7],[-19,32],[-19,17],[-17,21],[-14,8],[-12,15],[-30,4],[-6,34],[-9,11],[-23,-7],[-34,12],[-25,5],[-19,-7],[-20,-30],[-15,-5],[-19,14],[-18,31],[-9,20],[2,24],[21,40],[5,27],[-7,56],[-11,36],[-4,34],[-15,21],[-27,18],[-26,12],[-14,0],[-31,-45],[-5,-29],[-21,-38],[-29,-23],[-14,-2],[-11,-14],[-63,9],[-30,14],[-12,13],[-8,19],[-7,33],[-21,9],[-35,35],[-31,12],[-24,20],[-17,4],[-18,-10],[-17,-4],[-18,-11],[-19,1],[-14,32],[-25,2],[-16,-2],[-26,2],[-15,-10],[-6,-13],[-2,-31],[-4,-25],[5,-26],[4,-42],[-3,-20],[-8,-14],[-12,-5],[-32,21],[-18,3],[-47,29],[-11,0],[-23,-9],[-9,7],[-55,-2],[-18,-14],[-30,-13],[-40,-1]],[[92030,27754],[-44,0],[-26,22],[-18,0],[-16,-8],[-22,-6],[-14,-10],[-23,3],[-9,10],[-23,-4],[-18,4],[-41,-12],[-19,6],[-38,18],[-23,8],[-25,16],[-35,5],[-25,-11],[-16,-2],[-29,9],[-16,-9],[-19,-1],[-20,4],[-34,-6],[-20,2],[-28,-31],[-29,-8]],[[91400,27753],[-38,-22],[-44,-13],[-46,-1],[-12,3],[-17,15],[-19,36],[-11,36],[-18,18],[-14,-2],[-29,-41],[-4,-27],[16,-51],[6,-29],[2,-27],[-7,-28],[-13,-10],[-28,8],[-29,-3],[-14,3],[-17,11],[-9,0],[-20,-15],[-13,-31],[-1,-22],[7,-57],[-5,-36],[-11,-14],[-16,3],[-18,11],[-39,3],[-10,3],[-19,37],[-12,38],[-9,15],[-21,7],[-28,-9],[-39,-26],[-21,-26],[-16,-46],[-22,-16],[-29,-7],[-18,7],[-14,20],[-8,22],[-8,78],[-32,53],[-14,16],[-31,25],[-20,5],[-15,10],[-49,1],[-57,-4],[-55,2],[-26,-1],[-33,7],[-23,-3],[-39,-28],[-26,-6],[-42,-20],[-25,-18],[-57,-28],[-35,-33],[-40,-3],[-31,-16]],[[90015,27527],[-2,710],[-4,455],[-3,354],[-1,366],[0,365],[1,368],[-1,357],[0,486],[3,91],[4,274],[-6,423]],[[91585,27237],[126,0],[129,10],[-1,78],[148,1]],[[91987,27326],[0,-77],[-13,0],[0,-148],[1,-25],[6,-12],[-28,-9],[-27,-45],[-10,-12],[-9,-26],[-24,-49],[-13,-34],[-37,1],[29,-62],[36,-146],[11,-45],[0,-118],[-66,2],[-46,0],[-7,181],[-76,-2],[-125,2],[-3,6],[-1,222],[1,134],[-1,173]],[[56602,64529],[-61,-1],[-67,2],[-67,-1]],[[56407,64529],[-67,0]],[[56542,65251],[92,2],[129,-1],[47,1]],[[56281,69049],[-68,-2],[-49,0],[-192,-2],[-169,0]],[[55803,69045],[-2,63],[1,59],[-2,168]],[[96938,16248],[-1,164],[0,138],[-1,68],[0,446],[-2,494],[1,350],[-1,198],[1,275],[-1,90],[0,113],[2,21],[23,129],[2,24],[2,69],[-3,31],[-20,64],[-5,29],[0,191],[-1,366],[1,163],[0,182],[4,175],[0,41],[-3,29],[-3,548],[-1,91],[-89,-1],[-6,9],[0,42],[-1,415],[-1,142],[-1,153],[-1,203],[-2,204],[0,110],[-4,506],[-1,322],[-7,743],[-2,144],[-1,214],[-3,163],[-1,165],[-1,91],[-3,354],[-4,373],[-201,0],[-12,44],[-2,50],[8,39],[15,42],[-6,25],[3,22],[-4,15],[-14,27],[-2,15],[3,21],[-2,37],[15,16],[17,-3],[9,11],[7,18],[-1,24],[25,28],[6,23],[21,36],[6,30],[9,18],[21,23],[6,15],[3,30],[-1,37],[10,35],[-2,19],[-17,24],[-2,33],[12,30],[15,31],[20,32],[4,20],[24,39],[10,26],[-7,6],[-4,22],[-17,22],[-6,23],[6,7],[0,53],[8,16],[14,36],[35,30],[18,40],[10,49],[5,55],[26,-6],[19,0],[18,9],[13,11],[19,28],[27,18],[316,69],[-11,43],[-54,88],[-35,72],[-21,19],[-65,55],[-25,16],[-19,4],[-22,20],[-27,11],[-24,13],[-49,72],[-25,22],[-13,3],[-7,16],[-22,14],[-18,-8],[-12,0],[-19,9],[-26,73],[-16,20],[-38,29],[1,11],[-30,43],[-24,15],[-18,-9],[-13,34],[-27,20],[-12,15],[-62,53],[-11,5],[-20,-2],[-25,6],[-23,12],[-16,13],[-15,3],[-11,18],[-35,33],[-9,31],[2,27],[-2,41],[-11,23],[-2,14],[5,34],[13,36],[9,17],[5,28],[142,1],[228,7],[-2,363],[-2,356],[-2,706],[20,-3],[9,-8],[26,-32],[10,-10],[16,-2],[30,9],[35,-7],[25,-15],[19,-6],[55,6],[101,-26],[35,-16],[55,-14],[13,0],[35,17],[69,27],[7,-2],[7,-20],[0,-24],[-7,-29],[-1,-17],[4,-46],[-2,-28],[16,-60],[50,-106],[27,-30],[23,-10],[55,-8],[57,-28],[0,149],[-2,519],[-2,268],[0,1755],[1,534],[-4,15]],[[99948,31820],[0,-158],[-5,-28],[0,-306],[5,-108],[0,-499],[1,-345],[0,-229],[1,-354],[0,-296],[-1,-147],[0,-585],[2,-110],[-1,-183],[1,-536],[-3,-945],[-3,-735],[-1,-107],[2,-357],[1,-551],[0,-506],[10,-1404],[0,-38],[9,-1289],[0,-757],[3,-297],[1,-211],[0,-224],[1,-147],[0,-306],[5,-442],[3,-373],[1,-72],[-1,-31],[1,-256],[-2,-46],[7,-604],[3,-680],[1,-207],[-2,-27],[0,-531],[2,-148],[-1,-35],[1,-104],[0,-254]],[[55975,68074],[-15,0],[-5,-123],[-31,18],[-7,1],[-110,0],[-8,-4],[-49,-52],[-8,-1],[-3,-21],[-9,-12],[-7,-24]],[[56900,68690],[1,-91],[0,-90]],[[56483,66346],[32,0],[43,-2],[36,-11],[46,-3],[44,-9]],[[56545,65975],[-18,7],[-43,35],[-10,37],[-7,6],[-56,2],[0,83],[-129,4],[0,-120],[-4,-55]],[[56278,65974],[-109,2],[-35,8],[-15,0],[-25,-9],[-83,-1]],[[57084,67786],[-34,-4],[-134,-1],[-100,-2]],[[56816,67779],[-134,-2]],[[56011,65974],[-1,-69],[0,-293]],[[55919,66043],[10,-32],[-5,-38],[87,1]],[[55689,68133],[-2,-43],[5,-15],[11,-10],[21,-1],[15,-18],[0,-39],[-12,-44],[-23,-41],[-16,-11],[-12,-21],[-11,-3],[-8,-15],[4,-15],[11,-12],[0,-34],[15,1],[9,25],[18,8],[9,11]],[[55723,67856],[3,-17],[11,-2],[6,-14],[2,-40]],[[55745,67783],[-8,-11],[0,-30]],[[54353,68804],[2,-1],[70,-80],[18,-67],[13,-131],[98,-199],[35,-69],[33,-129],[43,-152],[58,-124],[73,-148],[42,-195],[14,-119]],[[52168,67930],[1,19],[2,384],[3,313]],[[52174,68646],[15,-45],[16,-16],[38,-12],[20,-10],[18,-21],[4,-16],[-2,-32],[12,-50],[23,-29],[9,-16],[33,-18],[6,0],[11,27],[24,25],[9,0],[23,-34],[16,-6],[16,12],[28,8],[27,-1],[18,4],[15,-4],[9,-21],[3,-32],[7,-12],[15,-4],[44,23],[18,2],[32,-16],[16,4],[10,9],[17,35],[20,17],[9,37],[9,24],[27,20],[33,8],[18,11],[9,17],[14,12],[24,4],[9,-3],[45,-32],[14,-4],[32,1],[69,17],[23,-1],[29,5],[29,1],[11,-4],[6,-15],[-1,-29],[9,-18],[13,1],[12,34],[11,9],[31,-7],[8,-7],[9,-18],[-4,-18],[-19,-21],[-4,-20],[12,-9],[21,9],[27,1],[26,16],[36,-12],[27,9],[22,10],[13,16],[-5,30],[14,43],[8,12],[20,15],[2,13],[-13,67],[8,32],[10,1],[8,12],[15,2],[15,-7],[15,0],[27,-11],[14,-15],[13,-36],[13,-17],[25,-17],[21,-2],[43,-35],[23,14],[15,22],[11,6],[14,-6],[11,-18],[10,-6],[20,-24],[20,5],[26,-7],[47,-26],[26,7],[8,15],[10,7],[31,10],[27,35],[11,3],[29,-16],[7,-11],[-5,-32],[0,-34],[7,-15],[41,-14],[19,5],[16,-2],[36,-15],[22,9],[21,42],[32,47],[10,7],[32,-4],[8,5],[25,58],[14,7],[19,-5],[9,16],[-6,33],[-14,7],[-16,15],[-6,28],[3,14],[11,21],[25,14],[15,19],[23,10],[10,10]],[[55800,69335],[-9,2],[-5,18],[-17,9],[-17,-14],[-10,-24],[-16,-11],[-49,-4],[-9,4],[-33,-5],[-40,0],[-55,-9],[-71,-1],[-15,-6],[-29,-1],[-32,-6],[-40,-3]],[[55355,69997],[33,-8],[14,-16],[11,-3],[15,-30],[40,-31],[12,-16],[8,-2],[2,146],[270,2],[118,2]],[[55878,69665],[-2,-35],[3,-135]],[[56542,65007],[-1,-116]],[[56541,64838],[-19,-3],[-19,14],[-14,-26],[-19,-9],[-30,-2],[-27,-14],[-18,0],[-26,9],[-28,-12],[-23,24],[-6,-7],[-22,5],[-5,20],[-12,-1]],[[55752,68479],[50,10],[88,15],[126,0]],[[55983,68133],[-294,0]],[[55689,68133],[-96,-1],[-107,1]],[[55486,68303],[27,11],[29,26],[76,101],[12,10],[25,9],[97,19]],[[55573,68500],[-107,-147],[12,0],[8,-13],[0,-37]],[[55486,68303],[0,-170]],[[55283,68133],[-53,-1],[-155,-5]],[[55075,68127],[7,39],[0,153],[-2,124]],[[55290,68893],[10,-8],[24,-8],[15,-17],[7,0],[32,-17],[13,-4],[10,7],[15,-5],[10,9],[32,10],[9,7],[29,0],[7,-8],[24,-14],[21,-4],[8,-9],[9,6],[5,-29],[-4,-64],[-12,-22],[12,-40],[-4,-27],[2,-24],[-14,-17],[-6,-20],[-12,-13],[12,-31],[22,-41],[7,-10]],[[55981,63782],[16,17],[22,12],[41,7],[18,15],[8,12],[30,29]],[[56116,63874],[10,7],[16,1],[25,-10],[49,-8],[26,-9],[29,-6],[50,28],[18,1],[20,8],[33,7],[29,0],[19,-4],[59,-24],[18,-13],[33,-59],[21,-25],[31,-18],[32,117]],[[56634,63867],[15,55],[11,34],[5,27],[0,185]],[[56665,64168],[0,114],[-3,38],[-10,57],[-11,39],[-39,113]],[[56963,64168],[-55,-11],[-20,-6],[-21,-12],[-24,-25],[-102,-130],[-75,-94],[-32,-23]],[[56808,64891],[-1,-122],[-1,-241]],[[56806,64528],[-116,0],[-45,-1],[-43,2]],[[56602,64529],[-40,119],[-10,45],[-5,32],[-5,58],[-1,55]],[[56541,64838],[0,53]],[[56541,64891],[96,-1],[171,1]],[[55179,63447],[8,-28],[8,-51],[7,-22],[-4,-37],[2,-22],[-4,-16],[1,-23],[-1,-48],[7,-35],[0,-35],[5,-27],[-6,-21],[3,-39],[-11,-39],[-13,-97],[-4,-22],[5,-33],[12,-21],[0,-40],[12,-53],[4,-41],[-1,-12],[-21,-54],[-2,31],[-6,34],[-27,13],[-3,-11],[3,-20],[-7,-19],[3,-24],[-4,-30],[-7,-23],[-1,-21],[-17,2],[-4,-20],[-14,-5],[-5,-17],[-7,-2],[-10,12],[-3,-14],[6,-17],[0,-19],[-14,-12],[-13,-20],[-14,-1],[-16,-18],[-26,-2],[-19,7],[-10,-10],[-30,1],[-22,-14],[-8,-22],[-36,-23],[-11,-12],[-29,-12],[-36,27],[-23,3],[-30,17],[-28,22],[-28,4],[-41,29],[-20,18],[-67,26],[-26,3],[-12,-2],[-21,3],[-23,15],[-63,22],[-19,1],[-20,13],[-21,5],[-17,11],[-15,-5],[-23,14],[-21,41],[-164,0],[-19,15],[-11,29],[-21,21],[-15,1],[-28,16],[-13,38],[-28,42],[-18,3],[-56,17],[-48,34],[-35,35],[-12,5],[-20,1],[-43,48],[-27,15],[-17,14],[-14,21],[-18,5],[-16,15],[-33,18],[-40,32],[-15,9],[-11,15],[-9,-8],[1,-15],[-9,-25],[-5,-30],[-15,-32],[-9,-2],[-13,50],[-3,24],[-9,-1]],[[53487,63032],[-24,164],[2,36],[14,33],[18,29],[8,25],[8,70],[4,23],[9,22],[11,16],[82,102],[20,18],[16,6],[117,20],[34,13],[64,43],[27,16],[41,12],[20,1],[47,-2],[25,17],[23,28],[13,9],[20,1],[22,-11],[23,-20],[23,-9],[15,1],[14,8],[13,16],[20,48],[18,25],[11,6],[19,2],[25,-6],[19,5],[32,39],[12,7],[42,0],[10,7],[13,21],[5,20],[10,66],[-4,73],[17,156],[-2,37],[-9,46],[-10,58],[1,34],[4,21],[10,23],[11,15],[111,128],[103,96],[15,19],[11,20],[6,21],[1,41],[-9,30],[-11,30],[-3,16]],[[54705,68942],[-33,-25]],[[54672,68917],[-54,101],[-43,83],[-32,45],[-26,45],[-12,5],[-15,-5],[-9,34],[-7,33],[0,26],[9,42],[25,49],[11,27],[20,62],[7,42],[0,56],[12,198],[3,40],[11,38],[53,125],[16,54],[21,188],[18,64],[5,45],[0,183]],[[54685,70497],[49,0],[18,-28],[1,-34],[-3,-9],[15,-18],[12,-6],[164,-2],[16,-8],[7,-10],[33,-58],[15,-10],[21,-1]],[[55033,70313],[56,-1]],[[54674,64823],[-11,1],[-13,-9],[-12,15],[-16,-22],[-26,-6],[-14,4],[-22,-12],[-10,-25],[-23,-13],[-9,5],[-1,22],[-10,3],[-35,0],[-26,-6],[-24,3],[-8,-19],[-21,-9],[-18,8],[-24,-2],[-8,-8],[4,-38],[-4,-23],[-7,0],[-11,18],[-24,6],[-7,-10],[-10,-1],[-12,24],[-3,-16],[-16,-12],[-14,-21],[3,-21],[-3,-20],[-20,-18],[-18,11],[-17,43],[-30,-24],[-25,-5],[-6,5],[-19,-10],[-10,16],[-14,-12],[-11,9],[8,38],[-20,14],[-4,9],[-26,2]],[[56616,69622],[0,312]],[[56650,70046],[103,-1]],[[56753,70045],[0,-57]],[[56753,69988],[-1,-32],[-13,-52],[-15,-37],[-26,-48],[-11,-28],[-2,-15],[19,-1],[88,-2],[73,1],[-1,-105],[-21,0],[-31,-10],[-27,-16]],[[53649,66402],[2,-31],[-18,-70],[4,-30],[14,-43],[0,-41],[12,-18],[25,-8],[7,-6],[14,-33],[1,-21],[6,-19],[24,-28],[43,-35],[15,-23],[28,-25],[20,-33],[-75,10],[-1,-32],[5,-33],[-9,-37],[-14,-19],[-24,-53],[1,-38],[25,6],[-11,-30],[0,-21],[-7,-19],[7,-18],[31,-62],[16,-26],[43,-38],[1,-22],[-13,-8],[0,-23],[-6,-9],[-15,9],[-10,-26],[26,-24],[-26,-22],[-13,1],[8,-27],[12,-18],[53,-43],[14,-6],[2,-8],[-6,-30],[12,-9],[15,-33],[33,-43],[20,-46],[5,-31],[-3,-55],[4,-7],[17,-52],[4,-20],[7,-65],[11,-58],[16,-41],[8,-39],[10,-21],[8,-35]],[[54027,64717],[-25,12],[-24,5],[-10,7],[-26,-13],[-6,-15],[-35,-10],[-12,-15],[-26,3],[-14,-5],[-1,-38],[8,-6],[-38,-33],[-45,-45],[-7,-19],[-28,-5],[-33,7],[-33,-4],[-23,6],[-10,11],[-12,0],[-33,9],[-21,9],[-25,-8],[-7,-19],[-24,6],[-4,-9],[-25,-25]],[[56542,65007],[-17,14],[-5,15],[-21,7],[-9,-6],[-28,12],[-17,-11],[-37,-1],[-31,19],[-17,17],[-25,11],[-12,0],[-16,20],[-32,18]],[[56542,65251],[0,-244]],[[58223,68767],[0,-59],[16,-34]],[[58239,68674],[-4,-25],[-13,-22],[0,-33]],[[55763,64447],[10,-37],[4,-144],[16,-78],[29,-68],[11,-31],[104,-260],[44,-47]],[[55981,63782],[-12,-25],[-23,-15],[-12,-1],[-16,21],[-16,12],[-22,4],[-42,17],[-14,-2],[-20,-10],[-19,-3],[-28,-17],[-22,-9],[-13,-11],[-23,-6],[-22,-20],[-19,-11],[-46,-16],[-50,-24],[-2,-25],[-11,-38],[-17,-11],[-12,14],[-29,0],[-11,7],[-22,3],[-18,-5],[-12,2],[-7,-10],[-4,-25],[-16,-2],[-5,-13],[4,-27],[-12,-11],[-19,4],[-52,0],[-16,-4],[-18,9],[-10,-7],[-6,-19],[-18,-16],[-17,-2],[-38,-18],[-15,-25]],[[55179,63447],[-20,-18],[-15,-5],[-13,12],[-16,-5],[-9,9],[14,24],[-7,16],[-16,-9],[-29,23],[-30,57],[-10,13],[4,23],[-5,18],[0,18],[-10,43],[-19,25],[-13,28],[-9,14],[-7,25],[-23,42],[-33,57],[-12,42],[-17,29],[-11,31],[-21,36],[-17,46],[-4,25],[-22,90],[-22,53],[-5,27],[-18,45],[-12,47],[0,34],[-11,24],[0,45],[-12,39],[-2,30],[-11,18],[2,25],[-2,27],[14,24],[5,29],[18,34],[-2,18],[-7,23],[-2,27],[-10,37],[-1,37]],[[52168,61623],[4,31],[2,39],[-3,44],[0,78],[1,78],[0,102],[-1,18],[1,107],[0,120],[-1,52],[-2,182],[0,132],[-1,30],[1,149],[-1,76],[-2,273]],[[53394,63398],[24,-26],[14,-23],[5,-37],[10,-23],[-3,-37],[-4,-21],[0,-25],[12,-45],[10,-60],[10,-35],[0,-47],[11,-3],[4,16]],[[53487,63032],[1,-12]],[[53488,63020],[8,-51],[0,-21],[-6,-38],[-12,-49],[-3,-41]],[[53236,65497],[40,-10],[16,5],[15,-5],[7,-21],[-5,-19],[4,-50],[20,-40],[-9,-16],[-23,22],[-13,-1],[-3,-17],[5,-33],[-10,-51],[0,-15],[20,-84],[28,-135],[2,-34],[16,-83],[7,-16],[53,-86],[10,-19],[10,-29],[2,-60],[0,-55],[-14,-73],[25,-30],[5,-13],[10,-4],[22,3],[12,-5]],[[53488,64523],[-17,-28],[-21,-10],[-10,-10],[-12,-24],[-2,-26],[-10,-15],[0,-31],[-4,-28],[-19,-25],[1,-31],[-6,-11],[-4,-30],[5,-25],[-29,-29],[-17,-42],[-9,-41],[3,-10],[-7,-18],[-16,-16],[-1,-33],[4,-16],[-1,-29],[18,-45],[-3,-23],[-8,-19],[0,-12],[16,-48],[1,-27],[9,-52],[-16,-26],[-1,-25],[-7,-24],[-3,-50],[3,-14],[17,-37],[7,-36],[1,-25],[9,-17],[8,-31],[6,-41],[21,-45]],[[53394,63398],[-12,-40],[-36,-24],[-26,1],[-28,-11],[-15,3],[-16,-20],[-15,-3],[-28,6],[-8,6],[-17,-15],[-6,-19],[-19,-33],[-20,-23],[-20,3],[-19,23],[-60,21],[-12,8],[-14,17],[-19,14],[-16,5],[-41,33],[-42,24],[-7,14],[-41,35],[-9,11],[-28,23],[-40,26],[-16,3],[-36,34],[-11,-6],[-35,-8],[-9,-14],[-32,-5],[-9,-5],[-50,-54],[-31,-1],[-13,11],[-24,-1],[-21,16],[-160,-199],[-54,-40],[-113,-80]],[[52166,63134],[-1,53],[-4,217],[1,139],[-1,414],[-2,206]],[[52159,64163],[0,175],[-2,33],[0,192]],[[58222,68501],[-93,0]],[[58154,68687],[68,-93]],[[58222,68594],[0,-93]],[[53269,65818],[-15,-25],[5,-43],[-6,-21],[-10,-11],[-21,-35],[-5,-42],[3,-26],[16,-55],[0,-13],[-10,-31],[10,-19]],[[53236,65497],[-12,-30],[-30,-21],[-14,-1],[-16,-11],[-4,-19],[-8,-17],[-6,-31],[-7,-12],[-13,-6],[-9,-13],[-2,-19],[-15,-43],[-8,-3],[-21,10],[-47,-52],[-2,-39],[-8,-15],[-14,-12],[-12,-25],[-4,-25],[-11,-34],[-6,-75],[-6,-26],[-4,-37],[4,-46],[-12,-20],[-10,-25],[-6,-30],[-10,-19],[-27,-19],[-15,-23],[-13,-4],[-20,-22],[-26,-2],[-17,-8],[-36,-43],[-6,-23],[-29,-33],[-8,-20],[-16,-13],[-24,-26],[-27,2],[-13,-4],[-45,-62],[-22,5],[-28,-1],[-19,7],[-28,4],[-56,24],[-14,-3],[-12,-23],[-24,-12],[-21,3],[-28,17],[-20,6],[-30,-17],[-26,-4],[-19,6],[-22,-7],[-23,8],[-24,26],[-28,23]],[[52157,64563],[2,75],[0,491],[2,40],[1,229],[3,248],[2,79],[0,147],[1,32]],[[55080,68443],[-117,134],[-40,44],[-36,25],[-26,2],[-32,62],[-124,232]],[[54705,68942],[21,8],[25,31],[28,31],[28,42],[20,12],[38,33],[26,12],[15,11],[11,15],[43,50],[45,16],[19,5]],[[55353,69284],[0,-255],[-56,8],[-16,7],[-2,-19],[-8,-14],[-15,-2],[-10,5],[-28,33],[-10,-6],[10,-18],[-5,-22],[5,-14],[14,-22],[0,-17],[5,-17],[29,-31],[14,1],[10,-8]],[[55290,68893],[-18,-40],[-8,-11],[-20,-11],[-20,-45],[-7,-188],[1,-70],[-1,-144],[-47,20],[-76,35],[-14,4]],[[53269,65818],[-15,-2],[-14,-9],[-8,5],[-14,20],[-17,17],[-11,2],[-31,-5]],[[53157,67550],[7,31],[31,37],[70,79]],[[53915,66674],[-11,-22],[-16,-12],[-10,-13],[-9,-23],[-13,-10],[-24,-4],[-14,2],[-17,9],[-17,24],[-10,8],[-10,-10],[2,-15],[22,-40],[-3,-16],[-24,-40],[-4,-11],[5,-26],[-6,-28],[-7,-16],[-11,-6],[-22,4],[-30,-11],[-37,-16]],[[53649,66402],[-12,-1],[-29,18],[-23,8],[-13,0],[-28,-28],[-10,-7],[-46,-18],[-25,-26],[0,-19],[6,-20],[-1,-59],[-4,-16],[-16,-25],[0,-40],[-8,-24],[2,-13],[14,-19],[1,-17],[-6,-15],[-10,-7],[-17,-2],[-16,-22],[-6,-42],[2,-36],[-13,-24],[-20,-2],[-10,-6],[-11,-29],[2,-26],[-7,-16],[-18,-12],[-25,-25],[-33,-14]],[[52626,67093],[26,3],[13,-3],[8,-10],[41,-18],[33,-27],[26,-18],[34,-17],[19,-13],[24,-11],[24,-27],[15,-23],[16,-10],[14,-33],[12,-9],[5,-13],[20,-17],[14,-19],[21,-17],[33,-36],[23,-46],[9,-29],[-7,-52],[3,-16],[-1,-22],[6,-12],[17,-14],[-8,-21],[0,-31],[21,-19],[16,-8],[34,-8],[16,13],[17,-5],[15,5],[13,-11],[15,-6],[28,-46],[4,-26],[-14,-15],[-33,14],[-10,0],[-30,-17],[-29,6],[-26,0],[-6,10],[-17,1],[-8,-17],[-31,-1],[-74,-35],[-17,-1],[-36,-32]],[[58689,68775],[-26,3],[-172,0],[-61,-10],[-14,-1]],[[52168,65904],[1,18],[1,543],[-2,172],[1,143],[-1,129],[-1,37],[0,140],[-2,67],[0,375],[3,246],[0,156]],[[52168,67930],[21,-19],[23,-13],[27,-8],[25,0],[50,9],[25,2],[33,-4],[37,-17],[30,-7],[20,4],[35,16],[16,5],[24,0],[14,-4],[26,-18],[33,-38],[30,-20],[13,-3],[107,-3],[24,-4],[45,-21],[40,-36],[21,-28],[39,-67],[17,-25],[32,-30],[33,-19],[67,-34],[12,-4],[27,1],[15,5],[26,21],[2,-21]],[[53157,67550],[-18,-30],[-7,-26],[-9,-16],[-20,-6],[-23,8],[-19,-3],[-42,-35],[-7,-22],[13,-50],[1,-20],[-5,-28],[-16,-25],[-22,-7],[-23,-1],[-29,11],[-79,48],[-20,8],[-20,1],[-108,0],[-23,-11],[-14,-18],[-18,-54],[-5,-55],[-19,-83],[1,-43]],[[52626,67093],[15,-53],[-3,-58],[3,-29],[8,-37],[18,-46],[38,-79],[35,-58],[15,-37],[27,-101],[28,-73],[19,-40],[74,-130],[11,-18]],[[52914,66334],[61,-97],[19,-34],[53,-78],[14,-26],[13,-32],[67,-127],[6,-28],[7,-50],[5,-16]],[[53159,65846],[-30,-8],[-20,-11],[-14,2],[-17,19],[-9,4],[-24,-5],[-38,-25],[-22,21],[-25,-1],[-9,15],[-22,23],[-29,24],[-20,8],[-10,18],[-12,57],[1,32],[-26,37],[-34,1],[-7,17],[-17,16],[-6,12],[-11,4],[-25,-2],[-17,-6],[-32,15],[-16,-8],[-32,-29],[-47,-3],[-17,-17],[-26,-10],[-36,-18],[-27,-27],[-10,0],[-7,9],[-19,3],[-15,-5],[-15,-21],[-18,-15],[-48,-19],[-10,5],[-4,21],[-8,8],[-33,-2],[-17,-19],[-13,-4],[-44,3],[-30,-24],[-24,-37]],[[53915,66674],[-4,10],[-25,6],[-25,-9],[-17,8],[-27,5],[-26,26],[-7,21],[-16,15],[-8,28],[3,34],[-13,8],[4,20],[-12,17],[-5,-1],[-28,-21],[-8,4],[-5,17],[-18,17],[-5,19],[14,15],[-4,21],[-8,6],[-17,1],[-11,12],[-17,29],[-5,18],[-14,15],[-17,3],[-18,34],[-4,20],[-16,14],[-17,2],[-28,27],[-12,39],[-12,12],[-18,56],[-13,19],[-4,14],[4,29],[-11,29],[-7,35],[-2,23],[-7,19],[-4,24],[-22,92],[-16,37],[0,32],[-14,33],[-7,35],[-15,23],[-14,4],[-27,18],[-45,9]],[[53265,67697],[51,69],[40,63],[13,17],[18,11],[17,5],[30,-7],[63,-29],[158,-72],[35,-12],[25,-4],[74,-7],[24,-7],[90,-65],[37,-12],[70,-18],[86,-24],[39,-2],[61,14],[21,1],[52,-14],[83,-31],[48,-26],[22,-21],[25,-39],[14,-13],[15,-6],[129,-5],[25,-9],[55,-29],[42,-16],[63,-2],[45,-16],[17,-1]],[[54852,67390],[14,6],[18,16],[61,106],[21,45]],[[55102,66899],[2,-25],[43,-287],[38,-270]],[[55185,66317],[-13,10],[-35,13],[-47,30],[-27,6],[-11,-5],[-28,-28],[-20,-9],[-30,7],[-25,-11],[-12,1],[-30,14],[-14,-4],[-3,-21],[-7,-3],[-26,33],[-18,-5],[-20,3],[-10,-12],[-32,8],[-11,-6],[-21,13],[-6,25],[-12,25],[-8,31],[-21,0],[-31,17],[-26,-4],[-17,17],[-24,-3],[-7,11],[9,29],[-4,16],[-17,-8],[-22,5],[-12,-23],[-24,-7],[-4,11],[6,19],[-4,15],[-25,2],[-4,7],[-4,32],[-14,9],[-13,-10],[-19,-26],[-13,3],[-9,14],[-17,59],[-9,19],[-13,12],[-26,15],[-34,-20],[-10,-10],[-25,-51],[-16,-7],[-13,10],[-1,11],[4,28],[-5,29],[-16,30],[-21,20],[-27,13],[-25,5],[-54,6],[-24,-7],[-33,-36],[-17,-29],[-13,-4],[-13,9],[-11,18],[-18,-3],[-8,-25],[-8,-12],[-13,6],[-9,17],[-15,14],[-15,-1]],[[55423,70307],[-2,-31],[-8,-20],[-39,-38],[-13,-23],[-5,-23],[-1,-121],[0,-54]],[[55355,69997],[1,-139],[-1,-152],[-2,-134],[1,-103],[1,-90],[-2,-95]],[[55353,69284],[-36,8],[-26,-1],[-60,-15],[-34,-13],[-23,-14],[-35,-33],[-29,-11],[-21,-3],[-26,11],[-39,-5]],[[55024,69208],[-14,8],[-7,14],[-26,7],[21,20],[14,18],[24,8],[23,21],[24,28],[32,56],[10,47],[12,87],[5,28],[8,67],[3,62],[3,78],[12,18],[6,18],[5,53],[-10,97],[-3,8],[-68,83],[-7,12],[-2,86],[0,180]],[[55089,70312],[170,1],[72,-2],[70,-4],[22,0]],[[56010,65612],[68,1],[199,1]],[[53475,62820],[49,-26],[15,-18],[30,-10],[21,-11],[23,-6],[24,5],[25,-3],[86,-43],[17,-11],[17,-32],[37,-39],[12,-21],[22,-54],[13,-15],[24,-36],[11,-24],[50,-61],[37,-28],[6,-10],[13,-46],[6,-12],[21,-8],[11,-8],[15,-28],[15,-35],[19,-17],[36,-41],[9,-26],[18,-20],[10,-24],[24,-30],[7,-22],[11,-17],[21,-55],[0,-21],[19,-17],[9,-33],[10,-21],[28,-46],[23,-28],[17,-9],[20,-30],[64,-51],[18,-38],[11,-12],[29,-14],[9,-8],[15,-28],[20,-20],[20,-25],[24,-37],[6,-21],[3,-48],[14,-20],[15,-5],[7,-12],[2,-36],[-11,-62],[4,-31],[-1,-40],[-20,-26],[8,-22],[6,-34],[-4,-19],[15,-22],[5,-17],[2,-23],[-4,-21],[3,-62],[-5,-40],[-11,-10],[-1,-29],[-6,-36],[-10,2],[-8,-26],[-8,-13],[-11,19],[-28,29],[-22,8],[-6,-11],[22,-7],[24,-29],[4,-20],[-6,-39],[12,-29],[14,2],[20,25],[24,5],[10,-5],[5,-16],[-17,-16],[-8,-14],[1,-17],[12,-14],[40,-34],[12,-2],[19,4],[6,-38],[12,-6],[10,4],[10,26],[28,-21],[25,9],[6,-3],[16,-21],[21,-15],[46,-3],[15,25],[10,38],[-3,18],[10,11],[24,-8],[18,-26],[23,-41],[15,-15],[2,-20],[-7,-24],[16,-36],[25,-24],[15,-19],[17,-2],[6,-13],[3,-45],[6,-18],[9,-7],[14,-2],[17,7],[15,29],[12,6],[7,-5],[-1,-20],[14,-18],[15,-56],[19,-29],[5,-26],[2,-35],[11,-16],[23,-5],[10,10],[14,26],[8,-2],[-1,-20],[6,-25],[14,-26],[22,1],[22,-6],[17,10],[11,16],[19,-3],[20,-33],[20,-1]],[[53135,53284],[-520,-2],[-122,-1],[-318,0],[1,725]],[[52176,54006],[1,72],[-2,491],[1,329],[-1,221]],[[52175,55119],[0,196],[-1,969],[17,371],[-19,836],[2,47],[-3,124],[0,60],[1,110],[0,62],[-8,289],[5,25],[-2,59],[-3,188],[3,80],[4,259],[-4,309],[0,83],[-2,291],[9,267],[0,72],[-3,182],[1,323],[0,305]],[[52172,60626],[0,494],[2,25],[-2,181],[-6,196],[-1,84],[3,17]],[[52168,61623],[19,26],[25,22],[53,23],[31,3],[53,-19],[12,-1],[43,13],[12,6],[14,16],[13,27],[17,16],[25,15],[14,16],[6,19],[5,78],[8,24],[43,75],[15,15],[38,19],[16,19],[8,20],[10,44],[8,12],[27,23],[8,11],[20,54],[18,20],[34,12],[39,31],[17,3],[24,-1],[25,9],[41,34],[36,32],[27,36],[26,22],[51,22],[19,12],[10,12],[17,49],[11,21],[20,21],[24,16],[20,5],[39,4],[37,9],[52,38],[96,75],[53,43],[12,14],[11,24],[5,58]],[[55102,66899],[-23,148],[-76,483],[-37,33]],[[54966,67563],[57,129],[28,64],[61,139],[29,64],[37,55],[105,119]],[[55283,68133],[203,0]],[[55486,68133],[0,-111],[-7,-22],[-46,-60],[-26,-22],[9,-19],[23,-31],[13,-5],[15,11],[8,16],[11,2],[0,-67],[-1,-56],[2,-37],[29,16],[38,0],[18,-20],[9,-3],[37,1],[11,16],[108,0]],[[55737,67742],[1,-243],[1,-120],[7,-9]],[[55728,67335],[-86,-163],[-28,-45],[-55,-64],[-6,-25]],[[55553,67038],[-20,1],[-31,-21],[-16,-5],[-16,1],[-91,30],[-42,23],[-55,23],[-76,52],[-19,17],[-30,32],[-26,14],[-15,-3],[-20,-22],[-2,-27],[9,-96],[5,-52],[2,-50],[-2,-48],[-6,-8]],[[56541,65370],[2,-2],[-1,-117]],[[56542,65251],[-104,2],[-162,-1]],[[56276,65252],[1,120],[-2,91],[2,151]],[[56277,65614],[19,-1]],[[56543,65613],[1,-101],[-3,-45]],[[56682,67419],[102,0],[25,-17],[21,0],[14,13],[14,6],[197,2],[30,-1]],[[56340,64529],[-85,-2],[-25,-12],[-11,-1],[-24,14],[-14,3],[-251,-2],[-19,-3],[-25,-11],[-65,-46],[-30,-18],[-28,-4]],[[55763,64447],[-39,139],[-48,152],[-60,280]],[[56273,64836],[0,-183],[6,-36],[11,-19],[36,-41],[14,-28]],[[56009,65252],[267,0]],[[56276,65252],[-1,-130]],[[56275,65122],[0,-107],[-1,-21],[-1,-158]],[[56273,64836],[-29,10],[-22,2],[-7,-5],[-21,14],[-18,-7],[-31,7],[-8,-2],[-46,-39],[-27,3],[-6,-4]],[[56679,65976],[3,65],[2,280]],[[56684,66321],[0,80],[-1,156]],[[56683,66699],[-61,0],[-24,18],[-36,2],[-22,-16],[-11,-4],[-42,-1]],[[56682,67419],[-2,-46],[2,-133]],[[56682,67777],[0,-248]],[[56682,67529],[0,-110]],[[56682,67419],[-67,-2],[-202,-1]],[[57078,64890],[-192,0],[-78,1]],[[56808,64891],[-1,101],[1,129],[2,132]],[[56810,65253],[134,1],[60,1],[62,-1],[13,-3]],[[56281,66699],[206,-1]],[[56487,66698],[-4,-219],[-1,-30],[1,-103]],[[56483,66346],[-57,-2],[-90,0],[-54,9]],[[56415,67058],[168,2],[100,0]],[[56684,66877],[-82,0],[-183,-82],[-139,-63]],[[57072,64189],[-109,-21]],[[56963,64168],[-3,43],[-27,-39],[-20,-5],[-107,0],[0,361]],[[56806,64528],[136,1],[132,0]],[[56280,68135],[135,2],[267,1]],[[56682,67963],[0,-186]],[[56682,67777],[-135,0],[-132,1],[-134,0]],[[56683,67060],[-1,180]],[[56682,67240],[184,0],[218,2]],[[55949,67743],[35,25]],[[56281,67778],[0,-245],[-2,-21]],[[55975,68074],[0,47],[8,12]],[[56280,68135],[1,-198],[-1,-69],[1,-90]],[[56281,67778],[-183,-2],[-69,-1],[-30,-2],[-15,-5]],[[55984,67768],[-5,11],[-1,193],[-3,102]],[[55746,67370],[89,170],[94,175],[20,28]],[[55949,67743],[17,-34],[4,-23],[0,-100],[1,-56],[5,-18],[19,-28],[5,-22],[0,-47]],[[56010,67189],[-7,1],[-14,13],[-28,5],[-26,12],[-28,27],[-95,48],[-48,13],[-36,27]],[[55728,67335],[18,35]],[[56684,66757],[0,120]],[[56684,66877],[-2,101],[1,82]],[[56683,67060],[105,-1],[185,1],[43,1]],[[55803,65989],[4,-18],[1,-70],[-1,-104],[1,-15],[-9,-16],[-22,-12],[-42,-45],[-3,-29],[3,-13],[23,-35],[1,-22]],[[55553,67038],[22,-1],[28,15],[33,0],[14,-4],[70,-47],[23,-8],[56,7]],[[55658,66735],[-17,37],[-8,36],[-3,86],[-5,19],[-12,17],[-51,58],[-8,18],[-1,32]],[[54731,64799],[-7,38],[-8,18],[-9,-3],[-12,-21],[-21,-8]],[[54674,64823],[-3,38],[-9,33],[-28,51],[-49,103],[-6,25],[-2,59],[-5,30],[-29,61],[-3,34],[8,32],[0,25],[-5,15],[-17,31],[-2,21],[8,26],[37,27],[11,23],[2,21],[6,16],[20,9],[15,-11],[17,-27],[9,-6],[16,5],[29,19],[13,-3],[25,-20],[15,-5],[28,0],[15,10],[10,17],[22,7],[21,-10],[34,5],[27,-5],[17,2],[24,14],[26,32],[17,12],[48,-2],[27,27],[43,56],[32,23],[117,44],[29,21],[105,131]],[[55389,65839],[75,-136],[23,-48],[20,-60]],[[55616,65018],[-12,-6],[-25,4],[-7,-24],[-10,-20],[-14,0],[-30,-37],[-9,-5],[-8,-22],[-11,-11],[2,-33],[-16,-56],[7,-37],[7,-22],[41,-79],[-1,-13],[-26,9],[-5,24],[-15,9],[-4,27],[-27,27],[-17,-3],[-16,3],[-62,1],[-44,-11],[-11,-13],[-16,8],[-52,4],[-12,-18],[-22,-19],[-14,-24],[-15,-4],[-77,-39],[-11,32],[-10,19],[-17,16],[-23,10],[-15,-4],[-37,-25],[-10,-13],[-17,-47],[23,-85],[-32,-39],[-9,16],[-20,22],[-17,30],[-29,39],[-5,23],[-15,38],[4,37],[-7,14],[-12,5],[-34,53],[-26,30],[-17,2],[-28,-12]],[[56244,67417],[169,-1]],[[56413,67416],[-2,-132],[3,-22],[1,-204]],[[56415,67058],[-135,-1]],[[56000,67056],[1,25],[9,24],[0,84]],[[56010,67189],[1,186],[-10,25],[-1,15]],[[56000,67415],[54,0],[7,6],[8,28],[28,13],[55,14],[39,36],[88,0]],[[56279,67512],[-14,-50],[-21,-45]],[[56244,67417],[-13,-53],[-8,-24],[-37,-68],[-41,-65],[-12,-34],[-2,-21],[0,-95]],[[56000,67056],[131,1]],[[56131,67057],[149,0]],[[56280,67057],[1,-163],[-1,-162]],[[55701,66646],[-43,89]],[[55658,66735],[17,17],[7,16],[14,47],[32,56],[17,14],[45,23],[9,12],[4,22],[-4,58]],[[55799,67000],[32,10],[39,25],[36,21],[94,0]],[[57084,67967],[-17,-1],[-218,-2],[-167,-1]],[[56682,67963],[0,175]],[[55701,66646],[44,29],[46,19],[35,4],[25,-1],[32,-4],[33,-12],[48,-30],[45,-41],[21,-13],[21,-6],[32,4],[17,8],[58,38],[39,29],[52,44],[31,18]],[[56280,66732],[1,-33]],[[56281,66699],[0,-146],[-3,-17],[12,-13],[-8,-21],[0,-92],[-19,1],[11,-19],[7,-21],[1,-18]],[[56282,66353],[-60,-3],[-43,-9],[-15,-7],[-24,-22],[-45,-56],[-119,-142],[-57,-71]],[[55919,66043],[-27,-32],[-22,-15],[-20,-6],[-47,-1]],[[55803,65989],[-56,-1],[-51,-2],[-134,-26],[-11,-4],[-53,-10],[-20,-7],[-28,-24],[-61,-76]],[[55389,65839],[-75,128],[-62,101],[-58,214],[-9,35]],[[55185,66317],[15,-8],[26,7],[57,34],[19,3],[54,-18],[39,-4],[32,3],[16,7],[15,15],[39,84],[9,16],[26,32],[169,158]],[[57084,68146],[-79,-5],[-323,-3]],[[56682,68138],[0,142],[2,227]],[[56684,68507],[67,1],[67,0],[83,1]],[[56901,68509],[184,0]],[[57085,68690],[-84,1],[-101,-1]],[[56900,68690],[-83,-2],[0,181]],[[56921,69232],[163,-1]],[[57085,68870],[-51,-1],[-150,0]],[[56921,69232],[0,-93],[-4,-9],[0,-169],[-34,-1],[1,-91]],[[56884,68869],[-67,0]],[[56817,68869],[-16,1],[-118,-1]],[[56683,69232],[117,1],[121,-1]],[[55759,65610],[61,0],[62,1],[85,0],[43,1]],[[56010,65612],[-1,-55],[0,-305]],[[55660,65050],[-28,-11],[-16,-21]],[[55616,65018],[-7,50],[-6,69],[-14,89],[-14,70],[-19,107],[-12,51],[-18,60],[-14,52],[-5,29]],[[55507,65595],[72,16],[78,-1],[67,1],[35,-1]],[[56683,69413],[0,-181]],[[56683,69232],[-1,-228],[0,-111],[1,-24]],[[56282,68867],[-1,182]],[[56281,69049],[0,327]],[[57084,69412],[-301,2],[-100,-1]],[[56683,69413],[1,195]],[[56684,69608],[32,12],[17,-1],[31,7],[21,17]],[[56785,69643],[48,-37],[32,-17],[33,-6],[53,-3],[-1,13]],[[56282,68685],[0,182]],[[56282,68867],[135,0],[132,2],[134,0]],[[56683,68869],[2,-43],[-2,-82],[1,-237]],[[56684,68507],[-402,-2]],[[56282,68505],[0,180]],[[56280,68135],[-178,0],[-119,-2]],[[55983,68133],[27,39],[3,25],[1,270],[2,37]],[[56016,68504],[116,1],[150,0]],[[56282,68505],[-2,-370]],[[55879,69495],[112,72],[44,23],[55,13],[29,2],[173,1],[20,-1],[68,-12],[93,-1],[42,1],[49,7],[52,22]],[[56616,69622],[68,29],[0,-43]],[[56684,69608],[-25,-16],[-17,-5],[-24,-28],[-22,-7],[-21,-26],[-22,-21],[-36,-31],[-24,-11],[-23,-27],[-5,-27],[0,-31],[-8,-20],[-26,-6],[-14,2],[-18,-20],[-6,0],[-16,23],[-17,8],[-13,-11],[-23,7],[-10,7],[-21,2],[-12,6]],[[56281,69376],[-7,9],[-22,7],[-34,-2],[-13,-16],[-16,10],[-15,-2],[-28,4],[-28,-12],[-8,-12],[-26,11],[-20,-13],[-32,-9],[-18,6],[-32,-8],[-11,-10],[-12,5],[-25,1],[-23,5],[-10,7],[-21,5],[-18,-10],[-42,-13],[-20,-4]],[[55800,69335],[0,45],[2,18],[9,28],[21,35],[28,22],[19,12]],[[56058,64815],[-13,-20],[-21,-16],[-24,0],[-37,-18],[-20,-3],[-32,-19],[-23,0],[-24,19],[-12,2],[-17,-16],[-12,7],[-38,-5],[-20,16],[-10,16],[-18,55],[-5,34],[-9,14],[-6,36],[-7,7],[-3,21],[-14,19],[4,13],[-3,21],[-9,16],[0,16],[-14,19],[-11,1]],[[55660,65050],[-6,44],[0,61],[10,53],[12,43],[124,-1],[52,2],[157,0]],[[56009,65252],[0,-121],[-1,-60],[-1,-176],[9,-29],[31,-31],[11,-20]],[[55878,70041],[61,-1],[144,1]],[[56083,70041],[133,0],[134,4]],[[56350,70045],[65,2]],[[56415,70047],[67,0],[168,-1]],[[56650,70046],[0,-91],[-26,0],[1,-18],[-9,-3]],[[56616,69934],[-67,-27],[-124,-55],[-35,-13],[-42,-9],[-62,-11],[-87,-32],[-45,-15],[-145,-54],[-131,-53]],[[55878,69665],[-1,127],[0,182],[1,67]],[[58479,63841],[23,-41],[55,-68],[75,-95]],[[58422,63817],[-11,2],[-30,22],[-21,3],[-18,-11],[-10,-18],[-4,-17],[1,-35],[6,-14],[71,-83],[10,-27],[0,-17],[-10,-69],[-12,-31]],[[62641,59077],[0,-105],[-1,-197],[1,-160],[0,-2190],[3,-71],[-1,-85],[2,-89],[0,-726]],[[62645,55454],[-1,-596],[0,-311],[1,-179],[1,0],[0,-486],[-1,-453],[0,-149]],[[62678,64160],[0,-296],[-3,-152],[0,-82],[-4,-159],[-2,-57],[1,-102],[-3,-133],[1,-126]],[[56806,60314],[0,-144],[131,-5],[1,-112],[1,-35],[1,-208],[129,-2],[-4,-300],[2,-275],[-31,-114],[32,-17],[0,-409],[3,-109],[0,-30],[3,-297],[3,-147]],[[53153,53284],[12,9],[14,21],[13,30],[17,27],[7,17],[29,44],[11,34],[3,51],[-13,29],[-1,23],[9,46],[-4,20],[-13,31],[7,19],[18,11],[23,-11],[22,3],[23,-8],[16,6],[4,23],[-12,53],[9,26],[-5,35],[8,55],[1,35],[17,15],[11,21],[4,18],[-7,51],[7,22],[34,38],[10,50],[23,24],[6,21],[13,1],[26,-34],[11,7],[21,46],[10,14],[18,2],[8,11],[3,20],[-22,21],[-4,9],[7,35],[22,23],[8,24],[14,7],[30,-4],[21,9],[10,0],[9,11],[-1,13],[-17,12],[1,10],[33,28],[23,25],[19,13],[22,25],[8,24],[-2,30],[3,15],[-6,20],[-22,34],[1,19],[25,29],[15,24],[5,23],[2,34],[0,25],[12,35],[5,42],[-7,26],[1,21],[13,56],[7,22],[11,56],[10,25],[14,20],[21,4],[14,-3],[10,11],[6,14],[4,42],[9,18],[2,31],[5,19],[10,10],[40,4],[8,22],[15,2],[9,13],[14,4],[18,-6],[10,1],[35,-17],[13,-12],[16,-1],[3,21],[11,26],[20,5],[9,9],[6,23],[-6,29],[-18,33],[-3,22],[10,21],[4,27],[-16,43],[-17,26],[-9,43],[5,14],[23,26],[2,17],[-11,15],[-4,19],[14,29],[-3,21],[-25,38],[-1,23],[25,55],[17,17],[32,16],[15,19],[7,29],[17,28],[7,33],[11,19],[-1,23],[-9,35],[21,28],[-2,33],[3,15],[15,10],[16,-19],[11,-7],[17,-22],[11,-23],[25,-12],[11,5],[37,52],[30,19],[11,16],[12,-11],[25,8],[27,3],[24,37],[1,19],[5,14],[-6,16],[-6,44],[-14,10],[-10,-9],[-12,4],[-5,30],[4,6],[30,10],[13,16],[2,11],[-7,29],[-1,25],[6,18],[15,-9],[22,-24],[11,-4],[41,-1],[11,11],[0,44],[10,13],[21,-12],[16,-4],[9,7],[2,31],[-2,26],[-14,20],[-10,5],[-3,22],[8,10],[31,-12],[17,-4],[26,-11],[15,5],[16,14],[3,19],[-8,24],[-1,36],[-9,16],[-4,28],[3,30],[-3,13],[-17,10],[-12,15],[3,28],[19,33],[12,7],[15,20],[25,16],[3,15],[-4,13],[-17,12],[-10,19],[6,18],[22,33],[-12,24],[14,24],[22,3],[9,26],[23,20],[4,11],[0,48],[-8,11],[-8,28],[10,32],[14,25],[9,25],[22,27],[8,19],[-10,25],[1,11],[11,12],[10,-21],[10,0],[14,25],[-3,14],[-18,24],[5,19],[16,0],[23,-23],[19,7],[2,15],[-6,20],[-34,4],[-27,33],[-8,49],[13,25],[26,15],[13,-1],[38,-12],[8,22],[-7,16],[6,21],[10,10],[14,0],[28,-8],[18,9],[-2,26],[-6,21],[-18,26],[-2,15],[9,10],[9,63],[-26,23],[5,24],[26,31],[24,19],[17,4],[16,18],[4,18],[26,54],[14,11],[9,19],[-1,22],[-6,21],[-1,22],[5,29],[14,42],[22,11],[10,14],[1,14],[-7,25],[2,18],[-9,9],[-22,10],[-2,26],[30,9],[19,18],[25,7],[10,12],[0,40],[-47,40],[-26,6],[-6,24],[12,8],[27,8],[16,16],[11,33],[7,8],[8,36],[29,15],[13,17],[7,23],[-4,21],[-8,17],[5,29],[20,11],[9,20],[1,17],[8,38],[-2,24],[-11,27],[4,15],[29,23],[27,37],[20,37],[0,20],[-7,39],[11,35],[22,22],[13,21],[18,2],[4,7],[-1,21],[15,40],[2,30],[-7,43],[-12,22],[0,20],[-17,22],[-2,46],[21,33],[7,44],[-11,45],[-11,10],[-18,1],[-6,23],[-27,26],[-11,33],[3,11],[20,21],[2,16],[21,17],[3,9],[-18,39],[-15,-6],[-17,5],[-6,25],[5,25],[3,38],[11,5],[14,21],[0,17],[12,14],[6,27],[29,18],[6,13],[26,20],[19,-1],[3,12],[-8,15],[-12,45],[-15,-3],[-10,11],[-5,35],[3,44],[6,17],[-3,39],[-14,12],[-17,34],[-5,22],[4,21],[-4,16],[-11,16],[-6,36],[-6,13],[8,15],[-3,17]],[[55407,60219],[14,19],[14,8],[34,-10],[24,31],[10,24],[23,30],[5,20],[15,25],[18,15],[57,-13],[21,12],[23,18],[16,16],[33,48],[16,12],[17,6],[15,12],[11,0],[46,47],[9,11],[12,32],[34,17],[18,58],[22,34],[21,7],[12,10],[22,44],[21,21],[9,22],[14,20],[15,11],[40,38],[14,10],[2,9],[-17,35],[-6,37],[-12,43],[-3,27],[11,44],[9,20],[0,32],[9,35],[4,30],[-2,21],[11,9],[0,18],[-8,23],[10,12],[0,22],[-12,54],[-4,49],[-12,35],[-24,20],[-11,32],[-42,27],[-21,24],[-15,35],[-1,14],[6,46],[-5,12],[-3,33],[6,24],[2,20],[-15,20],[-2,11],[-14,27],[-2,18],[22,29],[25,14],[18,25],[23,53],[5,40],[19,20]],[[58479,63841],[-25,-17],[-32,-7]],[[58422,63817],[-10,36],[11,19],[-1,8],[-19,4],[-26,13],[-16,24],[-8,27],[-26,0],[-4,7],[-12,-11],[-13,6],[-23,-19],[-9,4],[-20,-7],[-9,-7],[-15,1],[-18,8],[-9,-21],[-29,-5],[-14,-14],[-23,-2],[-17,4],[-20,16],[-5,16],[-11,0],[-13,17],[-18,-7],[-14,14],[-17,-3],[-13,2]],[[58406,64165],[1,-94],[5,-23],[67,-207]],[[62649,60881],[-1,-172],[1,-243],[-1,-265],[-1,-190],[-1,-150],[-2,-189],[-1,-272],[-2,-198],[0,-125]],[[62641,59077],[-67,1],[-13,1],[-27,13],[-19,17],[-72,106],[-44,58],[-43,50],[-45,41],[-29,25],[-30,21],[-44,27],[-55,24],[-38,12],[-55,12],[-121,22],[-98,16],[-25,12],[-15,13],[-43,49],[-35,28],[-119,76],[-28,16],[-44,20],[-113,45],[-55,20]],[[71321,38144],[-4,-70],[-5,-309],[-2,-116],[1,-102],[-1,-164],[-5,-194],[-3,-268],[-5,-204],[0,-17],[-10,-643],[-1,-75],[3,-330],[0,-224],[3,-260],[0,-258],[2,-436],[1,-183],[1,-272],[3,-519],[1,-311],[0,-96],[2,-268],[3,-491],[4,-685],[-5,-6],[-35,0],[-9,-6],[-3,-14],[-1,-80],[0,-135],[2,-479],[1,-179],[-2,-373],[-1,-272],[1,-307],[1,-13],[0,-209],[2,-116],[-3,-211],[1,-29],[1,-217],[0,-231]],[[61846,32756],[-31,0],[-16,9],[-35,28],[-16,8],[-96,23],[-24,19],[-11,21],[-10,51],[-15,-7],[-21,-1],[-53,15],[-14,1],[-53,-7],[-1,22],[-26,-3],[-10,5],[6,37],[-16,4]],[[64482,30782],[3,271],[1,236],[2,126]],[[90049,64211],[147,0],[156,1],[345,6],[27,1],[603,8],[286,5],[64,0],[144,3],[36,-2],[276,6],[26,0],[266,4],[24,1],[96,12],[172,22],[115,1],[247,-1],[379,1],[134,1],[74,2],[156,0],[47,-1],[174,2],[5,-2],[170,0],[224,-1],[7,2]],[[94449,64282],[64,-1],[4,-3]],[[94741,51152],[-148,0],[-55,-3],[-139,-10],[-190,-18],[-102,-4],[-172,-1],[-123,-8],[-344,-18],[-178,-7],[-127,-1],[-426,-11],[-44,0],[-62,-3],[-268,-3],[-124,-3],[-35,-3],[-158,-6],[-375,-8],[-90,-3],[-267,-3],[-176,-4],[-90,-1],[-258,-10],[-406,-9],[-118,38],[-267,-4]],[[89143,64208],[127,-2],[148,0],[355,4],[154,0],[122,1]],[[90049,64211],[-6,-10],[-7,-441],[-3,-332],[-9,-378],[-1,-29],[1,-615],[0,-122],[-4,-495],[-7,-957],[-5,-432],[-7,-456],[-3,-559],[-2,-362],[-1,-359],[-1,-364],[-1,-390],[-9,-5],[-9,-20],[-11,-4],[-37,34],[-30,11],[-24,-4],[-25,-28],[-18,6],[-35,-6],[-18,11],[-22,-3],[-27,-19],[-21,10],[-19,-7],[-30,3],[-12,-9],[-21,-5],[-44,27],[-7,-12],[-9,-25],[-10,-16],[-19,-9],[-13,-1],[-22,15],[-14,23],[-11,4],[-10,-33],[-28,-63],[-10,-16],[-15,-10],[-9,20],[-6,3],[-13,-24],[-15,-8],[-6,12],[5,23],[-7,2],[-33,-17],[-21,-27],[-11,-22],[2,-19],[-14,-25],[-14,-16],[-21,-33],[-7,-23],[-3,-31],[221,-4],[0,-355],[185,-5],[234,-3],[21,3],[16,-3],[73,-1],[0,-398],[-4,-688],[-2,-596],[-1,-81],[0,-256],[-1,-290],[-1,-94],[-4,-594],[-2,-308],[-2,-252],[-1,-347],[-1,-79],[30,-3],[-1,-17],[2,-344],[1,-506],[-2,-38],[-14,-40],[2,-20],[11,-27],[3,-20],[0,-181],[-1,-252],[-1,-355],[-3,-27],[-1,-73],[0,-185],[2,-86]],[[89999,51049],[-109,-2],[-423,-3],[-265,-3],[-262,2],[-456,-7],[-125,-4],[-129,0],[-152,1],[-574,-4],[-837,2],[-237,0],[-23,1],[-178,0],[-594,2],[-32,3],[-282,-7],[-330,-8],[-10,-2],[-81,-3],[-60,0],[-152,-7],[-139,3],[-59,-3],[-132,-5],[-345,-16]],[[84013,50989],[-2,456],[-1,616],[2,105],[1,7],[-3,261],[2,267],[-1,99],[2,367],[-2,17],[1,58],[111,0],[3,137],[-1,40],[1,169],[-1,627],[3,1426],[-1,196],[-1,5],[-1,291],[0,355],[-1,372],[0,388],[1,341],[2,724],[-1,73],[1,839],[-2,245],[0,267],[-1,11],[4,375],[1,358],[0,364],[2,360],[1,486],[0,240],[-1,363],[1,222],[-2,34],[1,27],[2,201],[2,28],[-3,40],[1,171],[2,646],[1,490]],[[84136,64153],[5,8],[150,-1],[73,2],[194,6],[9,1],[231,8],[250,8],[24,1],[36,-3],[107,4],[150,7],[351,7],[136,4],[81,-3],[129,0],[138,6],[78,2],[50,-1],[391,5],[269,4],[19,3],[251,5],[85,0],[279,-2],[21,0],[261,-2],[136,-2],[9,-2],[60,1],[152,5],[74,-1],[403,-10],[39,0],[177,-2],[189,-3]],[[94517,64278],[215,2],[359,1],[46,-2],[95,4],[81,-2],[224,2],[392,6],[185,1],[15,2],[93,2],[13,2],[56,-1],[58,0],[13,3],[69,2],[165,1],[18,1],[71,-2],[188,5],[111,6],[29,4],[19,-4],[28,2],[167,2],[250,7],[206,4],[176,5],[94,1],[166,4],[143,1],[65,0],[219,3],[30,0],[218,3],[56,-1],[159,2],[151,4],[168,5],[84,0],[267,6],[193,4]],[[99872,64363],[1,-292],[2,-585],[-1,-57],[1,-758],[-3,-147],[2,-117],[4,-418],[0,-184],[-3,-5],[0,-105],[1,-42],[1,-552],[1,-496],[0,-125],[4,-6],[0,-209],[1,-149],[-2,-6],[-1,-710],[3,-25],[1,-354],[1,-219],[2,-446],[1,-46],[0,-108],[2,-317],[0,-282],[4,-717],[5,-524],[-3,-78],[1,-174],[3,-211],[7,-2155],[1,-10],[0,-267],[1,-4],[1,-296],[2,-93],[6,-1850]],[[99918,51224],[-125,0],[-76,1],[-379,-8],[-89,0],[-43,-2],[-261,-3],[-148,1],[-74,-2],[-356,-1],[-36,0],[-276,-1],[-64,-1],[-320,-3],[-76,-2],[-13,2],[-100,0],[-138,2],[-242,-1],[-230,1],[-305,0],[-289,-5],[-143,-3],[-195,-4],[-61,1],[-158,-4],[-161,-3],[-22,1],[-195,-2],[-111,-19],[-491,-17]],[[94741,51152],[2,459],[-5,12],[-12,-19],[-26,-19],[-7,-22],[-11,-8],[-10,24],[-23,19],[-4,21],[10,33],[0,12],[-17,16],[-16,34],[-17,12],[-2,24],[-6,10],[-24,9],[-9,10],[-3,17],[-2,31],[-18,12],[-28,-3],[-25,14],[-9,-1],[1,233],[0,470],[2,699],[16,0],[3,178],[3,399],[0,381],[-1,166],[0,457],[1,163],[-2,392],[-2,351],[-9,708],[-6,744],[-313,2],[-47,0],[7,40],[0,21],[-10,54],[1,19],[20,25],[15,40],[1,12],[-4,45],[-11,32],[-21,41],[-26,28],[1,14],[12,13],[46,37],[18,23],[13,-2],[25,-29],[11,7],[4,11],[5,40],[2,40],[6,57],[10,19],[12,7],[33,11],[14,23],[17,45],[16,36],[8,34],[2,56],[-11,78],[2,47],[12,30],[24,25],[20,5],[14,9],[24,-28],[46,-48],[7,-3],[0,211],[-1,300],[0,1102],[3,125],[6,248],[2,428],[0,153],[-1,426],[0,132],[2,234],[0,499],[5,337],[2,329],[5,358],[5,667],[4,285],[0,240],[1,86],[-6,12]],[[62116,33033],[-11,0],[1,43],[-21,4],[-11,10],[-22,-36],[-15,19],[-32,-51],[-50,57],[-26,11],[-147,-1],[-49,2],[-15,10],[-10,14],[-24,54],[-17,20],[-22,0],[-6,43],[-39,-7],[-3,26],[-6,12],[-39,49],[-7,14],[-22,-14]],[[58685,35537],[0,377],[-1,629],[-2,79],[-3,363],[0,600],[1,16],[-2,63],[-2,409]],[[61404,32981],[-9,-38],[-48,-88],[65,-67],[10,-12]],[[61461,33156],[-30,-47],[-11,-28],[-16,-100]],[[63322,30646],[-7,13],[-33,-1],[-2,370],[-4,40]],[[63276,31068],[-4,2],[-59,-2]],[[63374,31076],[-29,-2],[-61,0],[-8,-6]],[[62666,31561],[-10,-280]],[[57085,68599],[0,91]],[[57085,68690],[0,180]],[[57085,68870],[-1,91]],[[61145,32608],[48,0],[15,5],[17,17],[13,22],[9,-8],[88,-40],[32,90],[8,13],[37,42],[10,27]],[[61422,32776],[23,31],[22,49],[25,-19],[30,-51],[34,-27],[15,-24],[2,-31],[-5,-14],[27,-23],[16,-5],[24,0],[0,-24],[-9,-15],[-4,-30],[4,-25],[48,-32],[15,-13],[17,19],[26,4],[15,-7],[11,12],[13,-23],[57,60],[13,24],[4,24],[1,120]],[[61846,32756],[1,44],[7,31],[12,17],[28,24],[7,-15],[9,-6],[189,-1],[0,80],[-3,5],[-52,1],[-11,-4],[-10,-14],[-23,28],[28,44],[19,-12],[61,0],[8,17],[0,38]],[[62116,33033],[89,-1],[3,37],[39,-28],[30,-33],[9,16],[17,71]],[[62419,31801],[-4,-5],[-30,-10],[-9,-5],[11,-53],[-11,-11],[-26,-7],[-42,-40]],[[64025,30896],[55,-3],[39,-8],[37,-15],[29,-27],[15,-5],[22,0],[28,-23],[22,3],[12,-3],[37,-27],[28,-10],[2,6],[131,-2]],[[64482,30782],[326,-5],[40,-3],[24,1],[106,-2]],[[63376,31206],[1,49],[-167,-2]],[[63430,31476],[18,-13],[32,-30]],[[62917,31385],[-2,180]],[[63146,31388],[-3,5],[-32,3],[0,77]],[[63329,31477],[-105,-147],[-18,18],[-3,-4]],[[63211,31117],[2,-49]],[[63213,31068],[1,-84],[-32,-5],[-70,-1],[-12,2],[-115,-1]],[[63430,31476],[-13,-26],[-15,-4],[-22,11],[-32,1],[-19,19]],[[63329,31477],[-107,144]],[[63198,31820],[17,-23],[4,-28],[49,-94],[69,-105],[41,-51],[22,-20],[30,-23]],[[58685,34395],[-2,147],[1,6],[0,293],[1,696]],[[58685,35537],[121,15],[162,5],[318,-1],[293,0],[39,-2],[142,0],[96,-5],[23,0],[135,-8],[9,192],[108,-1],[1,157],[91,-1],[175,-3],[-1,-17],[-4,-141],[28,2],[390,-13],[264,1],[281,-4],[85,9],[66,1],[97,-4],[9,153],[0,88],[-7,213],[0,395],[-2,308],[0,243],[-5,456],[-4,105],[1,102],[-8,224],[-1,61],[44,8]],[[63364,38089],[5,-22],[-1,-24],[2,-52],[-6,-19],[1,-30],[8,-30],[6,-33],[12,-15],[7,-18],[13,-5],[18,-20],[24,-50],[1,-62],[-8,-32],[-3,-42],[3,-38],[9,-24],[12,-7],[9,-15],[12,-29],[3,-35],[-5,-34],[-1,-26],[-5,-24],[-10,-24],[-16,-16],[-20,-36],[-2,-25],[-11,-20],[-3,-27],[3,-25],[11,-13],[15,-3],[11,-16],[17,-6],[14,10],[18,-5],[14,-13],[3,-26],[7,-14],[9,-38],[-3,-22],[-7,-16],[-47,-20],[-30,-26],[-29,-39],[-11,-30],[-5,-34],[0,-16],[7,-24],[22,-31],[51,-19],[25,5],[27,-13],[23,-24],[23,-19],[8,-11],[5,-37],[8,-15],[11,-34],[5,-36],[6,-19],[4,-39],[6,-27],[-6,-28],[-3,-37],[-5,-16],[0,-47],[-7,-31],[-8,-17],[-8,-40],[12,-35],[12,-26],[28,-28],[-6,-22],[-3,-25],[4,-70],[-9,-32],[-10,-23],[-5,-34],[-1,-29],[5,-24],[-9,-41],[2,-22],[-17,-42],[-9,-36],[7,-22],[-8,-17],[-21,-91],[-4,-21],[-6,-10],[-21,-13],[-21,-29],[0,-33],[13,-29],[22,-21],[2,-31],[15,-11],[7,-31],[9,-20],[-9,-33],[-20,-25],[-18,-3],[-21,-15]],[[62679,32988],[-34,8],[-114,2],[-18,-4],[-210,101]],[[62303,33095],[-176,85],[-503,241],[-130,63]],[[61494,33484],[-10,-51],[2,-47],[7,-24],[21,-32],[9,-18]],[[61523,33312],[4,-19],[-2,-34],[-9,-21],[-55,-82]],[[61461,33156],[-22,37],[-26,9],[-5,-16],[-15,-20],[-23,-18],[-24,-46],[-10,-8],[-69,-7],[-12,-18],[0,-20],[-15,-2],[0,-41],[-7,-26],[-8,4],[-36,1],[-7,-17],[-5,-56],[-10,4]],[[61131,33657],[206,-98],[83,-40],[74,-35]],[[61087,33274],[24,-21],[-5,-22],[0,-222],[9,-30],[42,-55],[10,-8]],[[61167,32916],[-5,-33],[-1,-96],[6,-45],[-11,-46],[-13,6],[-7,-26],[-1,-22],[10,-46]],[[61145,32608],[-28,-1],[-23,10],[-16,14],[-28,-61],[-3,-17],[8,-68],[0,-45],[-47,4],[-7,9],[-4,40],[-65,0],[-11,6],[-9,-24],[-7,-40],[4,-17],[28,-62],[-1,-98],[3,-33],[16,-74],[14,-46],[17,-20],[36,-33],[33,-41],[11,-19],[41,-92],[13,-16],[-10,-20],[-10,-36],[-7,2],[-15,-29],[-2,-14],[11,-15],[-1,-79]],[[62822,31172],[27,25],[14,5],[55,2],[-1,181]],[[62917,31385],[131,2]],[[63050,31116],[-66,-2],[1,-135]],[[62985,30979],[1,-135],[-2,-44],[0,-227],[3,-3]],[[63121,32018],[11,-23],[50,-44],[22,-35],[4,-34],[5,-21],[8,-10],[-23,-31]],[[63198,31820],[-22,27],[-45,23],[-24,23],[-39,27]],[[61131,33657],[-10,-45],[9,-4],[5,16],[13,6],[20,-9],[22,-6],[22,-9],[-47,-185],[-18,8],[-6,-24],[-20,-36],[-10,-5],[-65,0],[1,-45],[9,-16],[31,-29]],[[61087,33274],[-19,-34],[-139,0],[-2,17],[-71,0],[-1,-124],[-157,-2],[2,-159],[4,-31],[0,-35],[-39,-1],[-12,4],[-151,67],[-6,4],[-13,-36],[-14,-54],[-1,-17],[-26,-1],[-5,-6],[-1,-128],[12,-107],[-16,-4],[1,-74],[-13,-27],[-31,10],[-34,17],[-23,8],[-60,8],[2,-50],[15,-33],[-3,-25],[-11,-22],[0,-36],[-8,-15]],[[58687,33535],[0,6]],[[58687,33541],[0,23],[-2,791],[0,40]],[[58685,34395],[24,-10],[64,-19],[125,-38],[356,-104],[183,-54],[58,-17],[522,-155],[230,-67],[149,-44],[231,-70],[442,-131],[62,-29]],[[62918,30603],[-63,50],[-87,50],[-17,4],[-77,-2],[-11,6],[-9,22],[-1,97],[0,161]],[[62653,30991],[3,1],[134,144],[32,36]],[[62822,31172],[15,-20],[16,0],[0,-55],[-35,0],[1,-77],[89,4],[11,-1],[2,-158],[-1,-142],[-1,-12],[-1,-108]],[[63068,31920],[-3,-81],[-3,-3]],[[62975,31654],[-60,1],[0,-90]],[[62915,31565],[-249,-4]],[[62666,31561],[-12,12],[-1,192],[6,-6],[-3,63]],[[62840,31907],[15,-38],[21,-27],[14,-13],[13,-2],[36,25],[20,25],[14,28],[13,10],[13,2],[21,-7],[35,11],[13,-1]],[[62869,32899],[28,198],[2,48],[-2,45],[-9,49],[-10,29],[-25,62],[-15,53],[-5,26],[-5,44],[0,37],[3,47],[21,145],[7,52],[13,65],[72,258],[28,105],[13,49],[7,60],[9,122],[2,27],[11,47],[10,25],[25,39],[29,27],[76,61],[35,33],[22,35],[69,156],[52,122],[10,27],[14,49],[8,41],[22,187],[15,114],[121,17]],[[63522,35400],[-16,-25],[-5,-28],[12,-12],[-3,-30],[-18,-17],[-9,-14],[-28,-15],[-26,-22],[-4,-11],[2,-39],[15,-31],[39,-23],[28,-21],[10,-16],[2,-27],[11,-18],[2,-21],[-4,-39],[-12,-29],[-24,-74],[-12,-14],[-5,-19],[-21,-12],[-32,-28],[-8,-20],[1,-13],[-8,-21],[-13,-15],[-5,-28],[3,-53],[6,-38],[5,-44],[-11,-29],[-33,-38],[-15,-36],[-4,-40],[-6,-10],[-5,-33],[2,-30],[12,-24],[2,-29],[-6,-27],[-5,-48],[-11,-34],[-14,-34],[-6,-37],[2,-24],[-3,-46],[6,-15],[19,-30],[7,-26],[13,-18],[21,-7],[12,-11],[0,-17],[8,-25],[3,-51],[-1,-22],[-7,-34],[-9,-19],[1,-52],[15,-94],[-3,-42],[-9,-15],[-4,-25],[-9,-16],[6,-49],[19,-47],[14,-13],[7,-14],[4,-30],[13,-22]],[[63497,32118],[-25,3],[-77,-1]],[[63295,32794],[97,-12],[53,-4],[46,6]],[[63491,32784],[0,-31],[-3,-34],[-6,-17],[1,-14]],[[63537,31849],[0,59],[-6,50],[-9,19],[-4,16],[-19,40],[-9,41],[7,44]],[[63497,32118],[1,52],[16,77],[2,18],[-3,27]],[[57283,68961],[-199,0]],[[57084,68961],[0,270]],[[62679,32988],[51,-27],[97,-48],[42,-14]],[[62903,32542],[-64,-1],[13,-19],[-3,-21],[-13,-10],[16,-26],[14,-40],[26,-58],[9,-16],[17,-44],[24,-55],[21,-42],[13,-41],[-3,-30],[6,-29],[8,-18],[-3,-39],[1,-45],[-49,-14],[-24,-11],[-18,-14],[-21,-20],[-33,-42]],[[62840,31907],[-17,30],[-13,9],[-17,-11],[-15,-22],[-7,-17],[-13,-51],[-9,-18],[-16,-24],[-21,-17],[-27,20],[-9,10],[-20,6]],[[62656,31822],[-29,0],[-41,-20],[-15,-3],[-8,10],[-7,19],[-24,28],[-11,7],[-19,-6],[-39,3],[-7,-10],[-12,-36],[0,-18],[-23,0],[-2,5]],[[62419,31801],[-76,108],[-1,50],[127,161],[18,18],[18,12],[25,12],[38,7],[19,-2],[32,-9],[20,-12],[-3,76],[0,258],[3,87],[-3,172],[2,36],[4,44],[11,53],[26,116]],[[63203,31344],[6,-8],[1,-83]],[[63210,31253],[1,-46],[3,-6],[1,-84],[-4,0]],[[63211,31117],[-161,-1]],[[63050,31116],[-2,271]],[[63048,31387],[98,1]],[[63146,31388],[6,-6],[23,-1],[28,-37]],[[63336,30687],[5,31],[2,38],[2,134],[1,21],[6,30],[15,53],[5,31],[2,51]],[[63374,31076],[5,12],[-3,118]],[[63376,31206],[188,1],[17,6],[27,16],[8,33],[16,18],[-64,35],[-88,72],[0,46]],[[63480,31433],[18,-16],[17,-3],[23,-20],[17,-4],[29,7],[67,27],[33,26],[12,1],[5,10]],[[64433,31744],[134,-70],[-5,-43],[-35,-55],[-9,-9],[-16,-7],[-9,-14],[-4,-19],[-1,-112]],[[64488,31415],[-262,4],[1,90],[-66,2],[-1,-2],[-1,-90],[-62,1],[-2,-2],[-2,-224],[-52,3],[0,-47],[-13,0],[-3,-254]],[[64025,30896],[-28,11],[-42,5],[-51,26],[-46,27],[-25,18],[-35,21],[-35,34],[-15,3],[-7,-15],[-12,-16],[-13,-6],[-21,-31],[-4,-17],[19,-14],[6,-10],[-3,-19],[-22,-7],[-15,-12],[-11,6],[-12,-13],[-4,-13],[-29,-22],[-12,-1],[-29,13],[-10,-1],[-12,-18],[12,-29],[-4,-24],[-12,-16],[-19,-1],[-13,5],[-14,-9],[-4,-20],[6,-19],[15,-25],[-5,-31],[4,-13],[-1,-39],[2,-35],[-8,-32],[-18,-11],[-29,12],[-16,-13],[-5,-12],[-3,-43],[-10,-21],[-6,-23],[-9,-9],[-18,-38],[-8,-53],[-6,-11],[-23,-11]],[[64433,31744],[-7,-19],[-15,-10],[-17,3],[-19,25],[-19,15],[-8,-1],[-67,-50],[-16,-8],[-21,3],[-22,-3],[-20,-21],[-13,-32],[-2,-55],[-18,-32],[-13,-4],[-28,8],[-10,24],[-4,39],[-14,4],[-16,-15],[-50,-32],[-29,-25],[-58,-45],[-12,-19],[-8,-29],[-25,-38],[-20,-13],[-22,-6],[-21,4],[-63,1],[-37,6],[-7,13],[-24,17],[-7,12]],[[63701,31461],[-22,27],[-15,40],[-14,32]],[[64181,31932],[48,-42],[22,-10],[25,3],[12,5],[36,27],[13,7],[77,25],[49,9],[104,3],[163,3],[618,34],[17,-1],[162,-22],[42,-10],[0,-197]],[[65538,31752],[-14,3],[-49,21],[-25,2],[-25,11],[-25,33],[-35,15],[-17,-5],[-17,-12],[-22,-38],[-6,-21],[6,-19],[27,-18],[8,-18],[-9,-23],[-54,-19],[-20,-3],[-57,-24],[-17,4],[-26,0],[-28,-25],[-22,-14],[-17,-17],[-41,-19],[-24,-4],[-29,5],[-44,37],[-19,5],[-23,2],[-8,8],[-20,56],[-29,21],[-12,5],[-12,-6],[-7,-13],[1,-29],[13,-41],[-7,-43],[-16,-17],[-25,-17],[-29,-1],[-10,9],[-10,29],[-25,55],[-15,16],[-21,-10],[-27,8],[-30,28],[-20,29],[-19,43],[-4,53],[-5,20],[-15,15],[-16,-14],[-25,-28],[-16,-4],[-37,1],[-24,-12],[-11,-28]],[[63997,32106],[95,-92]],[[63696,31994],[1,174],[-1,82]],[[63483,32688],[34,-3],[2,-10],[1,-44],[47,11],[0,19],[30,1],[16,-6],[11,-13],[16,-29],[28,32],[3,16],[-14,25],[16,23],[2,19],[-6,41],[0,31]],[[63582,32267],[-69,25]],[[63513,32292],[8,48],[-7,48],[-7,33],[6,38],[-7,46],[-14,21],[-7,26],[3,13],[-1,35],[3,28],[-2,21],[4,21],[-9,18]],[[59716,63420],[-7,141],[-10,204],[-2,35],[-10,99]],[[63430,33370],[218,16],[46,2],[78,7],[115,4],[188,10],[58,4],[3,-117],[-3,-55],[-10,-16],[-5,-38],[-9,-17],[0,-28],[-7,-10],[4,-28],[-12,-35],[-10,-9],[2,-15],[-10,-36],[-8,-10],[-2,-25],[8,-51],[-3,-36],[4,-14],[5,-75],[5,-16],[-4,-36],[-6,-12],[-3,-29],[9,-20],[-1,-10],[-14,-57],[-1,-23],[4,-19],[-5,-28],[3,-32],[-3,-11]],[[63943,32595],[11,35],[0,15],[-15,0],[-21,23],[-36,32],[3,5],[17,101],[10,-3],[16,12],[5,38],[5,18],[-3,63],[-11,24],[-14,9],[-18,-7],[-7,10],[-10,1],[-11,-32],[-18,-6],[-21,-1],[-16,-7],[-17,-23],[-30,-82],[14,-33],[3,-36],[6,-12],[32,-26],[-6,-15]],[[63811,32698],[-122,93],[-20,10]],[[63669,32801],[-25,5],[-153,-22]],[[63491,32784],[-6,3],[1,35],[-6,39],[5,50],[-13,40],[-1,18],[20,43],[3,22],[-2,20],[-9,27],[-14,8],[-11,19],[-12,11],[-13,21],[-3,33],[14,33],[2,37],[-5,37],[3,39],[-2,29],[-12,22]],[[64181,31932],[-25,16],[-14,3],[-19,-3],[-15,-8],[-31,-39],[-20,-3],[-50,-3]],[[63698,31856],[-2,138]],[[63696,31994],[201,10],[0,-23],[174,10],[21,23]],[[64092,32014],[22,-22],[67,-60]],[[63997,32106],[-70,67],[-47,46],[-20,17],[-20,10],[-21,7],[-20,1],[-103,-4]],[[63696,32250],[-55,0],[-26,4],[-33,13]],[[63582,32267],[3,27],[7,19],[14,24],[32,39],[9,15],[9,25],[22,37],[19,11],[36,6],[26,14],[23,25],[7,27],[14,130],[8,32]],[[63811,32698],[62,-47],[27,-22],[43,-34]],[[63943,32595],[57,-44],[64,-46]],[[64064,32505],[-6,-14],[6,-14],[-6,-12],[0,-21],[-13,-23],[-2,-24],[-5,-25],[-14,-29],[-15,-16],[-1,-20],[-8,-16],[3,-17],[-14,-28],[-5,-48],[13,-9],[3,-37],[-3,-46]],[[71259,28772],[4,-91],[0,-34],[-2,-171],[-3,-93],[-5,-400],[-2,-234],[-3,-43],[-1,-252]],[[71247,27454],[0,-432],[-4,-548],[-1,-717],[-1,-722],[1,-11],[1,-134],[-1,-72],[0,-201],[1,-293],[1,-235],[-1,-322],[1,-387],[-1,-751],[0,-625],[-1,-103],[-9,-1193],[-1,-8],[-25,0],[-2,-763],[5,-725],[0,-325],[2,-138],[6,-243]],[[71218,18506],[-597,302],[-157,79],[-20,12],[-132,67],[-20,8],[-243,121],[-1492,743],[-37,21],[-1433,711]],[[63286,28843],[12,-4],[27,14],[19,17],[3,16],[-3,30],[1,33],[6,12],[24,14],[15,-1],[14,-9],[29,21],[18,23],[9,4],[22,26],[14,26],[9,23],[15,16],[11,42],[7,16],[3,27],[15,15],[9,20],[4,31],[14,7],[18,-5],[25,-20],[12,3],[9,28],[1,25],[-7,31],[-9,23],[-1,18],[10,26],[15,11],[22,-8],[21,4],[25,-2],[18,15],[6,31],[-6,18],[-25,21],[-10,18],[21,11],[45,4],[6,5],[11,25],[3,45],[-3,13],[-12,9],[-27,-16],[-16,3],[-21,19],[-8,16],[2,21],[-7,34],[3,11],[32,6],[15,-3],[34,-26],[30,10],[11,14],[6,19],[0,18],[13,50],[-3,27],[39,38],[37,27],[45,24],[17,12],[12,2],[27,-28],[15,-6],[28,-4],[19,2],[5,17],[-1,33],[4,22],[6,10],[18,-6],[-5,-18],[7,-13],[41,3],[31,25],[29,36],[13,31],[3,20],[28,74],[10,10],[22,-5],[11,2],[16,12],[7,14],[-10,14],[-10,1],[-22,19],[3,20],[12,36],[19,32],[15,16],[19,5],[17,-3],[17,-8],[-3,-16],[-11,-11],[2,-22],[14,0],[30,31],[19,9],[26,26],[6,17],[10,44],[21,20],[13,8],[28,8],[35,2],[17,6],[12,12],[17,9],[8,12],[15,33],[18,13],[13,3],[39,1],[25,4],[11,-23],[19,14],[9,25],[10,14],[3,28],[-13,25],[6,14],[35,11],[45,-7],[13,21],[2,22],[11,23],[41,54],[46,63]],[[64978,30773],[9,15],[2,21],[14,30],[14,37],[13,16],[14,8],[7,34],[-2,24],[-23,59],[-22,16],[-21,8],[17,67],[2,23],[18,19],[25,12],[15,-2],[13,-25],[-3,-51],[5,-22],[6,-9],[18,-2],[26,13],[7,19],[-5,19],[1,26],[-4,36],[-11,30],[6,37],[-9,39],[2,28],[19,32],[19,15],[26,8],[7,8],[18,1],[13,16],[-2,23],[-18,23],[3,23],[14,-6],[13,2],[31,-15],[33,18],[37,13],[9,24],[-8,10],[-24,4],[-10,11],[-4,24],[10,18],[13,12],[15,4],[5,11],[1,36],[16,15],[11,-10],[5,-17],[20,-6],[14,-12],[16,4],[6,11],[2,25],[-1,32],[11,30],[32,24],[31,-2],[18,16],[29,19],[-4,10]],[[65538,31752],[5,-1],[26,15]],[[65569,31766],[15,18],[44,-12],[17,-18],[27,-37],[13,-41],[2,-87],[7,-18],[10,-8],[31,-6],[11,2],[45,17],[32,53],[26,6],[11,-6],[10,-23],[32,-40],[15,-13],[48,7],[27,19],[22,8],[12,-2],[11,6],[28,-10],[13,-30],[-3,-49],[7,-18],[16,-5],[28,-17],[22,-3],[12,-8],[31,-32],[56,-22],[39,-37],[41,-14],[28,6],[23,-6],[13,-10],[14,-27],[28,-7],[51,3],[13,-2],[24,3],[24,12],[48,18],[18,-2],[20,-21],[6,-41],[-2,-50],[30,-16],[50,12],[50,19],[18,3],[23,-8],[24,-26],[18,-31],[15,-11],[26,-7],[15,12],[17,6],[34,-33],[74,17],[92,0],[20,13],[30,26],[19,33],[1,16],[-5,29],[-20,70],[1,26],[8,34],[10,15],[21,16],[22,3],[29,-7],[47,-16],[48,-26],[38,-16],[30,-9],[19,-13],[16,-24],[17,-42],[9,-27],[12,-15],[24,-2],[15,4],[56,28],[15,3],[16,-5],[19,-23],[-1,-34],[10,-32],[3,-25],[15,-28],[18,-11],[18,-6],[16,0],[20,7],[13,14],[15,51],[18,29],[13,6],[23,-1],[39,-31],[22,9],[10,15],[24,10],[21,-11],[15,-13],[46,-15],[7,-20],[0,-45],[-9,-50],[4,-15],[26,-20],[43,-10],[46,8],[33,-8],[16,-13],[24,-37],[24,-23],[20,-9],[36,-4],[24,17],[25,4],[27,-9],[64,-27],[17,-4],[66,25],[31,3],[46,-2],[23,-14],[14,-30],[-7,-70],[2,-40],[11,-23],[12,-9],[48,20],[41,41],[24,10],[43,2],[19,-9],[16,-14],[9,-27],[-2,-24],[-5,-13],[-18,-17],[-21,-49],[-3,-28],[11,-18],[34,-23],[7,-3],[19,5],[37,-22],[11,-11],[43,-28],[17,-18],[18,-27],[0,-24],[17,-25],[40,-40],[17,-22],[21,-35],[49,-59],[37,-39],[36,-43],[47,-38],[28,-14],[45,-5],[42,7],[24,20],[24,11],[30,4],[23,-12],[15,-20],[2,-18],[-1,-24],[-13,-22],[-8,-22],[-17,-30],[-10,-33],[0,-36],[5,-37],[8,-23],[2,-27],[13,-27],[19,-13],[30,-7],[18,5],[47,32],[11,0],[5,-13],[6,-98],[4,-28],[16,-22],[74,-24],[35,-4],[46,-32],[32,-7],[14,6],[16,20],[16,25],[14,38],[9,33],[7,63],[8,35],[11,10],[21,1],[21,-14],[27,-50],[3,-13],[-2,-26],[-14,-52],[-12,-34],[0,-28],[10,-20],[17,-4],[28,6],[37,29],[18,2],[20,-15],[-1,-49],[-8,-20],[-16,-18],[-8,-19],[3,-23],[17,-12],[23,7],[34,40],[14,4],[33,16],[25,6],[20,13],[50,42],[22,11],[23,-5],[13,-22],[5,-18],[6,-41],[-1,-34],[-7,-64],[7,-54],[33,-21],[21,2],[18,14],[12,16],[11,39],[7,40],[8,13],[21,22],[15,7],[26,-1],[16,-9],[11,-14],[3,-19],[-16,-66],[-15,-36],[8,-55],[18,-40],[14,-23],[32,-3],[32,-23],[7,-11],[5,-25],[-5,-34],[-1,-51],[14,-36],[29,-7],[15,6],[11,13],[13,6],[26,-4],[25,-14],[21,-4],[23,0],[17,-4],[22,10],[58,7],[18,7],[42,24],[14,12],[24,9],[11,-16],[21,-50],[-9,-28],[-10,-18],[-9,-26],[4,-19],[7,-12],[18,-10],[38,11],[28,-3],[12,-6],[7,-18],[1,-15],[-8,-29],[-8,-11],[-30,-18],[-13,-19],[1,-17],[7,-10],[53,-31],[43,-10],[21,2],[34,14],[15,0],[20,-19],[20,-27],[21,-24]],[[63285,32551],[19,0],[4,-351]],[[63045,32469],[-1,8],[-34,-1],[0,69]],[[62657,30477],[19,-1],[90,2],[-1,19],[74,1],[34,37],[36,40],[9,5],[0,23]],[[62918,30603],[31,-25],[22,-8],[16,0]],[[62987,30570],[197,2],[20,-4],[15,-10],[16,-19],[38,40],[2,-4],[38,56],[9,15]],[[63322,30646],[14,41]],[[63336,30687],[44,-2],[-15,-280],[0,-81]],[[63365,30324],[-12,-287],[-8,-180],[-3,-135],[-9,-228],[-13,-348],[-5,-132],[-5,-36],[-24,-135]],[[57131,24763],[-3,357],[3,172],[2,272],[5,551],[-17,1843],[7,88],[27,259],[-2,772],[-1,429],[-3,1149],[0,441],[-7,257],[0,198]],[[57142,31551],[265,0],[43,-1],[385,2],[61,2],[33,-1],[764,6],[-2,661],[-4,1315]],[[58687,33535],[33,-8],[21,-13],[44,-9],[29,-2],[15,-8],[22,-32],[28,-20],[53,-51],[18,-31],[16,-11],[13,-2],[30,-16],[19,-22],[29,-16],[19,-15],[12,-16],[19,-41],[18,-32],[7,-34],[15,-20],[26,-4],[42,40],[19,5],[19,-17],[28,-32],[17,-27],[47,-56],[52,-13],[30,-11],[10,-19],[4,-23],[11,-34],[7,-11],[16,-10],[14,-16],[31,-44],[1,-13],[-9,-40],[1,-24],[45,-34],[49,-11],[21,-13],[16,-15],[32,-39],[29,-2],[12,-8],[39,10],[35,-17],[57,-50],[19,-24],[16,-50],[18,-13],[12,7],[17,23],[8,-8],[21,17],[9,1],[11,-13],[50,-8],[40,2],[36,-3],[47,15],[31,1],[10,-9],[9,-24],[6,-64],[11,-21],[48,-49]],[[60267,32388],[48,-49],[19,-4],[19,4],[15,10],[26,0],[18,-10],[23,-17],[68,-17],[20,8],[50,9],[9,-9],[3,-18],[0,-47],[8,-23],[-1,-33],[11,-20],[45,-33],[20,-31],[23,-21],[15,-22],[2,-26],[-8,-32],[2,-55],[10,-46],[7,-19],[22,-25],[42,-11],[44,-8],[10,2],[5,22],[29,19],[12,-3],[61,-47],[40,-33],[50,-66],[19,-30],[33,-14]],[[61086,31693],[29,-10],[38,0],[57,-2],[49,15],[60,39],[27,32],[36,23],[62,-17],[18,5],[87,10],[74,6],[47,1],[39,3],[53,11],[39,19],[21,36],[16,16],[33,11],[22,2],[21,-5],[19,-13],[7,-21],[15,-19],[-6,-22],[-5,-48],[19,-31],[27,-27],[21,-13],[10,-14],[-10,-39],[1,-24],[7,-21],[17,2],[36,9],[26,2],[18,-4],[16,14],[5,21],[16,31],[17,-13],[20,-42],[12,-32],[8,-7],[10,2],[44,31],[19,23],[25,37]],[[62308,31670],[-3,-14],[15,-27],[9,-27],[25,-15],[12,6],[16,-9],[3,-12],[25,0],[-7,-30],[6,-20],[-5,-28],[-10,-28],[-4,-25],[5,-19],[30,-11],[4,-20],[-32,-16],[-5,-19],[3,-18],[13,-20],[26,-13],[-3,-15]],[[63045,32469],[17,-2],[103,0],[0,-56],[4,-209]],[[63203,32028],[-17,1],[-65,-11]],[[63121,32018],[-14,15],[-36,78],[6,10],[28,-3],[-2,136],[-1,34],[-29,3],[-37,-1],[1,55],[-2,94],[1,29],[9,1]],[[57132,23013],[-3,1723],[2,27]],[[57131,24763],[14,2],[19,-17],[8,-13],[21,1],[4,-20],[8,-20],[14,-8],[17,7],[11,22],[28,7],[17,-4],[18,18],[12,-4],[10,15],[13,-6],[5,-21],[16,3],[7,18],[-10,16],[9,16],[28,-11],[15,7],[8,44],[15,22],[24,8],[22,-20],[12,5],[3,12],[12,5],[10,-11],[14,6],[9,16],[12,-10],[14,14],[10,-8],[21,5],[5,6],[13,37],[11,7],[18,1],[4,18],[30,-1],[7,13],[11,0],[11,21],[12,10],[7,23],[12,26],[-4,27],[23,16],[-3,29],[11,31],[16,5],[16,-10],[14,2],[27,40],[30,9],[18,-9],[20,4],[10,-10],[24,27],[19,1],[17,-10],[16,-4],[16,16],[7,-2],[8,-19],[8,4],[9,20],[13,-3],[22,-14],[18,11],[10,21],[10,8],[13,-3],[16,4],[0,24],[13,18],[7,2],[44,-7],[54,1],[35,23],[-3,18],[22,-3],[8,17],[-3,21],[15,0],[3,22],[15,18],[6,16],[-2,21],[10,17],[19,0],[0,13],[-14,9],[14,35],[1,27],[-13,11],[-7,18],[-2,19],[-13,5],[23,40],[12,38],[17,13],[11,-5],[16,18],[4,21],[10,18],[13,11],[15,49],[23,11],[11,16],[8,0],[28,16],[23,27],[7,18],[17,5],[43,32],[26,37],[15,30],[36,17],[15,24],[6,26],[10,11],[21,0],[27,18],[21,3],[18,9],[-2,18],[12,20],[8,6],[16,-18],[15,11],[1,19],[-12,15],[0,14],[10,26],[20,20],[26,4],[23,-5],[33,31],[16,-9],[-3,-30],[6,-6],[17,-1],[12,13],[8,-8],[1,-16],[9,-9],[13,5],[9,-10],[16,-9],[17,-31],[6,-2],[14,23],[0,17],[30,-18],[11,-11],[32,-1],[12,-16],[13,2],[7,9],[28,7],[15,33],[6,23],[14,7],[7,13],[22,2],[10,8],[11,23],[23,2],[35,12],[10,-4],[13,-16],[8,-1],[11,18],[22,-11],[7,3],[10,26],[-1,26],[4,28],[9,11],[13,24],[15,9],[15,-2],[17,-25],[18,-5],[12,21],[16,6],[23,17],[22,7],[27,-29],[36,-26],[12,-14],[18,-9],[17,-2],[40,20],[22,22],[24,14],[9,-4],[13,-27],[31,6],[21,-5],[7,-15],[1,-23],[5,-6],[36,2],[12,9],[10,-6],[1,-30],[29,0],[23,-10],[14,-10],[19,-1],[27,22],[27,6],[20,-6],[18,8],[24,1],[28,-9],[24,1],[20,7],[26,4],[27,10],[14,17],[13,8],[11,16],[44,5],[12,3],[29,20],[10,11],[5,14],[13,8],[21,-7],[10,-25],[3,-29],[20,4],[22,-37],[11,-11],[29,-16],[20,-2],[36,3],[20,6],[20,40],[22,2],[20,16],[-19,16],[-14,31],[54,23],[41,21],[15,37],[13,46],[9,10],[24,18],[7,-5],[17,2],[10,11],[8,21],[2,32],[12,36],[4,35],[21,16],[30,-1],[18,34],[10,11],[19,-1],[40,18],[30,30],[9,13],[0,26],[11,61],[10,12],[18,3],[15,-2],[30,6],[15,17],[0,17],[-27,25],[-4,19],[14,13],[21,-20],[15,8],[17,-7],[13,-23],[10,3],[17,14],[9,46],[15,20],[8,28],[-10,21],[-9,29],[2,27],[16,15],[28,8],[19,13],[11,17],[19,12],[20,-2],[13,-7],[25,3],[10,25],[17,20],[5,17],[-1,13],[15,23],[31,-4],[53,39],[1,11],[14,14],[23,69],[16,25],[28,-9],[22,1],[9,18],[1,19],[-8,24],[3,23],[13,38],[13,14],[18,10],[32,7],[8,-3],[13,-20],[13,0],[16,22],[31,33],[16,5],[5,11],[4,33],[10,20],[19,22],[13,54],[17,-3],[5,-22],[25,2],[20,25],[11,23],[-7,39],[-5,13],[9,23],[13,-5],[5,-13],[14,-7],[24,16],[6,11],[2,26],[25,23],[-4,21],[-20,-5],[-9,6],[-5,17],[2,14],[11,7],[24,-11],[9,22],[8,32],[33,-11],[25,-43],[7,-25],[13,-32],[7,-4],[17,19],[17,32],[4,18],[-2,20],[-13,26],[-19,14],[9,34],[16,21],[22,6],[19,-16],[9,-22],[2,-28],[19,-7],[31,7],[18,-19],[31,3],[27,7],[15,9],[39,2],[8,15],[3,37],[-1,25],[19,0],[13,16],[8,-3],[13,8],[11,-6],[13,5],[25,23],[8,3],[29,-11],[11,31],[3,25],[-5,26],[0,31],[7,12],[15,-7],[2,-16],[9,-7],[16,1],[14,9],[10,23],[-4,16],[-11,17],[5,15],[19,11],[16,-8],[13,15],[18,1],[6,11],[6,40],[13,19],[-9,57],[10,5],[17,-10],[39,-36],[15,0],[8,10],[6,20],[-8,18],[-3,36],[11,-1],[8,9],[-4,29],[3,18],[-6,16],[11,12],[-1,37],[7,7],[13,-25],[19,4],[13,19],[10,28],[8,6],[20,28],[9,33],[4,6],[16,-5],[5,-23],[6,-12],[22,-15],[11,9],[15,-2],[12,5],[-3,24],[4,41],[24,26],[20,-1],[10,-25],[20,-21],[11,-6],[27,5],[10,9],[28,8],[20,-2],[17,-13],[9,1],[14,13],[9,27],[14,26],[6,22],[1,29],[8,30],[16,20],[11,-8],[3,-32],[3,-5]],[[63286,28843],[-15,-95],[-12,-51],[-12,-34],[-77,-178],[-10,-25],[-15,-51],[-39,-159],[-34,-131],[-31,-124],[-14,-70],[-5,-59],[0,-52],[6,-68],[47,-254],[46,-250],[4,-44],[1,-147],[0,-305],[1,-204],[0,-242],[8,-76],[10,-41],[59,-218],[6,-27],[47,-172],[21,-47],[14,-21],[39,-44],[21,-36],[17,-54],[4,-36],[7,-163],[313,0],[0,-368],[138,17],[0,-385],[-133,-6],[-6,-866],[8,-23],[-10,-34],[4,-57],[-2,-26],[-2,-325],[9,-84],[245,-5],[-4,-1013],[0,-70]],[[64007,31895],[2,-49],[9,-53],[-60,-34],[-23,-19],[-57,-61],[-112,-107],[-32,-8],[-30,1],[-54,-5]],[[63650,31560],[-29,58],[-27,41],[-20,15],[-2,32],[-11,31],[-8,30],[-15,24],[-3,16],[2,42]],[[63537,31849],[161,7]],[[63698,31856],[0,-23],[175,9],[-1,46],[135,7]],[[63169,32202],[44,-2],[95,0]],[[63308,32200],[1,-81],[86,1]],[[63395,32120],[1,-115],[-67,-2],[-90,2],[-12,-4],[-3,26],[-21,1]],[[63203,32028],[-1,91],[-33,1],[-10,12],[9,33],[1,37]],[[62431,31290],[135,-5],[90,-4]],[[62656,31281],[-3,-82],[-1,-72],[1,-136]],[[62653,30991],[-147,-158]],[[62202,30514],[14,65],[8,15],[37,28],[38,3],[20,21],[-1,23],[7,50],[-6,35],[8,20],[1,17],[-5,11],[5,24],[20,25],[19,12],[12,29],[18,10],[14,2],[8,19],[4,27],[1,37],[-13,22],[2,22],[8,16],[-10,28],[10,11],[13,23],[5,32],[-12,21],[-6,25],[-14,14],[-4,14],[13,23],[15,52]],[[62202,30514],[77,78],[98,102],[129,139]],[[62506,30833],[8,-12],[0,-21],[99,-146],[27,-91],[3,-51],[9,-15],[5,-20]],[[62657,30477],[-1,-141],[2,-43],[0,-250],[-7,-23],[-15,-22],[-107,97],[-249,224],[-145,5],[-12,109],[79,81]],[[63111,31473],[-49,62],[-87,119]],[[62975,31654],[-11,23],[-8,9],[98,140],[8,10]],[[63062,31836],[160,-215]],[[63222,31621],[-106,-150],[-5,2]],[[62869,32899],[129,-33],[251,-65],[46,-7]],[[63295,32794],[-6,-49],[3,-122],[-9,-1],[2,-71]],[[63285,32551],[-275,-6]],[[63010,32545],[-107,-3]],[[62903,32542],[-38,105],[-9,44],[-4,37],[1,49],[6,53],[10,69]],[[58581,63582],[27,22],[24,33]],[[58826,63579],[25,3],[88,36],[34,6],[19,-1]],[[61598,62968],[31,-6],[35,-3],[32,14],[83,1]],[[58316,63555],[11,-6],[67,-27]],[[58394,63522],[35,-14],[17,-2],[18,4],[117,72]],[[58581,63582],[14,-24],[9,-22],[0,-35],[-12,-33],[-4,-22],[5,-31],[19,-48],[7,-39],[15,-25],[23,-15],[7,-12],[5,-22],[0,-22],[6,-20],[8,-11]],[[57326,63467],[32,1],[15,-5],[23,-13],[17,-17],[36,-49],[17,-18],[18,-11],[20,-6],[22,0],[33,13],[28,27],[19,30]],[[59103,63889],[-32,10],[-9,-24],[-10,-6],[-36,9],[-10,0],[-22,-19]],[[60510,58989],[-1,15],[-16,72],[-5,13]],[[58315,58714],[-2,71],[4,25],[18,79],[45,138],[66,200],[29,62]],[[59827,59530],[0,-2]],[[59753,59165],[-10,-51],[-4,-34],[-21,-110],[-12,-45],[-24,-77],[-16,-65],[-14,-67],[-44,-215]],[[58853,64163],[-3,-20],[10,-7],[3,-27],[17,-8],[-1,-17],[10,-20],[29,12],[-2,-12],[10,-11],[17,-1],[-7,-22],[16,-5],[-1,-26],[15,7],[14,-39],[3,-22],[-5,-19],[6,-10],[-2,-37],[2,-20]],[[58984,63859],[-26,-6],[-11,-31],[-21,-32],[-23,-10],[-26,-6],[4,-27],[-46,-77],[-7,-28],[-2,-63]],[[58826,63579],[-117,4],[-28,8],[-27,20],[-22,26]],[[58632,63637],[22,33],[11,31],[3,22],[3,241],[1,154],[1,40],[-2,5]],[[56033,61973],[36,30],[17,18],[21,29],[12,4],[21,-27],[14,-4],[32,31],[6,27],[-11,5],[-14,-4],[-9,10],[0,39],[9,21],[28,15],[14,-5],[4,-25],[18,-22],[21,-9],[14,1],[53,29],[33,7],[19,-8],[22,6],[20,14],[24,-3],[14,9],[10,15],[18,13],[23,24],[9,5]],[[56813,61354],[2,-17],[20,-9],[9,-21],[-5,-27],[5,-26],[16,-32],[16,-18],[8,-25],[5,-44],[8,-24],[26,-23],[8,-14],[4,-27],[-7,-56],[3,-16],[27,-71],[1,-21],[10,-29],[-5,-54],[-13,-29],[-24,-16],[4,-17],[-2,-14],[6,-19],[-1,-22],[-15,-42],[-3,-25],[-11,-9],[-12,-20],[18,-68],[17,-17],[25,-45],[1,-12],[26,-35],[12,-26],[30,-45],[-3,-29],[-21,-25],[-2,-24],[-21,-3],[-19,7],[-11,-16],[-22,-7],[-18,7],[-20,1],[-35,10],[-10,6],[-25,28],[-9,20]],[[56806,60314],[-2,55],[-1,156],[-244,-1],[-19,0],[-1,135],[-1,319],[-2,270],[1,52],[-1,307],[-44,-1],[-57,3],[-28,-1],[-3,212],[-3,151],[-155,4],[-92,-2],[-121,0]],[[58315,58714],[0,-33],[-6,-59],[-2,-79],[-3,-29],[-33,-250],[-1,-27],[3,-57],[0,-140],[10,-63],[-4,-34],[-9,-46],[-1,-62],[15,-103],[2,-39],[5,-60],[6,-44],[1,-22],[1,-179],[3,-21],[13,-28],[50,-63],[17,-31],[53,-102],[13,-30],[21,-95],[1,-191],[5,-17],[66,-166],[84,-290],[5,-32],[-4,-36],[-18,-28],[-27,-12],[-29,-3],[-20,-8],[-19,-15],[-17,-34],[-25,-72],[-2,-14],[0,-63],[9,-22],[53,-13],[22,-17],[39,-54],[17,-44],[18,-23],[15,-8],[53,-19],[24,-14],[12,-39],[-2,-70],[2,-15],[45,-141],[17,-37],[65,-126],[23,-35],[42,-58],[9,-25],[-2,-261],[-16,-105],[-3,-62],[1,-27],[21,-66],[16,-30],[61,-141],[33,-128],[7,-52],[17,-42],[12,-91],[0,-9],[-10,-67],[-2,-70],[-6,-40],[-2,-160],[-2,-72],[8,-70],[0,-20],[-4,-155],[0,-28],[14,-19],[45,-1],[9,-13],[0,-165],[-8,-71],[0,-24]],[[57422,53288],[5,12],[35,129],[0,9],[-9,42],[4,50],[6,108],[3,15],[19,35],[2,37],[-3,13],[5,32],[11,22],[-11,24],[-9,32],[4,20],[-3,35],[-10,7],[-3,23],[18,22],[13,1],[11,16],[17,6],[-3,24],[19,15],[1,15],[-12,26],[-8,77],[5,14],[18,23],[-20,14],[-23,40],[-2,15],[13,23],[-12,29],[-2,32],[-6,8],[-47,21],[-14,-1],[-13,6],[-12,28],[-18,53],[8,35],[-3,30],[7,34],[-1,26],[-5,15],[-39,45],[-18,7],[-20,-2],[-5,-29],[5,-13],[-11,-15],[-10,-29],[-12,2],[-29,54],[-6,54],[-18,27],[-19,-5],[-9,9],[-11,-15],[-14,-11],[-5,20],[4,21],[-54,85],[-22,49],[-2,139],[5,20],[9,86],[-1,35],[-8,25],[-12,18],[-22,24],[-15,61],[-13,27],[-16,22],[-3,13],[5,33],[-7,33],[-8,19],[-2,27],[-8,21],[-3,63],[-8,38],[-11,1],[-43,-18],[-54,-13],[-17,-15],[-13,9],[-6,29],[-16,23],[-10,38],[-31,13],[-22,29],[-8,29],[-62,56],[-11,12],[-16,34],[-37,17],[-28,18],[-22,-9],[-7,3],[-9,19],[-31,0],[-16,11],[-15,66],[-10,-37],[-28,24],[1,35],[6,44],[13,41],[3,15],[9,14],[6,47],[7,20],[17,15],[0,41],[2,34],[-2,42],[10,47],[14,17],[20,55],[14,9],[4,10],[16,19],[24,59],[20,24],[4,16],[-3,24],[5,38],[18,56],[8,10],[13,34],[1,20],[6,34],[18,43],[11,12],[7,18],[5,37],[-2,31],[24,51],[9,33],[20,59],[8,10],[4,17],[0,34],[18,35],[25,-1],[10,8],[9,124],[7,25],[2,25],[7,15],[14,1],[-2,17],[16,19],[-18,15],[-9,23],[-4,34],[13,78],[2,38],[7,47],[15,41],[2,30],[-13,14],[13,23],[-3,23],[-9,14],[-36,36],[20,4],[6,-8],[14,6],[0,31],[15,13],[3,22],[9,22],[-5,22],[10,26],[5,-2],[28,42],[1,18],[20,42],[3,25],[6,18],[8,-2],[3,23],[13,21],[16,19],[2,17],[11,20],[11,5]],[[57077,58110],[9,2],[1,19],[12,2],[2,19],[14,12],[-9,27],[21,5],[-2,32],[6,10],[22,-9],[-4,18],[2,22],[10,4],[-1,21],[9,17],[0,28],[4,11],[33,24],[13,32],[5,51],[6,9],[-1,20],[19,12],[3,12],[25,15],[19,0],[22,23],[2,17],[11,11],[15,30],[5,19],[11,9],[9,19],[21,34],[11,12],[15,-1],[12,-10],[9,1],[28,24],[33,3],[28,11],[11,17],[58,21],[27,2],[22,-9],[27,-20],[27,-6],[52,-21],[21,-20],[131,-20],[48,-3],[104,10],[29,-10],[27,0],[17,9],[14,19],[17,18],[16,4],[140,-4]],[[57803,63228],[-35,19],[-33,30],[-129,142]],[[57606,63419],[85,144],[18,25],[54,74],[8,7]],[[57771,63669],[17,-37],[23,-34],[17,-15],[29,-15],[29,-5],[57,0],[22,4]],[[57803,63228],[15,23],[31,65],[12,14],[2,19],[-14,15],[73,110],[39,57],[4,36]],[[58361,63118],[35,0],[37,3],[153,5],[28,10],[18,10],[28,23],[23,32]],[[58683,63201],[35,-41]],[[60523,63889],[-37,18],[-71,21],[-23,1],[-28,-3],[-37,-11],[-75,-34],[-164,-79],[-48,-15],[-38,-3],[-32,2],[-24,5],[-45,17],[-27,16],[-65,47],[-22,12],[-41,11],[-59,5]],[[59687,63899],[-26,263]],[[60901,64164],[5,-11],[60,-155],[60,-183]],[[59827,59530],[-125,3],[-72,-1],[-40,-2],[-16,-8],[-58,-62],[-33,-26],[-25,-42],[-12,-26],[-34,-55],[-29,-77],[-20,-55],[-16,-36],[-33,-59],[-25,-52],[-19,-13],[-32,3],[-18,-3],[-21,-7],[-26,1],[-11,3],[-93,49],[-36,24],[-11,2],[-28,-7],[-50,15],[-16,11],[-28,38],[-14,9],[-28,8],[-23,20],[-19,45],[-38,32],[-25,39],[-13,7],[-16,-3],[-25,-12],[-64,-23],[-23,-6],[-88,-4],[-29,10],[-20,19]],[[58475,59289],[27,66],[42,145],[12,56],[11,67],[9,40],[7,72],[-5,52],[-17,54],[-5,51],[-1,46],[-9,74],[-23,137],[-5,44],[3,67],[-2,35],[-30,175],[-14,45],[-63,137],[-58,115],[-18,39],[12,21]],[[58896,60710],[12,-3],[9,-12],[28,-50],[1,-17],[-8,-26],[4,-14],[-5,-19],[-20,-30],[12,-12],[5,-15],[3,-38],[21,-37],[0,-10],[-9,-32],[3,-28],[9,-24],[-9,-35],[-8,-18],[1,-11],[11,-15],[1,-18],[-9,-31],[2,-20],[-9,-32],[2,-22],[10,-18],[25,-106],[13,-41],[-1,-17],[28,-34],[25,-43],[5,-17],[14,-14],[3,-14],[13,-16],[7,-23],[17,-29],[23,-31],[21,-21],[8,-28],[8,12],[7,52],[-3,21],[12,5],[32,-2],[14,10],[3,20],[-9,16],[-5,25],[-6,103],[-6,27],[-9,21],[-43,69],[-12,29],[-2,24],[9,38],[11,16],[22,14],[18,1],[28,-5],[28,1],[125,46],[30,0],[17,-10],[22,-31],[23,-71],[15,-27],[12,-3],[44,35],[27,28],[14,20],[18,39],[26,33]],[[59811,60032],[16,-64],[7,-33],[7,-53],[2,-53],[-3,-39],[-13,-125],[-1,-39],[2,-45],[-1,-51]],[[58021,63206],[3,54],[8,41],[21,71],[0,38],[-9,28],[-11,15],[-34,34],[-15,23],[-19,57]],[[57965,63567],[-5,34],[-3,62],[0,38],[4,45]],[[57961,63746],[22,-4],[33,-14],[60,-41],[26,-13],[27,-4],[34,1],[21,-3],[22,-11],[22,-19],[62,-64],[26,-19]],[[58316,63555],[-17,-50],[-10,-17],[14,-7],[-6,-51],[9,-34],[10,-24],[20,-65],[3,-21],[13,-14],[7,-32],[4,-44],[-6,-35],[9,-22],[-5,-21]],[[58361,63118],[-5,2]],[[57494,62697],[-55,1],[-110,-1],[-262,3],[-1,-481],[1,-65],[0,-268],[-2,-108],[1,-30],[0,-136],[-6,-59],[4,-34],[-2,-59],[3,-29],[0,-53],[-4,-28],[-9,-26],[-11,-20],[-18,-2],[-40,30],[-31,11],[-45,4],[-28,9],[-23,11],[-26,-12],[-17,-1]],[[56813,61354],[-2,38],[-7,40],[-1,36],[-1,135],[-1,142],[-2,189],[1,129],[0,122],[-69,2],[-40,0],[-21,-4],[-43,22],[-31,3],[-20,-10],[-23,-17],[-18,15],[-14,6],[-10,16]],[[56511,62218],[14,9],[17,22],[7,18],[33,60],[25,26],[7,13],[2,24],[-15,28],[0,24],[15,16],[1,13],[-6,24],[4,16],[19,36],[2,26],[-8,33],[8,30],[-7,16],[8,29],[17,26],[17,18],[16,33],[18,8],[17,21],[4,30],[-6,20],[5,25],[1,39],[7,52],[-15,41],[-7,33],[-2,29],[-7,38],[11,18],[-3,20],[1,30],[43,143],[5,27],[-7,56],[-14,23],[-3,21],[10,35],[9,48],[26,40],[2,42],[5,23],[15,25],[24,29],[15,37],[51,65],[15,71],[21,21]],[[59656,61821],[-70,6],[-22,-11],[-12,-13],[-22,-36],[-15,-13],[-24,-9]],[[59071,63006],[0,53],[3,4],[111,1],[20,-27],[-1,33],[26,-14],[12,16],[33,-8],[2,15],[10,12],[13,25],[34,92],[-16,24],[5,7],[71,0],[18,-3],[60,1],[0,58],[1,127]],[[59473,63422],[116,1],[127,-3]],[[60526,63428],[4,28],[-11,60],[9,34],[2,18],[-4,28],[11,53],[5,12],[2,23],[-1,69],[5,15],[-4,30],[-11,20],[0,15],[-17,18],[-1,13],[8,9],[0,16]],[[60523,63889],[24,-19],[92,-82],[27,-17],[30,-12],[30,-7],[60,-10]],[[59475,63785],[-3,-100],[2,-36],[0,-159],[-1,-68]],[[59473,63422],[-236,4],[-27,1]],[[57803,63228],[16,-7],[45,-9],[29,-3],[128,-3]],[[58021,63206],[49,-2],[83,-11],[42,0],[14,-4],[42,-21],[23,-6],[28,-12],[30,-22],[24,-8]],[[58356,63120],[8,-79],[-7,-20],[-7,-64],[5,-24],[31,-20],[18,-24],[22,-13],[21,-38],[16,10],[6,-39],[7,-20],[15,-19],[22,1],[8,-11],[6,-20],[11,-18],[24,-22],[8,-25],[34,-20],[21,-34],[32,-21],[12,3]],[[59015,61817],[12,-14],[31,-21],[3,-10],[3,-45],[6,-35],[-8,-48],[9,-36],[2,-104],[-10,-39],[-2,-121],[-19,-38],[-3,-14],[3,-29],[18,-80],[0,-97],[-4,-107],[4,-77],[-3,-137],[47,-21],[59,-22],[29,-18]],[[59246,60655],[-32,-31],[-12,-6],[-4,-20],[-10,3],[-28,26],[-22,-2],[-33,12],[-10,15],[-8,49],[-15,17],[-20,-5],[-18,0],[-17,-11],[-30,5],[-19,-9],[-20,5],[-8,7],[-15,0],[-18,8],[-11,-8]],[[58896,60710],[-18,-12],[-10,1],[-16,12],[-33,6],[-5,15],[-16,25],[-11,26],[-18,-7],[-19,-16],[-19,9],[-10,25],[-41,32],[-20,-11],[-17,0],[-24,15],[-23,-17],[-18,0],[-35,28],[-5,10],[-24,16],[-17,4],[-16,-3],[-19,7],[-22,-6],[-20,-2],[-14,4],[-25,-9],[-12,-9],[-7,-21],[-14,-5]],[[58348,60827],[-27,-8],[-15,-16],[-8,-19],[-31,-3],[-21,20],[-23,11],[-13,0],[-14,22],[-25,21],[-6,17],[-10,1],[-29,-25],[-34,35],[-9,64],[7,17],[-4,44],[12,22],[3,28],[7,14],[8,45],[7,26],[2,18],[-4,28],[-9,18],[-19,16],[-20,36],[0,22],[-5,14],[-9,42],[-27,39],[-7,21],[3,8],[-12,26],[-9,28],[-4,56],[4,31],[-4,12],[-27,46],[-16,39],[-18,12],[-17,6],[-14,11],[-13,18],[-6,22],[-25,37],[-1,33],[-16,22],[2,36],[-3,10],[-16,16],[6,17],[-2,13],[5,25],[-6,13],[-10,0],[-17,48],[0,10],[15,50],[1,18],[-6,19],[-7,52],[-5,12],[-20,28],[-24,25],[-34,22],[-32,15],[-43,38],[-37,20],[-10,18],[-24,71],[-8,18],[0,35],[-4,18],[-17,26],[-36,79],[-14,63],[-8,21],[-5,33],[3,24]],[[57449,63107],[223,-23],[10,22],[68,101],[7,-9],[15,6],[7,17],[24,7]],[[57326,63467],[-1,-31],[4,-37],[18,-44],[73,-170],[29,-78]],[[57449,63107],[42,-130],[12,-29],[41,-91],[70,-121],[20,-40],[-11,0],[-119,3],[-10,-2]],[[57494,62697],[7,39],[-5,28],[-11,29],[-22,22],[-25,9],[-11,17],[-23,12],[-18,19],[-12,39],[6,28],[11,13],[-4,23],[0,22],[-12,33],[1,40],[-13,22],[-23,20],[-11,29],[0,31],[4,26],[-26,48],[-10,12],[-2,15],[-18,28],[-5,45],[0,24],[-21,53],[-31,56],[-96,229],[-196,160]],[[56928,63868],[6,26],[38,41],[7,25],[-1,51],[35,11],[14,48],[43,17],[41,7],[38,70]],[[58006,64165],[7,-40],[15,-31],[5,-43],[-9,-64],[-23,-40]],[[58001,63947],[-12,-16],[-8,-23],[-10,-68],[-10,-94]],[[57961,63746],[-18,4],[-46,-4],[-32,-15],[-94,-62]],[[57771,63669],[-37,84],[-7,38],[-79,2],[-87,1],[-21,-7],[-49,-54],[-25,-17],[-19,-6],[-26,-2],[-64,-1],[-33,0],[0,-100],[2,-140]],[[58992,63623],[35,-13],[31,-25],[19,-22]],[[59077,63563],[-20,-31],[-6,-15],[-8,-41],[-14,-28],[-7,-32],[7,-53],[0,-26],[-9,-56],[-1,-18],[22,-150],[-5,-33],[-19,-34],[25,-34],[3,-12],[26,6]],[[59071,63006],[68,-37],[15,-11],[47,-39],[-2,-10],[7,-22],[-2,-21],[0,-59],[7,-63],[-3,-17],[-10,-13],[-2,-277],[-2,-91]],[[58883,62341],[-2,19],[4,11],[-8,12],[-38,21],[-32,14],[-19,15],[-6,13],[-7,44],[-22,40],[-34,48],[-33,22],[-17,3]],[[58669,62603],[-12,5],[1,21],[9,85],[0,224],[9,36],[2,20],[-1,70],[6,35],[35,61]],[[58718,63160],[14,-8],[23,-1],[15,-10],[26,-37],[14,-13],[17,-27],[12,-7],[19,0],[-1,22],[-5,15],[1,27],[-43,10],[-11,-15],[-3,11],[9,35],[-8,35],[2,25],[22,-9],[50,26],[1,28],[25,26],[-3,21],[6,40],[11,21],[-6,28],[10,32],[5,35],[19,26],[3,19],[15,35],[7,0],[14,22],[-3,22],[11,11],[6,18]],[[59015,61817],[-48,15],[-9,14],[-41,197],[3,44],[-12,35],[-24,35],[-13,31],[13,133],[-1,20]],[[58883,62341],[56,0],[166,4],[89,1]],[[59194,62346],[8,0],[14,-30],[61,-76],[103,-265],[8,-45],[15,-12],[42,-79],[46,-94]],[[59491,61745],[-28,6],[-22,15],[-23,25],[-29,19],[-22,3],[-26,-1],[-44,16],[-22,-1],[-13,-8],[-39,-34],[-36,-18],[-28,-1],[-26,14],[-39,45],[-17,12],[-21,8],[-41,-28]],[[59191,63979],[7,12],[7,36],[0,135]],[[59467,64161],[7,-26],[15,-23],[38,-13],[16,-11],[7,-16],[6,-26],[-1,-15],[-10,-42],[-17,-35],[-45,-87],[-7,-29],[-1,-53]],[[59475,63785],[-97,2],[-173,1]],[[60505,62970],[10,-81],[3,-111],[-15,-89]],[[59623,61473],[27,265],[6,83]],[[59656,61821],[1,42],[2,113],[-1,175],[-3,66],[-18,233],[-7,80],[1,58],[6,38],[60,208],[31,108],[5,52],[-5,182],[-12,244]],[[59716,63420],[104,0],[218,2],[42,0],[185,2]],[[59780,53287],[3,12],[23,248],[8,60],[9,48],[21,100],[12,63],[15,61],[86,405],[11,64],[5,52],[3,53],[1,58],[-4,245],[-3,37],[-9,51],[-18,65],[-86,233],[-8,17],[-22,32],[-58,62],[-80,83],[-47,52],[-38,58],[-20,40],[-11,40],[-5,35],[2,58],[14,187],[5,100],[-1,135],[-4,37],[-6,26],[-22,48],[-45,68],[-30,59],[-97,233],[-30,82],[-14,46],[-20,85],[-12,88],[-9,114],[0,37],[28,293],[7,32],[59,180],[7,23],[41,198],[62,301],[105,510]],[[59608,58501],[58,-1],[33,-17],[7,39],[12,-2],[15,-19],[10,2],[13,-11],[4,8],[21,-14],[26,-8],[26,-20],[4,-12],[10,0],[27,-25],[10,1],[17,-12],[22,10],[21,16],[14,15],[35,45],[8,2],[42,31],[8,-2],[12,-26],[14,-14],[20,-1],[58,42],[54,0],[43,-19],[30,-92],[16,-7],[11,-18],[9,-25],[48,-127],[26,-60],[5,-16],[22,-101],[17,-47],[18,-29],[6,-15],[6,-30],[21,-13],[9,-25]],[[61590,56796],[6,-31],[-11,-113],[2,-169],[0,-177],[-21,-25],[-13,-21],[-40,-41],[-29,-38],[-32,-12],[-112,-38],[-19,-30],[0,-96],[-1,-6],[-27,-35],[-56,-28],[-18,-13],[-13,-27],[-1,-17],[-8,-14],[-140,-144],[-3,-12],[2,-68],[1,-155],[2,-218],[0,-57],[2,-301],[0,-301],[-2,-237],[59,1],[7,-5],[3,-22],[-1,-67],[0,-125],[-2,-72],[-1,-80],[1,-65],[-2,-111],[-14,-151],[-1,-27],[14,-26],[0,-284],[-1,-54]],[[61260,59805],[104,-3]],[[61364,59802],[38,-350],[39,-369],[7,-39],[11,-41],[20,-55],[28,-50],[21,-30],[44,-49],[27,-39],[20,-44],[11,-40],[5,-31],[2,-40],[-2,-105],[-12,-406],[-14,-478],[-3,-105],[-19,-675],[4,-31],[8,-20],[-9,-9]],[[61590,56796],[-51,-4],[-22,10],[-29,22],[-9,11],[-7,20],[-9,127],[-3,15],[-13,18],[-11,6],[-63,9],[-27,17],[-23,28],[-14,13],[-49,30],[-48,60],[-9,16],[-25,60],[-17,22],[-27,12],[-76,1],[-20,-4],[-50,-24],[-18,-3],[-25,2],[-18,8],[-12,11],[-20,39],[-22,29],[-10,8],[-60,17],[-11,10],[-7,21],[-2,31],[-8,26],[-61,100],[-10,22],[-27,67],[-23,44],[-11,49],[-15,52],[-8,11],[-13,5],[-82,2],[-8,3],[-12,23],[-9,66]],[[60496,57904],[14,21],[0,48],[3,93],[6,23],[14,27],[22,102],[2,29],[-74,241],[-8,32],[1,69],[14,67],[3,71],[-11,164],[2,10],[22,0],[4,15],[0,73]],[[60510,58989],[24,-3],[37,-23],[51,30],[9,14],[6,62],[0,29],[7,23],[13,17],[2,14],[13,24],[4,17],[12,16],[2,28],[9,44],[-7,17],[9,37],[-4,29],[9,38],[-11,30],[-1,12],[8,23],[24,10],[22,34],[15,51],[16,17],[11,17],[18,21],[17,2],[12,20],[13,11],[10,20],[34,44],[13,9],[7,13],[9,-18],[17,6],[43,50],[13,11],[28,-1],[7,3],[18,25],[5,14],[15,0],[8,33]],[[60786,63359],[-1,299],[1,84]],[[60786,63742],[81,-13],[43,4],[24,7],[24,12],[23,17],[45,46]],[[61026,63815],[31,-89],[34,-111]],[[61260,59805],[-61,4],[-30,10],[-92,40]],[[61077,59859],[-80,37],[-37,14],[-49,14],[-70,10],[-45,0],[-23,-13],[-82,-66],[-36,-22],[-14,-19],[-7,-20],[-1,-27],[9,-41],[3,-22],[-2,-38],[-10,-38],[-16,-37],[-63,-104],[-22,-27],[-21,-18],[-44,-19],[-27,-4],[-62,4],[-53,13],[-57,16]],[[60268,59452],[19,141],[0,23],[-7,22],[-11,19],[-10,27],[-1,147],[1,273],[-8,31],[-19,23],[-16,6],[-39,2],[-19,13],[-10,14],[-32,65],[-14,16],[-26,8],[-20,-2]],[[61191,61257],[-8,-25],[-26,-35],[-6,-30],[-24,-4],[-26,3],[-9,-8],[-7,-26],[-3,-32],[5,-16],[-1,-37],[-5,-27],[1,-38],[15,-9],[15,18],[10,-5],[4,-16],[-1,-31],[11,-22],[17,-22],[0,-29],[-17,-23],[0,-17],[7,-13],[14,-9],[9,3],[32,26],[18,-14],[3,-34],[-5,-19],[-21,-8],[-11,-15],[-8,-22],[-20,-19],[-14,-21],[-16,-16],[-5,-31],[2,-31],[-16,-22],[-4,-22],[6,-32],[18,-17],[8,-29],[5,-96],[4,-25],[20,-18],[9,-13],[0,-14],[-13,-21],[-17,4],[-11,12],[-8,-13],[5,-31],[-8,-14],[1,-16],[18,-9],[4,-19],[22,-24],[9,-25],[3,-45],[6,-13],[17,-16],[12,-19],[-7,-25],[4,-14],[16,-18],[9,-29],[1,-73],[5,-13],[-3,-30],[6,-25],[18,-34]],[[59623,61473],[49,-99],[13,13],[17,23],[10,24],[14,12],[6,35],[14,24],[2,11],[16,20],[12,3],[22,28],[20,35],[-4,17],[7,11],[22,18],[13,-3],[13,10],[2,33],[17,14],[9,45],[15,27],[0,28],[29,32],[5,16],[-3,20],[15,8],[34,43],[5,19],[11,23],[23,0],[7,-12],[14,3],[0,22],[10,23],[6,41],[15,15],[18,-2],[15,-35],[11,-8],[14,7],[2,14],[9,2],[25,-15],[13,-1],[10,7],[12,38],[14,5],[20,27],[16,14],[4,16],[23,68],[34,58],[2,10],[21,30],[5,20],[28,25],[13,27],[7,78],[21,32],[11,34],[19,23],[10,20],[3,32],[15,18],[2,21],[23,31],[6,21],[-6,17]],[[60503,62689],[17,1],[-1,-48],[34,-38],[33,-53],[46,-70],[11,-25],[6,-39],[8,-29],[5,-48],[197,3],[193,1]],[[61137,61982],[-86,-1],[-2,-29],[-6,-15],[-12,-16],[-44,-44],[-13,-20],[-36,-98],[-24,-41],[-51,-77],[-103,-186],[-8,-12],[-85,-104],[-45,-52],[-58,-54],[-15,-27],[-7,-40],[-12,-32],[-35,-43],[-20,-32],[-61,-124],[-16,-41],[-13,-52],[-13,-48],[-16,-40],[-26,-54],[-71,-137],[-18,-21],[-111,-103],[-13,-21],[-30,-72],[-31,-46],[0,-20]],[[60056,60280],[-25,-10],[-65,-61],[-35,-19],[-25,-1],[-34,13],[-18,14],[-20,26],[-37,66],[-24,38],[-18,8],[-17,-4],[-17,-12]],[[59613,61267],[4,123],[6,83]],[[60786,62890],[-50,2],[-49,-8],[-32,5],[-81,1],[-69,80]],[[60505,62970],[-48,54],[-36,8],[-61,32],[-33,78],[-27,61],[-9,35],[-10,9],[-17,6],[1,171]],[[60265,63424],[140,0],[121,4]],[[60526,63428],[30,-7],[102,-73],[22,-8],[20,-1],[23,4],[63,16]],[[60786,63359],[0,-98],[1,-148]],[[61142,62344],[-90,0]],[[61052,62344],[-2,31],[-9,20],[-22,22],[-3,11],[-1,205],[-7,56],[-17,16],[-180,1],[-26,-5],[-2,34],[0,97],[3,16],[0,42]],[[60786,62890],[1,81],[0,142]],[[60787,63113],[31,1],[14,10],[17,28],[24,17],[21,1],[8,-5],[10,-19],[7,-25],[11,-18],[3,-31],[-9,-28],[-7,-10],[-36,-19],[-7,-7],[8,-22],[0,-16],[8,-20],[41,49],[19,11],[23,-3]],[[60973,63007],[7,18],[-1,13],[12,34],[-2,39],[-12,39],[-7,13],[-20,6],[-17,20],[-4,12],[5,16],[12,20],[18,42],[-6,51],[-5,20],[-4,35],[54,19],[27,21],[16,8],[75,5],[24,4],[-8,33],[-46,140]],[[61091,63615],[36,4],[107,-3],[87,1],[1,-49],[4,-70],[-4,-22],[0,-64],[-1,-14],[2,-43],[0,-330],[-1,-60]],[[61652,62266],[-1,37],[-11,36],[-4,37],[4,30],[17,22],[13,6],[26,-7],[15,-8],[54,0],[16,13],[19,34],[21,21],[5,14],[-2,45],[-10,16],[-24,16],[-32,5],[-17,10],[-14,29],[0,85],[4,18],[15,40],[7,34],[1,32],[7,24],[12,25],[6,30],[0,64]],[[61779,62974],[45,1],[24,15],[51,66],[17,10],[43,1],[174,-3],[101,-3],[140,-2],[201,-6],[93,0]],[[62668,63053],[-1,-143],[-3,-220],[-2,-95],[-1,-174],[-4,-283],[-1,-190],[-2,-341]],[[62654,61607],[-3,-121],[-4,-238],[0,-210],[2,-157]],[[62649,60881],[-47,2],[-15,4],[-19,30],[-9,29],[-3,27],[-2,65],[-9,39],[-9,18],[-30,39],[-55,58],[-13,17],[-46,77],[-8,19]],[[59721,60338],[40,-107],[17,-68],[33,-131]],[[59811,60032],[-24,-1],[-43,6],[-12,4],[-21,20],[-14,27],[-38,98],[-35,59]],[[59624,60245],[-30,52],[-49,80],[-54,100],[-26,32],[-32,22],[-67,44],[-92,59],[-28,21]],[[59246,60655],[-54,49]],[[59192,60704],[13,29],[36,9],[34,6],[25,29],[20,47],[12,17],[43,30],[34,45],[14,44],[27,55],[31,54],[19,22],[19,32],[47,43],[7,9],[17,50],[1,29],[9,14],[13,-1]],[[59613,61267],[-1,-40],[1,-135],[-2,-31],[-8,-35],[-27,-81],[-10,-58],[-5,-75],[1,-39],[6,-31],[13,-41],[140,-363]],[[60268,59452],[8,-33],[49,-82],[41,-66],[10,-17],[56,-90],[39,-44],[17,-31]],[[60488,59089],[-10,-13],[-34,-2],[-44,1],[-83,-2],[-2,-21],[-16,3],[-16,12],[-12,3],[-23,-16],[-23,0],[-12,-18],[-14,-34],[-11,-8],[-20,-5],[-23,-14],[-37,0],[-15,-5],[-19,-11],[-22,-6],[-39,12],[-21,19],[-43,61],[-10,8],[-40,23],[-100,95],[-15,5],[-31,-11]],[[59753,59165],[17,85],[28,164],[20,68],[9,46]],[[59827,59528],[12,-7],[-2,-137],[25,0],[51,7],[12,9],[9,18],[19,56],[16,21],[28,14],[14,1],[40,-9],[27,-21],[23,-37],[21,-16],[15,-4],[21,2],[16,8],[20,15],[14,7],[32,3],[28,-6]],[[62384,61305],[-1,-145],[-114,0],[-124,2],[-21,-4],[-9,-20],[-1,-36],[-7,-17],[-22,-13],[-60,2],[-110,0],[-245,1],[-81,0],[-34,1],[-45,11],[-16,13],[-13,20],[-19,13],[-16,1],[-30,-14],[-12,-13],[-10,-18],[-43,-44],[-16,-9],[-35,4],[-29,-10],[-34,2],[-9,-3],[-3,13],[2,39],[19,57],[0,11],[-10,92],[0,16],[-45,0]],[[61191,61257],[0,10],[-20,20],[-3,12],[11,13],[13,23],[3,33],[-6,20],[-14,10],[-21,-16],[-9,-2],[-14,23],[-4,27],[-13,40],[-1,30],[3,20],[-1,25],[-7,21],[2,15],[17,33],[6,27],[-2,10],[-17,22],[-2,22],[30,31],[40,25],[7,15],[-2,14],[-11,12],[-22,10],[-6,29],[-18,48],[-14,24],[-2,11],[7,40],[16,28]],[[61553,62317],[39,-14],[32,-26],[28,-11]],[[61652,62266],[52,-17],[33,-22],[32,-33],[14,-22],[24,-51],[27,-52],[25,-69],[11,-19],[30,-25],[21,-10],[46,-28],[17,-22],[21,-31],[68,-79],[136,-122],[26,-26],[19,-26],[25,-54],[64,-108],[37,-71],[4,-11],[0,-63]],[[61312,62617],[0,-29],[9,-59],[5,-23],[11,-21],[39,-52],[27,-50],[9,-33],[49,-7],[92,-26]],[[61553,62317],[-8,-34],[16,-52],[0,-23],[-5,-20],[-23,-41],[-10,-31],[-11,-53],[5,-32],[-4,-15],[-13,-11],[-7,-23],[-82,0],[-31,-1],[-91,-1],[-152,2]],[[61137,61982],[2,30],[-12,15],[-6,16],[-3,24],[-14,13],[-16,29],[-5,26],[22,44],[8,5],[15,56],[-1,15],[-22,40],[0,12],[11,17],[17,9],[9,11]],[[61142,62344],[7,15],[-1,13],[-12,19],[-18,9],[-8,9],[-4,16],[10,10],[21,3],[12,5],[14,26],[1,21],[9,18],[22,6],[10,14],[3,26],[-3,22],[-15,26],[-27,36],[-9,17],[-27,24],[-60,21],[-10,15],[-8,30],[-2,26]],[[61047,62771],[-3,27],[-40,44],[-20,19],[-9,29],[5,19],[22,18],[8,19],[-5,26],[-24,19],[-8,16]],[[60973,63007],[28,-8],[37,-24],[14,-4],[22,0],[35,5],[39,3],[21,11],[22,-2],[73,-20],[21,-4],[37,1]],[[61322,62965],[20,1],[18,-3],[34,-18],[19,-2],[49,8],[93,14],[43,3]],[[61598,62968],[-2,-32],[-10,-26],[-31,-19],[-6,-23],[5,-10],[24,-12],[6,-18],[-16,-42],[3,-32],[-38,-21],[-6,-7],[-6,-28],[0,-49],[-37,33],[4,14],[-33,-3],[-13,-34],[-12,7],[-20,1],[-19,9],[-12,-2],[-27,-41],[-14,-10],[-26,-6]],[[61312,62617],[0,48],[-2,51],[-5,23],[-11,14],[-10,5],[-39,5],[-38,9],[-89,28],[-31,2],[-40,-31]],[[59205,63788],[2,-86],[0,-104],[1,-15],[2,-156]],[[59210,63427],[-19,1],[-18,8],[-14,13],[-45,67],[-37,47]],[[59077,63563],[29,44],[13,34],[4,24],[1,41],[-22,155],[1,28]],[[59103,63889],[9,24],[18,20],[53,35],[8,11]],[[59191,63979],[9,-9],[4,-182],[1,0]],[[92888,16238],[156,0],[408,2],[16,1],[358,-3],[178,-2],[342,4],[260,2],[55,2],[140,1],[64,2],[258,0],[130,1],[130,4],[25,2],[103,-2],[13,-3],[120,0],[255,1],[157,-2],[237,-1],[6,-2],[120,0],[260,-1],[177,5],[82,-1]],[[96938,16248],[24,-1],[230,0],[9,2],[207,1],[46,-1],[260,0],[21,5],[4,-3],[48,-3],[173,-1],[10,-1],[262,6],[14,-1],[60,1],[19,-2],[29,5],[107,-5],[417,0],[408,1],[246,-1],[255,-3],[202,5]],[[99989,16252],[0,-481],[-1,-427],[0,-2],[-2,-164],[-2,-553],[4,-12],[-3,-513],[-1,-419],[-1,-147],[2,-571],[2,-157],[-1,-6],[0,-226],[-1,-290],[1,-73],[0,-354],[-1,-85],[1,-203],[1,-42],[12,-51],[-11,-51],[1,-77],[-2,-318],[1,-3],[0,-179],[-2,-434],[2,-6],[-2,-69],[4,-800],[-8,-554],[2,-4],[1,-137],[-1,-237],[0,-415],[2,-612],[-1,-260],[-2,-167],[1,-178],[0,-350],[-3,-203],[-1,-607],[4,-94],[-1,-556],[0,-1088],[3,-463],[-2,-129],[0,-630],[-1,-45],[-1,-744],[0,-697],[2,-305],[3,-18],[-3,-55],[-2,-96],[1,-257],[-1,-187],[1,-191],[0,-92],[-1,-153],[-143,1],[-32,2],[-265,-1],[-60,-1],[-108,4],[-332,1],[-248,2],[-707,6],[-131,0],[-176,2],[-14,0],[-152,2],[-382,7],[-190,4],[-37,-2],[-17,2],[-122,5],[-59,0],[-286,-6],[-204,3],[-368,2],[-265,1],[-164,3],[-1,2],[-287,0],[-186,5],[-651,1],[-172,-2],[-771,5],[-345,-2],[-244,1],[-415,6],[-313,-1],[-464,-2],[-146,1],[-224,-1],[-64,1],[-88,5],[-513,-3],[-111,11],[-515,52],[-8,2],[-136,15],[-464,19],[-127,6],[-305,10],[-205,-1],[-178,-3],[-335,0],[-143,1],[-866,-16],[-560,-10],[-57,-1],[-64,2],[-41,-3],[-193,37],[-24,2],[-162,3],[-1033,1]],[[85109,195],[-7,968],[0,29],[-10,1557],[4,808],[3,5],[0,70],[6,133],[0,114],[-3,701],[-2,6],[1,108],[6,308],[-2,5],[3,78],[1,99],[13,880],[12,748],[6,346],[2,121],[0,64],[3,183],[-2,343],[6,365],[-1,181],[0,180],[4,239],[0,124],[4,166],[1,101],[-1,97],[3,381],[113,3],[-2,416],[-7,432],[3,524],[-1,353],[2,120],[-2,125],[0,221],[-1,254],[1,117],[-2,387],[1,39],[-1,476],[-3,1579],[0,169],[-1,469],[1,30],[-2,344],[-2,10],[-3,459]],[[85253,16230],[279,2],[14,2],[141,5],[277,1],[30,13],[39,-17],[256,0],[39,2],[798,3],[79,0],[122,1],[69,0],[205,1],[116,2],[7,-1],[387,-3],[21,1],[183,4],[44,0],[79,4],[196,-2],[258,-14],[42,1],[302,-2],[279,1],[23,-2],[129,-2],[223,6],[41,0]],[[89931,16236],[498,-2]],[[90429,16234],[13,-7],[0,-26],[-20,0],[-27,-5],[-11,-9],[-26,-9],[-9,15],[-15,-3],[-10,-20],[4,-55],[19,-23],[-3,-27],[6,-27],[-8,-26],[-15,-15],[-11,6],[-9,-12],[-22,-2],[-12,-14],[4,-27],[-1,-31],[-12,-5],[-12,31],[-1,12],[-9,32],[-7,45],[-3,36],[-19,42],[-29,13],[-12,0],[-39,-25],[-12,-20],[-2,-12],[-12,-6],[-19,-2],[-11,-36],[9,-12],[14,-4],[21,3],[11,-11],[-3,-13],[-24,-8],[-10,-10],[-10,-1],[-21,11],[-15,-9],[-3,-25],[-26,-7],[-10,10],[-6,18],[0,18],[-15,7],[-21,-17],[-34,-7],[-15,19],[-19,4],[-21,-10],[-15,-17],[-2,-35],[-8,-29],[-10,-15],[-2,-11],[-25,-12],[-9,4],[-34,-2],[-16,-7],[-28,-2],[-15,-12],[-7,-24],[-9,-12],[3,-23],[-30,3],[-11,23],[-15,24],[-5,15],[-16,26],[-32,-9],[-18,-25],[-20,-43],[0,-73],[2,-56],[13,-7],[15,-1],[4,-9],[-2,-22],[-12,-20],[-24,-1],[-18,29],[-16,9],[-10,30],[-13,5],[-14,-11],[-6,-10],[-8,-37],[-6,-83],[5,-24],[1,-19],[-13,-39],[-13,-16],[-13,-4],[-30,10],[-11,12],[-17,71],[-15,16],[-22,4],[-7,-8],[-29,-12],[-14,-31],[-19,-19],[-18,-44],[-2,-29],[10,-33],[-14,-41],[0,-37],[-16,-1],[-19,17],[-27,9],[-34,-13],[-12,-11],[-15,-31],[-12,-13],[-18,-7],[-13,-16],[-7,-26],[1,-18],[17,-5],[29,22],[15,-10],[-1,-34],[6,-34],[-8,-19],[-16,-15],[-42,-7],[-24,9],[-41,-4],[-32,12],[-16,-4],[-4,-26],[19,-10],[22,-26],[10,-22],[-8,-31],[-20,5],[-9,-8],[-16,-30],[-10,-2],[-32,12],[-38,-8],[-24,-9],[-8,-7],[-4,-57],[-4,-5],[-19,-1],[-19,17],[-15,-8],[-2,-32],[-17,-20],[-10,-22],[-6,-27],[1,-25],[9,-19],[12,-7],[7,-12],[2,-20],[-5,-14],[-11,-2],[-38,28],[-7,22],[-12,23],[-11,1],[-10,18],[-18,-5],[-2,-26],[3,-30],[-13,-13],[-16,13],[-19,28],[-15,5],[-35,-26],[-25,-33],[-25,-5],[6,-22],[-10,-23],[12,-18],[-2,-56],[8,-36],[13,-24],[-1,-28],[13,-37],[0,-29],[-30,-42],[-4,-23],[-10,-12],[-3,-20],[16,-38],[12,-18],[2,-22],[8,-13],[13,-2],[13,-20],[6,-17],[16,-16],[-2,-12],[-18,-10],[-10,-12],[-1,-27],[18,-39],[119,-2],[246,0],[214,1],[0,-17],[-3,-332],[2,-373],[273,1],[207,-3],[40,1],[0,-353],[3,-23],[-1,-253],[1,-95],[1,-549],[0,-772],[1,-325],[0,-183],[1,-337],[259,3],[0,-201],[1,-395],[1,-132],[-207,-3],[-167,-1],[-74,-24],[0,-2744],[1,-78],[-1,-311],[1,-136],[0,-1016],[12,-10],[25,-41],[13,-27],[8,-24],[3,-31],[9,-10],[25,1],[5,5],[1,24],[7,17],[12,10],[25,6],[20,-5],[4,-24],[-16,-35],[0,-10],[14,-15],[19,0],[7,11],[-3,23],[5,4],[33,-7],[12,10],[12,46],[38,41],[7,21],[-2,28],[-15,43],[1,29],[7,44],[0,19],[-10,31],[11,24],[6,4],[12,-12],[8,0],[10,17],[23,25],[17,31],[22,22],[3,20],[-22,26],[0,9],[27,37],[18,-3],[-2,-27],[29,-45],[8,-7],[23,-35],[13,-4],[24,18],[22,85],[7,4],[33,-21],[13,-14],[12,-29],[50,-30],[11,1],[5,25],[25,8],[25,16],[19,-1],[-10,-31],[20,-18],[17,-4],[15,17],[18,42],[-9,27],[0,28],[11,13],[22,-22],[40,-14],[26,7],[24,30],[28,-23],[24,1],[22,12],[16,-10],[3,-40],[8,-15],[21,-28],[19,-37],[-5,-33],[13,-10],[39,-13],[17,4],[42,23],[8,0],[13,-21],[8,-38],[13,-18],[20,12],[24,36],[20,18],[6,26],[6,3],[41,7],[22,-18],[13,11],[15,34],[6,46],[6,13],[14,15],[14,8],[17,40],[5,-39],[35,-13],[13,1],[15,12],[40,65],[-2,48],[7,15],[10,2],[19,-15],[7,14],[-3,72],[11,13],[25,-17],[26,-22],[13,14],[39,-8],[14,-12],[18,-25],[20,-36],[30,-18],[9,-10],[-1,-23],[21,-8],[17,1],[15,18],[-3,18],[-10,6],[26,27],[24,11],[20,17],[12,16],[3,15],[-8,10],[-18,3],[-3,15],[7,19],[2,22],[20,-5],[24,0],[9,-10],[0,-26],[-9,-19],[-1,-21],[8,-13],[35,-31],[24,0],[10,8],[16,50],[14,15],[31,4],[5,15],[-8,24],[6,52],[9,8],[22,5],[20,-3],[18,30],[11,5],[11,-12],[13,-37],[41,-33],[11,-22],[16,3],[6,27],[-5,35],[-4,9],[1,48],[9,44],[11,17],[53,-1],[9,1],[5,18],[-3,58],[6,19],[12,11],[38,1],[14,7],[16,-3],[6,-26],[29,-27],[7,1],[15,21],[31,1],[12,-13],[10,2],[38,29],[9,3],[21,-9],[29,10],[20,18],[9,0],[35,-31],[11,-8],[27,-28],[7,-5],[24,7],[18,25],[0,29],[11,22],[18,0],[8,12],[18,4],[15,-16],[3,-26],[9,-31],[12,-21],[10,-8],[31,21],[29,1],[24,-30],[10,5],[0,27],[9,18],[9,5],[25,-6],[9,16],[-5,12],[-22,24],[-4,20],[10,16],[18,10],[4,-14],[-6,-15],[7,-14],[47,-3],[76,4],[15,13],[9,38],[7,17],[10,2],[12,-25],[3,-16],[15,-45],[15,-23],[18,-16],[15,2],[25,13],[4,14],[-9,16],[-7,34],[-1,15],[9,20],[24,19],[24,6],[28,19],[25,-26],[11,-3],[13,8],[11,22],[16,5],[30,-15],[14,-11],[6,-12],[-2,-14],[-30,-17],[-1,-19],[10,-16],[21,-3],[8,6],[21,30],[17,35],[7,33],[-4,39],[-17,34],[-2,22],[4,26],[14,53],[29,59],[3,15],[16,11],[7,11],[9,27],[0,25],[-6,19],[-23,31],[-3,20],[7,22],[32,26],[10,36],[0,29],[6,28],[33,44],[41,33],[41,28],[36,0],[30,10],[19,21],[5,28],[-1,58],[19,65],[21,11],[50,-5],[16,-11],[15,2],[20,27],[2,32],[-4,30],[-34,49],[-2,21],[19,18],[51,12],[41,34],[13,20],[6,17],[0,30],[-6,30],[-2,23],[9,21],[6,3],[23,-4],[16,4],[30,-2],[22,-7],[51,-22],[53,-34],[52,-49],[24,-22],[16,-22],[12,-9],[26,6],[10,13],[19,15],[9,29],[-21,73],[-1,34],[11,46],[23,24],[22,3],[23,8],[32,29],[11,17],[7,19],[16,86],[8,12],[50,14],[29,15],[22,7],[13,0],[19,-10],[16,-4],[17,12],[10,30],[8,13],[15,8],[14,-1],[41,-52],[2,-10],[-1,-56],[5,-27],[9,-23],[29,-39],[36,-20],[28,1],[14,7],[22,27],[16,47],[26,40],[36,21],[25,-6],[14,-11],[30,-5],[17,-12],[15,1],[28,13],[11,27],[4,29],[0,29],[5,24],[9,18],[15,4],[14,-14],[19,-85],[20,-31],[15,-18],[21,-10],[10,-13],[14,-34],[6,-24],[1,-28],[13,-22],[15,-13],[9,-14],[7,-37],[-4,-46],[4,-50],[4,-16],[18,-18],[39,2],[61,22],[35,7],[21,-7],[19,7],[12,15],[30,45],[18,32],[13,37],[19,28],[13,13],[18,8],[1,347],[0,418],[-4,11],[-11,3],[-68,-1],[-11,10],[0,510],[-258,-1],[-83,0],[-11,11],[1,350],[130,0],[0,381],[16,7],[-2,437],[-1,402],[1,343],[-1,591],[1,387],[0,718],[1,134],[-7,-13],[-34,-22],[-11,-13],[-14,-6],[-15,3],[-16,13],[-27,61],[-11,43],[5,38],[0,20],[-7,32],[-20,35],[-2,11],[2,48],[-4,79],[-18,47],[-22,1],[-21,-14],[-10,-39],[-13,2],[-9,21],[-25,42],[-6,22],[0,16],[10,35],[-4,14],[-12,0],[-31,-28],[-24,-18],[-16,-16],[-27,-6],[-14,14],[-5,20],[-9,12],[-8,51],[5,17],[1,29],[-11,26],[1,36],[-14,50],[-13,29],[-19,30],[-13,15],[-14,7],[-22,0],[-24,-26],[-26,-47],[-16,0],[-11,22],[-10,10],[-5,31],[-17,27],[-37,44],[-12,21],[-26,53],[-7,-10],[9,-18],[-7,-14],[-41,16],[-16,40],[-30,15],[-10,9],[0,21],[26,42],[-11,17],[-33,-12],[-12,-1],[4,24],[23,51],[-14,34],[0,14],[-17,-4],[-16,-24],[-14,0],[-18,-9],[-9,-17],[-14,5],[-19,26],[-16,7],[-12,-7],[-14,-24],[-21,-28],[-8,9],[-3,31],[11,29],[-1,21],[-12,-2],[-12,-9],[-18,32],[-39,22],[-10,10],[-12,21],[-9,30],[-14,6],[-16,-23],[-4,-28],[-18,1],[-9,23],[3,22],[12,22],[-7,12],[-9,0],[-26,-19],[-33,57],[-21,-4],[-12,6],[-7,17],[-20,24],[-27,38],[-28,20],[-12,42],[-21,20],[-21,-8],[-13,16],[-1,49],[-16,19],[-14,7],[-11,-3],[-16,-23],[-5,11],[0,25],[20,18],[2,19],[-15,15],[-20,-4],[-24,-24],[-19,6],[-17,11],[-25,3],[-6,10],[-23,2],[-23,16],[-13,20],[-9,2],[-27,-18],[-22,3],[-33,36],[-8,2],[-21,25],[-13,32],[1,21],[-13,37],[-22,20],[-18,40],[-9,8],[-2,26],[-10,61],[-5,15],[-3,31],[-13,24],[-10,29],[-6,36],[-5,10],[-4,28],[-8,21],[-3,30],[-22,70],[5,77],[-3,16],[-1,56],[91,3],[0,643],[-7,42],[-16,30],[-93,124],[-9,19],[5,85],[-3,38],[-22,62],[-6,37]],[[50602,69102],[-30,-8],[-28,14],[-10,-9],[11,-43],[10,8],[13,-15],[22,-33],[12,-37],[36,-37],[8,-18],[22,-9],[18,10],[18,-5],[7,-22],[-5,-28],[3,-31],[7,-16],[-1,-16],[-20,-29],[-1,-26],[18,-18],[8,-17],[12,-41],[12,-31],[2,-38],[17,-20],[3,-11],[14,-11],[-2,-12],[11,-10],[-21,-38],[-30,-14],[-36,-6],[-46,-24],[-43,-18],[-19,-11],[-72,-10],[-46,3],[-6,-5],[-110,-6],[12,21],[35,53],[27,34],[-25,8],[-69,37],[-14,6],[-50,11],[-49,23],[-30,11],[-25,13],[-29,21],[-42,20],[-25,16],[-21,18],[-21,25],[-22,33],[-22,20],[-24,14],[-19,24],[-20,36],[-15,19],[5,21],[1,53],[-8,52],[-13,30],[-2,19],[9,16],[-2,30],[-19,57],[-8,6],[-8,18],[4,19],[-15,21],[-1,10],[11,12],[31,16],[5,20],[-4,72],[-14,49],[-2,24],[-7,27],[-10,11],[-6,19],[0,14],[11,35],[0,10],[13,28],[18,21],[5,34],[6,4],[9,27],[9,12],[53,-8],[6,-5],[22,-2],[-13,-18],[-3,-21],[5,-33],[9,-29],[24,-6]],[[50033,69542],[5,-18],[38,-67],[7,-10],[6,-27],[-2,-37],[-8,-28],[-1,-16],[19,4],[34,0],[39,-55],[67,-36],[39,-12],[14,-15],[32,-1],[33,-9],[38,-35],[16,-7],[8,-22],[16,-4],[23,-21],[29,-3],[32,17],[29,8],[29,-4],[25,-34],[2,-8]],[[58663,41322],[-203,7],[-200,7],[-345,11],[-80,8],[-278,3],[-93,2],[-129,0],[-260,42],[-11,-5],[-41,-30],[-12,-2],[-122,-46],[-65,-30],[-97,-7],[-208,-13],[-198,-5],[-41,0]],[[56280,41264],[-88,2],[-137,6],[-926,-4]],[[55129,41268],[-421,-1],[-289,-2],[-1,299],[4,297],[3,137]],[[59256,66334],[-251,-1]],[[54425,41998],[30,496],[-66,2],[-115,-12],[-409,6],[-88,1],[-400,6],[-223,5]],[[53154,42502],[1,239],[4,942],[-4,133],[-1,434],[0,101],[-1,308],[1,229],[2,456],[3,119],[-2,1037]],[[56355,43938],[20,-34],[6,-39],[8,-28],[2,-34],[7,-16],[17,-22],[2,-69],[-9,-23],[-35,-30],[-11,0],[-25,10],[-18,-10],[-12,-21],[-17,-12],[-14,1],[-24,14],[-14,0],[-40,-23],[-20,-5],[-22,2],[-13,5],[-23,16],[-8,2],[-17,40],[-8,32],[-3,37],[-4,22],[-18,19],[-36,15],[-79,44],[-27,13],[-17,-9],[-3,-14],[11,-53],[-4,-12],[55,-17],[6,-5],[32,-48],[-44,-13],[-45,-32],[-53,-52],[-19,-1],[-12,-16],[-10,3],[-19,-15],[-25,-34],[-19,-34],[-24,-26],[-9,-15],[-4,-26],[-18,-7],[-49,-60],[-6,0],[-15,-19],[5,-29],[-3,-6],[-28,-26],[-13,-16],[2,28],[-3,18],[-16,6],[-1,16],[13,12],[18,29],[-3,21],[-21,-26],[-18,-9],[-34,-2],[-1,13],[-17,5],[-18,-13],[-37,-34],[-21,-2],[-21,10],[-10,16],[-1,100],[3,23],[-6,62],[13,42],[-23,10],[-12,28],[-13,62],[-14,-22],[-12,-2],[-19,-36],[-15,-15],[1,-34],[-3,-59],[5,-27],[0,-19],[11,-54],[16,-35],[-2,-34],[4,-20],[-7,-48],[7,-20],[-9,-30],[3,-79],[-5,-7],[0,-24],[-14,-45],[-6,-8],[-17,-5],[-5,-25],[-8,-17],[-1,-22],[-13,-37],[-5,-48],[-10,-24],[-23,-31],[-11,-33],[-5,-34],[-11,-16],[-6,-27],[-15,-12],[-25,-12],[-6,-28],[-26,-23],[-11,-21],[-12,1],[-7,-7],[-10,10],[-9,-2],[-6,-21],[-14,3],[-4,-21],[-15,-11],[-3,-31],[-12,-19],[-9,-6],[-7,-19],[-27,-12],[-4,-15],[8,-14],[-9,-15],[-14,5],[-19,21],[-8,-28],[-22,-19],[5,-42],[-14,-42],[6,-24],[-16,-22],[-14,-12],[-4,-10],[-4,-37],[-2,-55],[-21,-2],[2,-23],[-18,-39],[13,-29],[0,-17],[7,-18],[-6,-35],[-9,-9],[-17,1],[-4,-17],[1,-24],[-23,-12],[-11,-36],[-10,-7],[-21,-5],[-9,-15],[0,-36],[-10,-16],[-7,-27],[3,-18],[-6,-18],[-17,-11],[-12,-17],[-15,-8],[-41,-36],[-31,-3],[-17,18],[2,13],[-30,58],[-11,15],[-3,14],[-15,20],[-29,60],[-21,16],[-31,28],[-7,14],[1,15],[-12,4]],[[59005,66333],[25,-85],[91,-274]],[[58902,66692],[28,-71],[10,-33],[28,-112],[37,-143]],[[59005,66333],[-189,-1]],[[59200,66696],[-116,0],[-53,-1]],[[58945,66694],[-43,-2]],[[53153,49060],[-1,155],[-3,604],[-2,201],[1,31],[-6,1240],[0,3],[-4,848],[-5,860],[0,52],[2,110],[0,120]],[[53135,53284],[18,0]],[[53153,53284],[620,0],[145,-4],[74,1],[282,0],[61,1],[350,0],[288,1],[33,-2],[390,0],[130,-2],[528,0],[271,3],[1040,6]],[[56576,49108],[12,10],[30,34],[24,40],[71,147],[61,129],[36,72]],[[58122,67780],[1,-89],[-1,-91],[1,-181],[-1,-37]],[[58122,67780],[-102,1]],[[58124,68038],[-47,54],[-30,53],[-25,29]],[[58222,67780],[-100,0]],[[58122,67780],[0,90],[2,90],[0,78]],[[58124,68038],[37,-41],[23,-18],[40,-17]],[[58224,67962],[-2,-18],[0,-164]],[[57082,65797],[2,135],[-1,47]],[[56810,49540],[-2,9],[17,43],[-27,22],[-20,12],[-17,2],[-9,19],[-10,6],[-31,31],[-16,31],[-14,7],[-25,43],[-11,40],[13,27],[6,22],[-10,10],[-3,23],[2,42],[-12,46],[-8,14],[-7,27],[2,20],[-5,27],[2,21],[-6,24],[14,75],[2,32],[11,35],[6,28],[7,10],[20,50],[3,27],[9,25],[19,34],[28,24],[10,13],[10,1],[10,11],[10,33],[-10,53],[-10,24],[0,11],[-15,59],[-8,40],[-8,7],[-4,26],[-14,37],[-14,28],[-9,25],[-13,17],[-8,24],[-21,26],[-3,21],[-7,11],[-25,3],[-19,-8],[-20,-3],[-8,13],[1,20],[12,29],[3,20],[0,23],[-9,30],[-11,12],[0,18],[-22,43],[-2,15],[17,15],[1,19],[13,34],[-15,37],[-3,19],[2,20],[-10,22],[-6,37],[-11,9],[-6,-9],[-17,16],[-16,4],[-14,-9],[-22,2],[-30,-14],[-8,24],[16,33],[9,12],[-4,20],[5,29],[6,-2],[9,23],[1,18],[17,5],[27,16],[17,-4],[14,-14],[23,-38],[13,3],[17,16],[-34,26],[-13,27],[-3,26],[25,7],[23,-10],[15,-14],[28,-3],[21,-25],[10,-7],[9,-21],[-1,-22],[14,-14],[18,-27],[-1,-13],[11,-30],[12,-5],[11,-11],[7,-21],[20,-24],[33,-2],[9,-13],[20,-11],[27,0],[23,-15],[119,-52],[22,-32],[16,-7],[15,27],[19,10],[20,-18],[28,-2],[38,-8],[19,-13],[13,-18],[12,-35],[27,-38],[10,-33],[34,-36],[14,-1],[25,10],[28,-5],[23,4],[8,9],[16,10],[14,16],[28,20],[15,14],[23,1]],[[57450,48972],[-14,59],[-10,59],[-10,30],[-47,104],[-39,87],[-28,91],[-22,48],[-39,91],[-27,44],[-13,31],[-5,31],[-10,80],[-13,40],[0,64],[-6,147],[-182,-8],[-31,-2],[4,-75],[5,-13],[14,-11],[15,-1],[-27,-81],[-8,-43],[-5,-62],[-11,-32],[-10,-17],[-24,-26],[-30,-16],[-30,-6],[-14,-9],[-16,-20],[-7,-16]],[[99939,40457],[-1,-104],[1,-213],[-2,-44],[0,-300],[1,-10],[0,-277],[2,-238],[2,-30],[0,-192],[-1,-5],[-6,-365],[0,-356],[6,-7],[-1,-137],[-1,-28],[0,-339],[1,-82],[0,-1121],[1,-236],[2,-68],[0,-88],[1,-94],[-1,-119],[-2,-215],[0,-174],[2,-32],[0,-384],[-2,-273],[2,-33],[0,-184],[-2,-7],[4,-702],[2,-175],[-1,-918],[1,-17],[0,-133],[1,-49],[-1,-148],[0,-166],[-1,-146],[1,-70],[0,-152],[1,-206]],[[99948,31820],[-281,1],[-31,-3],[-63,-1],[-188,1],[-58,-3],[-315,0],[-7,-1],[-116,-2],[-22,4],[-73,-3],[-96,0],[-37,-4],[-30,4],[-99,-1],[-75,-3],[-103,1],[-15,2],[-279,-2],[-59,-2],[-66,7],[-179,-3],[-84,-4],[-98,-2]],[[97574,31806],[-24,1],[-54,-2],[-181,3],[-280,-1],[-22,-1],[-781,-5],[-203,-1],[-43,3],[-541,1],[-396,-3],[-167,-1],[-87,0],[-146,-1],[-229,-1],[-25,1],[-476,-7],[-5,5],[-87,0],[-80,3]],[[93747,31800],[-80,1],[-215,-6],[-372,-3],[-661,-10],[-341,2],[-306,5],[-199,-1],[-67,1],[-255,-5],[-435,-1],[-522,-4],[-24,4],[-264,-7]],[[90006,31776],[-271,-7],[-451,24],[-13,1],[-69,0],[-3,2],[-323,-21],[-6,-10],[-177,-2],[-65,5],[-33,9],[-13,1],[-224,-1],[-202,-3],[-455,-4],[-118,0],[-151,-1],[-134,1],[-123,1],[-2,3],[-127,1],[-118,-5],[-4,-1],[-596,0],[0,-8],[-156,2],[-164,-1],[-372,2],[-119,-1],[-4,3],[-46,0],[-213,-5],[-299,-1],[-407,3],[-59,-4],[-21,2],[-128,-10],[-328,0],[-7,1],[-238,-3],[-277,-2],[-104,0],[-134,-1],[-480,-2],[-266,0],[-1520,-5],[0,-4],[-128,0],[-8,-1],[-123,4],[-89,0]],[[80638,31738],[-141,0],[-8,-4],[-106,0],[-8,-3],[-167,0],[-103,-4],[-671,1],[-247,-1]],[[79187,31727],[2,287],[0,1146],[1,94],[2,18],[-5,382],[-74,-1],[1,366],[2,450],[1,821],[6,532],[6,736],[8,810],[9,218],[0,409]],[[79146,37995],[0,180],[174,6],[422,-5],[39,0],[6,3],[60,0],[97,-2],[313,-6],[637,-4],[92,4],[60,-2],[204,7],[65,0],[697,-2],[279,1],[475,0],[63,7],[116,3],[113,6],[32,2],[115,4],[221,7],[154,5],[33,2],[259,6],[0,204],[-1,520],[-1,262],[0,458],[1,728]],[[83871,40389],[198,8],[153,5],[170,7],[289,14],[243,12],[525,18],[113,1],[261,-1],[147,-1],[194,-4],[66,0],[99,3],[177,2],[609,2],[168,0],[471,-7],[51,-2],[304,-3],[485,-3],[259,-1],[10,1],[227,0],[295,-2],[280,-7],[167,-1],[80,-2],[256,-2],[127,-2],[185,-1],[330,-4],[326,-7],[22,2],[406,-5],[107,0],[71,-8],[126,8],[352,2],[41,-2],[72,0],[191,3],[272,2],[239,3],[267,3],[125,6],[130,5],[199,5],[186,8],[140,4],[51,1],[252,-1],[193,5],[63,1],[63,0],[98,1],[91,0],[121,2],[113,0],[262,2],[128,-1],[180,1],[174,-2],[40,-1],[31,5],[498,-9],[517,5],[234,-1],[291,-3],[255,5],[413,2],[381,-5],[265,-5],[272,4],[132,-1],[81,1],[242,0],[78,3],[47,13],[21,0],[3,-14],[175,-1],[92,2]],[[56576,49108],[13,-33],[3,-14],[3,-96],[-1,-23],[37,-45],[20,-29],[41,-51],[8,-14],[-4,-33],[-34,-71],[3,-12],[21,36],[18,19],[10,16],[18,14],[11,22],[33,49],[-7,40],[4,39],[8,8],[23,2],[25,20],[24,22],[13,32],[-4,17],[4,19],[21,23],[29,18],[19,3],[52,-3],[14,15],[15,3],[37,-11],[18,-12],[30,10],[21,28],[15,5],[38,-7],[7,-35],[8,-15],[30,-27],[10,-14],[21,-15],[19,-22],[27,-15],[25,-1],[58,-21],[35,-28],[8,-21],[21,-24],[5,-15]],[[56811,45190],[-14,-13],[-16,-1],[-6,-11],[-12,-52],[2,-18],[-12,-41],[-10,-21],[-8,-5],[1,-52],[7,-65],[5,-17],[15,-37],[-9,-47],[0,-13],[-12,-32],[-16,-16],[-11,-19],[-2,-37],[-7,-6],[-3,-33],[-5,-5],[-17,-46],[-8,-7],[-7,-21],[-11,5],[-9,-18],[-14,-2],[-10,-19],[-21,-17],[-41,-4],[-41,-2],[-7,-2],[-32,9],[-24,12],[-8,-3],[-8,-23],[-13,-18],[-5,-61],[5,-19],[-4,-26],[6,-16],[-1,-15],[-14,-35],[-4,-25],[-18,-40],[-7,-23],[1,-18],[-6,-14],[3,-55],[-9,-55],[3,-12],[-19,-22],[-7,-16],[3,-23],[10,-34],[0,-16],[7,-34],[-16,4]],[[56355,43938],[-60,88],[-84,118],[-13,20],[-23,52],[-62,203],[-20,183],[-8,18],[4,34],[-20,177],[1,38],[17,102],[11,34],[16,23],[30,21],[11,15],[-5,40],[-6,11],[-17,10],[-12,19],[-2,35],[-6,12],[-26,35],[-11,37],[-8,43],[-22,31],[-40,84],[-4,13],[-18,46],[-11,21],[-13,46],[-1,31],[-11,41],[-17,46],[-8,55],[-10,25],[0,42],[5,40],[-3,15],[-13,28],[-2,19],[-11,27],[-2,17],[10,18],[14,14],[-13,47],[-7,9],[-42,13],[-24,-3],[-15,8],[-33,46],[-12,9],[-18,-1],[-23,-30],[-9,-9],[-11,-21],[-19,-11],[-26,-10],[-15,-12],[-16,-3],[-13,7],[-17,-7],[-22,10],[-21,-3],[-21,-12],[-14,2],[-18,12],[-28,-8],[-11,-8],[-19,-26],[-13,-2],[-25,17],[-41,50],[-10,16],[-34,26],[-20,28],[-6,32],[-11,7],[-14,-15],[0,-11],[-21,-20],[-27,-4],[-30,25],[-15,6],[-11,-7],[-20,-42],[-29,-15],[-18,2],[-10,14],[-28,24],[-16,-5],[-16,7],[-21,-8],[-29,-4],[-10,11],[-14,6],[-20,1],[-22,10],[-30,3],[-19,-20],[-31,-12],[-10,1],[-27,-7],[-26,6],[-23,-16],[-12,-23],[-8,5],[-11,-18],[-13,1],[-25,14],[-8,20],[-9,3],[-3,22],[-12,11],[-11,0],[-11,18],[-13,-5],[-17,-18],[-5,-24],[-11,-23],[-9,-10],[-13,-33],[-10,-7],[-3,-16],[4,-22],[-2,-36],[-7,-15],[0,-37],[-9,-18],[3,-21],[-14,-5],[0,-18],[-8,-10],[1,-51],[-4,-18],[-12,-20],[9,-13],[-19,-54],[2,-19],[-15,-24],[-27,-24],[-12,-4],[-10,-20],[-2,-34],[-26,11],[-11,-4],[-16,11],[-28,-3],[-17,18],[-16,2],[-23,-8],[-7,-22],[-25,-7],[-2,-21],[-26,5],[-18,-20],[-14,-52],[-30,26],[-7,18],[1,175],[-3,25],[-6,20],[-35,95],[-13,32],[-53,98],[-18,39],[-15,24],[-40,53],[-6,11],[-5,28],[-31,23],[-36,32],[-22,33],[-16,14],[-43,3],[-35,9],[-15,10],[-43,56],[-27,30],[-23,13],[-3,24],[-14,23],[-18,22],[-25,15],[-21,-1],[-3,17],[-8,10],[-13,-1],[-21,10],[-25,-22],[-19,-73],[-11,-16],[-63,-16],[-78,19],[-16,13],[-12,41],[-2,54],[-8,20],[-16,15],[-19,27],[-11,0],[-10,11],[-1,15],[-26,20],[-9,-3],[-19,-26],[-37,3]],[[53157,46500],[0,252],[-2,34],[13,149],[-2,109],[-6,251],[4,80],[-3,441],[-1,235],[-4,553],[-1,205],[-2,173],[0,78]],[[53153,49060],[124,-163],[26,-30],[105,-114],[30,-27],[28,-18],[32,-13],[27,-6],[27,-1],[44,5],[134,17],[20,4],[61,36],[24,9],[17,18],[16,26],[18,5],[30,-1],[46,24],[38,3],[18,-10],[22,-23],[30,-22],[24,-15],[17,-3],[24,9],[21,-6],[45,-40],[9,-14],[5,-27],[-5,-35],[4,-57],[11,-78],[6,-14],[12,-13],[55,-38],[20,-1],[49,6],[39,2],[53,-9],[18,-2],[27,-10],[15,-23],[6,-22],[9,-14],[23,-6],[43,17],[18,-1],[30,-11],[58,7],[26,10],[14,15],[27,41],[50,32],[35,21],[25,5],[87,-1],[24,-6],[35,-21],[54,-41],[29,-10],[18,-2],[37,4],[64,24],[80,32],[47,17],[130,53],[76,29],[52,22],[21,15],[46,49],[49,51],[23,19],[33,20],[102,43],[113,45],[146,88],[67,42],[47,25],[31,3],[31,-8],[71,-14],[30,6],[30,22],[120,97]],[[59122,65970],[4,-1],[18,-34],[22,-24],[14,-9],[26,-8],[34,-1],[6,-19],[43,12],[27,0],[23,2],[29,11]],[[59079,65974],[42,0]],[[59121,65974],[1,-4]],[[59122,65970],[60,-180],[25,-79],[35,-105]],[[57349,65972],[-26,-2],[-113,1],[-68,3],[-42,24],[-16,3]],[[59218,67237],[-1,-49],[2,-48]],[[59085,67787],[0,-152],[1,-126],[-1,-89],[-1,-1],[0,-142]],[[58950,66966],[-133,0]],[[58784,66965],[42,-83],[76,-190]],[[58902,66692],[-68,0]],[[58817,66692],[-65,0],[-43,20],[-21,1]],[[57254,66363],[-99,-20],[-28,-3],[-42,0]],[[57846,67231],[-26,8],[-201,2],[-133,0]],[[57951,67419],[-289,3]],[[57686,67782],[0,-230],[-4,-33],[-20,-62],[0,-35]],[[57662,67422],[-176,0]],[[58816,67237],[1,-221],[0,-50]],[[58817,66966],[-33,-1]],[[58784,66965],[-32,60],[-23,26],[-24,18],[-17,9]],[[58688,66694],[0,-182],[2,-23],[0,-124],[-2,-34]],[[58688,67078],[-1,-113]],[[58689,67236],[-1,-110],[0,-48]],[[58688,67078],[-60,27],[-42,13],[-48,4],[-117,0]],[[58214,66697],[7,45],[0,225]],[[58422,66695],[-1,-151]],[[57085,67061],[0,114],[-1,67]],[[57084,67242],[1,45],[0,135]],[[59480,65988],[0,16],[-25,-33],[-49,-45],[-38,-27]],[[59368,65899],[-15,68],[5,47],[-8,78],[-52,129],[-17,48],[-11,14],[-14,51]],[[57085,66340],[2,-77],[-2,-28],[-2,-97],[-1,-121],[2,-16]],[[57084,66001],[-1,-22]],[[57083,65979],[-80,0],[-7,-2]],[[56789,65975],[-40,0],[2,25],[11,36],[2,22],[18,51],[7,10],[24,21],[4,19],[44,0],[77,-3],[2,102],[86,-2],[2,74]],[[58222,67249],[0,440]],[[58222,67689],[200,0]],[[58422,67418],[0,-182],[-1,-114]],[[56679,65976],[1,-61],[14,12],[49,-5],[46,6],[0,47]],[[56789,65975],[198,1],[9,1]],[[56996,65977],[6,-16],[-7,-69],[1,-18],[10,-25],[25,-50],[50,-53]],[[57083,65707],[-35,-49],[-1,-45],[35,5]],[[57082,65544],[-37,0],[-16,4],[-7,-17],[18,-26],[-24,-42],[-7,-7],[-6,-74],[-5,-15],[-70,6],[-81,-4],[-43,3],[-263,-2]],[[56541,65370],[-79,-1],[0,98],[79,0]],[[56541,65467],[59,-1],[16,17],[12,-18],[15,8],[69,-3],[161,3],[42,0],[2,41],[-16,12],[-140,86],[12,9],[-16,27],[-74,156],[-30,0],[0,-43],[26,0],[-1,-64],[-30,0],[-1,43],[-22,-2],[0,-69],[-31,0],[0,22],[-50,-1]],[[56675,65886],[6,-11],[11,0],[-2,22],[-15,-11]],[[56544,65690],[-1,-77]],[[56543,65613],[-104,1],[-143,-1]],[[56296,65613],[0,69],[-19,0],[1,205],[128,0],[17,-5],[16,2],[99,3],[0,88]],[[56538,65975],[7,0]],[[56545,65975],[95,-1],[39,2]],[[56679,65976],[-3,-46],[-10,-47],[-10,-28],[-55,-100],[-57,-18],[0,-47]],[[57298,67059],[-1,-75],[-4,-56],[-1,-230]],[[57248,66698],[-164,2]],[[57084,66700],[0,179],[-89,-2],[-48,2],[2,66],[-2,40],[11,-4],[20,-20],[36,10],[2,90]],[[57016,67061],[69,0]],[[57085,67061],[213,-2]],[[57485,67781],[0,359]],[[57841,67782],[-155,0]],[[57686,67782],[-183,-1],[-18,0]],[[56823,66505],[-23,-5],[-63,-25],[4,40],[-7,16],[-18,13],[-10,15],[-23,-2]],[[56683,66557],[0,142]],[[56683,66699],[1,58]],[[56684,66757],[31,-9],[0,-9],[32,-1],[0,9],[28,25],[39,-29],[1,-44],[69,0]],[[59486,68686],[0,-91]],[[59486,68595],[0,-91]],[[59486,68504],[-268,0]],[[59218,68504],[0,-181]],[[58950,68504],[0,-272],[-7,0],[0,-90]],[[58943,68142],[-110,-1]],[[59218,68504],[-268,0]],[[59219,68775],[-1,-271]],[[59219,68775],[-126,0],[-8,1],[-135,0]],[[58835,68503],[0,-171],[-2,-102],[0,-89]],[[58833,68141],[-145,0]],[[58950,68504],[-115,-1]],[[58835,68503],[-147,0]],[[58688,68503],[1,272]],[[58950,68776],[0,-272]],[[58563,68504],[125,-1]],[[58688,68503],[0,-201]],[[58562,68303],[126,-1]],[[58688,68302],[0,-161]],[[58950,68776],[-261,-1]],[[58689,68775],[0,272]],[[58950,69049],[0,-273]],[[58421,66965],[-1,1],[-82,0],[-117,1]],[[58222,67249],[115,-100],[23,-17],[36,-10],[25,0]],[[58421,67122],[1,-67],[-1,-90]],[[58950,69591],[120,1],[115,1],[37,-6],[-6,12]],[[59219,69048],[-129,0],[-140,1]],[[58950,69591],[0,-542]],[[58950,69049],[-248,-1],[-13,-1]],[[58699,69771],[183,2],[-1,-22],[2,-77],[0,-83],[67,0]],[[58416,68500],[24,5],[123,-1]],[[58563,68504],[-1,-201]],[[58562,68303],[-64,0],[0,39],[-65,1],[-17,-6]],[[58423,67885],[-11,7],[-19,-3],[-23,-11],[-31,-23],[-15,6],[-19,21],[-19,32],[-18,26],[-12,8],[-32,14]],[[58224,67962],[0,25],[5,20],[-1,176]],[[58229,68228],[100,0]],[[58410,68228],[0,-87]],[[58345,68500],[71,0]],[[58416,68500],[0,-163]],[[58416,68337],[-1,-59],[-5,-15],[0,-35]],[[58410,68228],[-81,0]],[[58329,68228],[13,23],[4,17],[4,85],[-3,24],[-6,12],[4,14],[0,97]],[[58689,67417],[-267,1]],[[58422,67418],[0,271]],[[58422,67689],[1,196]],[[58688,67791],[0,-8]],[[58688,67791],[-78,-2],[-10,-3],[-23,10],[-11,24],[-20,23],[-15,22],[-30,22],[-43,3],[-35,-5]],[[58423,67885],[0,78],[-2,24],[0,138],[-11,16]],[[58410,68141],[278,0]],[[58688,68141],[0,-350]],[[58287,69771],[117,0],[5,5],[66,87],[110,0],[72,-3],[17,8],[16,-2],[-4,-73],[4,-19],[9,-3]],[[58699,69771],[-6,-47],[-2,-192],[-1,-86],[1,-126]],[[58421,69320],[107,1],[163,-1]],[[58691,69320],[0,-93],[-1,-87],[-1,-93]],[[58689,69047],[-38,-6],[-25,6],[-210,1]],[[58416,69048],[0,-281]],[[58416,68767],[-193,0]],[[58223,68767],[-1,96]],[[58421,69320],[-4,-24],[-1,-248]],[[58416,69048],[-158,0],[-35,2]],[[58243,69255],[49,65],[129,0]],[[58228,68302],[1,-74]],[[58229,68228],[-1,-45]],[[58228,68183],[-65,-1],[-141,1]],[[58130,68301],[98,1]],[[58129,68501],[1,-200]],[[58130,68301],[-108,1]],[[58113,68688],[-1,-34],[18,0],[-1,-153]],[[58129,68501],[-106,2]],[[58113,68688],[-88,0],[-3,-5]],[[58223,69050],[-1,-187]],[[58222,68863],[-32,3],[-32,1],[-3,-6],[-1,-174]],[[58154,68687],[-41,1]],[[58023,68503],[-1,-201]],[[58022,68302],[0,-119]],[[58022,68183],[0,-9]],[[57863,68505],[16,-40],[83,-198],[20,-45],[19,-28],[21,-20]],[[58022,68174],[0,-32]],[[58150,69380],[6,-9],[87,-116]],[[58243,69255],[-20,-27],[0,-178]],[[58223,69050],[-9,-1],[-9,-13],[-182,-247],[-1,-67]],[[57961,68806],[-63,86],[-35,50],[-22,28],[-23,20],[-17,23]],[[58150,69380],[-16,-35],[-51,-110],[-12,-35],[-19,-22],[-54,-27],[-23,-5],[-18,-9],[-16,-16],[-34,-48],[-16,-11],[-25,-11]],[[57869,69411],[1,2],[-3,144]],[[57874,69774],[62,2],[2,22],[36,2],[5,-26],[23,0]],[[58002,69774],[35,-2],[8,15],[9,-15],[80,2],[52,-2],[-2,32],[40,4],[0,42],[-23,2],[0,34],[38,-1],[0,17],[-15,2],[2,49],[63,3],[-1,-114],[30,0]],[[58318,69842],[-16,-53],[-15,-18]],[[58287,69771],[-17,-19],[-52,-67],[-10,-9],[-11,-20],[-4,-23],[-2,-51],[-9,-37],[-5,-6],[-18,-54],[-3,-13],[3,-66],[-9,-26]],[[57684,69411],[57,0],[60,1],[68,-1]],[[57869,69411],[0,-181]],[[57683,69230],[-200,0]],[[57484,69414],[111,-2],[89,-1]],[[57684,69411],[-1,-30],[0,-151]],[[57618,68139],[-41,-5],[-52,5],[-40,1]],[[57085,68374],[0,135]],[[57085,68509],[0,90]],[[57085,68599],[198,0]],[[57333,68659],[-16,0],[-1,30],[-33,0],[0,272]],[[57483,69230],[0,-269]],[[57483,68961],[-200,0]],[[57283,68961],[0,273]],[[59751,69956],[238,-1],[31,-3]],[[60021,69729],[1,-172]],[[58815,67418],[1,-181]],[[58816,67237],[-127,-1]],[[58689,67236],[0,136]],[[57084,69412],[1,173]],[[57484,69603],[-1,-159],[1,-30]],[[57484,69770],[1,76]],[[57485,69846],[11,1],[11,-13],[14,0],[8,12],[10,0],[-7,-25],[14,-5],[1,-42],[205,-1]],[[57752,69773],[91,-1],[31,2]],[[57874,69774],[0,-212],[-7,-5]],[[57867,69557],[-57,27],[-23,-1],[-22,-6],[-23,-1],[-43,7],[-38,2],[-91,1],[-17,2],[-47,13],[-22,2]],[[59219,68142],[-1,34],[0,147]],[[59218,68323],[8,-1],[259,0]],[[59485,69954],[2,301],[0,64],[19,-1],[245,2],[0,-364]],[[59751,69956],[-5,-18],[-2,-157],[0,-48],[8,-323],[0,-21],[270,-41]],[[60291,69307],[2,-22],[-4,-58]],[[60289,69227],[-67,0],[1,-74],[-66,27],[-268,35],[-2,-21],[-2,-188],[3,-48],[74,-35],[43,-12],[1,-17],[18,-10],[0,-13]],[[60024,68871],[-70,3],[-69,0],[-132,-3]],[[59753,68871],[-101,0],[-103,-2],[4,-129],[-2,-55],[-65,1]],[[57485,66698],[1,225],[0,138]],[[57486,67061],[147,1],[184,-4],[6,8]],[[57484,69770],[0,-167]],[[57484,69603],[-41,-6],[-62,-16],[-21,-2],[-38,5],[-100,0],[-17,5],[-42,30],[-20,3],[-28,-13],[-30,-24]],[[57085,69585],[0,7],[-135,1]],[[56950,69593],[0,84],[-4,22],[-30,0],[-1,40],[8,0],[0,34],[18,0],[0,-24],[20,0],[6,24],[117,0]],[[57084,69773],[266,2],[-1,18],[39,2],[28,-2],[-1,-19],[21,-3],[48,-1]],[[61089,69284],[0,131]],[[61356,69235],[-139,0],[-1,50],[-63,5],[-64,-6]],[[61356,69235],[0,156],[-2,16],[-8,26],[-27,51],[-5,20],[0,23],[13,41]],[[61625,69540],[-1,-312],[-29,5],[-239,2]],[[57484,69414],[-1,-22],[0,-162]],[[57483,69230],[-134,7],[-66,-3]],[[57283,69234],[-51,-1],[-148,-2]],[[57084,69231],[0,181]],[[57084,69412],[133,0],[17,3],[116,1],[134,-2]],[[57618,68139],[2,46],[-4,19],[-11,27],[-4,15],[0,124],[-3,31],[-12,52],[1,20],[8,40]],[[57841,68505],[0,-43],[-1,-278],[1,-21]],[[57484,68415],[1,-275]],[[57485,68140],[-94,0],[-30,3],[-80,1]],[[57484,68415],[-26,-16],[-31,-10],[-29,-5],[-17,-9],[-19,7],[-12,17],[-6,-2],[-10,-23],[-16,-16],[-22,-8],[-13,9]],[[57283,68359],[0,240]],[[57283,68599],[50,-1],[0,61]],[[57333,68659],[151,0]],[[57484,68659],[0,-244]],[[61225,69957],[100,1],[111,-1],[46,2],[55,-2],[90,0],[-1,-218],[-1,-199]],[[61625,69540],[-69,1],[-22,-5],[-20,-11],[-17,-2],[-82,0],[-25,7],[-63,38]],[[61327,69568],[-20,12],[-36,9],[-182,-1]],[[61089,69956],[20,-3],[82,1],[34,3]],[[60407,69952],[148,2]],[[58817,67779],[0,6],[83,1],[50,-1]],[[58950,67785],[1,-136],[8,-28],[0,-179],[-6,-33]],[[58951,67401],[-22,22],[-58,-4]],[[58950,67785],[1,241],[-8,24],[0,92]],[[58943,68142],[276,0]],[[59219,68142],[-2,-20],[0,-134],[-2,-19],[0,-105],[3,-29],[0,-51]],[[59218,67784],[-43,3],[-90,0]],[[59085,67787],[-85,0],[-50,-2]],[[59485,69954],[4,0],[39,-191],[-6,-339],[-5,-18],[-28,-150],[-9,-9],[-24,0],[-9,-35],[-1,-27],[-7,-4],[-35,0],[-2,-218],[-2,-2],[0,-96],[4,-56],[8,-15],[65,-82],[9,-26]],[[59486,68686],[-201,0],[1,89],[-67,0]],[[59219,68775],[0,273]],[[59219,69048],[-1,142],[0,147],[-1,41],[0,101],[6,28],[8,20],[21,37],[13,31],[-32,-4],[-17,8]],[[59216,69599],[-3,35],[0,47],[6,24],[0,104],[-1,55],[-1,92]],[[59217,69956],[44,-1],[1,69],[49,1],[1,-70],[20,-1],[153,0]],[[60822,69952],[32,4],[134,-1],[42,2],[59,-1]],[[61089,69956],[0,-368]],[[61089,69588],[0,-173]],[[61089,69415],[-138,-5],[1,-78],[-401,-5]],[[60553,69591],[1,323],[1,40]],[[60555,69954],[267,-2]],[[57683,69230],[186,0]],[[57869,69230],[-1,-82],[0,-55],[-2,-42]],[[57866,69051],[-35,-25],[-30,-13]],[[57801,69013],[-15,-19],[-23,-43],[-5,-19],[-32,-63]],[[57662,68883],[53,68],[-31,44],[0,54],[-1,181]],[[57484,68659],[-1,133],[0,169]],[[57483,68961],[56,-1],[11,-10],[67,-44],[17,-5],[28,-18]],[[57662,68883],[14,-9],[32,-27]],[[57611,68584],[-23,41],[-15,34],[-23,3],[1,27],[-44,0],[-1,-30],[-22,0]],[[57486,67422],[0,-181]],[[57486,67241],[0,-180]],[[57486,67061],[-149,-2],[-39,0]],[[57298,67059],[-11,37],[-1,18],[1,308]],[[58023,68503],[-17,11],[-11,0],[-11,-11],[-121,2]],[[57837,68638],[124,168]],[[57961,68806],[61,-84]],[[58022,68722],[0,-39]],[[58022,68683],[1,-180]],[[60354,69821],[67,-23],[-14,-69],[40,-14],[-18,-66],[72,-36],[3,7],[22,-20],[27,-9]],[[60553,69591],[-2,-175]],[[60248,69605],[43,109]],[[60291,69307],[-269,41]],[[60022,69348],[0,209]],[[60022,69557],[11,-1],[46,-25],[9,-8],[37,-43],[19,30],[40,17],[39,30],[10,11],[15,37]],[[60248,69605],[34,-26],[44,-66],[14,-40],[10,2],[60,0],[12,-4],[106,-52],[23,-3]],[[60551,69416],[0,-89]],[[60551,69327],[-261,0],[1,-20]],[[57358,66343],[-40,24],[-15,3],[-21,-1],[-28,-6]],[[57254,66363],[-7,53],[-9,36],[-20,51],[-3,21],[0,61],[5,17],[23,53],[5,18],[0,25]],[[57248,66698],[44,0]],[[57292,66698],[72,-1],[121,1]],[[57485,66698],[-1,-272]],[[57837,68638],[2,-49],[8,-29],[16,-55]],[[57863,68505],[-22,0]],[[57841,68505],[-57,-1],[-33,3],[-156,6]],[[57595,68513],[16,71]],[[57611,68584],[0,17],[13,128],[23,39],[17,16],[18,29],[26,34]],[[57708,68847],[12,20],[6,2]],[[57726,68869],[5,-32],[13,-18],[73,-98],[10,-22],[9,-33],[1,-28]],[[57486,67601],[0,-179]],[[57486,67422],[-100,-1],[-49,11],[-17,-10],[-33,0]],[[56823,66505],[-2,17],[15,42],[8,30],[22,-6],[18,0],[0,111]],[[56884,66699],[200,1]],[[57084,66700],[1,-360]],[[57085,66340],[-56,0],[-1,-10]],[[57028,66330],[-19,0],[1,-32],[-5,-7],[-47,0],[-7,-20],[-19,-3],[0,-23],[-101,1],[1,22],[12,-2],[28,49],[12,10],[5,21],[-1,74],[-53,1],[-1,64],[-9,3],[-2,17]],[[56938,66330],[0,-14],[14,0],[0,15],[-14,-1]],[[59178,66965],[-228,1]],[[58950,66966],[1,149],[-2,123],[1,154],[1,9]],[[58951,67401],[2,8]],[[58953,67409],[18,-18],[28,-23],[24,-32],[25,-26],[9,-2],[27,-31]],[[59084,67277],[21,-17],[29,-38],[23,-21],[11,-5],[36,-44],[15,-12]],[[59219,67140],[0,-15]],[[57951,67419],[2,57],[-12,36],[-24,53],[-30,48],[-13,35],[-16,73],[-17,61]],[[57841,67782],[-20,71],[-13,41],[-13,20],[-47,52],[-36,65],[-12,14],[-29,12],[-14,11],[-33,35],[-7,16],[1,20]],[[57618,68139],[55,5],[38,2],[37,-6],[5,6],[81,0],[7,17]],[[57841,68163],[0,-19],[181,-2]],[[58022,68142],[0,-117],[-2,-244]],[[58020,67781],[-1,-90],[2,-92],[1,-180]],[[57084,67967],[0,179]],[[57281,68144],[0,-69],[-4,0],[0,-292]],[[57084,67786],[0,181]],[[57085,68374],[25,1],[5,10],[15,-5],[14,6],[12,-6],[9,4],[8,-10],[42,-2],[7,4],[23,0],[4,-23],[17,-2],[1,11],[16,-3]],[[57283,68359],[-2,-37],[0,-178]],[[57281,68144],[-110,0],[-22,2],[-65,0]],[[57084,68146],[1,182],[-33,0],[-1,47],[34,-1]],[[60354,69821],[-8,-47],[-5,-11],[-39,-28],[-11,-21]],[[60291,69714],[-81,58],[-25,1]],[[60186,69949],[91,-2],[17,4],[113,1]],[[60407,69952],[0,-47],[-4,-13],[-41,-49],[-8,-22]],[[60020,69952],[24,-1],[142,-2]],[[60186,69949],[-1,-13],[-2,-160],[2,-3]],[[60185,69773],[-11,-4],[-31,-34],[-13,-5],[-109,-1]],[[60021,69729],[-1,223]],[[57486,67601],[-2,2],[-132,0],[-8,-1],[-58,0]],[[57277,67783],[86,0],[70,-2],[52,0]],[[57485,67781],[1,-180]],[[57084,67584],[0,202]],[[57084,67786],[193,-3]],[[57277,67783],[1,-122]],[[57084,67584],[23,1],[22,24],[24,2],[75,-2],[1,-7],[49,59]],[[57278,67661],[0,-55],[8,-4]],[[57286,67602],[1,-180]],[[57287,67422],[-67,-1],[-135,1]],[[57085,67422],[-1,162]],[[58422,66695],[-1,270]],[[58421,66965],[22,1],[180,0],[3,-2],[61,1]],[[58687,66965],[1,-252]],[[58688,66713],[0,-19]],[[58688,66694],[-73,0],[-28,-14],[-25,1],[-18,13],[-122,1]],[[58022,67419],[66,0],[0,14],[34,-51]],[[58122,67382],[61,-94],[14,-17],[25,-22]],[[58222,67249],[-1,-282]],[[58221,66967],[-101,1],[-100,-1]],[[58020,66967],[0,-270]],[[57844,66702],[-27,-5],[39,30],[17,85],[-1,154],[-11,45],[-7,10],[-23,16],[-8,29]],[[57823,67066],[0,18],[19,125],[4,22]],[[57846,67231],[4,15],[26,28],[27,19],[18,17],[9,16],[8,27],[13,66]],[[57951,67419],[71,0]],[[58022,67419],[-2,-325],[0,-127]],[[59747,66513],[0,-24]],[[59747,66489],[-1,-77],[-4,-28],[-12,-27],[-23,-20],[-14,-5],[-105,0]],[[59550,66332],[-66,1]],[[59563,66603],[6,-16],[17,7],[23,-5],[25,12],[8,-7],[18,2],[36,-19],[15,-17],[10,-37],[26,-34]],[[59200,66696],[18,0]],[[59407,66615],[62,-87],[17,-28],[-2,-167]],[[59484,66333],[-228,1]],[[59256,66334],[-24,92],[-14,19],[-1,30],[-8,20],[0,15],[18,8],[2,61],[-1,50],[-22,40],[-6,27]],[[59618,67728],[68,28]],[[59619,67506],[0,-53]],[[59217,67466],[1,134],[0,184]],[[59218,67784],[2,2],[144,-1],[6,3]],[[59619,67506],[-26,1],[-22,-4],[-43,46],[-18,6],[-22,12],[-86,26],[6,17],[0,21],[-7,20],[-15,16],[-11,33],[-6,66],[1,22]],[[59370,67788],[15,-11],[78,-84],[27,-15],[13,2],[115,48]],[[59618,67728],[1,-222]],[[60329,68507],[67,1],[76,-4],[76,0]],[[60548,68504],[1,0]],[[60019,67056],[1,362]],[[59608,65248],[134,0]],[[61725,48968],[40,-48],[13,-24],[24,-51],[14,-38],[11,-42],[-9,-12],[-12,-5],[-7,-17],[-11,-2],[-4,-27],[-18,10],[-19,-31],[-14,-1],[-6,-8],[-3,-18],[-13,-10],[-17,-25],[-10,3],[-2,20],[-12,-13],[-24,-17],[-4,-32],[-18,-8],[-9,23],[-25,-24],[-13,-4],[-24,17]],[[61524,45696],[-18,-43],[-5,-62],[-1,-59],[1,-66],[-3,-23],[-37,-99],[-4,-5]],[[62204,46766],[-4,-79],[9,-24],[3,-34],[11,-21],[0,-195],[-35,-1],[0,-21],[-42,0]],[[61307,48506],[-32,-3],[-24,-9],[-11,-8],[-19,48],[-4,33],[0,57],[-7,31],[-12,20],[-37,33],[-16,19],[-20,40]],[[63364,38089],[-66,1],[-155,-3],[-48,1],[-553,-13],[-202,-5],[-322,3],[-158,0]],[[60909,50914],[-69,-1],[-6,-1],[-127,-86],[-1,-94],[-36,2],[-93,-1],[-36,-3],[-112,2],[-45,-1],[-27,-13],[-26,-17],[-17,3],[-5,13],[2,22],[-6,14],[-13,2],[-44,-26]],[[66574,46020],[-4,491],[0,68],[2,191],[1,159],[2,367],[0,97],[2,471],[2,279],[3,398],[4,361]],[[71328,48582],[-9,-578],[-4,-207],[-4,-226],[-5,-360],[-7,-364],[-1,-65]],[[71298,46782],[1,-116],[3,-287],[2,-321],[4,-715],[2,-301],[1,-231],[2,-178],[-1,-8],[6,-88],[-2,-59],[4,-414],[10,-537],[2,-180],[10,-545],[7,-371],[-15,0],[-3,-317],[-2,0],[-5,-698],[0,-18],[-5,-355],[-1,-342],[-2,-244],[-2,-495],[2,-68],[2,-134],[1,-175],[-3,-164],[0,-467],[1,-52],[-2,-191],[1,-285],[1,-105],[0,-105],[1,-55],[3,-17]],[[71321,38144],[-265,0],[-14,1],[-142,0],[-96,-11],[-163,-3],[-133,-1],[-190,-2],[-63,2],[-197,-1],[-108,-2],[-33,5],[-99,5],[-84,4],[-131,-2],[-271,-9],[-812,-13],[-344,-5],[-71,0],[-269,-3],[-227,-1],[-171,-2],[-395,-2],[-182,-2],[-122,-3],[-89,3],[-148,-1],[-56,1],[-59,-3],[-150,0],[-33,-3],[-139,-3],[-81,-1],[-114,3],[-102,-1],[-79,0],[-103,-2],[-104,1],[-92,-1],[-139,-1],[-91,-2],[-131,-4],[-70,-3],[-458,-2],[-491,4],[-94,-1],[-246,1],[-185,8],[-121,-3]],[[63364,38089],[-24,67],[-10,2],[-13,18],[-9,24],[-20,19],[-21,26],[-12,33],[-2,41],[-10,68],[-9,22],[-8,29],[0,39],[13,30],[-11,48],[3,29],[7,21],[5,65],[-6,41],[-10,37],[-3,65],[-9,24],[-9,10],[-37,-1],[-10,7],[-6,24],[6,31],[12,21],[9,49],[10,17],[11,26],[20,31],[9,31],[-5,17],[-10,18],[-22,21],[-16,10],[-17,3],[-4,42],[9,9],[11,-7],[8,23],[-10,21],[-8,2],[-26,-17],[2,26],[-6,12],[-16,-4],[-4,16],[-8,9],[15,37],[11,8],[2,12],[-7,20],[-17,4],[-14,-3],[-4,21],[10,12],[-1,10],[-16,7],[-15,32],[-9,35],[0,14],[23,10],[14,-4],[7,-10],[11,11],[-5,33],[8,93],[-26,42],[1,26],[-4,22],[3,42],[-8,3],[-34,-1],[-3,10],[12,34],[-9,3],[-17,-9],[7,40],[-4,31],[-13,1],[-6,15],[7,38],[20,19],[15,-4],[11,5],[-4,15],[-18,2],[-11,8],[27,12],[10,15],[12,-10],[7,18],[-13,20],[8,19],[14,-6],[19,7],[-12,17],[7,18],[1,18],[8,5],[11,-8],[7,4],[6,28],[-15,-7],[-1,14],[14,39],[13,-1],[4,-13],[28,20],[2,44],[32,19],[9,-7],[4,-19],[20,13],[-14,42],[-12,8],[-7,26],[-17,41],[-4,20],[10,32],[16,23],[12,37],[22,41],[25,7],[23,-10],[18,24],[16,11],[35,28],[1,12],[-8,55],[9,32],[12,17],[-3,29],[-10,21],[0,13],[12,15],[-4,33],[6,20],[-1,32],[5,24],[10,3],[4,21],[27,-8],[11,2],[13,19],[9,3],[16,30],[1,12],[-13,5],[-3,15],[5,13],[17,12],[-7,19],[-21,7],[-11,18],[4,27],[-2,35],[-12,30],[-24,-5],[5,-31],[-8,-3],[-11,17],[-3,14],[-16,41],[-15,10],[-28,-19],[-15,4],[-10,20],[-6,1],[-12,-17],[-22,3],[-4,16],[8,43],[9,12],[20,11],[-2,22],[-14,24],[-5,18],[-26,29],[-30,6],[-2,-26],[-13,5],[-13,15],[-4,15],[9,23],[17,11],[-7,16],[-17,11],[-34,4],[0,11],[25,20],[-2,23],[-14,8],[6,57],[-15,36],[13,28],[-5,36],[-13,-4],[-3,13],[15,24],[-11,22],[1,20],[14,18],[14,-21],[14,18],[-9,28],[4,28],[-4,29],[11,15],[13,35],[5,30],[-1,25],[-12,16],[-5,25],[20,-8],[5,11],[0,42],[-5,10],[-20,16],[3,17],[16,18],[6,77],[13,-16],[7,-1],[30,22],[7,19],[-10,26],[-11,10],[-5,14],[-12,-12],[-10,20],[1,17],[-14,27],[-19,45],[-1,15],[-9,19],[-28,15],[-10,16],[-4,24],[-22,26]],[[62112,50010],[184,0],[172,2],[139,-1],[168,3],[51,0],[53,2],[155,2],[24,-1],[112,1],[0,-181],[108,1],[136,2],[19,-9]],[[62102,48577],[1,73],[4,336],[1,356],[2,149],[0,42],[1,115]],[[61833,46862],[-1,-79]],[[61717,46042],[-26,16],[6,8],[0,367],[-28,-21],[-26,1],[-87,7],[-257,0]],[[60248,50729],[24,-82],[41,-117],[42,-131],[95,-288],[28,-104],[40,-2],[-1,-148],[1,-33],[54,-226],[25,-105],[19,-48],[30,2],[42,22],[28,2]],[[60192,48913],[-22,94],[-3,27],[1,28],[-9,16],[-14,224],[12,13],[11,29],[17,88],[3,25],[21,116],[2,46],[-19,241],[-4,25],[-17,48],[-69,195],[-11,6],[-71,-47],[-61,-50],[-86,-55],[-24,-5],[-72,-1],[-117,9],[-26,-4],[-43,-17],[-177,-63],[-20,4],[-8,8],[-8,31],[7,49],[-1,18],[-11,20],[-14,8],[-38,1],[-25,15],[-11,19],[-7,101],[-26,44],[-8,19],[-38,-14],[-17,-15]],[[60080,51107],[31,-1],[119,-343],[12,-16],[6,-18]],[[62046,43503],[2,-20],[24,-7],[4,-25],[-24,-37],[-9,-19],[-9,-4],[-14,6],[-5,-9],[-3,-30],[1,-23],[-5,-21],[5,-12],[10,13],[18,-19],[35,-2],[15,-13],[-6,-13],[-3,-23],[-27,-2],[5,-53],[-18,-1],[-14,-8],[-4,24],[1,41],[-14,10],[-7,20],[-9,-8],[2,-32],[-12,-14],[-16,-8],[-2,16],[-65,-1],[0,-55],[7,-15],[44,-13],[4,-24],[-4,-11],[-33,-52],[-3,-27],[22,-72]],[[62185,43503],[-139,0]],[[62046,43503],[-40,-2],[-26,-12],[-36,11],[-220,1],[-32,0],[-13,-13]],[[62146,46391],[0,-42],[-3,-12],[-13,-25],[-4,-25],[0,-71],[-10,-22],[-23,-14],[4,-17],[-2,-42],[0,-85]],[[61822,46036],[0,199],[1,43],[7,52],[1,22],[1,323],[0,108]],[[61832,46783],[68,-1],[20,-17],[68,-172],[49,-50],[67,-1],[10,-49],[8,-21],[20,-33],[3,-10],[1,-38]],[[59236,46756],[-21,6],[-15,-25],[-2,-13],[13,-29],[9,-11],[-2,-16],[-29,44],[-10,37],[-10,10],[-23,-2],[-128,-5],[-66,3],[-40,-1],[-70,-6],[-130,4],[-13,-356],[-5,-75],[0,-284],[-8,-33],[8,-53],[8,-15],[31,2],[8,-16],[-9,-16],[7,-14],[28,2],[20,-12],[23,-18],[22,-7],[10,9],[24,40],[7,65],[-7,11],[13,18],[8,21],[9,5],[3,20],[-12,9],[-20,22],[-3,13],[-19,25],[-11,3],[1,22],[34,30],[-10,17],[-22,22],[-27,21],[9,24],[31,-12],[6,-11],[16,-10],[24,14],[16,-29],[15,-12],[5,-32],[0,-15],[-14,-24],[13,-14],[20,-8],[12,2],[15,-14],[15,0],[6,-26],[-1,-44],[8,-13],[0,-30],[-17,-5],[0,-17],[10,-9],[20,-9],[30,19],[18,8],[22,-4],[12,2],[12,14],[31,17],[10,12],[29,57],[19,46],[30,30],[10,31],[21,7],[37,55],[8,21],[5,-34],[-13,-40],[1,-33],[5,-6],[15,2],[15,36],[17,32],[31,44],[9,25],[13,49],[18,78],[16,21],[-4,24],[-34,15],[-2,9],[104,-32],[75,-22],[21,-9],[24,-16],[17,-22],[17,-28]],[[58712,44866],[0,121],[-134,4],[-412,11],[-120,4],[-211,-6],[-8,-2],[-60,2],[-81,-10],[-61,-1],[-140,2],[-78,2],[-322,50],[-270,6],[-4,141]],[[56811,45190],[-1,84],[2,67],[10,208],[57,987],[-4,17],[8,61],[-3,13],[4,66],[9,105],[370,-11],[168,-4],[3,65],[-1,112],[8,960],[1,28],[3,359],[1,68],[5,53],[6,32],[-5,69],[-5,169],[2,163]],[[57449,48861],[1,111]],[[57450,48972],[2,345],[1,79],[2,289],[-37,351],[3,15],[3,45],[6,57],[-2,37],[7,53],[2,49],[8,86],[2,59],[2,101]],[[61939,42960],[76,2],[81,0]],[[62123,42274],[-2,-26],[-14,0],[0,-97],[-55,-1],[0,-89],[-5,-40],[-17,-68],[-14,-32],[-28,-26]],[[61737,43377],[30,-62],[57,-105],[35,-77],[-1,-8],[16,-45],[36,-122],[29,2]],[[59121,53288],[103,-1],[53,1],[255,0],[34,-1],[166,1],[48,-1]],[[59958,51463],[23,-64],[99,-292]],[[60080,51107],[-78,3],[-30,-1],[-37,-5],[-714,-4],[-37,-1],[-53,9],[-1,-47],[-14,0],[2,-83],[0,-101],[6,-125],[67,-3],[0,-21],[10,-203],[0,-95],[-3,-95],[-9,-126]],[[59189,50209],[-1,-217],[134,5],[2,-99],[2,-70],[-128,-6],[5,-97],[10,-170],[135,31],[9,3],[-25,-175],[-5,-36],[-2,-30],[1,-429],[61,-1]],[[59569,46754],[-5,33],[-23,26],[-14,70],[-10,33],[1,31],[-12,29],[-2,-22],[-12,-19],[-11,-23],[-4,-23],[3,-39],[-2,-12],[-18,-37],[-9,-26],[-16,-21],[-17,-4],[-13,-16],[-8,13],[-15,-16],[-24,-17],[-55,-2],[1,-12],[-10,-22],[0,-12],[-13,-13],[-9,34],[-5,9],[-13,-12],[-7,3],[6,44],[-17,25]],[[59236,46756],[11,37],[2,27],[7,20],[-1,30],[17,2],[0,22],[6,31],[15,17],[18,33],[15,18],[-8,13],[-15,1],[-10,23],[13,39],[7,10],[11,29],[-6,25],[8,21],[8,51],[10,45],[-1,60],[15,37],[-6,22],[-11,-1],[-8,-16],[-48,6],[7,28],[-10,15],[2,26],[18,-6],[1,10],[-29,10],[-7,-25],[-11,-6],[-24,8],[-8,31],[-15,1],[-36,18],[3,-26],[-37,18],[-5,-6],[3,-21],[6,-14],[-4,-14],[-11,4],[-11,-12],[-15,2],[-4,-6],[-23,2],[6,21],[17,33],[1,45],[14,12],[-3,36],[17,-2],[16,4],[11,-8],[4,12],[-27,26],[-9,22],[-5,-22],[-9,1],[-12,12],[-20,0],[-8,19],[1,20],[-5,16],[-17,31],[-16,-16],[-7,0],[-13,34],[-18,22],[-7,21],[-22,-11],[-10,2],[-12,13],[-2,37],[7,9],[7,-30],[10,1],[4,23],[-31,40],[-14,3],[-32,31],[-29,-3],[-4,26],[-22,41],[-15,43],[-6,9],[-21,8],[-18,-8],[-6,-11],[-8,5],[-14,40],[-13,-15],[-17,6],[-18,-3],[-21,8],[-10,-32],[-13,-11],[-8,-16],[-57,-19],[-13,14],[-16,-36],[-15,-2],[-5,14],[-14,24],[-5,20],[-14,6],[-21,1],[0,11],[18,13],[5,25],[-25,18],[-22,0],[-33,8],[-29,40],[-6,21],[13,28],[2,35],[15,13],[13,25],[9,59],[-22,6],[-19,27],[7,15],[-4,33],[-11,3],[-13,-5],[-4,10],[11,20],[-6,32],[2,38],[12,29],[7,34],[-13,22],[1,43],[-27,36],[-9,33],[-27,6],[-7,9],[-25,44],[-8,18],[1,25],[-23,42],[-19,17],[-5,-2],[-8,-25],[-40,9],[-10,8],[-42,52],[-17,4],[-34,-13],[-25,16],[-6,15],[-2,29],[-25,22],[-7,15],[-5,49],[-11,18],[-31,13],[-20,-5],[-10,7],[-17,35],[-16,6],[-8,12],[-8,37],[-31,13],[-17,-2],[-14,29],[-32,36],[-4,13],[3,32],[-4,13],[-16,16],[-7,62],[-11,20],[-28,62],[-17,12],[-7,16],[-5,61],[-11,43],[-7,15],[-24,26],[-29,23],[-16,20],[-18,17],[-9,22],[-78,194],[-18,47],[-12,47],[5,69],[22,32],[12,32],[44,57],[21,4],[11,7],[21,48],[5,19],[3,46],[-23,32],[5,23],[12,13],[37,72],[3,28],[-8,58],[-2,32],[3,26],[10,53],[-3,27],[6,19],[0,15],[-9,38],[-12,-14],[6,-11],[-4,-56],[-8,-34],[-19,-7],[-46,19],[-15,2],[-31,22],[-11,-2],[-11,-13],[-39,-21],[-29,-30]],[[57449,50538],[0,28],[5,60],[2,82],[3,87],[-4,79],[1,87],[-7,100],[0,33]],[[57449,51094],[-2,56],[-4,61],[0,109],[-6,115],[-3,131],[-8,94],[-1,98],[-3,62],[-7,89],[-2,87],[-5,58],[2,62],[-4,61],[2,28],[-13,138],[3,149],[-7,95],[-1,63],[-6,68],[-5,77],[0,92],[-3,70],[-2,63],[2,99],[-5,48],[-6,121]],[[57365,53288],[57,0]],[[57422,53288],[413,2],[95,0],[701,-2],[490,0]],[[61487,43849],[75,75],[3,8],[0,211],[-7,53],[0,87],[1,18]],[[61788,44040],[-25,-69],[-43,-33],[-13,-5],[-22,-18],[-13,-17],[-7,-42],[-15,-18],[19,-30],[14,-13],[1,-11],[-114,1],[-5,-1],[-28,-29]],[[61524,45696],[-101,0]],[[61432,46054],[123,1],[33,-2],[129,-11]],[[61717,46042],[49,-6],[56,0]],[[61765,45678],[-175,17],[-66,1]],[[61299,46053],[61,0],[72,1]],[[61432,46054],[1,-53],[32,-33],[6,-12],[-1,-21],[-18,-46],[-23,-36],[-5,-15],[-1,-142]],[[61423,45696],[-125,1]],[[61833,46862],[-24,-4],[-19,-17],[-32,-53],[-28,-27],[-13,-3],[-108,0]],[[61567,47202],[-1,-92],[-5,-26],[-13,-31],[-3,-24],[12,-111],[4,-23],[25,-18],[10,-17],[3,-44],[15,-23],[-5,-35]],[[61609,46758],[-42,-3],[-10,14],[-78,-1],[-7,-6],[-12,-54],[-25,8],[-60,0],[0,13],[-10,11],[-5,23],[-13,-6],[-46,-1]],[[61834,46904],[-81,-12],[-28,-26],[-19,-3],[-21,15],[-14,4],[-19,20],[-11,27],[-2,21],[-8,31],[3,32],[14,16],[13,23],[9,46],[0,32],[6,18],[15,15],[2,17]],[[61298,45697],[0,-48],[-1,-190],[0,-51]],[[60499,48586],[24,-25],[32,52],[-5,77],[-3,66],[12,2],[48,66]],[[61047,48599],[1,-37],[123,-1],[6,-3],[-1,-125],[-57,-43],[-15,-7],[-57,-1],[0,-80]],[[60348,47919],[6,14],[1,23],[-14,52],[-32,61],[-10,22],[2,23],[-7,49],[-25,63],[-15,44]],[[59257,48794],[0,41],[82,0],[42,34],[6,49]],[[59387,48918],[71,-1],[550,7],[79,0],[89,-5],[16,-6]],[[60192,48913],[14,-12],[53,-36],[25,-30],[141,-150],[74,-99]],[[60499,48586],[10,-114],[2,-54],[-2,-38]],[[61836,47400],[36,1],[22,10],[88,91],[18,18],[13,6],[22,0],[21,12],[62,74],[21,13],[26,1]],[[60989,66332],[-171,0]],[[60736,44426],[5,20],[-11,21],[0,38],[8,17],[-1,11],[-18,16],[0,63],[8,19],[-24,25],[28,29],[1,25],[13,34],[-38,39],[-32,47],[-10,-11],[-20,-9],[-10,-13],[1,-44],[-13,-17],[-31,3],[-20,-3],[-15,-9],[-29,-30],[-19,1],[-35,19],[-31,24],[-26,24],[-17,25],[-21,7]],[[62162,42781],[-62,0],[-3,22],[1,89],[-2,70]],[[62096,42962],[3,65],[13,71],[30,136],[41,187],[2,82]],[[62185,43503],[45,1]],[[60376,45202],[-1,29],[-1,205]],[[60728,44966],[-25,-6],[-88,-2],[-34,0],[-12,4],[-84,42],[-23,8],[-35,2],[-50,-15]],[[61300,46541],[-1,-121]],[[61299,46420],[-1,-231],[1,-24],[-2,-51],[2,-61]],[[61298,44609],[95,1]],[[62364,44092],[0,-41],[-1,-87],[1,-87],[-1,-96],[1,-96],[-1,-179],[-43,-2],[-90,0]],[[62230,43504],[-18,96],[-15,46],[-21,63],[-22,33],[-108,76],[-12,0],[-33,-9],[-11,-1],[-16,25],[-7,33],[0,179],[-129,-2],[-18,-7],[-32,4]],[[61788,44040],[-18,7],[-15,13],[-22,26],[-49,51],[-18,27],[-10,19],[-28,45],[-14,10],[-51,61],[-4,2]],[[61559,44301],[-19,19],[-136,0],[-115,-1]],[[61037,46329],[-1,-225],[0,-45]],[[60774,46236],[0,-150]],[[60548,46248],[-3,-207]],[[60446,46323],[-8,-277]],[[60232,46330],[18,-110],[12,-106],[-4,-128]],[[60193,45767],[-30,23],[-15,25],[-34,30]],[[60607,48824],[24,25],[68,81],[16,19],[-1,72]],[[61203,48976],[-1,-75],[-6,-40],[-8,-22],[-18,-30],[-45,-42]],[[61125,48767],[-48,-44],[-13,-31],[-7,-48],[-9,-27],[-1,-18]],[[61047,48599],[-43,1],[-19,10],[-40,41],[-19,9],[-112,0],[-37,18],[-22,5],[-55,5],[-20,-7],[-12,34],[-37,70],[-24,39]],[[60397,46326],[-45,3],[-15,7],[-37,2],[-38,-2],[-30,-6]],[[60202,46579],[48,-1],[11,32],[16,23],[4,13],[6,75],[-3,21],[117,82],[12,5]],[[60549,46317],[-103,6]],[[60446,46323],[-49,3]],[[60397,46326],[8,246]],[[60274,67418],[-254,0]],[[62165,47626],[0,133],[5,21],[11,24],[6,20],[1,42],[-24,-2],[-25,-13],[-26,-1],[-20,4]],[[62257,48579],[131,0],[40,-3]],[[62361,47582],[-85,-1],[-20,3],[-16,12],[-11,14],[-24,15],[-40,1]],[[61725,48968],[-19,-26],[-16,-14],[-19,-7],[-114,0]],[[61400,48972],[-21,4],[-176,0]],[[61180,49659],[19,-33],[53,-39],[21,-25],[64,-85],[43,-71],[46,-52],[40,-59],[49,-69],[23,-19],[83,-112],[58,-68],[46,-59]],[[61437,48142],[-24,22],[-30,45],[-7,18]],[[62047,48575],[55,2]],[[62102,48577],[111,2],[44,0]],[[62257,48579],[0,-86],[10,-4],[-1,-89],[-11,-1],[-1,-27],[-6,-12],[-2,-53],[2,-14],[-32,2],[-21,-12],[-5,-27],[7,-26],[-19,-30],[1,-21],[8,-3],[2,-15],[-17,-13],[1,-22],[7,-28],[-5,-35],[-4,-11],[3,-18],[-7,-23],[-12,-18],[-16,-7],[1,-24],[5,-32],[-14,-18],[-30,-32],[-8,-26]],[[62093,47854],[-22,4],[-15,-5],[-105,-58],[-25,1],[-57,31],[-30,3]],[[61839,48112],[0,95]],[[61552,48561],[113,0],[16,1],[171,-2],[127,7],[68,8]],[[62047,48575],[-14,-23],[-45,-91],[-82,-192],[-29,-68],[-19,6],[-19,0]],[[61839,48207],[-22,2],[-8,6],[-47,70],[-19,8],[-52,-4],[-60,-12],[-12,1],[-19,13],[-42,42],[-53,20],[-10,-2],[-45,-24],[-7,-6],[-50,-83],[-17,-11]],[[61358,48309],[-8,35],[-3,27],[-6,29],[-30,78],[-4,28]],[[61307,48506],[2,23],[11,32],[1,85],[14,28],[10,32],[12,19],[25,84],[3,21],[1,69],[1,17],[13,56]],[[61400,48972],[39,-15],[35,-28],[30,-9],[53,1]],[[61557,48921],[1,-37],[-5,-28],[-26,-50],[-8,-19],[-10,-37],[-2,-20],[13,-85],[6,-18],[24,-32],[3,-11]],[[61553,48584],[-1,-23]],[[61552,48561],[-11,-1],[-10,-19],[-12,-12],[-25,-4],[-8,-12],[-9,3],[-22,-18],[-23,-25],[-16,-53],[-19,-31],[-12,-30],[-27,-50]],[[63148,42422],[-256,0],[-120,-1]],[[62832,43505],[15,76],[7,57],[6,110],[-9,26],[-39,32],[-25,33],[-14,25],[-60,90],[-17,40],[-3,25],[-2,55],[1,96],[1,5],[0,355],[-1,5],[1,55]],[[62362,46016],[0,83]],[[64202,46027],[120,1],[111,0],[45,1],[58,-2],[213,0],[376,1],[317,0],[36,1],[368,-4],[10,-1],[572,-6],[146,2]],[[66574,46020],[3,-484],[1,-59],[2,-293],[3,-438],[4,-304],[1,-166],[3,-191],[1,-195],[5,-505],[2,-225],[9,-737],[-241,-1],[-120,1],[-370,-3],[-59,1],[-208,-1],[-39,-1],[-99,1],[-112,-1],[-394,-1],[-301,2],[-743,2],[-170,0],[-177,1],[-160,-1],[-267,0]],[[62772,42421],[-147,0],[1,-81],[0,-195],[-198,0],[0,31],[-69,0],[-138,-4],[-21,-16],[-11,20],[-52,73],[-14,25]],[[62123,42274],[6,18],[12,72],[-1,55],[22,0],[0,362]],[[62162,42781],[135,0],[70,1],[134,0],[65,1],[4,5],[94,137],[20,32],[51,104],[13,32],[7,28],[23,118],[54,266]],[[62832,43505],[104,-2],[15,3],[27,25],[-18,27],[-6,15],[-3,21],[7,26],[16,12],[89,2],[17,-17],[4,-40],[20,0],[18,-6],[-3,-19],[11,-9],[-2,-51],[7,-24],[-1,-15],[-12,-18],[-6,-22],[0,-17],[15,-28],[-16,-28],[-5,0],[-16,18],[-15,8],[-31,-2],[-6,-21],[-19,3],[-9,15],[-9,-8],[-9,-29],[-14,12],[-22,3],[-18,-19],[-21,-13],[-12,-32],[7,-18],[10,-15],[6,-31],[-13,-23],[11,-17],[-16,-11],[-8,-18],[2,-26],[-8,-18],[-21,-28],[-10,-16],[-23,-10],[-7,-14],[10,-12],[16,1],[8,-14],[6,-33],[15,-34],[6,-7],[2,-44],[-2,-31],[-13,-16],[-24,0],[-19,-25],[4,-33],[-4,-62],[-12,-29],[4,-18],[14,-16],[3,-12],[-6,-24],[8,-20],[-14,-33],[3,-12],[-17,-12],[-8,-25],[-9,-7],[-12,5],[-30,44],[-9,2],[-7,-26],[2,-30],[-4,-29],[3,-15],[19,-42]],[[61835,47192],[39,1],[38,4],[36,16],[36,9],[81,3],[114,2],[61,0],[75,2],[23,8],[24,2]],[[62363,46762],[-92,0],[-35,4],[-32,0]],[[62204,46766],[-40,-2],[-24,-3],[-67,-1],[-74,2],[-23,11],[-83,67],[-24,16],[-16,6],[-20,0]],[[61833,46862],[1,42]],[[61834,46904],[0,77],[1,211]],[[60473,44474],[60,43],[58,24],[15,12],[26,-32],[6,-22],[-13,-6],[-5,-15],[14,-11],[-11,-33],[24,-18],[15,-2],[25,-11],[-4,27],[14,22],[4,-19],[35,-7]],[[60736,44426],[-2,-23],[12,-20],[-16,-32],[-9,-48],[0,-93]],[[60379,44797],[0,-42],[3,-35],[11,-41],[80,-205]],[[60473,44474],[24,-63],[8,-23],[5,-38],[6,-139]],[[60516,44211],[54,0],[30,-9],[59,-1],[36,9],[26,0]],[[60721,44210],[8,0]],[[61304,47117],[-3,-361]],[[61823,44597],[-3,-3],[-43,-2],[-94,8],[-119,8],[-57,2],[-114,0]],[[61393,44610],[-1,27],[-10,34],[3,27],[-12,23],[12,11],[-4,24],[22,4],[6,16],[18,0],[7,-16],[13,0],[-2,31]],[[61652,43181],[21,-37],[23,-59],[9,-27],[36,-151],[36,-153],[7,-34],[39,-284],[7,-34],[86,-328],[18,-58],[54,-121]],[[61988,41895],[-33,-26],[-16,-6],[-35,0],[1,-81],[-6,-5],[-45,-1],[-80,-6],[-115,0],[-72,-3],[-1,-89],[-127,-1],[-1,-9],[2,-172],[-3,-108],[-2,-14],[-51,-126],[8,-4],[36,-68],[10,-25],[4,-94],[-4,-263],[-2,-192],[404,5],[1,-91],[0,-575],[-1,-810],[1,-89],[-1,-969]],[[61860,38073],[-76,0],[-153,2]],[[61631,38075],[-103,0],[-131,6],[-138,0],[-148,-1],[-237,7],[-126,1],[-29,-4],[-254,1],[-57,-2],[-46,-4],[-41,-1],[-144,6],[-122,-2],[-81,0],[-224,-1],[-8,4],[-42,-1],[-84,2],[-92,0],[-90,-4],[-105,10],[-313,-1],[-218,0],[-122,-18]],[[58676,38073],[-4,823],[-1,257],[-1,123]],[[60427,43066],[41,-24],[86,-57],[10,-4],[24,2],[15,12],[35,41],[46,42],[70,54],[31,21],[26,10]],[[60811,43163],[1,61],[0,173],[-2,14],[-16,23],[31,44],[-51,100],[-39,88],[-19,49],[-24,67],[-29,97],[-16,70],[-6,48],[62,0],[16,-7],[39,-1],[0,153],[-4,31],[-6,13],[-19,24]],[[60729,44210],[72,0],[63,-2],[35,-4],[91,-12],[46,-4]],[[61652,43181],[-12,-12],[-16,-3],[-35,27],[-39,13],[-47,9],[-55,-2],[-29,3],[-28,13],[-7,-25],[-25,-5],[-56,-5],[-39,7],[-42,12],[-55,25],[-28,17],[-55,41],[-7,-33],[-15,-35],[-11,-16],[-18,-17],[-27,-13],[-85,-8],[-86,-8],[-24,-3]],[[60260,47480],[-221,-6],[-72,0]],[[59785,48268],[14,2],[28,-15],[14,-13],[44,-54],[23,-32],[8,-4],[37,-5],[36,5],[32,13],[31,-1],[22,5],[16,-8],[-11,-25],[4,-23],[13,-16],[35,-26],[19,-40],[35,-15],[26,-30],[23,-4],[7,-7],[18,-40],[21,-13],[58,2],[10,-5]],[[60348,47919],[24,-21],[-12,-68]],[[59798,52352],[-12,85],[-4,42],[-3,52],[-17,264],[-9,140],[0,36],[2,36],[14,144],[11,136]],[[59780,53287],[150,2],[43,-1],[48,1],[97,0],[214,-4],[121,1],[64,-1],[74,1],[68,-2],[116,1],[89,-1],[48,1],[44,-1],[165,0]],[[61121,53284],[47,0]],[[59762,48330],[23,-62]],[[59632,47240],[-38,35],[-12,15],[-19,0],[-14,6],[-14,36],[-34,29],[-14,4],[-18,-4],[-8,14],[3,105],[3,163],[8,193],[8,161],[-2,169],[-2,47],[-10,153],[-2,59],[-9,144],[-1,87],[-70,0],[0,86],[-130,3],[0,49]],[[59257,48794],[13,-4],[57,-4],[33,5],[31,13],[17,-1],[11,-7],[19,-1],[9,5],[15,-9],[28,14],[14,18],[23,-18],[19,-3]],[[59785,48268],[3,-20],[-1,-227],[1,-322],[8,-28],[10,-15],[13,-5],[44,-1],[17,-11],[73,-81],[12,-24],[2,-14],[0,-46]],[[59663,47506],[35,53],[-12,17],[-8,27],[-4,65],[-12,59],[-22,47],[-10,44],[-13,28],[-1,93],[-3,37],[7,19],[17,14],[29,15],[24,18],[12,15],[19,31],[8,21],[7,32],[2,72],[12,36],[11,9],[24,10]],[[59667,46388],[-59,58],[-63,16],[-20,16],[35,109],[8,30],[13,69],[-16,22],[4,46]],[[59569,46754],[9,13],[-4,17],[-2,92],[6,39],[-1,41],[9,28],[22,-4],[42,5],[22,7],[14,13]],[[59721,44554],[2,-280],[1,-401],[68,1],[54,-1],[1,-137],[221,10],[7,9],[15,-7],[0,-18],[13,-61],[8,-18],[34,-50],[37,-67],[12,-19],[17,0],[7,10],[0,65],[6,20],[75,69],[10,22],[0,22],[8,24],[-13,16],[-13,-17],[-22,-12],[-14,-19],[-17,-15],[-15,8],[-6,22],[-6,33],[5,23],[12,27],[0,11],[-13,59],[7,31],[13,30],[2,34],[9,9],[14,0],[11,-9],[13,2],[14,18],[11,1],[9,-8],[15,-3],[13,6],[26,2],[21,17],[13,17],[8,23],[5,46],[9,41],[-2,29],[5,20],[8,15],[21,10],[56,-3]],[[60516,44211],[12,-236],[10,-211],[7,-39],[38,-176],[1,-29],[-4,-34],[-14,-39],[-17,-26],[-20,-18],[-43,-30],[-15,-16],[-15,-21],[-10,-28],[-19,-69],[-3,-37],[3,-84],[0,-52]],[[60427,43066],[-3,-135],[-4,-50],[-12,-53],[-44,-90],[-35,-63],[-76,-149],[-53,-98],[-78,-150],[-72,-137],[-15,-32],[-48,-124],[-13,-35],[-16,-28],[-16,-14],[-105,-63],[-17,-18],[-12,-23],[-6,-21],[-3,-27],[-6,-103],[-8,-60],[-18,-63],[-10,-46],[-5,-36],[-2,-50],[4,-58],[20,-134],[-1,-32],[-5,-23],[-144,-426],[-9,-24],[-21,-39],[-19,-31],[-20,-24],[-39,-39],[-60,-58],[-63,-63],[-22,-26],[-51,-65],[-52,-74],[-22,-34],[-22,-40],[-18,-40],[-85,-206],[-74,-184],[-26,-52],[-19,-30],[-21,-27],[-209,-250],[-51,-59],[-17,-25],[-34,-59]],[[58670,39276],[-2,322],[-1,179],[-5,925],[1,620]],[[58663,41322],[1,477],[2,678],[35,-1],[3,187],[8,171],[-6,984],[2,179],[1,610],[1,158],[2,101]],[[58712,44866],[29,-11],[14,1],[26,24],[41,24],[10,12],[11,3],[22,-2],[9,-9],[55,-30],[15,10],[10,-3],[15,6],[15,24],[41,-2],[21,23],[19,1],[13,11],[23,54],[2,12],[20,40],[0,26],[-7,22],[1,21],[15,42],[8,33],[-1,28],[19,20],[24,45],[27,14],[24,35]],[[64216,48927],[-1,-213],[0,-221],[-3,-304],[-3,-306],[1,-24],[-2,-100],[-1,-98],[-2,-161],[-3,-213],[0,-161],[-6,-365],[2,-184],[1,-175],[2,-338],[1,-37]],[[64202,46027],[-91,2],[-122,1],[-50,-7],[-46,1],[-172,2],[-67,1],[-187,3],[-340,5],[-34,-8],[-136,-84],[-21,-8],[-25,-1],[-237,67],[-151,44],[-105,40],[-56,14]],[[62362,46099],[0,182],[5,20],[16,28],[2,15],[-9,21],[33,47],[38,46],[132,134],[39,41],[21,24],[-36,64],[-27,28],[-34,14],[-131,0],[-48,-1]],[[62363,46762],[0,272],[-1,205]],[[62362,47239],[-1,343]],[[62361,47582],[0,191],[-4,6],[1,71],[-1,393],[5,40],[0,113],[2,25],[8,21],[40,50],[10,24],[6,60]],[[62428,48576],[40,-5],[63,-3],[77,-9],[42,0],[89,11],[32,1],[122,-1],[87,-1],[174,-4],[158,0],[28,1],[53,5],[38,1],[0,87]],[[61567,47202],[-14,5],[-21,14],[-15,2],[-55,-2],[-34,-11],[-17,-18],[-20,-48],[-6,-11],[-27,-24],[-25,0],[-15,8],[-14,0]],[[61304,47117],[0,196]],[[61358,48309],[10,-34],[8,-48]],[[61376,48227],[-25,-13],[-37,-14],[-28,-24],[-14,-8],[-16,0],[-29,14],[-27,5],[-27,-3],[-25,-8],[-14,2],[-36,21],[-9,3],[-42,0]],[[61047,48302],[37,-7],[28,1],[53,13],[29,-2],[29,20],[20,-8],[17,-1],[32,-15],[10,2],[21,-8],[11,1],[24,11]],[[61036,46058],[56,-1],[49,-4],[158,0]],[[61299,46053],[0,-229],[-1,-127]],[[61298,45697],[-72,-1],[-79,1]],[[61529,45282],[59,-44],[18,-9],[27,-8],[55,0]],[[61687,44962],[-52,5],[-11,-8],[-23,-35],[-16,-28],[-4,6],[-17,-18],[-21,0],[-12,-10]],[[61297,45408],[58,0],[19,-6],[83,-63]],[[61457,45339],[72,-57]],[[61529,45282],[-8,-18],[-54,-89],[17,-22],[9,-21],[5,-21],[16,-202],[8,-23],[9,-12]],[[61531,44874],[-34,-48],[-6,-18],[-1,-21],[-15,4],[-30,0]],[[61445,44791],[-148,1]],[[61693,47180],[-40,-3],[-35,17],[-27,7],[-24,1]],[[61567,47202],[0,77],[1,204]],[[61836,47400],[-1,-208]],[[61835,47192],[-36,0],[-16,-12],[-7,10],[-14,-4],[-33,1],[-36,-7]],[[61172,45443],[57,0],[12,-5],[30,-24],[26,-6]],[[61297,45408],[0,-107],[-1,-333],[1,-176]],[[61102,45364],[-16,-30],[18,-18],[2,-23],[16,-4],[5,-8],[0,-59],[3,-20],[17,4],[7,-36],[2,-31],[-3,-24],[-9,-27],[-11,-20],[-58,63],[-8,-12],[-25,0],[-1,-136]],[[61102,45364],[-50,49],[-13,-25],[-20,-23],[-28,49],[-6,14],[1,26],[-13,-2]],[[60970,45696],[73,1],[104,0]],[[61147,45697],[0,-64],[4,-92],[4,-17],[13,-21],[5,-14],[-1,-46]],[[61172,45443],[0,-107],[1,-21],[-18,-2],[-53,51]],[[61047,47907],[46,0],[45,14],[68,25]],[[60578,46038],[118,-5],[76,-5]],[[59233,45340],[26,27],[26,33],[9,17],[2,19],[12,20],[5,31],[10,15],[11,-5],[28,20],[16,41],[7,26],[10,13],[7,22],[19,34],[22,8],[60,78],[13,26],[17,53],[15,13],[16,1]],[[59779,44834],[-21,7],[-30,15],[-40,-17],[-31,-28],[-16,5],[-19,51],[-14,5],[-19,-23],[-14,0],[-12,7],[-28,1],[-23,10],[-12,-7],[-26,12],[-17,-8],[-29,0],[-7,6],[-20,-16],[-16,8],[-11,-38],[-26,-17],[-20,-10],[-16,-16],[0,-26],[-31,-7],[-9,3],[-29,22],[-10,-17],[-21,4],[-10,-11],[-22,-9],[-3,-22],[-15,18],[-13,0],[-27,-10],[-8,-10],[-23,-9],[-27,13],[0,15],[14,3],[15,21],[34,32],[13,24],[17,20],[37,11],[7,-2],[12,-17],[24,-2],[20,9],[10,-2],[8,9],[-4,18],[8,16],[-14,28],[-2,15],[3,27],[-9,30],[4,23],[1,42],[15,52],[10,58],[-5,26],[1,23],[6,23],[-11,23],[5,28],[-16,-2],[-9,-28],[1,-16],[-11,-10],[-9,6],[8,21],[2,26],[-2,12],[-10,4],[-6,13],[-15,14],[17,27]],[[59953,45027],[1,27],[-55,132],[-14,22],[-20,17],[-9,21],[10,48],[1,56],[-6,27],[-18,49],[4,35],[-1,52],[2,168]],[[60120,45677],[-3,-40],[-4,-20],[-16,-42],[-5,-19],[-1,-46],[10,-33],[9,-43],[1,-153],[-1,-177]],[[60114,45845],[-2,-13],[0,-84],[7,-50],[1,-21]],[[60120,45677],[-11,-8],[-22,-31],[-28,-4],[-14,5],[-32,38],[-32,5],[-11,10],[-13,-13],[-95,0],[-14,2]],[[59848,45681],[1,90],[-19,2],[-41,-8],[-11,1],[-49,29],[-29,19],[-19,7],[-28,3],[-77,5],[-12,3]],[[59564,45832],[19,51],[15,22],[9,23],[10,17],[-14,12],[32,38],[26,41],[57,123],[27,47]],[[60438,46046],[107,-5]],[[60545,46041],[33,-3]],[[60578,46038],[-2,-160],[0,-53],[-2,-120],[-1,-111]],[[60376,45202],[1,-62],[0,-141]],[[60377,44999],[2,-202]],[[60379,44797],[-29,4],[-13,-36],[3,-17],[8,-12],[2,-16],[12,-7],[9,-19],[0,-22],[-11,-26],[39,-26],[12,-24],[-9,-5],[-9,9],[-3,-18],[-20,-14],[-8,16],[-11,6],[-6,-17],[-54,17],[-18,-3],[-21,-23],[-21,-10],[-7,-17],[-16,-15],[-2,-29],[8,-18],[0,-25],[-14,-31],[-14,-14],[-19,-30],[-18,-19],[-13,-8],[-36,-31],[1,-13],[-7,-20],[-36,-10],[-20,-33],[-32,-16],[-5,13],[-1,25],[-34,49],[-7,42],[-18,19],[-10,18],[-4,32],[-10,11],[-15,36],[-14,26],[5,29],[-21,-5],[-8,14],[-19,16],[-25,-12],[-18,19],[-13,8],[0,-29],[-11,-20],[-20,11],[-4,15],[-9,-1],[-24,13]],[[59721,44554],[-17,10],[-7,20],[-19,3],[-10,-18],[-1,-24],[-16,0],[-12,-8],[-4,-52],[5,-15],[-9,-26],[8,-28],[18,-10],[2,-23],[-4,-8],[-16,5],[-10,-11],[-14,15],[-11,-9],[-13,8],[-15,-16],[-7,-25],[-1,-21],[3,-22],[-8,-4],[-14,-21],[1,-16],[-5,-28],[2,-35],[-8,-11],[-1,-34],[-16,-10],[-11,-37],[-14,-14],[-6,-35],[-11,9],[-12,-14],[-7,8],[8,20],[25,43],[6,31],[-13,27],[4,21],[13,17],[13,28],[-3,18],[2,23],[17,25],[2,30],[-16,54],[1,65],[8,22],[13,12],[4,14],[0,30],[-5,21],[12,46],[1,20],[9,26],[17,-2],[-2,-22],[12,-5],[62,28],[-13,36],[4,9],[25,10],[6,-4],[20,12],[12,14],[10,19],[25,36],[9,7],[23,32],[7,14]],[[59779,44834],[26,0],[39,17],[43,41],[42,85],[10,29],[14,21]],[[59953,45027],[83,28],[34,24],[40,25]],[[60110,45104],[81,58],[16,-39],[-1,-11],[-12,-8],[-3,-44],[27,10],[3,12],[22,8],[69,1],[35,32],[4,7],[0,45],[25,27]],[[60771,45693],[-9,26],[9,261],[1,48]],[[60772,46028],[2,58]],[[60774,46086],[90,0],[97,-1],[15,-2],[29,-15],[11,-11],[20,2]],[[61036,46059],[0,-1]],[[61036,46058],[0,-143],[-1,-142],[-3,-13],[-12,-15],[-35,-10],[-13,-21],[-2,-18]],[[60039,46261],[1,-22],[17,-4],[7,-32],[14,-6],[32,3],[7,-8],[-2,-21],[14,-4],[0,-59],[6,-20],[37,-46],[9,-3],[0,-16],[-18,0],[0,-24],[-26,4],[-5,8],[-19,1],[-1,-74],[2,-93]],[[60114,45845],[-13,10],[-52,46],[-102,88],[-50,41],[-47,44]],[[60151,46283],[-9,-9],[-19,-8],[-84,-5]],[[60039,46261],[-115,-7]],[[59741,46440],[21,33],[10,37],[-2,30],[-11,42]],[[60027,46962],[94,7],[70,-1]],[[60191,46968],[22,-180],[0,-110],[-2,-27],[-9,-72]],[[60202,46579],[0,-36],[2,-36],[7,-35],[14,-55],[7,-87]],[[60232,46330],[-40,0],[-19,-14],[-22,-33]],[[60151,46283],[-6,11],[-14,12],[-18,23],[-15,30],[-14,43],[-36,55],[-38,84],[-20,39],[-18,41],[-12,16],[-32,24],[-17,20],[-57,98],[-8,8]],[[60775,46318],[-1,-82]],[[60774,46236],[-90,5],[-40,1],[-60,5],[-36,1]],[[60548,46248],[1,69]],[[60549,46317],[1,83],[6,0],[3,143],[3,55],[-3,12]],[[61037,46329],[-86,-1],[-24,-10],[-152,0]],[[60775,46318],[0,287]],[[61038,46535],[-1,-206]],[[61038,46535],[-118,2],[-43,3],[-25,13],[-77,52]],[[60777,46808],[18,7],[20,35],[21,20],[42,-65],[28,-32],[23,-16],[67,-2],[17,-6]],[[60405,46572],[8,257]],[[60756,46620],[-7,-4],[-155,2],[-24,1],[-11,-9]],[[60559,46610],[-35,-43],[-12,-1],[-107,6]],[[60413,46829],[2,91]],[[60699,46897],[48,1],[8,-5],[12,-22],[9,-45],[1,-18]],[[60777,46808],[-2,-203]],[[60775,46605],[-19,15]],[[60756,46620],[-111,78],[-52,35],[-112,84],[-27,13],[-22,2],[-19,-3]],[[60861,47859],[1,-20],[6,-26],[17,-31],[11,-12],[145,-103]],[[60278,67533],[-27,5],[-29,-10],[-40,0],[-29,9],[-45,31],[-33,15],[-23,3],[-32,0]],[[60458,47771],[-6,-61],[-19,-212]],[[60509,46914],[-94,6]],[[60415,46920],[-50,2],[-49,8],[-18,9],[-28,21],[-49,8],[-30,0]],[[60191,46968],[-12,98],[-1,54],[2,35],[7,50],[10,42],[35,120],[15,57],[13,56]],[[60260,47480],[27,117],[40,170],[13,34],[20,29]],[[60360,47830],[71,94],[24,42],[12,36],[12,48],[3,19]],[[60509,48380],[34,-2],[64,3],[2,-2],[100,3],[30,-15],[8,1],[5,-14],[32,-60]],[[60871,47930],[-10,-71]],[[60861,47859],[-16,-6],[-14,-29],[-3,-21],[-18,-16],[-13,-21],[-18,-18],[-26,3],[-16,-10],[-18,9],[-17,-12],[-19,-18],[-18,1],[-12,-5],[-16,-22],[-23,-13],[-26,-2],[-23,13],[-21,-6],[-17,19],[0,13],[-13,10],[-17,-4],[-15,2],[-12,-5],[-10,5],[-2,45]],[[60458,47771],[9,83],[19,205],[-4,10]],[[60482,48069],[6,61],[7,98],[14,152]],[[60820,67052],[0,95]],[[61008,67418],[78,-1]],[[61085,67023],[-16,-3],[-38,-30],[-44,-22],[-22,-3],[-50,0],[-20,-7],[-18,-19],[-7,-1],[-28,10],[-22,2]],[[60820,67052],[0,-102]],[[60820,66950],[0,-256]],[[60660,66694],[-46,0],[-21,-11],[-23,-25],[-20,-7],[1,76]],[[60551,66875],[45,-5],[55,-17],[3,50],[23,123],[1,36],[9,-13],[65,4],[68,-1]],[[58673,64163],[-2,0]],[[58671,64163],[-65,1],[-73,0],[-127,1]],[[58408,64527],[-2,-362]],[[58406,64165],[-161,-1]],[[58238,64526],[1,-46],[-2,-17],[-21,-60],[-3,-19],[3,-25],[26,-67],[6,-20],[2,-23],[-6,-38],[1,-47]],[[58245,64164],[-239,1]],[[58675,64525],[266,0]],[[58944,64164],[-91,-1]],[[58853,64163],[-102,1],[-78,-1]],[[58673,64163],[0,45],[2,317]],[[63940,22120],[327,-159],[212,-104],[105,-50],[378,-188],[191,-94],[1591,-786],[193,-95],[150,-74]],[[67087,20570],[-310,-426],[-38,-45],[-309,-339],[-796,-873],[-51,-53],[25,-175],[-650,-1598],[-159,-386],[-36,-84],[-328,-820],[-85,-207],[-74,-182],[-3,-865],[-118,-129],[-903,-984],[-74,-348],[-31,-130],[-75,-92],[-139,-179],[-93,-117],[-246,-13],[-56,5]],[[62538,12530],[-151,25],[-67,-1],[-57,-39],[-12,-20],[-5,-18],[2,-22],[-19,-19],[16,-29],[1,-21],[-15,-37],[2,-28],[-22,-7],[-17,-10],[-16,-2],[-6,-11],[0,-27],[7,-13],[12,-42],[19,-7],[7,-23],[10,-13],[7,-34],[-6,-24],[-9,-16],[-17,-41],[-25,-9],[-6,-48],[-15,-42],[-31,-36],[-7,-14],[15,-47],[-11,-50],[10,-29],[-15,-26],[9,-23],[0,-50],[14,-46],[-2,-31],[-14,-11],[-1,-70],[-13,-23],[-3,-41],[6,-28],[-7,-15],[20,-14],[15,-38],[-4,-18],[3,-48],[16,-15],[3,-16],[11,-19],[9,-31],[-3,-19],[11,-38],[-12,-2],[-14,-22],[-12,2],[-8,22],[-18,6],[-5,-22],[-7,-7],[-21,-4],[-7,-16],[-18,0],[-14,-13],[-16,2],[-29,-23],[-17,-4],[-21,21],[-13,0],[-3,-24],[-14,3],[-18,-19],[-13,-20],[-15,-9],[-5,-15],[-28,-57],[-33,-17],[-11,-43],[-21,3],[-16,-2],[-19,13],[-7,-26],[3,-37],[-7,-13],[-13,-10],[-15,-1],[-12,11],[-21,2],[-6,5],[-23,-14],[-7,-20],[-10,-12],[-24,-4],[-24,-7],[-5,-11],[0,-37],[-13,-5],[-14,-22],[-14,-6],[-13,-23],[-22,-24],[2,-28],[-12,-20],[-36,-27],[-22,-27],[-12,-26],[-15,-17],[-6,-18],[7,-70],[-5,-18],[14,-57],[-7,-10],[-46,-5],[-21,-13],[-11,1],[-14,16],[-13,5],[-31,-5],[-22,-33],[-11,-6],[-60,1],[-13,4],[-24,-6],[-20,-14],[-14,2],[-12,14],[-15,25],[-13,-1],[-10,-10],[-1,-16],[-15,-38],[-32,5],[-35,-7],[-20,-19],[-19,-43],[-14,-20],[-8,8],[-27,-3],[-28,-15],[-47,10],[-16,22],[-18,3],[-6,-8],[-23,6],[-34,-6],[-22,-24],[-13,-5],[-9,6],[-32,41],[-12,25],[-18,-11],[-31,-6],[-5,-7],[-4,-28],[-10,-29],[-36,-26],[-7,5],[-14,36],[-10,5],[-12,-10],[-20,8],[-12,-6],[-8,-16],[-6,-50],[-11,-10],[-23,2],[-34,25],[-16,-3],[-15,-12],[-15,-38],[-20,-10],[-47,-6],[-21,0],[-19,10],[-14,-12],[-14,-2],[-7,65],[-25,18],[-18,2],[-23,-15],[-29,-3],[-23,-26],[-29,-20],[-23,-10],[-40,0],[-14,-5],[-40,-23],[-37,-15],[-35,-8],[-15,-29],[-11,-10],[-23,-1],[-21,-17],[-3,-11],[-14,-3],[-20,14],[-35,7],[-40,-10],[-19,-21],[-14,-43],[-12,-14],[-11,5],[-24,-14],[-16,3],[-30,-16],[-27,-20],[-16,-15],[-11,0],[-12,25],[-26,26],[-55,22],[-31,17],[-14,2],[-43,-3],[-25,-5],[-17,7],[-16,-1],[-27,19],[-45,-2],[-6,6],[-20,49],[-19,25],[-27,15],[-31,-10],[-16,3],[-22,-3],[-24,11],[-22,-7],[-42,16],[-16,21],[-25,27],[-8,20],[-12,-1],[-59,-21],[-28,-19],[-27,-47],[-12,-26],[-10,-32],[-17,-31],[-12,-13],[-12,-6],[-25,1],[-27,13],[-20,14],[-14,4],[-26,24],[-10,-1],[-13,-18],[-30,-13],[-31,-11],[-30,-23],[-29,-36],[-30,-59],[-51,-77],[-21,-26],[-32,-35],[-12,-18],[-32,-24],[-11,-11],[-17,-27],[-25,1],[-13,7],[-27,5],[-16,-8],[-14,-16],[-11,-20],[-20,-19],[-22,-13],[-27,-8],[-29,11],[-18,12],[-22,31],[-22,10],[-22,0],[-47,-3],[-11,-7],[-82,-175],[-8,-11],[-7,-31],[-20,-26],[-10,-34],[1,-17],[-6,-15],[-27,-12],[-29,-34],[-27,-46],[-15,-18],[-17,-9],[-47,-1],[-22,-33],[-37,-17],[-17,-3],[-29,18],[-2,-17],[1,-42],[-3,-23],[-10,-49],[-4,-43],[3,-69],[15,-92],[3,-24],[-2,-22],[-8,-21],[-23,-21],[-30,-14],[-18,1]],[[57430,8652],[-18,0],[-25,8],[-26,15],[-37,32],[-6,-5],[-15,-30],[-25,-20],[-14,-35],[-43,-45],[-22,-12],[-10,-10],[-2,-17],[-13,-31],[-29,-31],[-23,-29],[-8,-5],[-47,-14],[-26,-22],[-18,-4],[-26,-15],[-23,-9],[-32,-16],[-68,-39],[-49,-102],[-23,-34],[-9,-21],[-1,-36],[-5,-25],[-14,-16],[-36,-3],[-56,-19],[-37,-21],[-20,8],[-40,-4],[-54,6],[-30,-16],[-21,-45],[-6,-27],[13,-34],[6,-24],[0,-32],[-15,-24],[-16,-35],[-14,-42],[-8,-14],[-13,-3],[-31,-24],[-33,-30],[-30,-18],[-18,-7],[-27,-15],[-19,-5],[-29,-27],[-40,-53],[-64,-8],[-50,10],[-22,3],[-9,-5],[-36,13],[-30,27],[-11,29],[-9,51],[-13,-19],[-27,-29],[-49,-24],[-29,-29],[-21,-15],[-24,-13],[-41,-3],[-26,10],[-10,-3],[-29,-58],[-22,-19],[-30,3]],[[55647,7497],[-42,-2],[-12,-4],[-15,-13],[-17,-31],[-27,-26],[-35,-24],[-10,39]],[[55489,7436],[-3,31],[4,21],[-2,61],[16,74],[3,24],[8,20],[-5,46],[-14,66],[0,70],[-3,32],[-21,102],[-7,29],[6,38],[15,37],[0,18],[-6,37],[-12,55],[-3,37],[3,26],[9,32],[11,24],[25,35],[6,17],[0,21],[-12,51],[-11,23],[-12,41],[-17,18],[-7,15],[-10,54],[17,53],[16,59],[23,38],[-3,28],[2,26],[-25,53],[-7,41],[-1,23],[6,44],[0,21],[-5,14],[-21,24],[-3,17],[8,56],[7,30],[-24,52],[-3,32],[11,40],[13,28],[11,34],[10,105],[-15,61],[-23,35],[-8,33],[1,16],[28,83],[21,46],[2,9],[-10,52],[-17,64],[3,50],[8,23],[31,26],[23,13],[3,29],[14,43],[42,97],[17,33],[16,20],[14,10],[30,6],[25,8],[38,5],[33,1],[19,-5],[36,18],[18,0],[38,-6],[13,9],[71,63],[11,48],[9,32],[20,50],[2,11],[-9,35],[-3,25],[-30,-3],[-28,11],[-19,12],[-17,16],[-17,28],[-15,34],[-16,63],[-2,34],[1,30],[-1,28],[-12,46],[8,106],[-1,18],[-17,14],[-38,-6],[-2,11],[13,42],[2,17],[-8,44],[-10,26],[-18,36],[2,35],[6,29],[-13,63],[-6,12],[-17,16],[-16,24],[-7,22],[-13,75],[-4,39],[-13,73],[-22,29],[-10,20],[-10,53],[-15,36],[-22,9],[-21,-9],[-23,-33],[-24,-25],[-10,-5],[-19,1],[-17,8],[-33,27],[-22,3],[-26,-19],[-41,13],[-15,10],[-1,21],[13,37],[15,61],[-1,21],[-15,68],[-6,16],[-14,124],[-10,59],[3,55],[-3,19],[-32,41],[-22,36],[-22,8],[0,17],[27,47],[36,29],[17,17],[22,42],[5,24],[0,23],[-17,63],[-10,16],[-15,17],[-3,14],[20,43],[6,24],[22,43],[0,13],[20,46],[6,26],[-11,24],[-1,31],[-14,27],[13,82],[-11,87],[3,12],[14,23],[10,35],[13,29],[-3,34],[-14,25],[5,24],[9,23],[0,15],[-8,23],[-22,11],[-10,10],[5,29],[5,49],[-5,31],[-9,23],[-14,7],[-11,17],[-5,36],[-11,54],[6,14],[-4,65],[-5,30],[-30,50],[-17,21],[-16,14],[-12,17],[-10,36],[-1,31],[16,22],[8,20],[-5,35],[-7,17],[0,44],[4,9],[35,-10],[26,-2],[-10,37],[-4,22],[-14,30],[-33,56],[-18,13],[7,30],[-9,50],[-69,90],[-23,46],[-20,26],[-16,38],[-25,19],[15,22],[6,21],[-3,14],[-23,29],[-4,27],[-41,66],[-35,45],[-12,10],[-19,1],[-21,9],[-13,-4],[-33,24],[-11,21],[-24,12],[-23,28],[-31,5],[-4,13],[-1,33],[-26,36],[-19,12],[-13,20],[-2,26],[18,34],[59,22],[16,9],[14,17],[34,48],[22,20],[18,32],[22,66],[6,25],[21,9],[28,-17],[23,-1],[14,-12],[15,-21],[25,-2],[14,-11],[10,-2],[3,28],[-4,43],[-1,76],[-11,39],[1,35],[-17,0],[1,10],[-16,32],[0,12],[13,37],[8,67],[-11,39],[4,13],[35,26],[4,34],[11,17],[13,12],[17,36],[17,17],[28,15],[30,6],[-44,92],[-25,-9],[-41,-1],[-33,10],[-53,-5],[-47,-7],[-57,36],[-41,34],[-19,9],[-34,29],[-16,37],[-18,35],[-18,-1],[-53,-53],[-8,-21],[0,-37],[-4,-11],[-13,-8],[-70,-20],[-39,4],[-12,-3],[-35,5],[-30,1],[-24,3],[-9,23],[-21,12],[-22,21],[-27,18],[-15,58],[-11,79],[-14,3],[-21,15],[-42,-9],[-26,6],[-23,11],[-16,23],[-13,28],[-3,24],[1,49],[11,37],[-1,10],[-11,23],[-5,37],[-7,18],[-41,7],[-15,-24],[-13,-9],[-19,-5],[-29,3],[-35,-22],[-14,3],[-6,10],[4,28],[-17,18],[-27,4],[-9,7],[-15,-7],[-16,6],[-28,64],[-15,41],[-38,28],[-18,1],[-23,-25],[-26,-3],[-22,16],[-9,24],[-12,59],[-3,24],[-6,19],[-8,6],[-14,-17],[-16,-2],[-16,28],[-16,13],[-31,19],[-15,17],[-6,22],[3,19],[0,41],[-12,26],[-9,11],[-11,-4],[-15,-37],[-25,-45],[-20,-31],[-19,-13],[-24,2],[-34,7],[-17,9],[-10,-9],[-8,-36],[-2,-37],[-14,2],[-21,-18],[-15,-4],[-15,-23],[-20,-16],[-29,18],[-7,-2],[-25,-31],[-22,-21],[-9,-13],[-29,-22],[-29,-13],[-17,-11],[-29,-34],[-15,-3],[-14,4],[-48,6],[-31,-15],[-63,-6],[-55,-10],[-12,-7],[-10,-14],[-14,-68],[-9,-17],[-10,-1],[-15,10],[-24,2],[-35,-24],[-8,-27],[-25,14],[-12,0],[-29,-8],[-21,7],[-41,44],[-7,3],[-19,-8],[-34,8],[-29,21],[-8,-29],[-29,-37],[-13,-24],[-14,-12],[-18,-7],[-12,-15],[-22,-68],[-11,-26],[-12,-18],[-10,-26],[-1,-24],[-38,-4],[-16,-4],[-28,-29],[-12,-29],[-1,-11],[-20,-41],[-14,-35],[3,-16],[-24,-70],[-30,-31],[-13,9],[-26,-17],[-26,-37],[-26,-27],[-7,-20],[-11,23],[-31,33],[-73,58],[-35,-25],[-24,-13],[-34,-15],[-30,39],[-55,-18],[-37,2],[-72,-72],[-29,-4],[-14,-9],[-45,1],[-19,4],[-33,-7],[-23,-28],[-16,1],[-17,-9],[-12,-19],[-27,-80],[-10,-49],[-2,-41],[-23,-25],[-10,-21],[5,-54],[-49,-45],[-4,-23],[-13,-33],[-39,-57],[10,-17],[-8,-13],[8,-17],[-6,-23],[6,-16],[-82,-93],[-14,2],[-30,-22],[-16,-33],[-23,2],[-17,-7],[-37,-63],[-22,-16],[-64,-15],[-42,-19],[-30,-31],[-65,-18]],[[50926,14597],[-6,34],[-12,19],[-42,49],[-12,15],[-22,2],[-16,38],[-20,33],[4,61],[3,27],[-1,50],[-5,32],[-15,2],[-75,91],[-9,19],[-3,18],[7,26],[114,57],[-3,88],[6,21],[-25,80],[-18,96],[-27,18],[-9,27],[4,39],[14,26],[13,61],[9,10],[45,87],[16,48],[-10,34],[1,54],[-6,27],[7,29],[3,76],[-8,24],[10,28],[12,49],[7,20],[2,42],[27,73],[7,30],[10,70],[4,59],[-2,95],[23,31],[25,43],[13,27],[18,25],[-1,51],[6,28],[36,65],[18,36],[1,35],[-19,33],[-3,90],[4,31],[23,63],[4,82],[-4,32],[-7,19],[-5,52],[0,33],[-14,38],[-31,26],[2,68],[-2,49],[-7,47],[13,40],[4,32],[-4,36],[14,31],[6,20],[12,56],[4,44],[-2,41],[8,43],[3,4],[40,-2],[14,10],[20,37],[14,44],[8,3],[20,-5],[17,2],[20,15],[25,39],[13,10],[9,54],[12,25],[11,11],[29,13],[9,21],[24,7],[2,20],[12,28],[17,54],[13,20],[1,25],[-3,27],[3,13],[8,81],[6,15],[-6,39],[-22,40],[-2,39],[3,36],[15,40],[1,14],[17,41],[0,22],[-13,27],[0,26],[-9,26],[-13,19],[-21,19],[-9,26],[5,40],[-2,33],[6,30],[-8,8]],[[51329,18924],[-26,19],[-10,13],[3,22],[18,20],[19,32],[16,19],[1,19],[-7,20],[-23,16],[2,36],[11,19],[15,38],[21,78],[10,43],[19,15],[22,40],[9,28],[-8,25],[-3,35],[1,54],[11,48],[10,25],[2,30],[-7,36],[-15,20],[-12,27],[4,53],[-4,53],[-11,35],[-17,33],[-22,30],[-1,27],[7,34],[-2,60],[18,29],[42,20],[21,19],[26,41],[30,24],[22,15],[22,19],[21,3],[55,29],[24,28],[2,38],[-11,38],[4,75],[-5,24],[14,31],[4,17],[-13,23],[-3,44],[-6,36],[-8,34],[31,67],[7,65],[-2,18],[-7,9],[-5,22],[-7,50],[45,117],[1,37],[-4,10],[27,69],[-4,23],[4,19],[12,29],[9,52],[8,22],[0,28],[-12,32],[-20,32],[5,33],[24,76],[-4,16],[-39,62],[-9,39],[-13,28],[-15,9],[-32,8],[-3,40],[-4,10],[-14,12],[-10,14],[-8,50],[3,29],[0,44],[-3,23],[-16,31],[-2,31],[-22,27],[-14,1],[-57,107],[-17,34],[-29,43],[-30,8],[-21,2],[-36,35],[-50,11],[-63,-34],[-11,13],[-55,-19],[-39,23],[-40,8],[-54,-4],[13,15],[14,37],[6,34],[-12,117],[5,11],[9,69],[9,30],[25,53],[7,36]],[[51102,22526],[2,-6],[28,-11],[58,6],[47,19],[34,15],[24,-2],[6,9],[98,-37],[172,45],[42,-37],[38,-12],[38,-9],[4,-19],[26,-14],[16,-41],[14,-22],[13,8],[38,-36],[26,5],[11,7],[26,-18],[15,-6],[46,28],[26,-7],[30,50],[16,16],[9,0],[16,31],[19,7],[17,10],[15,1],[24,16],[22,37],[32,38],[41,35],[28,29],[11,28],[-1,11],[18,21],[20,15],[16,20],[9,33],[25,39],[41,53],[15,7],[23,41],[25,30],[13,1],[18,11],[9,16],[10,41],[30,26],[37,23],[65,43],[16,22],[18,19],[24,16],[37,13],[14,-3],[24,3],[12,7],[23,0],[16,12],[17,6],[28,28],[13,4],[52,-3],[10,18],[28,22],[35,51],[28,23],[28,46],[9,22],[25,35],[30,33],[27,25],[39,29],[18,6],[46,31],[56,3],[26,7],[24,3],[20,-4],[16,-9],[11,-39],[38,-23],[12,-60],[52,-31],[4,-33],[18,-38],[10,-26],[11,-55],[43,-78],[3,-37],[-12,-48],[-7,-38],[15,-56],[-7,-31],[12,-54],[23,-15],[9,-15],[9,-48],[10,-15],[27,-13],[20,12],[14,-2],[13,-27],[-1,-28],[11,-26],[-3,-37],[24,-26],[37,-66],[24,-20],[26,15],[28,26],[10,4],[23,61],[14,19],[14,-8],[11,44],[34,45],[1,23],[6,21],[-1,32],[19,22],[9,30],[22,21],[9,28],[5,39],[14,27],[-2,22],[46,77],[8,37],[12,9],[23,60],[-28,79],[-2,81],[11,10],[23,117],[10,-1],[47,25],[11,111],[19,9],[77,186],[4,28],[16,15],[28,0],[14,28],[14,12],[41,2],[25,32],[28,44],[7,18],[-15,46],[-18,25],[15,54],[4,7],[40,-1],[10,22],[9,8],[23,4],[17,17],[21,4],[11,5],[11,-14],[24,-2],[10,-17],[10,9],[13,19],[-1,41],[7,27],[15,26],[35,18],[11,0],[26,10],[12,-1],[9,-11],[18,27],[-14,50],[2,12],[-6,28],[2,31],[26,38],[22,11],[-2,26],[-14,47],[3,13],[38,18],[30,18],[22,-14],[14,15],[12,25],[1,133],[-4,26],[15,8],[27,4],[17,8],[23,-7],[22,0],[24,56],[-31,160],[-8,29],[-3,21],[16,73],[19,15],[43,79],[25,27],[50,28],[22,21],[17,35],[17,16],[2,18],[49,33],[11,23],[19,6],[11,16],[32,-3],[34,18],[15,1],[21,23],[34,12],[10,10],[25,-20],[9,-26],[7,-7],[21,-3],[8,-12],[38,-8],[5,-23],[34,-46],[15,-4],[63,-80],[21,-32],[49,-56],[0,-21],[-6,-7],[-28,-14],[-22,-30],[-3,-24],[-12,-24],[-4,-16],[9,-63],[-3,-21],[5,-26],[3,-50],[-3,-56],[8,-17],[17,-16],[39,-98],[11,-9],[11,3],[20,20],[16,11],[12,-6],[16,-20],[10,1],[23,-43],[2,-13],[-13,-29],[-18,-35],[-7,-56],[23,0],[116,-128],[15,-30],[4,-19],[0,-25],[-4,-12],[-11,-5],[-16,-14],[-23,-56],[-11,-22],[-5,-24],[5,-27],[21,-28],[4,-21],[6,-7],[64,-4],[15,-7],[4,-35],[17,-11],[0,-29],[3,-44],[-13,-34],[3,-33],[19,-13],[7,-38],[-10,-13],[-6,-25],[3,-9],[31,-39],[17,-11],[28,10],[50,-11],[22,-41],[37,-51],[64,-51],[77,38],[57,0],[75,60],[51,7],[32,24],[35,64],[17,106],[4,5],[32,-34],[58,-32],[40,-93],[10,-18],[29,-18],[13,-29],[12,-20],[44,-26],[19,-14],[8,-60],[-13,-82],[5,-27],[24,-20],[11,-41],[-2,-51],[0,-91],[-6,-23],[-27,-53],[-4,-30],[18,-45],[-1,-44],[-10,-18],[6,-22],[17,-33],[0,-16],[15,-23],[24,-23],[30,3],[31,-6],[8,6],[14,21],[19,12],[63,-50]],[[57132,23013],[7,-6],[69,-90],[0,-33],[9,-19],[59,-36],[1,-17],[10,-32],[-1,-14],[6,-28],[18,-8],[20,-1],[25,22],[18,9],[20,-30],[-27,-134],[-16,-66],[-3,-38],[17,-26],[45,-37],[124,-114],[31,-13],[33,-20],[22,-16],[28,-51],[0,-55],[188,20],[182,19],[164,15],[204,20],[59,5],[137,14],[17,3],[17,-2],[350,33],[211,18],[72,6],[62,6],[108,9],[198,19],[103,12],[175,14],[140,11],[1365,128],[715,61],[424,39],[10,-3],[15,5],[318,28],[297,-149],[399,-196],[209,-100],[154,-75]],[[59484,64880],[3,-10],[114,-347]],[[59205,64162],[-54,0],[-207,2]],[[58944,64164],[-5,62],[2,208],[0,91]],[[57744,65069],[135,0],[21,-8],[52,0],[39,17],[20,2]],[[58013,65338],[-77,0],[-68,1],[-122,1]],[[57073,64406],[1,123]],[[57074,64529],[2,278],[2,83]],[[57078,64890],[0,65],[-2,77],[3,219]],[[58010,64783],[0,105]],[[58238,64526],[-88,0],[-86,1],[-56,0]],[[62312,17106],[0,-220],[1,-70],[-76,-29],[-8,-22],[-6,-37],[1,-19],[-23,-1],[-16,-20],[0,-9],[-19,-6],[-9,-21],[5,-19],[-18,-10],[0,-18],[9,-20],[-11,-23],[11,-13],[-17,-24],[-13,-26],[-5,-30],[-17,-4],[-8,-24],[16,-16],[-6,-20],[-9,-40],[-15,-17],[-3,-18],[5,-18],[-2,-18],[-10,-39],[-17,-18],[-4,-14],[11,-15],[-4,-44],[-5,-4],[-25,-1],[-23,-3],[-5,-9],[-2,-29],[9,-67],[-3,-21],[-10,-11],[-20,-6],[-45,-3],[-22,-10],[-7,-15],[5,-33],[-6,-31],[7,-16],[-3,-13],[3,-25],[-15,-8],[-16,-23],[-5,-32],[-4,-7],[-31,-30],[-24,-18],[-9,-16],[-2,-29],[-9,-35],[4,-19],[-1,-19],[-11,-33],[-2,-45],[11,-11],[1,-17],[-19,-19],[-18,-6],[-15,-24],[4,-23],[14,-16],[-1,-25],[-7,-10],[-22,7],[-11,23],[-10,-3],[-8,-15],[5,-26],[16,-18],[1,-21],[-5,-18],[-12,-4],[-20,9],[-4,-4],[6,-36],[-3,-14],[14,-18],[-15,-16],[-19,3],[-6,-4],[-3,-33],[-15,-7],[-16,-24],[-8,-17],[-8,-3],[-23,13],[-26,8],[-7,-3],[-9,-41],[-18,-19],[-7,16],[-11,6],[-8,-19],[3,-26],[-5,-25],[0,-26],[-13,-19],[-15,-35],[-20,8],[-16,-6],[-22,-17],[-11,-38],[-6,-4],[-26,-36],[-23,-3],[-13,-21],[-7,4],[-4,19],[-12,-14],[2,-30],[10,-32],[-15,-36],[-16,-56],[6,-17],[-11,-16],[-10,1],[-2,-53],[-9,-15],[-15,68],[-38,161],[-9,26],[-26,36],[-10,24],[-73,-30],[-19,8],[-21,-1],[-33,5],[-40,-8],[-50,-28],[-7,-1],[-18,9],[-67,20],[-44,0],[-25,-17],[-16,9],[-66,-19],[-2,15],[-37,57],[-16,-17],[-6,-19],[-1,-49],[-3,-20],[-38,-101],[-24,-46],[-24,-21],[-12,-15],[-23,-39],[-22,-43],[-34,-32],[-24,-39],[-18,9],[-41,-2],[-28,4],[-15,14],[-17,5],[-16,-12],[-8,-13],[-19,-13],[-27,-31],[-11,-3],[-42,2],[-13,5],[-44,-16],[-23,-14],[-15,-3],[-14,-10],[-33,-42],[-6,-4],[-18,22],[-7,-2],[-28,16],[-38,26],[-8,12],[4,14],[15,16],[-7,29],[2,37],[-2,16],[-40,69],[-5,13],[14,6],[23,17],[14,4],[40,3],[15,-2],[1,22],[-20,44],[-4,32],[14,3],[26,-7],[27,18],[13,-10],[14,11],[18,-29],[18,22],[7,-6],[10,22],[35,14],[20,34],[11,26],[10,5],[-1,22],[15,17],[10,-5],[9,16],[5,25],[23,21],[-2,28],[18,17],[4,15],[14,5],[11,-7],[11,29],[5,47],[12,15],[12,-2],[18,9],[10,-8],[5,22],[12,-10],[8,15],[-2,19],[19,21],[-1,31],[27,-6],[14,14],[9,18],[20,26],[20,-3],[12,19],[27,26],[9,13],[49,52],[22,17],[7,11],[-1,23],[-12,-12],[-16,26],[-70,62],[-24,25],[-29,15],[-9,12],[-6,43],[28,-25],[24,13],[6,10],[-4,16],[18,11],[6,15],[-4,17],[23,34],[9,18],[4,30],[-7,26],[24,30],[16,31],[13,19],[-7,10],[-37,12],[-16,25],[-45,5],[-25,-4],[-25,-14],[-13,-1],[-23,13],[-49,-5],[-15,-5],[-22,-14],[-11,-17],[-52,-14],[-38,-6],[4,85],[3,4],[71,1],[2,69],[-2,5],[54,7],[22,40],[4,13],[20,21],[16,48],[11,27],[-5,9],[-17,51],[-9,35],[-33,69],[-23,70],[10,57],[-165,330],[20,30],[7,28],[7,13],[20,20],[25,19],[15,8],[22,5],[34,17],[33,9],[6,9],[17,-9],[18,-1],[21,10],[14,12],[15,25],[20,47],[2,17],[26,11],[35,21],[8,15],[17,18],[18,10],[17,22],[30,17],[21,-12],[12,0],[20,13],[13,4],[50,7],[55,32],[35,4],[36,36],[20,-1],[18,7],[12,20],[42,49],[16,10],[54,24],[27,-2],[32,-14],[59,29],[11,15],[-1,28],[19,12],[12,24],[2,26],[33,26],[-137,-311],[-12,-56],[1,-66],[8,-34],[13,-35],[20,-37],[190,-335],[4,28],[8,14],[17,14],[13,-10],[3,57],[-13,25],[-14,19],[18,35],[-3,41],[1,40],[10,27],[19,34],[26,28],[-2,41],[9,17],[20,25],[12,8],[6,39],[17,34],[0,15],[14,26],[15,12],[28,33],[23,22],[-2,17],[11,38],[15,9],[18,19],[16,34],[16,17],[21,12],[17,20],[5,34],[13,6],[1,14],[11,20],[14,18],[13,3],[3,11],[19,6],[11,15],[16,0],[11,13],[1,23],[7,16],[11,5],[24,25],[21,2],[10,12],[15,36],[7,4],[14,-10],[10,-17],[9,-25],[13,-6],[3,32],[4,4],[30,-11],[11,-20],[17,-17],[37,-3],[14,29],[12,3],[10,-10],[16,0],[13,14],[28,8],[13,-2],[25,14],[19,5],[24,26],[5,11],[18,0],[11,-5],[2,-16],[10,-10],[13,12],[12,30],[17,27],[16,14],[21,-13],[-10,-32],[11,-26],[18,-1],[36,21],[10,9],[9,-14],[10,1],[8,-10],[-59,-68],[-2,-9],[0,-151],[-4,-18],[-47,-84],[-4,-15],[-2,-241]],[[58008,64527],[0,-53]],[[57743,64915],[34,-27],[35,-36],[34,-54],[29,-1],[59,-45],[51,13],[25,18]],[[58010,64783],[-1,-76],[0,-102],[-1,-78]],[[58411,64889],[163,-2],[10,3],[94,-1]],[[58678,64889],[0,-93],[-2,-91],[-1,-180]],[[58675,64525],[-267,2]],[[58471,66331],[150,-1],[67,1]],[[58688,66331],[128,1]],[[58816,66332],[-2,-142],[0,-33],[63,-1],[68,0],[119,-163],[15,-19]],[[59079,65974],[-1,-65],[0,-296]],[[58416,65614],[2,89],[-1,168],[0,127],[2,42],[2,236],[0,56]],[[59467,64161],[-60,1],[-116,-1],[-86,1]],[[59205,64162],[2,91],[-1,90],[1,91],[0,90]],[[59207,64524],[199,0],[66,1],[129,-2]],[[59661,64162],[-24,3],[-60,-5],[-110,1]],[[57413,65612],[-1,-178],[35,-3],[-1,-112]],[[57309,65249],[-201,0],[-29,2]],[[57079,65251],[0,184],[1,18],[2,91]],[[57082,65544],[0,74]],[[57082,65618],[1,89]],[[57083,65707],[-2,39]],[[57081,65746],[1,51]],[[57082,65797],[129,0],[5,-17],[-1,-72],[17,-10],[8,15],[7,-8],[8,11],[24,-12],[23,-25],[17,32],[14,-7],[14,-1]],[[58008,64474],[-1,-126]],[[57741,64567],[42,37],[20,-2],[47,-74],[32,-13],[45,-33],[19,7],[29,1],[10,-14],[11,4],[12,-6]],[[60545,65822],[62,-36],[206,-126]],[[58834,66692],[-17,0]],[[58817,66692],[-1,77],[-17,0],[0,13],[-18,5],[-1,52],[37,0],[0,-9],[18,-1],[1,-13],[12,-2],[30,-72],[-10,-10],[-7,7],[-14,0],[1,-22],[-15,0],[1,-25]],[[59031,66695],[2,-68],[3,-40],[13,-12],[36,2],[-2,-43],[2,-60],[-2,-19],[2,-36],[-15,-13],[-13,-4],[-15,14],[3,24],[-15,35],[-14,8],[-7,20],[-13,10],[-23,1],[-8,4],[-13,77],[-1,85],[28,2],[-6,12],[-28,0]],[[58945,66694],[-4,17],[-22,8],[-9,20],[-19,0],[-30,82],[-23,52],[63,5],[0,43],[6,-9],[18,-4],[2,11],[11,1],[0,-24],[12,-1],[1,-20],[21,1],[14,-22],[9,-2],[22,-20],[0,-138],[14,1]],[[60239,66333],[169,0]],[[60412,65970],[-43,1]],[[61086,67058],[0,359]],[[59616,66874],[3,-50],[-41,0],[34,-74],[-6,-145],[-43,-2]],[[59563,66603],[-2,-1],[-67,90],[-69,0],[-17,3],[-30,15],[37,-40],[23,-20],[-31,-35]],[[59407,66615],[-44,63],[-9,17],[-60,-1],[-76,2]],[[59218,66696],[-1,170],[0,55]],[[59753,67145],[0,-91]],[[59751,66776],[-69,98]],[[59620,66963],[0,182]],[[60290,68403],[-269,1]],[[60022,68505],[54,3],[253,-1]],[[60329,68507],[0,-100]],[[58152,66288],[-2,-316]],[[58016,65971],[134,1]],[[58150,65972],[-2,-362]],[[59207,64524],[-266,1]],[[58941,64525],[0,361]],[[58941,64886],[267,0]],[[59208,64886],[-1,-191],[1,-81],[-1,-90]],[[58017,66061],[-1,-90]],[[58016,65971],[-1,-136]],[[58288,66516],[79,-1],[1,29],[53,0]],[[58421,66544],[-1,-121],[81,0],[4,-18],[-20,-4],[-14,-70]],[[58471,66331],[-50,1]],[[58421,66332],[-15,3],[-71,2],[-50,-1],[-32,-2]],[[58254,66516],[-1,-46],[0,-136]],[[58253,66334],[-1,-45],[-26,2],[-74,-3]],[[58152,66288],[-91,-1],[-44,5]],[[58288,66516],[-34,0]],[[58254,66516],[-83,1],[-18,2],[-133,-2]],[[58020,66697],[194,0]],[[58214,66697],[7,0],[0,-46],[50,0],[16,6],[1,-141]],[[58014,65610],[134,0]],[[58148,65610],[268,4]],[[58013,65249],[0,89]],[[58013,65338],[1,272]],[[58015,65835],[-1,-225]],[[58014,65610],[-144,-1],[-36,2],[-87,0]],[[57634,65806],[8,5],[39,7],[36,-4],[5,29],[27,-7],[5,-5],[19,11],[6,-6],[236,-1]],[[58017,66292],[1,-19],[-1,-212]],[[58017,66061],[-116,-1],[-158,3],[-116,1]],[[60509,46914],[1,112],[3,224]],[[60949,47288],[-14,-14],[-70,-138],[-47,-68],[-94,-133],[-25,-38]],[[60699,46897],[-36,11],[-21,-1],[-133,7]],[[60433,47498],[35,7],[86,-1],[19,-7],[10,-11],[10,-23],[4,-47],[4,-19],[13,-34],[12,-15],[15,-7],[26,3],[25,-6],[60,-35],[74,-49],[13,-2],[16,8],[14,17],[20,11],[10,0]],[[60899,47288],[-5,-39],[-58,-110],[-18,-19],[-20,-9],[-17,-17],[-10,-22],[-62,4],[-27,10],[-13,14],[-25,35],[-30,35],[-21,22],[-33,27],[-47,31]],[[60513,47250],[-51,32],[-8,4],[-33,0],[-1,50],[2,34],[11,128]],[[61355,65969],[3,341],[2,21]],[[61360,66331],[260,-1],[16,0],[250,1]],[[61216,65970],[139,-1]],[[61355,65969],[263,-1],[228,1]],[[59741,64886],[-2,26],[-6,14],[-13,11],[4,14],[16,29],[1,53],[0,70],[1,145]],[[59742,65248],[22,0],[37,-9],[17,1],[46,12],[63,1],[10,2],[26,25],[7,-11],[13,-6],[26,-1],[3,258],[-1,90]],[[62407,64162],[-390,0]],[[63498,68497],[178,-3],[115,-3]],[[63791,68491],[336,-8],[321,-11],[368,-14],[45,-2],[320,0],[367,-1],[546,-3]],[[57773,66517],[6,8],[-5,92],[6,12],[1,34],[63,39]],[[57844,66702],[109,-5],[67,0]],[[58020,66697],[0,-180]],[[58020,66517],[0,-136],[-3,-89]],[[58017,66292],[-11,8],[-23,31],[-15,6],[-83,0],[-72,1],[-59,8]],[[57073,64406],[26,88],[11,34],[3,17],[61,223],[30,90],[17,64],[17,82],[17,54],[54,191]],[[57309,65249],[36,2],[101,68]],[[57446,65319],[28,19],[10,0]],[[57261,64166],[-1,-2],[-111,0]],[[57149,64164],[-77,0],[0,25]],[[57072,64189],[-2,67],[2,100],[3,30],[-2,20]],[[58013,65249],[133,0],[208,2],[59,1]],[[58413,65252],[-1,-164],[6,-17],[11,-13],[9,-21],[17,-49],[-2,-21],[-42,-78]],[[58198,64889],[-85,-1],[-103,0]],[[58010,64888],[1,192]],[[58011,65080],[2,169]],[[60021,68404],[-1,-180]],[[57349,65972],[67,-1],[0,92]],[[57627,66064],[0,-17],[-6,-77],[-7,-24],[-25,-41],[-3,-35],[10,-22],[25,-14],[10,-14],[3,-14]],[[57634,65806],[-3,-38],[-4,-31],[-9,-26],[-11,-16],[-29,-27],[-7,-24],[12,-32]],[[57583,65612],[-170,0]],[[57413,65612],[-68,0],[2,91]],[[57347,65703],[0,7],[22,0],[25,-6],[34,0],[30,13],[24,6],[0,71],[-29,6],[-22,16],[-9,0],[-7,29],[-67,2],[1,125]],[[58408,64527],[-170,-1]],[[58238,64526],[-3,22],[-15,27],[-25,85],[-3,24],[0,59],[6,37],[0,109]],[[58198,64889],[116,1],[97,-1]],[[58411,64889],[0,-95],[-2,-144],[1,-32],[-2,-91]],[[60329,68407],[2,-114],[7,-126],[0,-25]],[[60020,68143],[0,81]],[[60020,68224],[29,-4],[15,-15],[15,17],[159,126],[18,10],[34,1],[0,44]],[[60290,68403],[25,-1],[14,5]],[[61304,47313],[-41,-13],[-71,0],[-16,7],[-9,16],[-100,-31],[-15,-6],[-19,-1],[-30,8],[-28,0],[-26,-5]],[[60949,47288],[-50,0]],[[60899,47288],[2,100],[5,26],[27,63],[50,72],[6,26],[8,16],[21,23],[23,53]],[[61041,47667],[107,-75]],[[59846,46787],[-15,-21],[-24,-9],[-13,-11],[-8,-24],[0,-69],[1,-55],[-10,-14],[-18,-2]],[[59759,46582],[-8,49],[-13,119],[-4,22],[-9,35],[-5,49],[-8,40],[-7,75],[-19,34]],[[59686,47005],[-11,33],[-3,31],[-28,67],[-5,24],[2,24],[-9,56]],[[59632,47240],[-6,40],[-6,73],[1,73],[9,30],[33,50]],[[59663,47506],[20,-23],[13,-6],[157,-3],[114,0]],[[59967,47474],[-1,-22],[-7,-30],[0,-17],[8,-26],[29,-61],[23,-53],[4,-18],[0,-35],[-9,-38],[1,-114],[1,-23],[7,-29],[4,-46]],[[60027,46962],[-51,-6],[-29,-21],[-26,-25],[-18,-27],[-49,-79],[-8,-17]],[[61038,46535],[1,155],[-1,21],[-12,26],[-13,12]],[[61013,46749],[17,67],[89,-41],[11,-7],[39,-49],[11,21],[24,2],[13,13],[84,1]],[[61301,46756],[-1,-215]],[[61300,46541],[-99,0],[-116,-3],[-47,-3]],[[61047,48302],[0,-100]],[[61047,48202],[-1,-264],[1,-31]],[[61047,47907],[-24,1],[-70,39],[-8,2],[-36,-5],[-21,-13],[-17,-1]],[[60871,47930],[8,49],[0,31],[-14,39],[-20,20],[-31,19],[-23,26],[-9,21],[-6,38],[2,34],[8,61],[-2,26]],[[60784,48294],[22,7],[37,-21],[29,-5],[17,3],[16,15],[22,9],[17,0],[43,32],[11,4],[22,-8],[14,-18],[13,-10]],[[61568,47483],[-130,0],[-3,2]],[[61636,47889],[15,12],[46,53],[-3,10],[19,8],[126,140]],[[61839,48112],[2,-123],[-2,-159]],[[61839,47830],[-1,-283],[-2,-147]],[[61836,47400],[-8,1],[-48,19],[0,22],[-11,24],[-1,14],[6,66],[-8,23],[-33,15],[-27,0],[-10,6],[-8,-6],[-24,0],[-12,-6],[-6,6],[-31,1],[-5,-23],[-9,-3],[-22,4],[0,-51],[-11,0],[0,-29]],[[61304,47313],[-1,45],[-6,29],[-17,40],[-73,114],[-13,17],[-46,34]],[[61148,47592],[7,23],[87,170],[5,20],[4,38],[9,23],[0,19]],[[61449,47504],[-14,-19]],[[61435,47485],[-94,-140],[-13,-11],[-1,-11],[-23,-10]],[[61260,47885],[-23,21],[-15,5],[-10,14],[-6,21]],[[61206,47946],[17,6],[31,18],[10,2],[36,-4],[32,8],[26,14],[14,17],[10,21],[11,47],[12,24],[22,27],[10,16]],[[61437,48142],[22,-18],[45,-22],[34,-35],[18,-9],[16,5],[12,-31],[48,-98],[5,-22],[-1,-23]],[[61636,47889],[-17,-42],[-24,-69],[-35,-106],[-6,-14],[-55,-84],[-50,-70]],[[61449,47504],[-84,0],[-2,42],[-20,43],[-3,41],[-4,14],[-66,62],[15,24],[23,24],[7,13],[19,86],[-38,0],[-17,34],[-19,-2]],[[61289,44319],[-11,-21],[-27,-32],[75,-120],[17,-29],[78,-147],[66,-121]],[[61487,43849],[50,-94]],[[61537,43755],[83,-158],[59,-109]],[[61679,43488],[58,-111]],[[61737,43377],[-71,-70],[-13,-6],[-27,-3],[-10,-8],[4,-19],[25,-42],[27,-25],[-20,-23]],[[61652,43181],[-67,115],[-302,522],[-68,118],[-33,51],[-91,115],[-32,46],[-23,40]],[[61036,44188],[-17,33],[-26,57],[-24,67],[-15,50],[-17,72],[-8,29],[-18,44],[-79,166],[-61,126],[-16,41],[-27,93]],[[60922,45021],[18,-13],[30,-13],[71,-12]],[[61041,44983],[47,-9],[33,-21],[100,-119],[23,-25],[18,-12],[35,-5]],[[61297,44792],[1,-183]],[[61298,44609],[-1,-116],[3,-133],[-3,-22],[-8,-19]],[[62362,46016],[0,-223],[1,-98],[4,-19],[11,-33],[18,-38],[38,-69],[114,-265],[13,-25],[23,-36],[35,-49],[13,-12],[35,-25],[12,-16],[8,-19],[6,-51],[9,-32],[39,-59],[10,-20],[28,-98],[1,-27],[-4,-18],[-24,-34],[-10,-20],[-10,-54],[-33,-69],[-6,-17]],[[62693,44590],[-75,0],[0,-125],[-1,-41],[-9,-26],[-40,-57],[-11,-22],[-3,-22],[0,-174],[-72,1],[-19,-4],[-58,-22],[-41,-6]],[[62364,44092],[-5,37],[-10,29],[-18,28],[-20,19],[-16,10],[-20,6],[-18,1],[-103,-1],[-53,1],[-62,-1],[-125,0],[-16,4],[-32,20],[-21,28],[-10,22],[-8,30],[-3,23],[-1,249]],[[61823,44597],[-4,48],[-15,39],[-20,25],[-63,55],[-15,18],[-11,25],[-9,47],[1,108]],[[61687,44962],[1,259]],[[61688,45221],[1,191],[3,47],[10,35],[63,184]],[[61765,45678],[44,126],[11,38],[2,33],[0,161]],[[61822,46036],[44,-1],[76,1],[109,-1],[44,1]],[[62095,46036],[188,0],[43,-3],[36,-17]],[[61203,48976],[-41,1],[-48,7],[-49,34],[-20,11],[-18,4],[-37,0],[-20,7],[-45,28],[-56,2],[-15,-3],[-92,-43],[-48,-3]],[[60714,49021],[6,182],[-2,82],[8,168],[1,18],[-11,0]],[[60716,49471],[4,38],[0,53]],[[61054,49608],[-1,-12],[-13,-25],[-22,-86],[-21,-41],[-49,-30],[-10,-15],[-31,-64],[-4,-10],[33,-2],[21,-6],[23,-1],[19,-9],[29,-1],[12,-7],[21,-18],[15,-7],[11,-20],[31,-7],[15,-7],[15,-32],[15,-25],[19,-11],[22,-28],[-11,-42],[24,-19],[9,-24],[-11,-8],[-11,-22],[-1,-53]],[[60254,48270],[-22,-11],[-15,6],[-13,13],[-18,4],[-1,16],[-11,13],[-47,3],[-67,37],[-16,-9],[-8,-35],[-38,-5],[-20,-5],[-81,-7],[-17,-3],[-23,3],[-59,49],[-10,1],[-26,-10]],[[59762,48330],[-9,34],[-21,61],[-25,37],[-11,8],[-66,4],[-12,11],[-11,44],[0,13],[17,36],[-2,27],[-16,30],[-10,10],[-23,11],[-13,19],[9,8],[2,28],[-4,28],[-21,63]],[[59546,48802],[17,-11],[1,-24],[14,-16],[25,-13],[18,49],[19,-8],[24,-20],[35,-16],[15,1],[9,-15],[38,-8],[11,-9],[22,-30],[25,-12],[24,-18],[21,2],[20,9],[42,-4],[74,-15],[60,-30],[22,-7],[39,-26],[25,-13],[2,-28],[13,-19],[13,-25],[17,-9],[9,-20],[12,-13],[5,-14],[1,-41],[-9,-16],[5,-28],[23,-35],[17,-50]],[[60573,45594],[133,-7],[17,-6],[15,8],[29,0],[5,16],[0,81],[-1,7]],[[60771,45693],[3,1],[196,2]],[[60970,45696],[0,-136],[-2,-70],[5,-38]],[[60973,45452],[1,-34],[-1,-165],[-1,-114],[-2,-44],[-14,-39],[-10,-13],[-24,-22]],[[60922,45021],[-60,-47],[-16,-8],[-37,-4],[-24,7],[-39,1],[-18,-4]],[[60728,44966],[-49,163],[-18,46],[-13,24],[-26,41],[-88,112],[-25,29],[-21,19],[-24,16],[-32,13],[-17,4],[-41,3]],[[60427,45602],[146,-8]],[[59850,46074],[-35,32],[-18,20],[-52,80]],[[59745,46206],[-63,97],[-24,41]],[[59658,46344],[9,44]],[[59667,46388],[37,67],[29,-31],[8,16]],[[59741,46440],[68,-73],[33,-34],[71,-76],[11,-3]],[[59924,46254],[1,-27],[-5,-16],[-54,-94],[-16,-43]],[[64480,48923],[-264,4]],[[64216,48927],[-162,2],[-118,1],[-185,2],[-31,5],[-16,11],[-26,24],[-38,-69],[-115,-209],[-16,-29],[-22,-7],[-56,1]],[[63431,48659],[1,296],[0,755],[1,121]],[[63433,49831],[0,396],[-2,128],[2,26],[2,364],[0,366],[1,73],[1,358],[0,134],[4,21],[19,42],[28,27],[8,13],[0,51]],[[63631,53278],[105,-1],[53,2],[213,-1],[227,0]],[[61573,65688],[43,2],[16,-6],[9,-17],[-5,-20],[17,-40],[10,-7],[9,7],[173,-1],[1,363]],[[61846,65969],[38,0]],[[61041,50932],[-48,-17],[-84,-1]],[[60909,50914],[-1,143],[1,210],[-2,192],[-108,2],[-10,-2],[-30,-39],[-11,-7],[-60,1],[-3,13],[-15,20],[-118,-1],[-5,21],[-25,-6],[-114,1],[-147,-2],[-74,1],[-80,0],[-34,1],[-115,1]],[[59958,51463],[-52,152],[-15,56],[-4,26],[-19,140],[-32,230],[-18,138],[-20,147]],[[59798,52352],[60,19],[42,3],[82,-3],[141,-2],[91,-1],[55,-3],[59,1],[110,-4],[10,1],[67,23],[74,28],[16,8],[29,25],[61,83],[18,16],[15,1],[85,-1],[239,-1],[58,-1]],[[60545,65791],[-1,-274]],[[61565,65485],[20,-3],[9,-7],[22,-29],[28,-16],[12,-16],[10,-25],[4,-21],[10,-32],[0,-48],[27,-10],[17,-21],[22,-2],[18,-11],[31,-67],[11,-18],[-10,-23],[-6,-24],[2,-74]],[[62941,64159],[-263,1]],[[62678,64160],[-222,0],[-49,2]],[[62407,64162],[1,170],[-30,101],[-94,195],[-10,30],[-54,152],[-9,21],[-13,12],[-40,14],[-74,47],[-72,56]],[[61878,65065],[2,276]],[[61319,65247],[-4,-29],[-20,-19],[-44,-13],[-65,-2],[-28,10],[-56,47],[-25,8]],[[61077,65249],[-52,-2],[-36,16],[-15,3],[-41,2],[-46,-2],[-33,8],[-44,1]],[[60812,65462],[1,198]],[[61075,65478],[-6,-17],[10,-34],[-2,-178]],[[59752,67417],[1,-272]],[[59753,67145],[-133,0]],[[59620,67145],[0,90]],[[59619,67416],[48,-1],[42,2],[43,0]],[[59217,67466],[61,-39],[-15,-18],[13,-12],[9,-17],[21,32],[7,6],[37,0],[-2,-22],[14,-1],[1,23],[86,-1],[46,-2],[25,2],[67,-1],[-2,37],[34,0]],[[59619,67453],[0,-37]],[[59619,67416],[1,-181]],[[59620,67235],[-33,1],[-170,0]],[[59360,67320],[-29,0],[-40,-2],[-3,-32],[27,-50],[-97,1]],[[59218,67237],[0,81],[48,4],[0,6],[-49,91],[0,47]],[[57484,66426],[31,0],[1,93],[102,-1],[1,181],[0,272],[101,-1],[0,-46],[29,0],[2,-13],[-3,-31],[3,-46],[0,-44],[-3,-85],[3,-27],[-18,-67],[-42,-93],[82,-1]],[[57773,66517],[15,1],[13,-24],[2,-23],[-4,-13],[-33,-45],[-8,-28],[-4,-39]],[[57386,66338],[1,95],[17,2],[80,-9]],[[60308,67781],[-289,0]],[[60019,67781],[0,259]],[[60077,68143],[261,-1]],[[59752,67417],[0,63],[-20,-2],[-1,25],[-12,-1],[0,-36],[-33,-1],[0,51],[18,14],[-2,20],[8,27],[42,33]],[[60020,67586],[0,-168]],[[60020,67418],[-268,-1]],[[61342,65706],[0,-34]],[[60820,67147],[-269,-1]],[[60700,66333],[-2,53],[1,32],[7,41],[1,31],[-7,50],[-6,18],[-13,17],[-19,46],[-4,26],[2,47]],[[60660,66694],[160,0]],[[60819,66513],[-1,-181]],[[66674,68453],[304,2],[262,1],[113,2],[157,1],[254,4],[80,4],[152,1],[318,4],[256,1],[272,2],[262,1],[673,10],[131,1],[268,3],[274,4],[124,1],[669,4],[266,1],[269,2],[261,2],[369,3],[20,-2],[27,-5],[29,10],[96,3],[423,0],[79,2],[157,2],[168,-1],[109,-2],[347,-7],[121,0],[13,-1],[539,0],[398,-1],[37,-3],[53,-1],[302,-2],[637,-4],[59,0],[248,2]],[[76270,68497],[-2,-132],[0,-228],[1,-689],[0,-1815],[-1,-82],[-4,-851],[0,-171],[-2,-360]],[[76262,64169],[-104,1]],[[76158,64170],[-460,5],[-75,1],[-415,0],[-647,1],[-31,-1],[-189,0],[-252,1],[-226,1],[-25,-1],[-439,-6],[-608,-3],[-398,3],[-46,-2],[-46,1],[-26,-4],[-350,-4],[-230,-1],[-412,0],[-153,-3],[-69,1],[-129,-3],[-301,-2],[-127,-3],[-203,-2],[-50,0],[-388,-4],[-253,-1],[-102,1],[-180,-2]],[[69328,64143],[-191,-2],[-120,0],[-406,-3],[-143,-2],[-152,-6],[-324,0],[-180,-2],[-57,-2],[-274,-4],[-283,1],[-262,-3],[-128,-6],[-75,-3],[-74,4],[-251,-4],[-57,-1],[-209,-4],[-56,-1]],[[66086,64105],[-86,-3],[-98,1],[-75,0],[-47,3]],[[65911,65920],[-11,38],[4,91],[-4,38],[-6,25],[-1,30],[2,88],[-9,32],[-11,86],[4,73],[-3,13],[-30,49],[-3,22],[4,19],[17,44],[49,75],[19,31],[17,59],[-1,30],[-12,65],[-13,98],[-30,38],[-3,16],[1,42],[6,16],[34,67],[6,18],[0,69],[-16,87],[-2,29],[4,48],[12,44],[15,35],[10,31],[2,63],[-4,23],[-25,79],[-8,36],[-6,56],[-3,56],[6,55],[8,19],[22,82],[1,23],[-7,46],[3,20],[11,24],[25,30],[24,20],[9,16],[22,59],[6,42],[-4,28],[-17,24],[-8,20],[0,26],[14,21],[48,60],[15,58]],[[66094,68452],[128,-1],[31,2],[67,-3],[11,1],[176,0],[167,2]],[[60544,68141],[1,31],[5,41],[-1,291]],[[60549,68504],[123,3],[145,0]],[[60544,68141],[274,1]],[[60818,67781],[3,-117]],[[60262,66695],[10,37],[8,48],[0,96]],[[60551,67146],[0,-271]],[[60551,66875],[0,-103]],[[59754,68411],[0,-89]],[[59619,68140],[-63,2],[-15,-5],[-16,-12],[-44,79],[-23,27],[18,19],[9,21],[0,51]],[[59485,68322],[1,110]],[[62645,53280],[265,0],[230,-2],[56,1],[28,8],[126,-9],[135,-1],[146,1]],[[63631,53278],[-18,-69],[-42,-112],[-1,-24],[-5,-534],[0,-69],[-3,-280],[-56,0],[-9,-17],[1,-43],[-2,-300]],[[63496,51830],[-137,-1],[-19,-1],[-289,-1],[-141,1],[-9,-2],[-39,-19],[-53,-9],[-7,1],[-44,24],[-8,2],[-81,1],[-253,1],[-121,-2],[-181,1],[-3,-469],[-2,-257],[1,-214],[1,-187],[0,-72],[-3,-46],[2,-35],[-1,-107],[2,-330],[1,-99]],[[62112,50010],[0,-81],[-1,-281]],[[62111,49648],[-138,0],[-115,-1],[-32,0],[-1,5],[-160,-2],[-15,-3],[-207,0],[-133,-1],[-23,3],[-50,35],[-23,-2],[-34,-23]],[[61180,49659],[-65,-46],[-16,-8],[-45,3]],[[61054,49608],[-19,0],[-37,-8],[-120,-31],[-99,-6],[-59,-1]],[[60720,49562],[-1,210],[0,45],[77,-2],[80,-1],[25,17],[10,19],[35,123],[9,26],[14,30],[10,16],[34,43],[14,21],[7,19],[5,37],[-3,30],[-6,17],[-44,106],[-9,48],[-9,101],[1,47],[8,106],[3,27],[57,257],[4,28]],[[61041,50932],[1,59],[7,22],[19,28],[14,11],[23,11],[13,13],[33,64],[29,71],[22,35],[6,23],[-2,170],[4,34],[23,83],[9,95],[1,25],[-4,155],[-4,33],[-15,37],[-43,76],[-9,20],[-9,30],[-3,27],[-4,74],[-8,33],[-21,46],[-9,32],[-7,100],[-1,31],[5,136],[-1,38]],[[61110,52544],[-6,75],[-1,215],[2,35],[5,23],[19,62],[-25,14],[0,112],[8,4],[56,-2],[1,19],[-1,183]],[[61168,53284],[269,0],[189,-1],[23,0],[233,-2],[182,1],[160,-2],[21,1],[285,-2],[85,3],[30,-2]],[[60262,66695],[196,0],[14,5],[10,10],[31,46],[16,14],[22,2]],[[60551,66772],[0,-45]],[[60551,66727],[-260,-292],[-68,-74]],[[64229,53278],[27,-1],[640,3]],[[64896,53280],[71,0],[228,6],[244,-3],[31,1],[16,3],[33,-6],[150,-4],[121,-1],[48,0],[860,-8],[434,-4],[270,1],[260,2],[188,-6],[113,0]],[[67963,53261],[194,-1],[168,-1],[130,1],[123,0],[76,3],[67,-5],[138,1],[160,-1],[88,1],[68,-2],[77,0],[230,4],[36,0],[90,-9],[33,1],[155,6],[237,-1],[268,0],[8,6],[271,-10],[247,-4],[155,3],[73,1],[299,-3],[-6,-353],[-1,-177],[-1,-165],[-3,-172],[-7,-560],[-2,-203],[-5,-403],[-2,-74],[0,-315],[1,-20],[0,-418],[1,-375],[1,-345],[0,-68],[2,-181],[1,-494],[-4,-216],[-1,-130]],[[71328,48582],[-262,0],[3,271],[1,83],[-8,5],[-521,0],[-233,-1],[-105,-1],[-150,1],[-104,1],[-140,0],[-391,-8],[-27,0],[-187,-2],[-181,-1],[-52,-1],[-492,-6],[-88,-2],[-179,0],[-61,-2],[-268,-3],[-215,-2],[-141,0],[-120,-2],[-113,-2],[-110,-2],[-69,0],[-185,-1],[-183,-3],[-161,-2]],[[66586,48902],[-130,-1],[-223,2],[-248,1],[-461,4],[-139,-1],[-284,4],[-151,5],[-470,7]],[[64480,48923],[0,1081],[-1,214],[1,239],[-4,75],[-14,203],[-9,154],[0,59],[-7,36],[-29,71],[-4,16],[-4,42],[-128,-1],[0,159],[2,220],[0,497],[-4,39],[-20,75],[-11,49],[-24,127],[-3,31],[3,394],[5,548],[0,27]],[[60374,45436],[-43,3],[-39,12],[-26,17],[-18,18],[-50,68],[-19,41],[-4,44],[18,128]],[[60193,45767],[12,75],[7,23],[31,50],[10,18],[5,20],[0,33]],[[60258,45986],[58,-1],[19,11],[2,57],[101,-7]],[[60438,46046],[-1,-35],[-6,-185],[-2,-118],[-2,-106]],[[60427,45602],[-54,3],[-3,-46],[4,-53],[0,-70]],[[59151,67056],[-4,-54],[-37,-1],[0,55],[41,0]],[[59288,67082],[-45,61],[48,0],[3,-69],[-6,8]],[[59360,67320],[57,-84]],[[59417,67236],[70,-94],[66,-86],[67,-93]],[[59620,66963],[62,-89]],[[59682,66874],[-66,0]],[[59616,66874],[-129,1],[-152,-1],[-22,2],[-58,1],[-18,11],[-20,33]],[[59217,66921],[-18,30],[-21,14]],[[59178,66965],[-7,7],[-1,27],[-5,13],[47,0],[0,89],[-8,8],[1,30],[14,-14]],[[59219,67125],[0,-156],[101,2],[24,3],[14,-3],[3,85],[61,-2],[3,13],[0,76],[-35,0],[-28,3],[-2,5],[0,169]],[[60488,64884],[19,58],[-16,92],[-7,29]],[[60457,65123],[18,-10],[19,8],[38,72],[23,33],[-12,42]],[[60810,65275],[1,-41],[-4,-351]],[[60546,65969],[-134,1]],[[60412,65970],[1,98],[4,107],[0,72],[10,-1],[-4,41],[-15,46]],[[60408,66333],[142,0]],[[60968,68506],[116,0]],[[61084,68506],[525,0],[53,14],[20,0],[40,-11],[30,-2],[213,-1],[0,-3],[227,-1],[234,-2],[0,5],[117,0],[72,3],[68,4],[35,-3],[71,-15],[123,-1],[49,4],[118,-9],[29,0],[35,10],[47,4],[308,-5]],[[63498,68497],[0,-25],[-1,-331],[1,-100],[0,-272],[-6,-724],[-1,-361],[-2,-360],[0,-91],[-1,-270]],[[61357,67059],[0,227],[-4,134],[-56,0],[-57,3],[-111,-6],[-43,0]],[[61086,67417],[-1,41],[-5,23],[9,49],[-1,92],[0,157],[-200,0],[-21,-1],[-49,3]],[[60818,67781],[0,361]],[[60818,68142],[-1,326],[0,39]],[[60817,68507],[151,-1]],[[60968,68506],[27,-27],[24,-32],[71,-79],[126,-43],[134,-147],[95,-87],[35,-18],[58,-12],[66,10],[16,-3],[69,-108],[45,-75],[19,-15],[13,-38],[35,-56],[19,-38],[67,-50],[40,-21],[19,-5],[76,9],[23,-8],[20,-16],[15,-24],[33,-74],[21,-40],[25,-31],[40,-46],[18,-18],[98,-92],[50,-79],[13,-30],[9,-25],[3,-22],[8,-22],[46,-76],[4,-23],[8,-20],[35,-39],[12,-20],[6,-18],[16,-33],[23,-17],[17,-21],[17,-32],[32,-91],[15,-30],[33,-53],[5,-12],[1,-26],[-5,-72],[4,-20],[34,-66],[9,-28],[3,-25],[11,-26],[8,-30],[19,-35],[23,-34],[11,4],[9,15],[8,2],[14,-24],[16,-41],[11,-6],[21,-1],[24,9],[18,-9],[11,-31],[13,-18],[37,-11],[15,-11],[35,-46],[20,-22],[53,-45],[58,-41],[25,-32],[8,-23]],[[61884,65969],[2,362]],[[61886,66331],[1,724],[-262,4],[-130,0],[-47,-5],[-91,5]],[[61880,65341],[1,120],[3,508]],[[61884,65969],[265,-1],[271,0],[467,-1],[294,-1]],[[63181,65966],[307,-3]],[[63488,65963],[136,-2],[134,-4],[268,-5],[335,-9],[196,-5],[267,-10],[200,-3],[597,-7],[290,2]],[[65911,65920],[-2,-15],[-16,-30],[-4,-64],[-13,-26],[-35,-37],[-12,-18],[-8,-41],[-1,-55],[-15,-22],[-1,-16],[19,-22],[4,-18],[-12,-15],[-4,-22],[5,-26],[-4,-28],[-23,-57],[0,-17],[13,-12],[10,-21],[8,-48],[12,-42],[-4,-66],[-17,-14],[-10,-30],[-10,-18],[-26,-20],[-15,-22],[-3,-25],[1,-30],[6,-19],[10,-17],[10,-7],[13,-19],[16,-51],[-2,-26],[-22,-18],[-10,-23],[0,-33],[-4,-16],[-1,-26],[-6,-19],[-26,-35],[-11,-26],[0,-20],[6,-10],[24,-25],[43,-58],[7,-19],[-10,-39],[-35,-62],[-4,-19],[1,-24],[17,-33],[16,-24],[13,-10],[12,-27],[4,-38],[-7,-43],[-19,-41],[-6,-26],[8,-24],[-5,-26],[-9,-9],[3,-25]],[[65780,64106],[-69,0],[-138,6],[-171,-1],[-51,4],[-75,-1],[-138,1],[-33,-1],[-115,2],[-38,1],[-217,5],[-85,3],[-23,1],[-122,3],[-117,4],[-206,4],[-70,4],[-131,3],[-503,16],[-326,0],[-211,-1]],[[62941,64159],[2,210],[-258,1],[-10,1],[1,513],[-14,0],[0,84],[-18,1],[-22,39],[-55,-37],[-59,2],[-30,-1],[0,44],[35,44],[-3,46],[-2,12],[-27,10],[-2,27],[-83,-2],[2,119],[-110,-4],[-112,-21],[-129,-2],[-134,0],[-33,96]],[[61084,66730],[1,293]],[[61085,67023],[1,35]],[[61086,67058],[134,0],[0,-3],[108,-1],[29,5]],[[61357,67059],[4,-246],[1,-110]],[[60280,66876],[-127,3],[-134,-5]],[[60019,67056],[262,1]],[[60281,67057],[-1,-181]],[[59486,68432],[0,72]],[[59486,68504],[7,1],[262,0]],[[59755,68505],[266,0]],[[60021,68505],[1,0]],[[60022,68505],[-1,-101]],[[60021,68404],[-16,8],[-251,0],[0,-1]],[[59754,68411],[-201,1],[0,20],[-67,0]],[[60019,67781],[1,-195]],[[60020,67586],[-48,-5],[-41,15],[-24,3],[-155,-1],[0,12]],[[59752,67610],[0,168]],[[59821,67779],[198,2]],[[59550,66332],[38,0]],[[59588,66332],[17,-19],[3,-144],[-2,-55],[271,223]],[[60158,65805],[-28,-113],[67,-29],[27,-118],[-2,-22],[5,-130],[59,-109],[81,40],[1,-173],[22,-22],[47,25],[20,-31]],[[60457,65123],[21,-34],[6,-26]],[[60484,65063],[-174,1],[-31,110],[-22,75],[-12,28],[-121,214],[-18,53],[-7,16],[-36,45],[-9,5],[-43,0]],[[60011,65610],[-206,0],[-61,2],[-133,0]],[[59477,65611],[1,180],[1,53],[1,144]],[[59480,65988],[68,56],[0,110],[3,121],[-1,57]],[[59686,67756],[-3,200],[-46,0],[-9,3],[-9,16],[0,165]],[[59619,68140],[67,0],[1,182],[67,0]],[[59754,68322],[-1,-182]],[[59752,67778],[-66,-22]],[[60158,65805],[-55,142],[-11,20],[-74,87],[-29,77],[30,83],[-18,42],[-81,22],[-5,15],[-31,48],[-7,-4]],[[59877,66337],[17,23],[44,38],[31,15],[43,12],[0,25],[-8,3],[0,32]],[[60071,66467],[59,-16],[32,-15],[22,-19],[21,-26],[18,-30]],[[60223,66361],[16,-28]],[[60239,66333],[23,-49],[14,-50],[5,-39],[0,-27],[-1,-197],[89,0]],[[60369,65971],[40,-63],[8,-7],[128,-79]],[[60545,65822],[0,-31]],[[60545,65791],[-32,1],[-42,-16],[-62,7],[-83,-4],[-86,-27],[-82,53]],[[61914,65037],[98,-77]],[[62012,64960],[0,-48],[1,-222],[0,-150],[-1,-110],[6,0],[-1,-268]],[[62017,64162],[-198,0],[-64,-3],[-196,0],[-10,3],[-61,0],[-73,2],[-237,0]],[[61639,65155],[25,6],[14,-4],[31,-25],[15,-16],[21,-44],[14,-20],[17,-12],[16,-2]],[[61792,65038],[11,3],[53,24],[22,0]],[[61878,65065],[36,-28]],[[61914,65037],[-25,-75],[-23,-105],[-8,-45],[-4,-60]],[[61319,65247],[-3,25],[3,23],[7,14]],[[61480,65204],[50,-15],[62,-42],[16,-6],[31,14]],[[61639,65155],[-7,-11],[5,-13],[-6,-19],[12,-51],[1,-25],[-13,-22],[-12,-31],[-23,-34],[-20,23],[-9,4],[-15,-5],[-13,-26],[11,-9],[-22,-30],[-2,-13]],[[61478,64888],[-23,-6],[-114,4],[-257,0]],[[61074,64886],[2,180],[168,-1],[100,0],[1,180],[-26,2]],[[57744,65069],[-1,-154]],[[57699,65611],[48,0]],[[57747,65611],[-1,-271]],[[57746,65340],[-2,-271]],[[57358,66343],[28,-5]],[[57386,66338],[-6,-11],[63,-10],[40,-9],[124,18],[35,7],[29,13],[24,5],[59,-5]],[[57754,66346],[-3,-15],[-19,-35],[-10,-10],[-51,-20],[-19,-16],[-11,-45],[-12,-78],[-2,-63]],[[57627,66064],[-78,1],[-133,-2]],[[57416,66063],[3,20],[-22,1],[1,22],[-49,0],[1,186],[2,38],[6,13]],[[61478,64888],[22,10],[26,-5]],[[61526,64893],[33,-7],[32,-3],[140,-4],[24,-2],[23,-9],[16,-16],[28,-69],[32,-31]],[[61854,64752],[0,-128],[-5,-44],[-9,-32],[-31,-58],[-16,-18],[-17,-15],[-18,-9],[-37,-13],[-196,5],[-17,-3],[-28,-13],[-34,-34],[-66,-89],[-33,-40],[-35,-21],[-77,-31],[-27,-16],[-30,-29]],[[61178,64164],[-277,0]],[[60901,64164],[-86,0]],[[60768,64251],[99,0],[2,3],[69,-2],[0,90],[64,-2],[180,0],[129,-2],[5,67],[0,30],[11,2],[-1,28],[-9,1],[9,40],[16,12],[34,-1],[1,4],[110,2],[139,-3],[36,1],[3,16],[-12,11],[2,41],[4,1],[2,38],[-8,1],[-27,31],[9,18],[-12,13],[-12,2],[-2,-59],[-34,1],[1,67],[-86,3],[2,51],[11,47],[-1,24],[-18,20],[-5,11],[-1,30]],[[60807,64883],[267,3]],[[61074,64886],[10,0]],[[61084,64886],[-4,-349],[-301,0],[14,-58],[-35,-14],[-21,4],[-32,21],[-14,1]],[[60488,64884],[105,-1],[214,0]],[[59661,64162],[0,24],[-9,89],[-26,153],[-11,52],[-14,43]],[[59601,64523],[61,0],[13,2],[34,13],[19,15],[9,19],[3,16],[1,152],[0,146]],[[59741,64886],[266,1],[386,-2],[95,-1]],[[60488,64884],[6,-32],[-12,-15],[-10,-35],[5,-18],[14,-9],[15,3],[45,24],[18,-2],[63,-91],[2,-63],[1,-58],[16,-18],[20,-2],[7,-13],[-2,-35],[8,-22],[7,-7]],[[60691,64491],[9,-9],[27,-16],[6,-35],[6,-20],[-20,-59],[3,-25],[7,-16],[37,-18],[7,-18],[-5,-24]],[[60768,64251],[16,-19],[-4,-20],[15,0],[20,-48]],[[60815,64164],[-39,-2],[-103,-3],[-127,5],[-41,-2],[-601,0],[-76,1],[-93,-2],[-74,1]],[[59477,65611],[134,1]],[[59611,65612],[-3,-364]],[[59608,65248],[0,-181]],[[57488,64964],[4,18],[2,32],[-3,49],[3,61],[10,57],[4,54],[-5,28],[-10,18],[-11,28],[2,29]],[[57484,65338],[8,18],[17,17],[27,18],[19,26],[19,58],[26,63],[3,27],[-20,47]],[[57583,65612],[116,-1]],[[57699,65611],[-24,-154],[-28,-116],[-23,-64],[-33,-102],[-28,-110]],[[57488,64964],[10,-6],[22,5],[11,-10],[14,17],[10,101],[8,-6]],[[57563,65065],[24,-21],[32,-22],[91,-82],[33,-25]],[[57743,64915],[0,-27],[-1,-254],[-1,-67]],[[57741,64567],[-22,-18],[-11,-22],[-6,-3],[-53,12],[-16,-10],[-26,3],[-11,-17],[-49,-16],[-9,-32]],[[57382,64538],[19,25],[11,39],[-3,24],[-11,24],[1,56],[9,35],[6,52],[7,9],[24,1],[3,13],[-19,32],[2,41],[8,25],[7,9],[26,12],[16,29]],[[59297,64886],[-89,0]],[[59208,64886],[1,181]],[[59242,65606],[35,4],[69,2],[39,-1],[30,2],[62,-2]],[[59477,65611],[-1,-50],[-6,-29],[7,-14],[-1,-108],[-11,-34],[-22,-24],[26,-49],[5,-28],[0,-208],[134,0]],[[59608,65067],[-2,-181],[-66,0],[-56,-6]],[[58678,64889],[2,269],[-18,7],[-44,58],[-16,8],[-21,-6],[-10,5],[-17,19],[-8,1]],[[58942,65249],[-1,-363]],[[58941,64886],[-66,1],[-107,-1],[-68,0],[-22,3]],[[59210,65644],[4,31],[9,-22],[5,-42],[-18,0],[0,33]],[[59484,64880],[-37,-2],[-40,8],[-110,0]],[[59297,64886],[-1,11],[-11,21],[0,14],[15,0],[1,44],[37,1],[1,90],[-130,0]],[[59209,65067],[0,181],[-267,1]],[[58943,65610],[114,0],[21,3]],[[59078,65613],[20,4],[78,-3],[34,-6],[32,-2]],[[59242,65606],[21,-61],[102,-304],[57,-174],[46,-141],[16,-46]],[[58546,65250],[-133,2]],[[58413,65252],[2,181],[1,181]],[[58416,65614],[134,0],[102,-2],[23,-2],[155,1],[46,-1],[67,0]],[[58943,65610],[-1,-361]],[[58942,65249],[-297,0],[-29,2],[-14,10],[-11,-19],[-15,1],[-5,8],[-25,-1]],[[58867,67535],[-20,0],[0,17],[20,-17]],[[58871,67419],[-56,-1]],[[58815,67418],[-32,0],[2,46]],[[58785,67465],[32,-2],[-1,45]],[[58817,67508],[43,0],[1,-44],[9,0],[1,-45]],[[58817,67779],[1,-50],[29,-9],[0,-91],[26,2],[-1,36],[11,-1],[1,-73],[-29,6],[-35,-2],[-3,-40],[-18,0],[1,52],[-16,-1],[0,-71],[15,-1],[1,-26],[17,-2]],[[58817,67508],[-1,0]],[[58816,67508],[-35,-1],[4,-42]],[[58785,67465],[0,-1]],[[58785,67464],[-36,0],[0,-46],[3,-45],[-48,-3],[-1,23],[-13,2],[-1,-23]],[[58689,67372],[0,45]],[[58689,67417],[28,1],[-1,39],[-22,1],[-7,-6],[1,146],[-1,88],[1,97]],[[58688,67783],[129,-4]],[[60820,67147],[-1,271]],[[60819,67418],[189,0]],[[61008,67418],[-1,-54],[-2,-35],[-9,-44],[-14,-38],[-14,-42],[-22,-29],[-15,-29],[-10,-8],[-16,-2],[-32,9],[-53,1]],[[57382,64538],[8,-2],[128,-67],[20,-5]],[[57538,64464],[70,-16],[14,-6],[14,-15],[19,-53],[20,-24],[25,-10],[22,9],[16,1],[93,0],[45,-1],[131,-1]],[[58007,64348],[-1,-183]],[[58006,64165],[-167,0],[-26,3],[-117,-4],[-266,3],[-161,0],[-8,-1]],[[57261,64166],[12,20],[12,39],[-2,28],[-17,33],[-2,29],[25,46],[16,11],[9,23],[-12,14],[5,13],[10,7],[17,28],[22,12],[8,16],[4,34],[14,19]],[[60544,65517],[26,-3],[29,-14],[20,-4],[57,6],[21,-13],[29,-30],[21,-12],[23,3],[21,9],[21,3]],[[60812,65462],[-2,-187]],[[60810,65275],[-18,4],[-23,17],[-28,8],[-18,-6],[-41,-24],[-25,-8],[-21,4],[-29,14],[-27,2],[-37,-18]],[[60543,65268],[-7,16],[-89,120],[-25,42],[-12,35],[13,14],[14,-7],[18,-1],[1,-23],[10,-4],[31,8],[9,15],[9,-5],[21,8],[8,31]],[[60274,67418],[1,50],[3,65]],[[60278,67533],[3,65],[7,46],[13,54],[5,29],[2,54]],[[60417,67056],[-136,1]],[[60281,67057],[0,271],[-5,48],[-2,42]],[[60274,67418],[144,0]],[[60550,66333],[150,0]],[[60700,66333],[27,0]],[[60736,65969],[-190,0]],[[60546,65969],[4,364]],[[61179,66062],[20,-12],[11,-25],[5,-28],[1,-27]],[[60816,66156],[33,-1],[21,-5],[23,-22],[18,-28],[21,-21],[16,-6],[18,0],[41,10],[21,21],[15,41],[15,25],[11,10],[15,3]],[[61325,66330],[-3,-23],[-7,-13],[-8,-36],[-10,-20],[-31,-30],[-6,-10],[-3,-29],[8,-22],[-9,-4],[-18,2],[-22,-8],[-27,-34],[-10,-41]],[[61179,66062],[-31,11],[-18,10],[-12,18],[-31,67],[-3,15]],[[61084,66183],[1,149]],[[60951,65970],[265,0]],[[61216,65970],[0,-47],[2,-17],[7,-18],[16,-15],[44,-25],[54,-59],[4,-17],[-1,-66]],[[61342,65706],[-116,101],[-13,13],[-11,4],[-2,-13],[-20,2],[-19,22],[-19,-9],[-1,-15],[-30,-22],[-14,2],[-34,21],[-18,19],[-10,5],[-18,-6],[-2,-11],[1,-31],[-7,-28]],[[61325,66330],[-107,1],[-133,1]],[[61085,66698],[190,3],[87,2]],[[61362,66703],[-2,-372]],[[61360,66331],[-35,-1]],[[60551,67146],[-20,-1],[-13,-11],[-38,-70],[-11,-8],[-52,0]],[[60417,67056],[1,362]],[[60418,67418],[134,0]],[[60552,67418],[-1,-272]],[[61326,65309],[-66,63],[-26,14],[-38,9],[-58,39],[-63,44]],[[61075,65478],[-178,124],[-11,10]],[[61159,65603],[73,-2],[40,1],[70,-1]],[[61342,65672],[32,1],[25,13],[50,-8],[38,0],[63,11],[23,-1]],[[61573,65688],[-1,-104],[-7,-43],[0,-56]],[[61565,65485],[-3,-30],[-12,-17],[-47,-42],[-17,-27],[-6,-29],[0,-136]],[[61480,65204],[-121,76],[-33,29]],[[61326,65309],[15,27],[5,18],[1,196],[-1,31],[-4,20]],[[61342,65601],[0,71]],[[61159,65603],[-80,4],[-131,0],[-34,-3],[-28,8]],[[60886,65612],[-38,24],[-35,24]],[[60813,65660],[1,309]],[[60814,65969],[137,1]],[[60951,65970],[7,-16],[-32,-80],[5,-42],[17,1],[19,-31],[12,6],[8,-13],[13,-7],[9,-28]],[[61009,65760],[10,-26],[8,-8],[12,-35],[5,-26],[38,-29],[52,-14],[13,6],[12,-25]],[[61085,66332],[-96,0]],[[60989,66332],[19,59],[7,43],[-3,21],[-40,-4],[-16,4],[-115,56],[-22,2]],[[60819,66513],[1,181]],[[60820,66694],[154,-2],[18,-13],[15,26],[8,20],[24,19],[11,-13],[34,-1]],[[61084,66730],[1,-32]],[[61085,66698],[0,-366]],[[60727,66333],[91,-1]],[[60818,66332],[-2,-176]],[[60816,66156],[-2,-187]],[[60814,65969],[-78,0]],[[60736,65969],[11,88],[-35,145],[5,40],[-1,8],[11,83]],[[59821,67779],[-69,-1]],[[59752,67778],[1,362]],[[59753,68140],[133,0],[134,3]],[[60020,68143],[57,0]],[[60077,68143],[-3,-40],[-10,-21],[-16,-13],[-29,-4],[0,-25]],[[60019,68040],[-18,2],[-30,-30],[-44,-61],[-20,-19],[-1,-37],[-7,-20],[-15,-6],[-53,-6],[-10,-84]],[[60550,67718],[25,0],[23,-5],[76,-31],[34,-7],[113,-11]],[[60821,67664],[1,-107],[-3,-139]],[[60819,67418],[-267,0]],[[60552,67418],[-2,300]],[[60338,68142],[206,-1]],[[60544,68141],[1,-31],[5,-41],[0,-351]],[[60550,67718],[-34,0],[-27,10],[-34,42],[-25,10],[-122,1]],[[60308,67781],[5,22],[0,40],[-4,2],[0,89],[5,59],[19,106],[5,43]],[[60019,67056],[0,-182]],[[60019,66874],[0,-180]],[[59751,66776],[1,98],[1,180]],[[59753,67054],[266,2]],[[60071,66467],[-67,18]],[[60004,66485],[-68,18],[-14,7],[-20,16],[-14,-12],[-65,-1],[-76,0]],[[59747,66513],[2,36],[0,144],[2,83]],[[59751,66776],[42,-59],[14,-24],[212,1]],[[60019,66694],[243,1]],[[60262,66695],[-8,-21],[-25,-50],[-22,-31],[-22,-24],[-56,-51],[-58,-51]]]}